时间(s),压力(mmHg)
0.027,0.00
0.123,0.00
0.219,0.00
0.314,0.00
0.427,0.00
0.522,0.00
0.618,0.00
0.714,0.00
0.826,0.00
0.921,0.00
1.018,0.00
1.129,0.00
1.225,0.00
1.321,0.00
1.416,0.00
1.528,0.00
1.624,0.00
1.720,0.00
1.817,0.00
1.928,0.00
2.024,0.00
2.119,0.00
2.215,0.00
2.328,0.00
2.423,0.00
2.519,0.00
2.615,0.00
2.726,0.00
2.823,0.00
2.918,0.00
3.029,0.00
3.126,0.00
3.222,0.00
3.318,0.00
3.429,0.00
3.525,0.00
3.621,0.00
3.717,0.00
3.829,0.00
3.925,0.00
4.021,0.00
4.117,0.00
4.229,0.00
4.324,0.00
4.420,0.00
4.516,1.00
4.627,1.00
4.724,1.00
4.819,1.00
4.915,1.00
5.029,1.00
5.123,1.00
5.219,1.00
5.330,1.00
5.426,1.00
5.523,1.00
5.619,1.00
5.729,1.00
5.826,1.00
5.921,1.00
6.018,1.00
6.129,1.00
6.226,1.00
6.321,1.00
6.417,1.00
6.529,1.00
6.625,1.00
6.720,1.00
6.817,1.00
6.929,1.00
7.024,1.00
7.120,1.00
7.231,1.00
7.328,1.00
7.424,1.00
7.519,1.00
7.631,1.00
7.728,1.00
7.823,1.00
7.918,2.00
8.031,2.00
8.126,2.00
8.223,2.00
8.318,2.00
8.430,2.00
8.526,2.00
8.621,2.00
8.717,2.00
8.830,2.00
8.926,2.00
9.021,2.00
9.117,2.00
9.229,2.00
9.325,2.00
9.421,2.00
9.532,2.00
9.629,2.00
9.724,2.00
9.820,2.00
9.931,2.00
10.028,2.00
10.123,2.00
10.219,2.00
10.332,2.00
10.427,2.00
10.523,2.00
10.619,2.00
10.730,2.00
10.827,2.00
10.923,2.00
11.019,2.00
11.129,2.00
11.226,3.00
11.322,3.00
11.417,3.00
11.529,3.00
11.625,2.00
11.721,3.00
11.817,3.00
11.928,3.00
12.025,3.00
12.122,3.00
12.232,3.00
12.328,3.00
12.424,3.00
12.519,3.00
12.631,3.00
12.727,3.00
12.823,3.00
12.920,3.00
13.033,3.00
13.127,3.00
13.222,3.00
13.318,3.00
13.431,4.00
13.526,4.00
13.622,4.00
13.734,4.00
13.829,4.00
13.926,4.00
14.021,4.00
14.134,4.00
14.229,5.00
14.325,5.00
14.421,5.00
14.532,5.00
14.628,5.00
14.725,6.00
14.821,6.00
14.932,6.00
15.028,6.00
15.124,6.00
15.220,7.00
15.332,7.00
15.427,7.00
15.523,8.00
15.619,8.00
15.731,8.00
15.827,9.00
15.923,9.00
16.034,9.00
16.130,10.00
16.226,10.00
16.322,11.00
16.434,11.00
16.530,12.00
16.626,12.00
16.722,13.00
16.833,13.00
16.929,14.00
17.025,15.00
17.121,15.00
17.232,16.00
17.329,17.00
17.424,18.00
17.520,18.00
17.633,19.00
17.727,20.00
17.824,21.00
17.920,21.00
18.031,21.00
18.127,22.00
18.223,22.00
18.334,22.00
18.431,22.00
18.526,22.00
18.623,23.00
18.735,22.00
18.830,23.00
18.926,23.00
19.021,23.00
19.134,23.00
19.230,23.00
19.325,22.00
19.422,23.00
19.534,23.00
19.628,23.00
19.725,23.00
19.820,23.00
19.932,23.00
20.029,23.00
20.124,23.00
20.220,23.00
20.332,23.00
20.427,23.00
20.523,23.00
20.635,23.00
20.732,23.00
20.827,23.00
20.923,23.00
21.034,23.00
21.131,23.00
21.227,23.00
21.322,23.00
21.434,23.00
21.530,23.00
21.625,23.00
21.721,23.00
21.834,23.00
21.929,23.00
22.025,23.00
22.121,23.00
22.234,23.00
22.329,23.00
22.424,23.00
22.520,23.00
22.632,23.00
22.728,23.00
22.824,23.00
22.935,23.00
23.031,23.00
23.128,23.00
23.223,23.00
23.335,23.00
23.431,23.00
23.527,23.00
23.623,23.00
23.734,23.00
23.831,23.00
23.926,23.00
24.022,23.00
24.134,23.00
24.230,23.00
24.325,23.00
24.422,23.00
24.533,23.00
24.629,23.00
24.725,23.00
24.836,23.00
24.933,23.00
25.028,23.00
25.125,23.00
25.236,23.00
25.332,23.00
25.428,23.00
25.524,23.00
25.636,23.00
25.731,23.00
25.828,23.00
25.923,23.00
26.035,23.00
26.132,23.00
26.226,23.00
26.322,23.00
26.434,23.00
26.531,23.00
26.626,23.00
26.722,23.00
26.834,23.00
26.929,23.00
27.025,23.00
27.137,23.00
27.233,23.00
27.329,23.00
27.425,23.00
27.536,23.00
27.633,23.00
27.729,23.00
27.824,23.00
27.936,23.00
28.032,23.00
28.128,23.00
28.224,23.00
28.335,23.00
28.431,23.00
28.527,23.00
28.623,23.00
28.734,23.00
28.831,23.00
28.927,23.00
29.038,23.00
29.135,23.00
29.231,23.00
29.326,23.00
29.437,23.00
29.533,23.00
29.629,23.00
29.725,23.00
29.837,23.00
29.933,23.00
30.029,23.00
30.125,23.00
30.237,23.00
30.333,23.00
30.428,23.00
30.524,23.00
30.636,23.00
30.732,23.00
30.828,23.00
30.923,23.00
31.035,23.00
31.131,23.00
31.227,23.00
31.323,23.00
31.435,23.00
31.530,23.00
31.626,23.00
31.738,23.00
31.834,23.00
31.930,23.00
32.025,23.00
32.138,23.00
32.233,23.00
32.330,23.00
32.425,23.00
32.537,23.00
32.633,23.00
32.729,23.00
32.825,23.00
32.937,23.00
33.032,23.00
33.128,23.00
33.223,23.00
33.336,23.00
33.432,23.00
33.528,23.00
33.624,23.00
33.736,25.00
33.831,27.00
33.927,28.00
34.038,30.00
34.135,31.00
34.230,32.00
34.326,34.00
34.438,35.00
34.535,36.00
34.630,38.00
34.726,39.00
34.838,40.00
34.933,41.00
35.030,43.00
35.125,44.00
35.237,45.00
35.333,46.00
35.429,48.00
35.525,49.00
35.636,50.00
35.732,51.00
35.828,51.00
35.924,51.00
36.036,51.00
36.132,52.00
36.227,52.00
36.339,52.00
36.435,52.00
36.531,52.00
36.627,52.00
36.738,52.00
36.834,52.00
36.930,52.00
37.026,52.00
37.138,52.00
37.234,52.00
37.330,52.00
37.425,52.00
37.538,52.00
37.633,52.00
37.730,52.00
37.825,52.00
37.937,52.00
38.033,52.00
38.129,52.00
38.224,52.00
38.336,52.00
38.432,52.00
38.528,52.00
38.624,52.00
38.735,52.00
38.832,52.00
38.927,52.00
39.039,52.00
39.135,52.00
39.231,52.00
39.327,52.00
39.438,52.00
39.535,52.00
39.630,52.00
39.726,52.00
39.838,52.00
39.934,52.00
40.030,52.00
40.125,52.00
40.237,52.00
40.333,52.00
40.429,52.00
40.525,52.00
40.637,52.00
40.733,52.00
40.828,52.00
40.940,52.00
41.036,52.00
41.133,52.00
41.228,52.00
41.339,52.00
41.435,52.00
41.532,52.00
41.627,52.00
41.739,52.00
41.836,52.00
41.931,52.00
42.026,52.00
42.139,52.00
42.235,52.00
42.330,52.00
42.427,52.00
42.538,52.00
42.634,52.00
42.730,52.00
42.826,52.00
42.937,52.00
43.033,52.00
43.130,52.00
43.240,52.00
43.337,52.00
43.433,52.00
43.528,52.00
43.640,52.00
43.736,52.00
43.832,52.00
43.927,52.00
44.040,52.00
44.135,52.00
44.232,52.00
44.327,52.00
44.439,52.00
44.535,52.00
44.631,52.00
44.727,52.00
44.839,52.00
44.935,52.00
45.030,52.00
45.141,52.00
45.238,52.00
45.334,52.00
45.429,52.00
45.541,52.00
45.638,52.00
45.733,52.00
45.829,52.00
45.941,52.00
46.037,52.00
46.132,52.00
46.228,52.00
46.340,52.00
46.436,52.00
46.532,52.00
46.628,52.00
46.740,52.00
46.835,52.00
46.931,52.00
47.043,52.00
47.139,52.00
47.234,52.00
47.331,52.00
47.442,52.00
47.539,52.00
47.635,52.00
47.730,52.00
47.842,52.00
47.938,52.00
48.034,52.00
48.130,52.00
48.242,52.00
48.338,52.00
48.433,52.00
48.778,52.00
48.862,52.00
48.862,52.00
48.862,52.00
48.928,52.00
49.040,52.00
49.137,52.00
49.232,52.00
49.328,52.00
49.440,52.00
49.536,52.00
49.631,52.00
49.743,52.00
49.839,52.00
49.934,52.00
50.030,52.00
50.142,52.00
50.239,52.00
50.334,52.00
50.430,52.00
50.542,52.00
50.638,52.00
50.734,52.00
50.830,52.00
50.941,52.00
51.037,52.00
51.133,52.00
51.228,54.00
51.341,56.00
51.436,58.00
51.532,59.00
51.628,61.00
51.740,63.00
51.836,64.00
51.932,66.00
52.043,67.00
52.139,69.00
52.235,70.00
52.331,72.00
52.443,73.00
52.539,74.00
52.635,76.00
52.731,77.00
52.842,79.00
52.938,80.00
53.034,81.00
53.129,83.00
53.241,84.00
53.338,85.00
53.433,86.00
53.544,88.00
53.641,89.00
53.736,90.00
53.832,91.00
53.944,91.00
54.041,92.00
54.136,92.00
54.232,92.00
54.344,92.00
54.440,92.00
54.536,92.00
54.632,92.00
54.743,92.00
54.839,92.00
54.992,93.00
55.031,92.00
55.143,92.00
55.239,92.00
55.334,92.00
55.430,93.00
55.542,92.00
55.638,92.00
55.733,92.00
55.845,92.00
55.942,92.00
56.038,92.00
56.133,92.00
56.244,92.00
56.341,92.00
56.437,93.00
56.533,92.00
56.644,92.00
56.740,93.00
56.836,92.00
56.932,93.00
57.044,92.00
57.140,92.00
57.235,92.00
57.332,93.00
57.444,92.00
57.539,92.00
57.635,93.00
57.731,92.00
57.842,92.00
57.939,92.00
58.035,92.00
58.145,92.00
58.242,93.00
58.338,93.00
58.434,93.00
58.545,92.00
58.641,93.00
58.737,92.00
58.833,92.00
58.945,92.00
59.041,92.00
59.136,93.00
59.232,93.00
59.344,93.00
59.440,93.00
59.537,93.00
59.632,92.00
59.744,92.00
59.840,92.00
59.935,93.00
60.031,93.00
60.143,92.00
60.239,93.00
60.335,93.00
60.446,93.00
60.542,92.00
60.638,93.00
60.734,93.00
60.845,93.00
60.942,92.00
61.038,93.00
61.134,92.00
61.245,93.00
61.341,92.00
61.437,92.00
61.533,92.00
61.645,93.00
61.741,93.00
61.836,92.00
61.932,93.00
62.044,92.00
62.139,93.00
62.236,93.00
62.332,92.00
62.443,92.00
62.539,93.00
62.635,93.00
62.746,92.00
62.843,93.00
62.939,92.00
63.035,93.00
63.146,93.00
63.243,93.00
63.338,93.00
63.434,93.00
63.546,92.00
63.641,93.00
63.737,93.00
63.834,93.00
63.946,93.00
64.041,93.00
64.137,93.00
64.233,93.00
64.344,93.00
64.440,93.00
64.536,93.00
64.632,93.00
64.744,92.00
64.840,92.00
64.935,92.00
65.048,92.00
65.143,92.00
65.239,93.00
65.335,92.00
65.447,92.00
65.543,93.00
65.639,93.00
65.734,92.00
65.846,93.00
65.941,93.00
66.037,93.00
66.134,92.00
66.246,92.00
66.342,92.00
66.438,93.00
66.533,93.00
66.645,93.00
66.741,93.00
66.836,93.00
66.948,92.00
67.044,93.00
67.141,93.00
67.236,93.00
67.347,93.00
67.444,93.00
67.540,93.00
67.635,93.00
67.747,93.00
67.843,93.00
67.939,93.00
68.036,93.00
68.146,93.00
68.243,93.00
68.340,93.00
68.434,93.00
68.546,92.00
68.641,93.00
68.738,93.00
68.834,93.00
68.946,93.00
69.042,93.00
69.137,93.00
69.232,93.00
69.345,92.00
69.441,93.00
69.537,93.00
69.648,95.00
69.745,97.00
69.841,99.00
69.936,100.00
70.047,102.00
70.144,104.00
70.240,105.00
70.335,107.00
70.447,108.00
70.544,110.00
70.639,111.00
70.735,113.00
70.847,114.00
70.942,115.00
71.038,117.00
71.134,118.00
71.246,120.00
71.342,121.00
71.438,122.00
71.534,123.00
71.645,124.00
71.742,123.00
71.837,123.00
71.949,124.00
72.045,124.00
72.140,124.00
72.237,123.00
72.348,124.00
72.445,124.00
72.540,123.00
72.635,124.00
72.748,124.00
72.844,124.00
72.940,124.00
73.036,124.00
73.147,124.00
73.243,124.00
73.339,124.00
73.436,124.00
73.547,124.00
73.643,124.00
73.739,124.00
73.850,124.00
73.946,124.00
74.042,124.00
74.138,124.00
74.249,124.00
74.346,124.00
74.441,124.00
74.537,124.00
74.649,124.00
74.745,124.00
74.841,124.00
74.936,124.00
75.049,124.00
75.144,124.00
75.240,124.00
75.336,124.00
75.448,124.00
75.543,124.00
75.639,124.00
75.751,124.00
75.847,124.00
75.943,124.00
76.039,124.00
76.150,124.00
76.246,124.00
76.343,124.00
76.438,124.00
76.550,124.00
76.646,124.00
76.742,124.00
76.838,124.00
76.950,124.00
77.045,124.00
77.141,124.00
77.237,124.00
77.349,124.00
77.445,124.00
77.540,124.00
77.637,124.00
77.748,124.00
77.844,124.00
77.940,124.00
78.052,124.00
78.148,124.00
78.243,124.00
78.340,124.00
78.452,124.00
78.547,124.00
78.643,124.00
78.739,124.00
78.851,124.00
78.946,124.00
79.043,124.00
79.138,124.00
79.250,124.00
79.346,124.00
79.442,124.00
79.538,124.00
79.650,124.00
79.745,124.00
79.841,124.00
79.952,124.00
80.049,124.00
80.144,124.00
80.241,124.00
80.352,124.00
80.448,124.00
80.544,124.00
80.640,124.00
80.752,124.00
80.848,124.00
80.944,124.00
81.039,124.00
81.152,124.00
81.247,124.00
81.343,124.00
81.439,124.00
81.550,124.00
81.646,124.00
81.743,124.00
81.838,124.00
81.950,124.00
82.047,124.00
82.141,124.00
82.238,124.00
82.350,124.00
82.446,124.00
82.541,124.00
82.653,124.00
82.749,124.00
82.845,124.00
82.941,124.00
83.052,124.00
83.148,124.00
83.244,124.00
83.340,124.00
83.452,124.00
83.548,124.00
83.644,124.00
83.739,124.00
83.851,124.00
83.947,124.00
84.043,124.00
84.139,124.00
84.251,124.00
84.346,124.00
84.442,124.00
84.538,124.00
84.650,124.00
84.746,124.00
84.842,124.00
84.953,124.00
85.050,124.00
85.145,124.00
85.241,124.00
85.352,124.00
85.449,124.00
85.545,124.00
85.641,124.00
85.753,124.00
85.848,124.00
85.945,124.00
86.041,124.00
86.152,124.00
86.248,124.00
86.343,124.00
86.439,124.00
86.551,124.00
86.648,124.00
86.743,124.00
86.854,124.00
86.951,125.00
87.047,126.00
87.142,128.00
87.254,130.00
87.350,131.00
87.446,133.00
87.542,135.00
87.654,136.00
87.749,138.00
87.846,139.00
87.941,140.00
88.053,142.00
88.149,143.00
88.245,145.00
88.341,146.00
88.452,147.00
88.549,148.00
88.644,150.00
88.756,151.00
88.852,152.00
88.953,154.00
89.044,154.00
89.156,154.00
89.251,154.00
89.348,155.00
89.443,155.00
89.555,155.00
89.650,155.00
89.746,155.00
89.842,155.00
90.135,155.00
90.136,155.00
90.146,155.00
90.242,155.00
90.353,155.00
90.449,155.00
90.545,155.00
90.656,155.00
90.752,155.00
90.848,155.00
90.944,155.00
91.056,155.00
91.152,155.00
91.248,155.00
91.344,155.00
91.455,155.00
91.552,155.00
91.648,155.00
91.743,155.00
91.855,155.00
91.951,155.00
92.047,155.00
92.143,155.00
92.255,155.00
92.350,155.00
92.447,155.00
92.558,155.00
92.654,155.00
92.750,155.00
92.846,155.00
92.958,155.00
93.053,155.00
93.149,155.00
93.245,155.00
93.356,155.00
93.452,155.00
93.549,155.00
93.644,155.00
93.757,155.00
93.852,155.00
93.949,155.00
94.044,155.00
94.156,155.00
94.252,155.00
94.348,155.00
94.459,155.00
94.555,155.00
94.651,155.00
94.747,155.00
94.858,155.00
94.954,155.00
95.050,155.00
95.146,155.00
95.258,155.00
95.353,155.00
95.450,155.00
95.546,155.00
95.657,155.00
95.754,155.00
95.850,155.00
95.946,155.00
96.057,155.00
96.152,155.00
96.249,155.00
96.345,155.00
96.456,155.00
96.552,155.00
96.648,155.00
96.759,155.00
96.855,155.00
96.952,155.00
97.047,155.00
97.159,155.00
97.255,155.00
97.351,155.00
97.447,155.00
97.558,155.00
97.654,155.00
97.750,155.00
97.846,155.00
97.958,155.00
98.053,155.00
98.151,155.00
98.245,155.00
98.357,155.00
98.454,155.00
98.549,155.00
98.645,155.00
98.757,155.00
98.853,155.00
98.949,155.00
99.045,155.00
99.156,155.00
99.252,155.00
99.349,155.00
99.460,155.00
99.556,155.00
99.652,155.00
99.747,155.00
99.859,155.00
99.955,155.00
100.051,155.00
100.147,155.00
100.259,155.00
100.354,155.00
100.451,155.00
100.546,155.00
100.658,155.00
100.754,155.00
100.850,155.00
100.961,155.00
101.057,155.00
101.153,155.00
101.249,155.00
101.360,155.00
101.457,155.00
101.553,155.00
101.648,155.00
101.760,155.00
101.856,155.00
101.952,155.00
102.048,155.00
102.160,155.00
102.256,155.00
102.351,155.00
102.447,155.00
102.559,155.00
102.655,155.00
102.751,155.00
102.846,155.00
102.959,155.00
103.054,155.00
103.151,155.00
103.246,155.00
103.358,155.00
103.454,155.00
103.550,155.00
103.661,155.00
103.757,155.00
103.853,155.00
103.949,155.00
104.060,155.00
104.156,155.00
104.253,155.00
104.364,155.00
104.460,157.00
104.556,159.00
104.653,161.00
104.764,162.00
104.859,164.00
104.956,165.00
105.051,167.00
105.164,168.00
105.259,170.00
105.355,171.00
105.450,172.00
105.562,173.00
105.658,175.00
105.754,176.00
105.872,177.00
105.962,179.00
106.057,180.00
106.154,181.00
106.265,182.00
106.361,183.00
106.457,183.00
106.553,183.00
106.665,183.00
106.761,183.00
106.857,183.00
106.952,183.00
107.065,183.00
107.160,183.00
107.256,183.00
107.352,183.00
107.463,183.00
107.559,183.00
107.656,183.00
107.751,183.00
107.863,183.00
107.958,183.00
108.054,183.00
108.166,183.00
108.262,183.00
108.358,183.00
108.454,183.00
108.565,183.00
108.661,183.00
108.757,183.00
108.853,183.00
108.966,183.00
109.061,183.00
109.157,183.00
109.252,183.00
109.364,183.00
109.460,183.00
109.557,183.00
109.652,183.00
109.764,183.00
109.859,183.00
109.956,183.00
110.052,183.00
110.164,183.00
110.259,183.00
110.355,183.00
110.451,183.00
110.563,183.00
110.658,183.00
110.755,183.00
110.865,183.00
110.962,183.00
111.057,183.00
111.153,183.00
111.265,183.00
111.362,183.00
111.457,183.00
111.554,183.00
111.665,183.00
111.761,183.00
111.856,183.00
111.953,183.00
112.065,183.00
112.160,183.00
112.256,183.00
112.352,183.00
112.464,183.00
112.559,183.00
112.656,183.00
112.752,183.00
112.864,183.00
112.959,183.00
113.056,183.00
113.166,183.00
113.262,183.00
113.359,183.00
113.455,183.00
113.566,183.00
113.662,183.00
113.758,183.00
113.854,183.00
113.966,183.00
114.062,183.00
114.157,183.00
114.254,183.00
114.365,183.00
114.460,183.00
114.557,183.00
114.653,183.00
114.764,183.00
114.860,183.00
114.956,183.00
115.052,183.00
115.164,183.00
115.260,183.00
115.355,183.00
115.466,183.00
115.563,183.00
115.659,183.00
115.755,183.00
115.866,183.00
115.962,183.00
116.058,183.00
116.154,183.00
116.266,183.00
116.361,183.00
116.457,183.00
116.553,183.00
116.666,183.00
116.762,183.00
116.857,183.00
116.953,183.00
117.064,183.00
117.161,183.00
117.257,183.00
117.352,183.00
117.464,183.00
117.560,183.00
117.656,183.00
117.751,183.00
117.863,183.00
117.959,183.00
118.055,183.00
118.166,183.00
118.263,183.00
118.359,183.00
118.454,183.00
118.566,183.00
118.662,183.00
118.757,183.00
118.853,183.00
118.966,183.00
119.061,183.00
119.158,183.00
119.254,183.00
119.364,183.00
119.461,183.00
119.556,183.00
119.653,183.00
119.765,183.00
119.860,183.00
119.956,183.00
120.052,183.00
120.163,183.00
120.259,183.00
120.355,183.00
120.467,183.00
120.563,183.00
120.659,183.00
120.755,183.00
120.867,183.00
120.963,183.00
121.058,183.00
121.155,183.00
121.266,183.00
121.362,183.00
121.458,183.00
121.554,183.00
121.665,184.00
121.761,185.00
121.857,187.00
121.953,188.00
122.065,190.00
122.161,192.00
122.257,193.00
122.353,194.00
122.465,196.00
122.560,197.00
122.655,198.00
122.767,200.00
122.864,201.00
122.959,202.00
123.055,203.00
123.167,205.00
123.263,206.00
123.359,207.00
123.455,208.00
123.566,209.00
123.663,210.00
123.758,212.00
123.855,213.00
123.966,214.00
124.062,215.00
124.158,216.00
124.254,216.00
124.365,217.00
124.462,217.00
124.557,217.00
124.668,217.00
124.765,217.00
124.860,217.00
124.957,217.00
125.068,217.00
125.164,217.00
125.259,217.00
125.357,217.00
125.468,217.00
125.564,217.00
125.660,217.00
125.756,217.00
125.867,217.00
125.963,217.00
126.059,218.00
126.155,217.00
126.266,217.00
126.362,217.00
126.457,217.00
126.569,217.00
126.665,217.00
126.762,217.00
126.857,217.00
126.969,217.00
127.065,217.00
127.160,217.00
127.256,217.00
127.368,217.00
127.464,217.00
127.560,217.00
127.657,217.00
127.768,217.00
127.863,217.00
127.959,217.00
128.055,217.00
128.170,217.00
128.264,217.00
128.359,217.00
128.455,217.00
128.567,218.00
128.663,217.00
128.759,217.00
128.870,217.00
128.966,217.00
129.063,217.00
129.158,217.00
129.270,217.00
129.365,217.00
129.462,217.00
129.557,217.00
129.669,217.00
129.765,217.00
129.860,217.00
129.956,217.00
130.068,217.00
130.165,217.00
130.261,217.00
130.356,217.00
130.468,217.00
130.564,217.00
130.660,217.00
130.771,217.00
130.867,217.00
130.963,217.00
131.059,217.00
131.172,217.00
131.267,217.00
131.362,217.00
131.459,217.00
131.571,217.00
131.666,217.00
131.762,217.00
131.873,217.00
131.970,217.00
132.066,217.00
132.161,217.00
132.273,217.00
132.369,217.00
132.465,217.00
132.561,217.00
132.673,217.00
132.769,217.00
132.864,218.00
132.961,217.00
133.073,217.00
133.168,217.00
133.264,217.00
133.360,217.00
133.471,218.00
133.567,217.00
133.663,217.00
133.760,217.00
133.870,217.00
133.966,217.00
134.062,217.00
134.158,217.00
134.270,217.00
134.366,217.00
134.463,217.00
134.573,217.00
134.670,217.00
134.766,217.00
134.861,217.00
134.973,217.00
135.069,217.00
135.166,217.00
135.261,217.00
135.372,217.00
135.468,217.00
135.565,217.00
135.661,217.00
135.772,217.00
135.868,217.00
135.964,217.00
136.060,217.00
136.172,217.00
136.267,217.00
136.363,217.00
136.459,217.00
136.571,217.00
136.666,217.00
136.763,217.00
136.874,217.00
136.971,217.00
137.066,217.00
137.162,217.00
137.273,217.00
137.370,217.00
137.466,217.00
137.562,217.00
137.673,217.00
137.769,217.00
137.865,217.00
137.961,217.00
138.073,217.00
138.169,217.00
138.265,217.00
138.376,217.00
138.472,217.00
138.568,217.00
138.663,217.00
138.775,217.00
138.872,217.00
138.974,217.00
139.063,217.00
139.175,217.00
139.271,217.00
139.367,217.00
139.462,217.00
139.574,218.00
139.670,218.00
139.767,220.00
139.863,221.00
139.974,222.00
140.069,224.00
140.165,225.00
140.262,226.00
140.373,228.00
140.469,229.00
140.565,230.00
140.676,232.00
140.773,233.00
140.869,234.00
140.965,235.00
141.076,236.00
141.172,237.00
141.268,239.00
141.363,240.00
141.475,241.00
141.571,242.00
141.668,243.00
141.762,244.00
141.875,245.00
141.971,246.00
142.067,247.00
142.162,248.00
142.274,249.00
142.370,250.00
142.466,250.00
142.577,251.00
142.673,251.00
142.769,251.00
142.865,251.00
142.977,252.00
143.073,251.00
143.169,251.00
143.264,251.00
143.376,251.00
143.472,251.00
143.568,251.00
143.664,251.00
143.776,252.00
143.871,251.00
143.967,251.00
144.063,251.00
144.175,251.00
144.271,251.00
144.368,251.00
144.478,251.00
144.574,251.00
144.671,251.00
144.767,252.00
144.878,251.00
144.974,252.00
145.069,251.00
145.166,251.00
145.277,251.00
145.374,251.00
145.470,251.00
145.565,251.00
145.677,251.00
145.773,251.00
145.868,252.00
145.964,251.00
146.076,252.00
146.172,251.00
146.268,251.00
146.364,251.00
146.475,252.00
146.572,251.00
146.668,251.00
146.763,251.00
146.875,252.00
146.971,252.00
147.069,251.00
147.163,251.00
147.274,251.00
147.370,251.00
147.466,252.00
147.577,251.00
147.674,252.00
147.770,251.00
147.866,251.00
147.977,251.00
148.074,251.00
148.169,251.00
148.266,251.00
148.377,252.00
148.472,251.00
148.568,251.00
148.665,251.00
148.777,251.00
148.872,252.00
148.968,251.00
149.064,251.00
149.176,251.00
149.272,251.00
149.368,251.00
149.463,251.00
149.575,251.00
149.671,251.00
149.766,251.00
149.878,251.00
149.975,251.00
150.071,251.00
150.166,251.00
150.278,251.00
150.374,252.00
150.470,251.00
150.567,251.00
150.678,251.00
150.773,251.00
150.869,251.00
150.967,251.00
151.076,251.00
151.173,251.00
151.269,251.00
151.365,251.00
151.476,251.00
151.573,251.00
151.668,251.00
151.764,251.00
151.876,251.00
151.971,251.00
152.067,251.00
152.164,251.00
152.276,251.00
152.371,251.00
152.467,251.00
152.578,252.00
152.675,251.00
152.771,251.00
152.866,251.00
152.978,251.00
153.074,252.00
153.169,251.00
153.266,251.00
153.377,251.00
153.473,252.00
153.569,251.00
153.665,252.00
153.776,252.00
153.874,252.00
153.969,251.00
154.064,251.00
154.176,251.00
154.272,251.00
154.368,251.00
154.464,251.00
154.576,251.00
154.672,251.00
154.768,251.00
154.879,251.00
154.975,251.00
155.071,251.00
155.166,251.00
155.278,251.00
155.374,251.00
155.470,251.00
155.566,251.00
155.678,251.00
155.774,251.00
155.869,252.00
155.966,252.00
156.078,251.00
156.173,251.00
156.270,251.00
156.366,252.00
156.477,251.00
156.573,251.00
156.669,251.00
156.780,251.00
156.877,251.00
156.972,251.00
157.068,251.00
157.179,251.00
157.276,251.00
157.371,251.00
157.467,252.00
157.579,251.00
157.675,251.00
157.771,251.00
157.867,251.00
157.979,252.00
158.074,254.00
158.170,255.00
158.267,256.00
158.378,258.00
158.473,259.00
158.570,261.00
158.681,263.00
158.778,265.00
158.873,267.00
158.969,270.00
159.081,273.00
159.176,274.00
159.273,276.00
159.369,279.00
159.480,293.00
159.578,340.00
159.673,342.00
159.768,343.00
159.879,344.00
159.976,345.00
160.071,345.00
160.168,346.00
160.280,346.00
160.375,346.00
160.471,347.00
160.567,348.00
160.678,348.00
160.775,349.00
160.870,351.00
160.966,352.00
161.078,352.00
161.174,353.00
161.269,353.00
161.381,353.00
161.478,353.00
161.573,353.00
161.669,353.00
161.781,354.00
161.877,353.00
161.973,353.00
162.068,354.00
162.180,354.00
162.276,354.00
162.372,354.00
162.483,353.00
162.580,353.00
162.676,352.00
162.771,352.00
162.883,351.00
162.979,351.00
163.075,351.00
163.171,351.00
163.282,350.00
163.379,351.00
163.474,351.00
163.570,351.00
163.682,351.00
163.778,351.00
163.874,351.00
163.969,351.00
164.082,352.00
164.177,351.00
164.273,351.00
164.369,351.00
164.481,352.00
164.576,352.00
164.673,352.00
164.768,353.00
164.880,354.00
164.976,354.00
165.072,354.00
165.169,354.00
165.279,353.00
165.376,354.00
165.471,354.00
165.583,354.00
165.679,353.00
165.774,354.00
165.871,354.00
165.983,354.00
166.079,354.00
166.174,354.00
166.270,353.00
166.382,353.00
166.478,352.00
166.574,352.00
166.685,352.00
166.782,351.00
166.877,351.00
166.973,351.00
167.084,351.00
167.181,351.00
167.277,352.00
167.372,352.00
167.486,351.00
167.580,351.00
167.676,351.00
167.772,351.00
167.884,351.00
167.980,351.00
168.076,351.00
168.171,352.00
168.283,353.00
168.379,353.00
168.475,354.00
168.586,354.00
168.683,354.00
168.779,354.00
168.874,354.00
168.986,354.00
169.082,354.00
169.178,354.00
169.274,354.00
169.385,354.00
169.481,354.00
169.577,353.00
169.674,354.00
169.785,354.00
169.881,353.00
169.976,353.00
170.073,353.00
170.184,353.00
170.280,352.00
170.376,352.00
170.472,351.00
170.583,351.00
170.680,351.00
170.776,352.00
170.872,351.00
170.983,351.00
171.079,351.00
171.174,351.00
171.286,351.00
171.382,351.00
171.479,351.00
171.574,351.00
171.686,351.00
171.782,351.00
171.878,352.00
171.974,352.00
172.086,352.00
172.181,353.00
172.278,353.00
172.373,354.00
172.485,354.00
172.581,354.00
172.676,354.00
172.773,354.00
172.884,354.00
172.981,353.00
173.076,353.00
173.172,354.00
173.284,353.00
173.379,354.00
173.476,354.00
173.572,354.00
173.684,354.00
173.779,354.00
173.875,354.00
173.986,354.00
174.082,354.00
174.178,354.00
174.274,353.00
174.386,353.00
174.482,352.00
174.578,352.00
174.673,352.00
174.786,351.00
174.881,352.00
174.977,352.00
175.074,351.00
175.185,352.00
175.281,351.00
175.377,350.00
175.472,352.00
175.584,351.00
175.680,351.00
175.776,351.00
175.872,351.00
175.984,351.00
176.080,351.00
176.175,351.00
176.287,352.00
176.383,352.00
176.479,353.00
176.575,354.00
176.686,354.00
176.783,354.00
176.879,354.00
176.974,355.00
177.087,355.00
177.182,356.00
177.278,357.00
177.373,357.00
177.486,358.00
177.581,358.00
177.678,359.00
177.773,359.00
177.885,360.00
177.981,361.00
178.076,361.00
178.173,361.00
178.285,361.00
178.380,361.00
178.476,361.00
178.587,361.00
178.684,362.00
178.779,362.00
178.875,363.00
178.987,363.00
179.083,364.00
179.179,364.00
179.275,364.00
179.387,365.00
179.483,366.00
179.578,366.00
179.674,366.00
179.786,367.00
179.882,367.00
179.978,368.00
180.074,368.00
180.186,369.00
180.281,370.00
180.378,371.00
180.473,372.00
180.585,373.00
180.680,373.00
180.776,373.00
180.872,374.00
180.985,374.00
181.080,375.00
181.176,375.00
181.288,375.00
181.383,376.00
181.480,376.00
181.575,376.00
181.688,377.00
181.783,377.00
181.879,377.00
181.975,377.00
182.087,377.00
182.182,376.00
182.279,377.00
182.374,376.00
182.486,378.00
182.582,378.00
182.677,378.00
182.774,379.00
182.886,379.00
182.982,379.00
183.078,379.00
183.188,380.00
183.285,380.00
183.381,380.00
183.476,381.00
183.589,381.00
183.684,382.00
183.780,382.00
183.875,382.00
183.988,382.00
184.083,383.00
184.179,384.00
184.275,386.00
184.387,386.00
184.483,387.00
184.580,387.00
184.675,387.00
184.786,388.00
184.883,388.00
184.978,388.00
185.075,388.00
185.187,389.00
185.282,389.00
185.378,389.00
185.489,389.00
185.585,389.00
185.681,389.00
185.776,389.00
185.888,389.00
185.985,387.00
186.081,387.00
186.176,387.00
186.288,387.00
186.384,387.00
186.479,386.00
186.576,386.00
186.687,386.00
186.783,386.00
186.880,386.00
186.975,386.00
187.087,386.00
187.183,386.00
187.279,387.00
187.390,387.00
187.486,386.00
187.582,387.00
187.678,387.00
187.789,387.00
187.886,387.00
187.981,388.00
188.077,389.00
188.189,389.00
188.285,389.00
188.381,389.00
188.477,389.00
188.588,389.00
188.684,389.00
188.780,389.00
188.876,389.00
188.987,389.00
189.084,389.00
189.179,389.00
189.275,389.00
189.387,389.00
189.483,389.00
189.579,389.00
189.690,389.00
189.786,389.00
189.882,388.00
189.978,388.00
190.090,387.00
190.185,386.00
190.282,387.00
190.377,387.00
190.489,387.00
190.585,387.00
190.681,386.00
190.777,387.00
190.890,387.00
190.984,387.00
191.080,387.00
191.177,387.00
191.288,387.00
191.384,387.00
191.479,387.00
191.575,387.00
191.687,387.00
191.783,388.00
191.879,388.00
191.990,389.00
192.087,389.00
192.183,389.00
192.278,389.00
192.390,389.00
192.486,389.00
192.582,389.00
192.678,389.00
192.790,389.00
192.886,389.00
192.981,389.00
193.077,389.00
193.189,389.00
193.285,389.00
193.381,389.00
193.477,389.00
193.589,389.00
193.685,389.00
193.780,388.00
193.876,387.00
193.988,387.00
194.084,387.00
194.180,387.00
194.291,386.00
194.388,386.00
194.483,386.00
194.586,387.00
194.690,387.00
194.787,387.00
194.883,387.00
194.979,387.00
195.090,387.00
195.186,387.00
195.282,387.00
195.377,387.00
195.490,387.00
195.585,388.00
195.682,389.00
195.777,389.00
195.889,389.00
195.985,389.00
196.081,389.00
196.192,389.00
196.288,389.00
196.384,389.00
196.480,389.00
196.592,389.00
196.688,389.00
196.784,389.00
196.880,389.00
196.991,389.00
197.088,389.00
197.183,389.00
197.279,389.00
197.391,389.00
197.486,389.00
197.583,388.00
197.678,388.00
197.790,387.00
197.886,387.00
197.986,387.00
198.093,387.00
198.190,387.00
198.285,387.00
198.381,387.00
198.492,387.00
198.588,387.00
198.685,387.00
198.781,386.00
198.892,387.00
198.988,387.00
199.084,387.00
199.180,387.00
199.293,387.00
199.388,388.00
199.483,389.00
199.580,389.00
199.691,389.00
199.787,389.00
199.883,389.00
199.979,389.00
200.091,389.00
200.186,389.00
200.282,389.00
200.394,389.00
200.490,389.00
200.586,389.00
200.681,389.00
200.794,389.00
200.890,389.00
200.985,389.00
201.081,389.00
201.192,389.00
201.288,387.00
201.385,386.00
201.481,383.00
201.592,380.00
201.689,378.00
201.784,376.00
201.895,374.00
201.992,371.00
202.087,369.00
202.184,366.00
202.295,363.00
202.391,361.00
202.486,358.00
202.583,356.00
202.694,353.00
202.790,350.00
202.887,346.00
202.982,343.00
203.094,289.00
203.190,264.00
203.286,256.00
203.382,249.00
203.494,243.00
203.589,236.00
203.685,229.00
203.781,223.00
203.892,216.00
203.988,209.00
204.085,203.00
204.196,196.00
204.292,189.00
204.388,182.00
204.484,175.00
204.595,169.00
204.691,162.00
204.787,155.00
204.884,148.00
204.995,141.00
205.091,134.00
205.187,127.00
205.283,121.00
205.394,114.00
205.490,108.00
205.587,102.00
205.682,96.00
205.794,91.00
205.890,86.00
205.985,81.00
206.082,77.00
206.193,73.00
206.289,69.00
206.385,65.00
206.496,62.00
206.593,58.00
206.688,55.00
206.784,53.00
206.896,50.00
206.991,47.00
207.088,45.00
207.184,43.00
207.295,40.00
207.392,38.00
207.487,36.00
207.583,35.00
207.695,33.00
207.790,31.00
207.886,30.00
207.982,28.00
208.094,27.00
208.190,25.00
208.286,24.00
208.397,23.00
208.494,22.00
208.589,21.00
208.686,20.00
208.797,18.00
208.893,18.00
208.989,17.00
209.085,16.00
209.197,15.00
209.293,14.00
209.388,13.00
209.485,13.00
209.596,12.00
209.692,11.00
209.788,11.00
209.883,10.00
209.996,10.00
210.091,9.00
210.187,9.00
210.283,8.00
210.396,8.00
210.492,7.00
210.586,7.00
210.683,6.00
210.794,6.00
210.890,6.00
210.986,5.00
211.097,5.00
211.194,5.00
211.290,5.00
211.386,4.00
211.497,4.00
211.593,4.00
211.689,4.00
211.785,4.00
211.896,3.00
211.992,3.00
212.088,3.00
212.185,3.00
212.296,3.00
212.392,2.00
212.488,2.00
212.584,2.00
212.696,2.00
212.792,2.00
212.888,2.00
212.998,2.00
213.095,2.00
213.191,2.00
213.287,1.00
213.398,1.00
213.495,1.00
213.590,1.00
213.687,1.00
213.798,1.00
213.894,1.00
213.990,1.00
214.085,1.00
214.197,1.00
214.294,1.00
214.389,1.00
214.485,1.00
214.597,1.00
214.693,1.00
214.789,1.00
214.900,1.00
214.996,1.00
215.092,0.00
215.188,0.00
215.301,0.00
215.396,0.00
215.492,0.00
215.588,0.00
215.699,0.00
215.796,0.00
215.891,0.00
216.002,0.00
216.098,0.00
216.194,0.00
216.290,0.00
216.402,0.00
216.498,0.00
216.595,0.00
216.690,0.00
216.802,0.00
216.897,0.00
216.994,0.00
217.090,0.00
217.201,0.00
217.297,0.00
217.393,0.00
217.489,0.00
217.601,0.00
217.696,0.00
217.792,0.00
217.888,0.00
218.000,0.00
218.096,0.00
218.192,0.00
218.287,0.00
218.399,0.00
218.496,0.00
218.591,0.00
218.702,0.00
218.799,0.00
218.894,0.00
218.990,0.00
219.103,0.00
219.198,0.00
219.293,0.00
219.390,0.00
219.502,0.00
219.597,0.00
219.693,0.00
219.789,0.00
219.901,0.00
219.996,0.00
220.092,0.00
220.189,0.00
220.300,0.00
220.396,0.00
220.491,0.00
220.603,0.00
220.700,0.00
220.796,0.00
220.891,0.00
221.003,0.00
221.099,0.00
221.195,0.00
221.291,0.00
221.403,0.00
221.499,0.00
221.595,0.00
221.690,0.00
221.802,0.00
221.898,0.00
221.993,0.00
222.106,0.00
222.202,0.00
222.297,0.00
222.393,0.00
222.505,0.00
222.601,0.00
222.696,0.00
222.793,0.00
0.042,0.00
0.138,0.00
0.234,0.00
0.329,0.00
0.441,0.00
0.537,0.00
0.633,0.00
0.728,0.00
0.841,0.00
0.937,0.00
1.032,0.00
1.143,0.00
1.240,0.00
1.336,0.00
1.432,0.00
1.543,0.00
1.639,0.00
1.735,0.00
1.831,0.00
1.943,0.00
2.039,0.00
2.134,0.00
2.230,0.00
2.342,0.00
2.438,0.00
2.534,0.00
2.630,0.00
2.742,0.00
2.837,0.00
2.933,0.00
3.029,0.00
3.141,0.00
3.237,0.00
3.333,0.00
3.428,0.00
3.541,0.00
3.637,0.00
3.731,0.00
3.843,0.00
3.939,0.00
4.035,0.00
4.132,0.00
4.243,0.00
4.339,0.00
4.435,0.00
4.531,0.00
4.642,0.00
4.739,0.00
4.834,0.00
4.930,0.00
5.042,0.00
5.139,0.00
5.234,0.00
5.345,0.00
5.442,0.00
5.538,0.00
5.634,0.00
5.745,0.00
5.841,0.00
5.937,0.00
6.033,0.00
6.144,0.00
6.240,0.00
6.336,0.00
6.432,0.00
6.543,0.00
6.640,0.00
6.735,0.00
6.832,0.00
6.943,0.00
7.039,0.00
7.136,0.00
7.231,0.00
7.343,0.00
7.438,0.00
7.534,1.00
7.630,1.00
7.742,1.00
7.838,1.00
7.934,1.00
8.045,2.00
8.141,2.00
8.238,2.00
8.334,2.00
8.444,2.00
8.541,2.00
8.637,2.00
8.733,2.00
8.844,3.00
8.940,3.00
9.048,3.00
9.133,3.00
9.244,3.00
9.340,3.00
9.435,4.00
9.531,4.00
9.644,4.00
9.739,4.00
9.835,5.00
9.931,5.00
10.043,5.00
10.138,5.00
10.235,6.00
10.346,6.00
10.442,6.00
10.538,7.00
10.634,7.00
10.746,7.00
10.841,7.00
10.937,8.00
11.033,8.00
11.146,9.00
11.241,9.00
11.337,10.00
11.433,10.00
11.545,11.00
11.641,11.00
11.737,12.00
11.832,13.00
11.943,13.00
12.039,14.00
12.136,15.00
12.247,16.00
12.344,16.00
12.439,17.00
12.535,18.00
12.646,19.00
12.742,20.00
12.838,21.00
12.935,21.00
13.046,21.00
13.142,22.00
13.238,22.00
13.333,22.00
13.445,22.00
13.541,22.00
13.638,23.00
13.733,23.00
13.845,23.00
13.952,23.00
14.048,23.00
14.160,22.00
14.245,23.00
14.340,23.00
14.436,23.00
14.547,23.00
14.643,23.00
14.739,23.00
14.836,23.00
14.947,23.00
15.044,23.00
15.140,23.00
15.235,23.00
15.347,23.00
15.442,23.00
15.539,23.00
15.635,23.00
15.747,23.00
15.842,23.00
15.937,23.00
16.034,23.00
16.146,23.00
16.242,23.00
16.337,23.00
16.433,23.00
16.545,23.00
16.640,23.00
16.736,23.00
16.848,23.00
16.944,23.00
17.040,23.00
17.136,23.00
17.247,23.00
17.344,23.00
17.439,23.00
17.535,23.00
17.647,23.00
17.743,23.00
17.839,23.00
17.935,23.00
18.047,23.00
18.143,23.00
18.239,23.00
18.335,23.00
18.446,23.00
18.542,23.00
18.638,23.00
18.749,23.00
18.846,23.00
18.941,23.00
19.038,23.00
19.149,23.00
19.246,23.00
19.341,23.00
19.437,23.00
19.548,23.00
19.644,23.00
19.740,23.00
19.836,23.00
19.948,23.00
20.044,23.00
20.140,23.00
20.235,23.00
20.347,23.00
20.443,23.00
20.540,23.00
20.650,23.00
20.747,23.00
20.843,23.00
20.939,23.00
21.050,23.00
21.146,23.00
21.243,23.00
21.338,23.00
21.449,23.00
21.546,23.00
21.641,23.00
21.737,23.00
21.849,23.00
21.945,23.00
22.042,23.00
22.137,23.00
22.248,23.00
22.345,23.00
22.441,23.00
22.537,23.00
22.648,23.00
22.744,23.00
22.839,23.00
22.951,23.00
23.048,23.00
23.143,23.00
23.239,23.00
23.350,23.00
23.446,23.00
23.543,23.00
23.639,23.00
23.751,23.00
23.846,23.00
23.942,23.00
24.038,23.00
24.150,23.00
24.245,23.00
24.341,23.00
24.437,23.00
24.549,23.00
24.645,23.00
24.741,23.00
24.837,23.00
24.949,23.00
25.044,23.00
25.140,23.00
25.251,23.00
25.348,23.00
25.444,23.00
25.540,23.00
25.651,23.00
25.747,23.00
25.843,23.00
25.940,23.00
26.051,23.00
26.146,23.00
26.242,23.00
26.339,23.00
26.450,23.00
26.546,23.00
26.642,23.00
26.738,23.00
26.850,23.00
26.946,23.00
27.041,23.00
27.137,23.00
27.249,23.00
27.345,23.00
27.440,23.00
27.536,23.00
27.648,23.00
27.744,23.00
27.840,23.00
27.951,23.00
28.048,23.00
28.144,23.00
28.240,23.00
28.352,23.00
28.447,23.00
28.543,23.00
28.639,23.00
28.751,25.00
28.846,26.00
28.944,28.00
29.039,29.00
29.150,31.00
29.247,32.00
29.342,33.00
29.437,34.00
29.549,36.00
29.646,37.00
29.741,38.00
29.853,39.00
29.949,40.00
30.045,42.00
30.140,43.00
30.253,44.00
30.349,45.00
30.444,46.00
30.541,48.00
30.652,49.00
30.748,50.00
30.844,51.00
30.940,51.00
31.052,51.00
31.147,51.00
31.243,51.00
31.340,51.00
31.451,52.00
31.547,52.00
31.642,52.00
31.754,52.00
31.851,52.00
31.946,52.00
32.042,52.00
32.153,52.00
32.249,52.00
32.345,52.00
32.442,52.00
32.553,52.00
32.649,52.00
32.745,52.00
32.840,52.00
32.952,52.00
33.048,52.00
33.145,52.00
33.240,52.00
33.352,52.00
33.448,52.00
33.543,52.00
33.640,52.00
33.751,52.00
33.848,52.00
33.943,52.00
34.054,52.00
34.151,52.00
34.246,52.00
34.343,52.00
34.454,52.00
34.550,52.00
34.646,52.00
34.742,52.00
34.853,52.00
34.950,52.00
35.045,52.00
35.141,52.00
35.253,52.00
35.349,52.00
35.445,52.00
35.541,52.00
35.653,52.00
35.749,52.00
35.845,52.00
35.955,52.00
36.052,52.00
36.148,52.00
36.244,52.00
36.355,52.00
36.451,52.00
36.547,52.00
36.644,52.00
36.755,52.00
36.851,52.00
36.947,52.00
37.043,52.00
37.154,52.00
37.250,52.00
37.346,52.00
37.442,52.00
37.553,52.00
37.649,52.00
37.745,52.00
37.841,52.00
37.954,52.00
38.049,52.00
38.145,52.00
38.241,52.00
38.352,52.00
38.449,52.00
38.544,52.00
38.655,52.00
38.752,52.00
38.847,52.00
38.944,52.00
39.056,52.00
39.151,52.00
39.247,52.00
39.343,52.00
39.454,52.00
39.550,52.00
39.646,52.00
39.742,52.00
39.854,52.00
39.950,52.00
40.046,52.00
40.157,52.00
40.253,52.00
40.350,52.00
40.445,52.00
40.557,52.00
40.653,52.00
40.748,52.00
40.844,52.00
40.956,52.00
41.053,52.00
41.148,52.00
41.243,52.00
41.356,52.00
41.452,52.00
41.548,52.00
41.659,52.00
41.755,52.00
41.850,52.00
41.947,52.00
42.058,52.00
42.154,52.00
42.250,52.00
42.346,52.00
42.458,52.00
42.554,52.00
42.650,52.00
42.746,52.00
42.857,52.00
42.953,52.00
43.049,52.00
43.145,52.00
43.256,52.00
43.352,52.00
43.448,52.00
43.544,52.00
43.656,52.00
43.752,52.00
43.847,52.00
43.959,52.00
44.055,52.00
44.151,52.00
44.247,52.00
44.358,52.00
44.455,52.00
44.550,52.00
44.646,52.00
44.759,52.00
44.855,52.00
44.950,52.00
45.045,52.00
45.158,52.00
45.254,52.00
45.349,52.00
45.460,52.00
45.557,52.00
45.652,52.00
45.749,52.00
45.860,52.00
45.956,52.00
46.053,52.00
46.148,52.00
46.260,52.00
46.356,52.00
46.451,52.00
46.547,52.00
46.660,54.00
46.756,56.00
46.851,57.00
46.947,59.00
47.059,60.00
47.154,62.00
47.250,63.00
47.362,65.00
47.458,66.00
47.553,68.00
47.650,69.00
47.761,70.00
47.857,72.00
47.953,73.00
48.049,74.00
48.161,75.00
48.257,77.00
48.353,78.00
48.448,79.00
48.561,80.00
48.656,81.00
48.752,83.00
48.848,84.00
48.960,85.00
49.056,86.00
49.151,88.00
49.247,89.00
49.359,90.00
49.455,91.00
49.551,91.00
49.662,91.00
49.759,92.00
49.855,92.00
49.951,92.00
50.061,92.00
50.158,92.00
50.254,92.00
50.350,92.00
50.461,92.00
50.558,92.00
50.653,92.00
50.749,92.00
50.861,92.00
50.957,92.00
51.052,92.00
51.148,93.00
51.261,92.00
51.355,92.00
51.452,92.00
51.548,92.00
51.659,92.00
51.756,92.00
51.851,92.00
51.963,92.00
52.059,92.00
52.155,92.00
52.251,92.00
52.363,93.00
52.458,92.00
52.555,92.00
52.650,93.00
52.762,92.00
52.858,92.00
52.953,93.00
53.050,92.00
53.161,92.00
53.257,92.00
53.353,92.00
53.449,93.00
53.562,92.00
53.657,92.00
53.752,92.00
53.849,92.00
53.960,93.00
54.056,93.00
54.152,92.00
54.263,92.00
54.359,92.00
54.455,92.00
54.551,92.00
54.662,92.00
54.758,93.00
54.854,92.00
54.950,92.00
55.062,93.00
55.158,93.00
55.254,93.00
55.365,92.00
55.462,93.00
55.558,93.00
55.654,93.00
55.765,93.00
55.862,93.00
55.957,93.00
56.053,93.00
56.164,93.00
56.260,93.00
56.357,93.00
56.453,93.00
56.564,93.00
56.660,93.00
56.756,93.00
56.853,93.00
56.964,93.00
57.060,93.00
57.155,92.00
57.251,92.00
57.363,92.00
57.459,92.00
57.554,92.00
57.652,93.00
57.762,92.00
57.858,93.00
57.954,93.00
58.050,93.00
58.161,92.00
58.257,92.00
58.354,92.00
58.465,93.00
58.561,93.00
58.657,93.00
58.753,92.00
58.864,93.00
58.960,92.00
59.057,93.00
59.152,93.00
59.264,93.00
59.360,93.00
59.456,93.00
59.551,93.00
59.664,92.00
59.760,93.00
59.855,93.00
59.951,93.00
60.062,93.00
60.159,93.00
60.254,93.00
60.351,93.00
60.462,93.00
60.558,93.00
60.655,93.00
60.765,93.00
60.862,93.00
60.958,93.00
61.054,92.00
61.165,93.00
61.261,92.00
61.357,92.00
61.454,93.00
61.564,92.00
61.661,93.00
61.756,93.00
61.852,93.00
61.964,93.00
62.060,92.00
62.156,92.00
62.251,93.00
62.363,92.00
62.460,92.00
62.556,93.00
62.650,93.00
62.763,93.00
62.859,93.00
62.954,93.00
63.050,93.00
63.162,93.00
63.258,93.00
63.353,93.00
63.465,93.00
63.562,93.00
63.657,93.00
63.753,93.00
63.865,93.00
63.961,93.00
64.057,93.00
64.153,93.00
64.264,93.00
64.360,93.00
64.456,93.00
64.553,93.00
64.665,93.00
64.760,92.00
64.856,93.00
64.951,93.00
65.064,95.00
65.160,96.00
65.255,98.00
65.367,100.00
65.463,101.00
65.558,103.00
65.655,104.00
65.766,106.00
65.863,107.00
65.959,108.00
66.054,110.00
66.166,111.00
66.262,113.00
66.357,114.00
66.453,115.00
66.566,116.00
66.662,117.00
66.757,117.00
66.853,117.00
66.965,117.00
67.060,117.00
67.157,117.00
67.252,118.00
67.364,118.00
67.460,118.00
67.556,117.00
67.667,118.00
67.764,117.00
67.859,117.00
67.956,118.00
68.067,117.00
68.163,118.00
68.259,118.00
68.354,118.00
68.466,118.00
68.562,118.00
68.658,117.00
68.754,117.00
68.866,117.00
68.962,117.00
69.058,117.00
69.169,117.00
69.265,117.00
69.361,117.00
69.458,117.00
69.568,117.00
69.665,117.00
69.761,117.00
69.856,118.00
69.969,117.00
70.064,117.00
70.160,117.00
70.256,117.00
70.368,117.00
70.463,117.00
70.559,118.00
70.655,118.00
70.767,118.00
70.863,118.00
70.958,118.00
71.055,118.00
71.166,117.00
71.262,118.00
71.359,117.00
71.469,118.00
71.566,118.00
71.662,118.00
71.758,118.00
71.869,118.00
71.965,117.00
72.061,117.00
72.157,118.00
72.269,118.00
72.365,118.00
72.460,118.00
72.556,118.00
72.668,117.00
72.764,117.00
72.860,118.00
72.956,118.00
73.067,117.00
73.164,118.00
73.259,118.00
73.355,118.00
73.467,117.00
73.563,117.00
73.659,117.00
73.754,118.00
73.866,117.00
73.963,117.00
74.058,117.00
74.169,118.00
74.265,118.00
74.361,118.00
74.458,118.00
74.569,118.00
74.665,118.00
74.762,118.00
74.858,118.00
74.969,118.00
75.065,118.00
75.161,118.00
75.256,118.00
75.369,118.00
75.464,118.00
75.560,118.00
75.656,118.00
75.768,118.00
75.864,118.00
75.959,118.00
76.071,118.00
76.167,117.00
76.263,118.00
76.358,117.00
76.470,117.00
76.567,118.00
76.663,117.00
76.758,117.00
76.870,117.00
76.966,117.00
77.061,117.00
77.158,117.00
77.269,117.00
77.365,117.00
77.461,117.00
77.557,118.00
77.668,117.00
77.764,117.00
77.860,117.00
77.956,118.00
78.069,118.00
78.164,117.00
78.260,118.00
78.371,117.00
78.468,117.00
78.564,118.00
78.659,118.00
78.770,118.00
78.867,117.00
78.963,117.00
79.058,118.00
79.170,118.00
79.266,118.00
79.362,118.00
79.458,118.00
79.570,118.00
79.666,118.00
79.762,118.00
79.858,118.00
79.969,118.00
80.065,117.00
80.161,118.00
80.273,117.00
80.369,118.00
80.464,118.00
80.561,117.00
80.672,118.00
80.768,118.00
80.863,117.00
80.960,118.00
81.072,117.00
81.168,118.00
81.263,118.00
81.374,117.00
81.471,118.00
81.566,117.00
81.663,117.00
81.774,118.00
81.871,118.00
81.966,118.00
82.062,118.00
82.174,118.00
82.270,120.00
82.366,122.00
82.461,123.00
82.573,125.00
82.669,126.00
82.765,128.00
82.861,130.00
82.972,131.00
83.069,132.00
83.164,134.00
83.261,135.00
83.372,137.00
83.468,138.00
83.563,139.00
83.675,140.00
83.771,142.00
83.867,143.00
83.963,144.00
84.074,146.00
84.170,147.00
84.266,148.00
84.362,149.00
84.474,150.00
84.570,152.00
84.666,153.00
84.762,153.00
84.873,154.00
84.969,154.00
85.065,155.00
85.161,155.00
85.273,155.00
85.369,155.00
85.465,155.00
85.560,155.00
85.673,155.00
85.768,155.00
85.864,155.00
85.975,155.00
86.072,155.00
86.167,155.00
86.263,155.00
86.375,155.00
86.471,155.00
86.566,155.00
86.663,155.00
86.774,155.00
86.870,155.00
86.967,155.00
87.062,155.00
87.174,155.00
87.270,155.00
87.366,155.00
87.477,155.00
87.573,155.00
87.670,155.00
87.765,155.00
87.876,155.00
87.973,155.00
88.068,155.00
88.165,155.00
88.276,155.00
88.372,155.00
88.468,155.00
88.564,155.00
88.676,155.00
88.772,155.00
88.867,155.00
88.963,155.00
89.075,155.00
89.171,155.00
89.267,155.00
89.363,155.00
89.474,155.00
89.570,155.00
89.667,155.00
89.777,155.00
89.874,155.00
89.969,155.00
90.065,155.00
90.177,155.00
90.273,155.00
90.369,155.00
90.465,155.00
90.577,155.00
90.673,155.00
90.768,155.00
90.865,155.00
90.976,155.00
91.072,155.00
91.168,155.00
91.264,155.00
91.375,155.00
91.472,155.00
91.568,155.00
91.678,155.00
91.776,155.00
91.871,155.00
91.967,155.00
92.078,155.00
92.175,155.00
92.270,155.00
92.367,155.00
92.478,155.00
92.573,155.00
92.669,155.00
92.766,155.00
92.877,155.00
92.974,155.00
93.069,155.00
93.165,155.00
93.277,155.00
93.373,155.00
93.468,155.00
93.579,155.00
93.676,155.00
93.772,155.00
93.868,155.00
93.979,155.00
94.075,155.00
94.171,155.00
94.267,155.00
94.379,155.00
94.475,155.00
94.570,155.00
94.667,155.00
94.778,155.00
94.874,155.00
94.970,155.00
95.066,155.00
95.178,155.00
95.274,155.00
95.369,155.00
95.465,155.00
95.578,155.00
95.673,155.00
95.770,155.00
95.865,155.00
95.977,155.00
96.073,155.00
96.168,155.00
96.280,155.00
96.376,155.00
96.472,155.00
96.568,155.00
96.679,155.00
96.776,155.00
96.872,155.00
96.967,155.00
97.079,155.00
97.175,155.00
97.271,155.00
97.366,155.00
97.478,155.00
97.574,155.00
97.670,155.00
97.766,155.00
97.878,155.00
97.973,155.00
98.069,155.00
98.166,155.00
98.277,155.00
98.373,155.00
98.469,155.00
98.580,155.00
98.677,155.00
98.772,155.00
98.869,155.00
98.980,155.00
99.076,155.00
99.172,155.00
99.268,155.00
99.380,155.00
99.475,155.00
99.571,155.00
99.667,155.00
99.779,155.00
99.874,155.00
99.971,155.00
100.067,155.00
100.179,155.00
100.275,156.00
100.370,157.00
100.466,159.00
100.578,160.00
100.674,162.00
100.770,163.00
100.881,165.00
100.977,166.00
101.074,167.00
101.169,169.00
101.280,170.00
101.376,172.00
101.473,173.00
101.569,174.00
101.680,176.00
101.775,177.00
101.872,178.00
101.967,179.00
102.079,180.00
102.175,181.00
102.271,182.00
102.367,182.00
102.479,183.00
102.574,182.00
102.671,183.00
102.767,183.00
102.879,183.00
102.974,183.00
103.070,183.00
103.166,183.00
103.277,183.00
103.374,183.00
103.470,183.00
103.581,183.00
103.677,183.00
103.773,183.00
103.869,183.00
103.980,183.00
104.077,183.00
104.173,183.00
104.269,183.00
104.380,183.00
104.475,183.00
104.572,183.00
104.668,183.00
104.780,183.00
104.876,183.00
104.971,183.00
105.066,183.00
105.179,183.00
105.275,183.00
105.371,183.00
105.482,183.00
105.578,183.00
105.674,183.00
105.770,183.00
105.881,183.00
105.978,183.00
106.073,183.00
106.169,183.00
106.282,183.00
106.378,183.00
106.473,183.00
106.568,183.00
106.681,183.00
106.776,183.00
106.872,183.00
106.968,183.00
107.080,183.00
107.176,183.00
107.272,183.00
107.369,183.00
107.479,183.00
107.575,183.00
107.672,183.00
107.782,183.00
107.879,183.00
107.975,183.00
108.070,183.00
108.182,183.00
108.278,183.00
108.374,183.00
108.470,183.00
108.581,183.00
108.677,183.00
108.774,183.00
108.869,183.00
108.981,183.00
109.077,183.00
109.173,183.00
109.269,183.00
109.381,183.00
109.476,183.00
109.572,183.00
109.668,183.00
109.779,183.00
109.875,183.00
109.972,183.00
110.083,183.00
110.180,183.00
110.275,183.00
110.371,183.00
110.482,183.00
110.579,183.00
110.674,183.00
110.771,183.00
110.882,183.00
110.978,183.00
111.074,183.00
111.170,183.00
111.282,183.00
111.377,183.00
111.473,183.00
111.584,183.00
111.681,183.00
111.777,183.00
111.872,183.00
111.985,183.00
112.080,183.00
112.176,183.00
112.272,183.00
112.384,183.00
112.480,183.00
112.575,183.00
112.671,183.00
112.783,183.00
112.879,183.00
112.975,183.00
113.071,183.00
113.182,183.00
113.278,183.00
113.374,183.00
113.471,183.00
113.581,183.00
113.677,183.00
113.773,183.00
113.885,183.00
113.981,183.00
114.076,183.00
114.173,183.00
114.284,183.00
114.381,183.00
114.477,183.00
114.573,183.00
114.684,183.00
114.780,183.00
114.876,183.00
114.972,183.00
115.083,183.00
115.179,183.00
115.275,183.00
115.371,183.00
115.482,183.00
115.579,183.00
115.675,183.00
115.771,183.00
115.882,183.00
115.978,183.00
116.074,183.00
116.185,183.00
116.282,183.00
116.377,183.00
116.473,183.00
116.584,183.00
116.681,183.00
116.777,183.00
116.872,183.00
116.985,183.00
117.080,183.00
117.177,183.00
117.272,183.00
117.384,183.00
117.480,183.00
117.576,183.00
117.672,183.00
117.783,185.00
117.879,187.00
117.975,188.00
118.086,190.00
118.183,191.00
118.278,193.00
118.375,194.00
118.487,195.00
118.581,196.00
118.678,198.00
118.774,199.00
118.886,200.00
118.981,202.00
119.078,203.00
119.173,204.00
119.285,205.00
119.381,206.00
119.477,207.00
119.573,209.00
119.685,210.00
119.780,211.00
119.876,212.00
119.972,213.00
120.084,213.00
120.180,213.00
120.276,214.00
120.387,214.00
120.483,214.00
120.579,214.00
120.675,214.00
120.786,214.00
120.882,214.00
120.978,214.00
121.074,214.00
121.187,214.00
121.282,214.00
121.378,214.00
121.474,214.00
121.585,214.00
121.682,214.00
121.777,214.00
121.873,214.00
121.985,214.00
122.080,215.00
122.177,214.00
122.288,214.00
122.384,214.00
122.480,214.00
122.576,214.00
122.687,214.00
122.784,214.00
122.879,214.00
122.975,214.00
123.087,214.00
123.183,214.00
123.278,214.00
123.374,214.00
123.487,214.00
123.583,214.00
123.677,214.00
123.774,214.00
123.885,214.00
123.981,214.00
124.078,214.00
124.173,214.00
124.285,214.00
124.382,214.00
124.477,214.00
124.588,214.00
124.685,214.00
124.780,214.00
124.876,214.00
124.988,214.00
125.084,214.00
125.180,214.00
125.276,214.00
125.388,214.00
125.484,214.00
125.579,214.00
125.675,214.00
125.788,214.00
125.883,214.00
125.979,214.00
126.075,214.00
126.187,214.00
126.282,214.00
126.378,214.00
126.489,214.00
126.586,214.00
126.681,214.00
126.778,214.00
126.889,214.00
126.985,214.00
127.081,214.00
127.177,214.00
127.290,214.00
127.385,214.00
127.480,214.00
127.576,214.00
127.688,214.00
127.783,214.00
127.880,214.00
127.975,214.00
128.087,214.00
128.184,214.00
128.279,214.00
128.375,214.00
128.487,214.00
128.582,214.00
128.679,214.00
128.774,214.00
128.886,214.00
128.982,214.00
129.078,214.00
129.189,214.00
129.287,214.00
129.382,214.00
129.477,214.00
129.589,214.00
129.685,214.00
129.781,214.00
129.877,214.00
129.988,214.00
130.085,214.00
130.180,214.00
130.276,214.00
130.389,214.00
130.483,214.00
130.580,214.00
130.676,214.00
130.787,214.00
130.884,214.00
130.979,214.00
131.090,214.00
131.187,214.00
131.282,214.00
131.379,214.00
131.491,214.00
131.586,214.00
131.682,214.00
131.778,214.00
131.890,214.00
131.986,214.00
132.081,214.00
132.177,214.00
132.289,214.00
132.385,214.00
132.481,214.00
132.576,214.00
132.690,214.00
132.785,214.00
132.880,214.00
132.977,214.00
133.088,214.00
133.184,214.00
133.280,214.00
133.392,214.00
133.488,214.00
133.584,214.00
133.679,214.00
133.790,214.00
133.887,214.00
133.983,214.00
134.078,214.00
134.191,214.00
134.286,214.00
134.382,214.00
134.477,214.00
134.590,214.00
134.687,214.00
134.782,214.00
134.877,214.00
134.989,214.00
135.084,214.00
135.180,214.00
135.276,214.00
135.388,214.00
135.484,214.00
135.580,214.00
135.691,214.00
135.788,214.00
135.884,214.00
135.980,214.00
136.091,214.00
136.187,216.00
136.283,218.00
136.379,219.00
136.490,220.00
136.586,222.00
136.682,223.00
136.778,224.00
136.890,226.00
136.986,227.00
137.081,228.00
137.177,229.00
137.290,231.00
137.385,232.00
137.481,233.00
137.578,234.00
137.688,235.00
137.785,237.00
137.880,238.00
137.991,239.00
138.089,240.00
138.184,241.00
138.279,242.00
138.391,243.00
138.487,244.00
138.583,245.00
138.679,246.00
138.792,247.00
138.886,248.00
138.983,249.00
139.078,250.00
139.191,251.00
139.287,250.00
139.382,251.00
139.478,251.00
139.590,251.00
139.686,251.00
139.781,251.00
139.879,251.00
139.989,251.00
140.085,251.00
140.181,251.00
140.276,251.00
140.389,251.00
140.485,251.00
140.581,251.00
140.692,252.00
140.787,251.00
140.884,251.00
140.980,251.00
141.091,251.00
141.187,251.00
141.283,251.00
141.379,251.00
141.492,251.00
141.587,252.00
141.682,251.00
141.779,251.00
141.891,251.00
141.986,251.00
142.083,251.00
142.178,251.00
142.290,251.00
142.386,251.00
142.482,251.00
142.578,251.00
142.689,251.00
142.785,251.00
142.881,251.00
142.992,251.00
143.088,251.00
143.184,251.00
143.280,251.00
143.392,251.00
143.488,251.00
143.584,251.00
143.679,251.00
143.791,251.00
143.888,251.00
143.983,251.00
144.079,251.00
144.191,251.00
144.286,251.00
144.383,251.00
144.479,252.00
144.590,251.00
144.686,251.00
144.782,251.00
144.878,251.00
144.990,251.00
145.085,252.00
145.181,251.00
145.277,251.00
145.389,251.00
145.486,251.00
145.580,252.00
145.692,252.00
145.789,252.00
145.884,251.00
145.981,251.00
146.092,251.00
146.189,251.00
146.283,251.00
146.379,251.00
146.492,251.00
146.587,251.00
146.683,251.00
146.779,252.00
146.891,251.00
146.986,251.00
147.083,251.00
147.178,251.00
147.291,251.00
147.386,251.00
147.482,251.00
147.578,251.00
147.689,251.00
147.786,251.00
147.882,251.00
147.994,252.00
148.089,251.00
148.185,251.00
148.281,251.00
148.394,251.00
148.488,251.00
148.584,251.00
148.680,251.00
148.793,251.00
148.888,251.00
148.984,251.00
149.080,251.00
149.192,251.00
149.287,252.00
149.384,251.00
149.479,251.00
149.591,252.00
149.687,251.00
149.783,251.00
149.894,251.00
149.990,251.00
150.086,251.00
150.183,251.00
150.293,251.00
150.390,251.00
150.486,251.00
150.581,251.00
150.693,251.00
150.789,251.00
150.885,251.00
150.981,251.00
151.093,251.00
151.188,251.00
151.285,251.00
151.381,251.00
151.492,251.00
151.588,251.00
151.684,251.00
151.795,251.00
151.892,251.00
151.987,251.00
152.084,251.00
152.194,251.00
152.290,251.00
152.387,251.00
152.483,251.00
152.594,251.00
152.691,251.00
152.786,252.00
152.882,251.00
152.994,251.00
153.090,251.00
153.185,251.00
153.281,251.00
153.393,251.00
153.489,251.00
153.584,251.00
153.682,251.00
153.793,251.00
153.888,251.00
153.984,251.00
154.081,251.00
154.192,251.00
154.288,251.00
154.384,251.00
154.495,251.00
154.591,252.00
154.687,253.00
154.783,255.00
154.895,256.00
154.991,257.00
155.087,258.00
155.183,260.00
155.294,262.00
155.390,264.00
155.485,265.00
155.581,267.00
155.694,269.00
155.790,284.00
155.885,275.00
155.982,278.00
156.093,294.00
156.189,339.00
156.285,341.00
156.396,343.00
156.492,344.00
156.589,345.00
156.684,345.00
156.795,345.00
156.892,346.00
156.987,347.00
157.084,347.00
157.195,347.00
157.291,348.00
157.388,349.00
157.483,349.00
157.595,350.00
157.691,351.00
157.787,352.00
157.882,353.00
157.995,353.00
158.090,354.00
158.186,353.00
158.281,353.00
158.394,353.00
158.489,353.00
158.585,353.00
158.681,353.00
158.793,353.00
158.889,353.00
158.984,354.00
159.081,353.00
159.192,354.00
159.288,353.00
159.384,353.00
159.495,353.00
159.592,353.00
159.687,352.00
159.784,352.00
159.895,351.00
159.991,351.00
160.088,351.00
160.183,351.00
160.294,351.00
160.391,351.00
160.486,351.00
160.583,351.00
160.695,351.00
160.790,351.00
160.885,351.00
160.997,351.00
161.094,351.00
161.190,351.00
161.285,351.00
161.397,352.00
161.493,352.00
161.589,353.00
161.685,353.00
161.796,353.00
161.892,353.00
161.988,353.00
162.084,353.00
162.196,353.00
162.292,353.00
162.388,353.00
162.483,354.00
162.595,354.00
162.691,353.00
162.787,353.00
162.883,354.00
162.994,354.00
163.090,353.00
163.186,354.00
163.297,353.00
163.394,353.00
163.489,351.00
163.586,351.00
163.697,351.00
163.792,351.00
163.889,351.00
163.984,351.00
164.097,351.00
164.193,351.00
164.288,351.00
164.384,352.00
164.496,351.00
164.592,351.00
164.688,351.00
164.784,351.00
164.895,351.00
164.991,351.00
165.087,351.00
165.198,351.00
165.295,352.00
165.391,353.00
165.487,353.00
165.598,353.00
165.694,353.00
165.790,353.00
165.887,354.00
165.998,353.00
166.094,353.00
166.190,353.00
166.285,353.00
166.397,353.00
166.493,353.00
166.590,354.00
166.685,354.00
166.797,354.00
166.893,354.00
166.988,353.00
167.085,353.00
167.196,353.00
167.292,353.00
167.388,352.00
167.484,351.00
167.596,351.00
167.691,351.00
167.787,351.00
167.899,351.00
167.995,351.00
168.091,351.00
168.186,351.00
168.298,351.00
168.394,351.00
168.491,351.00
168.586,351.00
168.698,351.00
168.793,351.00
168.890,350.00
168.986,351.00
169.097,351.00
169.192,351.00
169.288,352.00
169.384,353.00
169.497,353.00
169.592,353.00
169.688,353.00
169.784,353.00
169.895,354.00
169.993,354.00
170.087,354.00
170.199,354.00
170.295,354.00
170.392,353.00
170.487,354.00
170.598,353.00
170.695,354.00
170.791,354.00
170.887,354.00
170.998,354.00
171.094,353.00
171.190,352.00
171.285,351.00
171.397,351.00
171.494,352.00
171.589,351.00
171.685,351.00
171.797,351.00
171.892,351.00
171.989,351.00
172.085,351.00
172.196,351.00
172.292,351.00
172.389,351.00
172.499,351.00
172.596,351.00
172.691,351.00
172.787,351.00
172.899,351.00
172.995,351.00
173.091,352.00
173.187,351.00
173.299,348.00
173.395,280.00
173.491,268.00
173.586,258.00
173.698,251.00
173.794,244.00
173.890,237.00
174.001,230.00
174.097,223.00
174.193,215.00
174.289,208.00
174.401,200.00
174.497,193.00
174.593,185.00
174.688,178.00
174.800,170.00
174.896,163.00
174.992,155.00
175.088,147.00
175.200,140.00
175.296,132.00
175.392,125.00
175.488,118.00
175.599,111.00
175.695,104.00
175.791,98.00
175.887,92.00
175.999,87.00
176.095,82.00
176.191,77.00
176.301,72.00
176.398,68.00
176.493,64.00
176.589,61.00
176.701,57.00
176.797,54.00
176.893,51.00
176.989,48.00
177.102,45.00
177.197,43.00
177.293,41.00
177.389,38.00
177.500,36.00
177.596,34.00
177.692,33.00
177.787,31.00
177.899,29.00
177.996,28.00
178.093,26.00
178.188,25.00
178.299,23.00
178.394,22.00
178.490,21.00
178.602,20.00
178.699,19.00
178.794,18.00
178.890,17.00
179.001,16.00
179.098,15.00
179.194,14.00
179.290,13.00
179.403,13.00
179.497,12.00
179.593,11.00
179.689,11.00
179.801,10.00
179.897,10.00
179.992,9.00
180.088,9.00
180.200,8.00
180.296,8.00
180.392,7.00
180.488,7.00
180.600,6.00
180.695,6.00
180.792,6.00
180.887,5.00
180.999,5.00
181.095,5.00
181.190,4.00
181.302,4.00
181.399,4.00
181.494,4.00
181.590,4.00
181.701,3.00
181.798,3.00
181.893,3.00
181.989,3.00
182.102,3.00
182.197,2.00
182.293,2.00
182.388,2.00
182.501,2.00
182.596,2.00
182.692,2.00
182.788,2.00
182.900,2.00
182.996,2.00
183.091,1.00
183.188,1.00
183.300,1.00
183.396,1.00
183.491,1.00
183.602,1.00
183.699,1.00
183.795,1.00
183.891,1.00
184.002,1.00
184.098,1.00
184.194,1.00
184.290,1.00
184.402,1.00
184.498,1.00
184.593,1.00
184.689,0.00
184.801,0.00
184.897,0.00
184.992,0.00
185.091,0.00
185.202,0.00
185.297,0.00
185.393,0.00
185.489,0.00
185.601,0.00
185.696,0.00
185.792,0.00
185.888,0.00
185.999,0.00
186.096,0.00
186.191,0.00
186.302,0.00
186.399,0.00
186.495,0.00
186.590,0.00
186.702,0.00
186.799,0.00
186.894,0.00
186.990,0.00
187.102,0.00
187.198,0.00
187.294,0.00
187.390,0.00
187.502,0.00
187.597,0.00
187.693,0.00
187.790,0.00
187.901,0.00
187.996,0.00
188.093,0.00
188.188,0.00
188.300,0.00
188.396,0.00
188.492,0.00
188.588,0.00
188.700,0.00
188.796,0.00
188.892,0.00
189.003,0.00
189.099,0.00
189.195,0.00
189.291,0.00
189.403,0.00
189.499,0.00
189.594,0.00
189.691,0.00
189.802,0.00
189.898,0.00
189.993,0.00
190.089,0.00
190.202,0.00
190.298,0.00
190.393,0.00
190.489,0.00
190.601,0.00
190.696,0.00
190.793,0.00
190.889,0.00
191.000,0.00
191.096,0.00
191.191,0.00
191.303,0.00
191.400,0.00
191.496,0.00
191.592,0.00
191.702,0.00
191.800,0.00
191.895,0.00
191.991,0.00
192.103,0.00
192.200,0.00
192.295,0.00
192.391,0.00
192.503,0.00
192.598,0.00
192.694,0.00
192.790,0.00
192.902,0.00
192.997,0.00
193.094,0.00
193.189,0.00
193.301,0.00
193.398,0.00
193.496,0.00
193.588,0.00
193.703,0.00
193.797,0.00
193.893,0.00
194.003,0.00
194.100,0.00
194.196,0.00
194.292,0.00
194.403,0.00
194.499,0.00
194.594,0.00
194.691,0.00
194.802,0.00
194.898,0.00
194.994,0.00
195.091,0.00
195.202,0.00
195.298,0.00
195.394,0.00
195.489,0.00
195.601,0.00
195.698,0.00
195.793,0.00
195.889,0.00
196.000,0.00
196.096,0.00
196.193,0.00
196.304,0.00
196.400,0.00
196.496,0.00
196.592,0.00
196.704,0.00
196.800,0.00
196.896,0.00
196.991,0.00
197.103,0.00
197.199,0.00
197.294,0.00
197.391,0.00
197.503,0.00
197.599,0.00
197.694,0.00
197.790,0.00
197.901,0.00
197.998,0.00
198.094,0.00
198.205,0.00
198.302,0.00
198.397,0.00
198.493,0.00
198.604,0.00
198.701,0.00
198.796,0.00
198.892,0.00
199.004,0.00
199.100,0.00
199.196,0.00
199.291,0.00
199.403,0.00
199.499,0.00
199.596,0.00
199.692,0.00
199.803,0.00
199.898,0.00
199.994,0.00
200.106,0.00
200.202,0.00
200.298,0.00
200.394,0.00
200.505,0.00
200.601,0.00
200.697,0.00
200.794,0.00
200.905,0.00
201.001,0.00
201.097,0.00
201.193,0.00
201.305,0.00
201.401,0.00
201.497,0.00
201.593,0.00
201.704,0.00
201.799,0.00
201.896,0.00
202.007,0.00
202.104,0.00
202.199,0.00
202.295,0.00
202.407,0.00
202.503,0.00
202.598,0.00
202.695,0.00
202.806,0.00
202.902,0.00
202.999,0.00
203.094,0.00
203.206,0.00
203.302,0.00
203.398,0.00
203.494,0.00
203.605,0.00
203.701,0.00
203.797,0.00
203.892,0.00
204.005,0.00
204.101,0.00
204.196,0.00
204.308,0.00
204.405,0.00
204.500,0.00
204.596,0.00
204.707,0.00
204.803,0.00
204.899,0.00
204.995,0.00
205.107,0.00
205.203,0.00
205.298,0.00
205.394,0.00
205.507,0.00
205.602,0.00
205.698,0.00
205.794,0.00
205.906,0.00
206.002,0.00
206.098,0.00
206.209,0.00
206.305,0.00
206.402,0.00
206.498,0.00
206.609,0.00
206.705,0.00
206.801,0.00
206.896,0.00
207.008,0.00
207.104,0.00
207.200,0.00
207.296,0.00
207.408,0.00
207.504,0.00
207.599,0.00
207.695,0.00
207.807,0.00
207.903,0.00
207.999,0.00
208.095,0.00
208.206,0.00
208.303,0.00
208.398,0.00
208.510,0.00
208.606,0.00
208.701,0.00
208.798,0.00
208.910,0.00
209.005,0.00
209.101,0.00
209.198,0.00
209.309,0.00
209.404,0.00
209.500,0.00
209.597,0.00
209.708,0.00
209.804,0.00
209.900,0.00
209.996,0.00
210.107,0.00
210.204,0.00
210.299,0.00
210.396,0.00
210.507,0.00
210.603,0.00
210.699,0.00
210.810,0.00
210.906,0.00
211.002,0.00
211.098,0.00
211.209,0.00
211.306,0.00
211.402,0.00
211.497,0.00
211.609,0.00
211.705,0.00
211.800,0.00
211.897,0.00
212.009,0.00
212.104,0.00
212.201,0.00
212.296,0.00
212.408,0.00
212.504,0.00
212.599,0.00
212.696,0.00
212.808,0.00
212.903,0.00
212.999,0.00
213.110,0.00
213.207,0.00
213.302,0.00
213.399,0.00
213.510,0.00
213.606,0.00
213.702,0.00
213.798,0.00
213.909,0.00
214.005,0.00
214.101,0.00
214.197,0.00
214.310,0.00
214.405,0.00
214.501,0.00
214.597,0.00
214.708,0.00
214.805,0.00
214.900,0.00
215.011,0.00
215.108,0.00
215.203,0.00
215.300,0.00
215.411,0.00
215.507,0.00
215.603,0.00
215.699,0.00
215.811,0.00
215.907,0.00
216.002,0.00
216.099,0.00
216.210,0.00
216.306,0.00
216.402,0.00
216.498,0.00
216.609,0.00
216.705,0.00
216.802,0.00
216.898,0.00
217.008,0.00
217.105,0.00
217.201,0.00
217.312,0.00
217.408,0.00
217.504,0.00
217.601,0.00
217.711,0.00
217.807,0.00
217.903,0.00
218.000,0.00
218.111,0.00
218.207,0.00
218.303,0.00
218.399,0.00
218.511,0.00
218.606,0.00
218.702,0.00
218.799,0.00
218.911,0.00
219.006,0.00
219.102,0.00
219.198,0.00
219.309,0.00
219.405,0.00
219.501,0.00
219.613,0.00
219.709,0.00
219.805,0.00
219.900,0.00
220.013,0.00
220.108,0.00
220.204,0.00
220.301,0.00
220.412,0.00
220.508,0.00
220.603,0.00
220.699,0.00
220.811,0.00
220.907,0.00
221.003,0.00
221.099,0.00
221.211,0.00
221.307,0.00
221.402,0.00
221.513,0.00
221.610,0.00
221.706,0.00
221.802,0.00
221.913,0.00
222.009,0.00
222.105,0.00
222.201,0.00
222.312,0.00
222.409,0.00
222.504,0.00
222.602,0.00
222.712,0.00
222.808,0.00
222.904,0.00
223.000,0.00
223.111,0.00
223.208,0.00
223.304,0.00
223.399,0.00
223.510,0.00
223.608,0.00
223.702,0.00
223.798,0.00
223.911,0.00
224.007,0.00
224.102,0.00
224.213,0.00
224.309,0.00
224.406,0.00
224.501,0.00
224.613,0.00
224.710,0.00
224.805,0.00
224.901,0.00
225.013,0.00
225.109,0.00
225.205,0.00
225.301,0.00
225.412,0.00
225.508,0.00
225.603,0.00
225.700,0.00
225.811,0.00
225.907,0.00
226.004,0.00
226.099,0.00
226.211,0.00
226.307,0.00
226.402,0.00
226.514,0.00
226.610,0.00
226.707,0.00
226.801,0.00
226.913,0.00
227.010,0.00
227.106,0.00
227.202,0.00
227.313,0.00
227.409,0.00
227.505,0.00
227.601,0.00
227.712,0.00
227.808,0.00
227.904,0.00
228.000,0.00
228.113,0.00
228.208,0.00
228.303,0.00
228.400,0.00
228.512,0.00
228.607,0.00
228.704,0.00
228.799,0.00
228.911,0.00
229.006,0.00
229.102,0.00
229.214,0.00
229.310,0.00
229.406,0.00
229.502,0.00
229.614,0.00
229.710,0.00
229.805,0.00
229.901,0.00
230.013,0.00
230.109,0.00
230.205,0.00
230.301,0.00
230.413,0.00
230.509,0.00
230.605,0.00
230.700,0.00
230.812,0.00
230.908,0.00
231.004,0.00
231.100,0.00
231.211,0.00
231.307,0.00
231.404,0.00
231.514,0.00
231.611,0.00
231.707,0.00
231.803,0.00
231.914,0.00
232.010,0.00
232.106,0.00
232.202,0.00
232.314,0.00
232.410,0.00
232.505,0.00
232.601,0.00
232.714,0.00
232.808,0.00
232.905,0.00
233.000,0.00
233.113,0.00
233.209,0.00
233.305,0.00
233.415,0.00
233.512,0.00
233.607,0.00
233.704,0.00
233.816,0.00
233.911,0.00
234.007,0.00
234.103,0.00
234.215,0.00
234.311,0.00
234.406,0.00
234.503,0.00
234.614,0.00
234.710,0.00
234.806,0.00
234.902,0.00
235.014,0.00
235.109,0.00
235.206,0.00
235.301,0.00
235.413,0.00
235.509,0.00
235.605,0.00
235.716,0.00
235.812,0.00
235.910,0.00
236.004,0.00
236.115,0.00
236.211,0.00
236.307,0.00
236.404,0.00
236.515,0.00
236.612,0.00
236.707,0.00
236.803,0.00
236.915,0.00
237.010,0.00
237.106,0.00
237.203,0.00
237.315,0.00
237.410,0.00
237.506,0.00
237.617,0.00
237.714,0.00
237.810,0.00
237.905,0.00
238.016,0.00
238.112,0.00
238.209,0.00
238.304,0.00
238.416,0.00
238.512,0.00
238.608,0.00
238.704,0.00
238.816,0.00
238.911,0.00
239.007,0.00
239.104,0.00
239.215,0.00
239.311,0.00
239.407,0.00
239.503,0.00
239.614,0.00
239.710,0.00
239.806,0.00
239.917,0.00
240.013,0.00
240.110,0.00
240.206,0.00
240.317,0.00
240.413,0.00
240.510,0.00
240.605,0.00
240.717,0.00
240.813,0.00
240.908,0.00
241.004,0.00
241.116,0.00
241.212,0.00
241.307,0.00
241.405,0.00
241.516,0.00
241.611,0.00
241.708,0.00
241.819,0.00
241.915,0.00
242.011,0.00
242.106,0.00
242.219,0.00
242.315,0.00
242.411,0.00
242.507,0.00
242.618,0.00
242.714,0.00
242.811,0.00
242.906,0.00
243.017,0.00
243.113,0.00
243.209,0.00
243.305,0.00
243.417,0.00
243.512,0.00
243.609,0.00
243.720,0.00
243.816,0.00
243.913,0.00
244.008,0.00
244.119,0.00
244.215,0.00
244.311,0.00
244.408,0.00
244.519,0.00
244.615,0.00
244.711,0.00
244.807,0.00
244.919,0.00
245.014,0.00
245.110,0.00
245.206,0.00
245.318,0.00
245.414,0.00
245.510,0.00
245.605,0.00
245.717,0.00
245.813,0.00
245.909,0.00
246.020,0.00
246.117,0.00
246.213,0.00
246.308,0.00
246.420,0.00
246.517,0.00
246.612,0.00
246.708,0.00
246.820,0.00
246.916,0.00
247.011,0.00
247.107,0.00
247.219,0.00
247.315,0.00
247.411,0.00
247.507,0.00
247.618,0.00
247.714,0.00
247.810,0.00
247.907,0.00
248.018,0.00
248.113,0.00
248.210,0.00
248.306,0.00
248.418,0.00
248.513,0.00
248.609,0.00
248.720,0.00
248.816,0.00
248.913,0.00
249.009,0.00
249.120,0.00
249.216,0.00
249.312,0.00
249.408,0.00
249.520,0.00
249.616,0.00
249.711,0.00
249.809,0.00
249.919,0.00
250.014,0.00
250.111,0.00
250.206,0.00
250.319,0.00
250.414,0.00
250.510,0.00
250.621,0.00
250.717,0.00
250.813,0.00
250.909,0.00
251.021,0.00
251.117,0.00
251.213,0.00
251.309,0.00
251.421,0.00
251.516,0.00
251.613,0.00
251.708,0.00
251.820,0.00
251.916,0.00
252.012,0.00
252.108,0.00
252.219,0.00
252.316,0.00
252.411,0.00
252.507,0.00
252.620,0.00
252.714,0.00
252.811,0.00
252.922,0.00
253.019,0.00
253.114,0.00
253.210,0.00
253.321,0.00
253.417,0.00
253.513,0.00
253.610,0.00
253.721,0.00
253.817,0.00
253.913,0.00
254.009,0.00
254.120,0.00
254.216,0.00
254.312,0.00
254.408,0.00
254.520,0.00
254.616,0.00
254.711,0.00
254.823,0.00
254.920,0.00
255.015,0.00
255.111,0.00
255.223,0.00
255.319,0.00
255.414,0.00
255.511,0.00
255.622,0.00
255.718,0.00
255.813,0.00
255.910,0.00
256.023,0.00
256.117,0.00
256.214,0.00
256.310,0.00
256.421,0.00
256.517,0.00
256.613,0.00
256.724,0.00
256.821,0.00
256.917,0.00
257.012,0.00
257.124,0.00
257.220,0.00
257.316,0.00
257.411,0.00
257.523,0.00
257.619,0.00
257.716,0.00
257.811,0.00
257.923,0.00
258.019,0.00
258.114,0.00
258.211,0.00
258.322,0.00
258.418,0.00
258.514,0.00
258.610,0.00
258.722,0.00
258.818,0.00
258.914,0.00
259.024,0.00
259.121,0.00
259.217,0.00
259.313,0.00
259.425,0.00
259.520,0.00
259.617,0.00
259.712,0.00
259.824,0.00
259.920,0.00
260.015,0.00
260.111,0.00
260.224,0.00
260.320,0.00
260.415,0.00
260.511,0.00
260.622,0.00
260.718,0.00
260.815,0.00
260.926,0.00
261.022,0.00
261.118,0.00
261.214,0.00
261.325,0.00
261.423,0.00
261.517,0.00
261.613,0.00
261.725,0.00
261.821,0.00
261.919,0.00
262.013,0.00
262.125,0.00
262.220,0.00
262.316,0.00
262.412,0.00
262.524,0.00
262.620,0.00
262.715,0.00
262.812,0.00
262.923,0.00
263.019,0.00
263.115,0.00
263.226,0.00
263.322,0.00
263.419,0.00
263.514,0.00
263.626,0.00
263.722,0.00
263.818,0.00
263.914,0.00
264.025,0.00
264.121,0.00
264.217,0.00
264.314,0.00
264.425,0.00
264.521,0.00
264.616,0.00
264.713,0.00
264.824,0.00
264.920,0.00
265.017,0.00
265.127,0.00
265.223,0.00
265.319,0.00
265.416,0.00
265.526,0.00
265.623,0.00
265.718,0.00
265.814,0.00
265.927,0.00
266.022,0.00
266.118,0.00
266.214,0.00
266.327,0.00
266.422,0.00
266.517,0.00
266.614,0.00
266.725,0.00
266.821,0.00
266.917,0.00
267.028,0.00
267.125,0.00
267.220,0.00
267.316,0.00
267.428,0.00
267.524,0.00
267.620,0.00
267.716,0.00
267.828,0.00
267.923,0.00
268.019,0.00
268.115,0.00
268.228,0.00
268.322,0.00
268.419,0.00
268.514,0.00
268.626,0.00
268.723,0.00
268.818,0.00
268.913,0.00
269.026,0.00
269.122,0.00
269.217,0.00
269.328,0.00
269.425,0.00
269.522,0.00
269.617,0.00
269.728,0.00
269.824,0.00
269.920,0.00
270.016,0.00
270.128,0.00
270.224,0.00
270.319,0.00
270.416,0.00
270.527,0.00
270.624,0.00
270.719,0.00
270.815,0.00
270.928,0.00
271.023,0.00
271.119,0.00
271.215,0.00
271.327,0.00
271.422,0.00
271.517,0.00
271.614,0.00
271.725,0.00
271.821,0.00
271.918,0.00
272.029,0.00
272.125,0.00
272.221,0.00
272.317,0.00
272.429,0.00
272.525,0.00
272.620,0.00
272.717,0.00
272.828,0.00
272.924,0.00
273.019,0.00
273.116,0.00
273.227,0.00
273.324,0.00
273.418,0.00
273.515,0.00
273.627,0.00
273.722,0.00
273.818,0.00
273.915,0.00
274.026,0.00
274.122,0.00
274.218,0.00
274.329,0.00
274.425,0.00
274.521,0.00
274.617,0.00
274.729,0.00
274.825,0.00
274.920,0.00
275.017,0.00
275.128,0.00
275.225,0.00
275.320,0.00
275.416,0.00
275.528,0.00
275.624,0.00
275.720,0.00
275.816,0.00
275.927,0.00
276.023,0.00
276.119,0.00
276.231,0.00
276.327,0.00
276.423,0.00
276.519,0.00
276.630,0.00
276.727,0.00
276.823,0.00
276.918,0.00
277.030,0.00
277.125,0.00
277.222,0.00
277.318,0.00
277.429,0.00
277.525,0.00
277.621,0.00
277.717,0.00
277.828,0.00
277.924,0.00
278.020,0.00
278.116,0.00
278.228,0.00
278.324,0.00
278.419,0.00
278.531,0.00
278.627,0.00
278.723,0.00
278.819,0.00
278.931,0.00
279.027,0.00
279.122,0.00
279.218,0.00
279.330,0.00
279.426,0.00
279.522,0.00
279.618,0.00
279.730,0.00
279.825,0.00
279.922,0.00
280.017,0.00
280.129,0.00
280.225,0.00
280.321,0.00
280.416,0.00
280.528,0.00
280.624,0.00
280.720,0.00
280.832,0.00
280.928,0.00
281.023,0.00
281.119,0.00
281.232,0.00
281.327,0.00
281.423,0.00
281.519,0.00
281.630,0.00
281.727,0.00
281.823,0.00
281.918,0.00
282.030,0.00
282.126,0.00
282.222,0.00
282.318,0.00
282.430,0.00
282.525,0.00
282.621,0.00
282.717,0.00
282.829,0.00
282.926,0.00
283.020,0.00
283.132,0.00
283.228,0.00
283.324,0.00
283.420,0.00
283.531,0.00
283.627,0.00
283.723,0.00
283.819,0.00
283.931,0.00
284.027,0.00
284.123,0.00
284.219,0.00
284.331,0.00
284.426,0.00
284.523,0.00
284.618,0.00
284.730,0.00
284.825,0.00
284.922,0.00
285.033,0.00
285.129,0.00
285.225,0.00
285.321,0.00
285.432,0.00
285.529,0.00
285.625,0.00
285.720,0.00
285.833,0.00
285.928,0.00
286.024,0.00
286.121,0.00
286.232,0.00
286.328,0.00
286.423,0.00
286.519,0.00
286.631,0.00
286.727,0.00
286.823,0.00
286.919,0.00
287.030,0.00
287.126,0.00
287.222,0.00
287.333,0.00
287.430,0.00
287.526,0.00
287.622,0.00
287.733,0.00
287.829,0.00
287.925,0.00
288.021,0.00
288.134,0.00
288.229,0.00
288.324,0.00
288.421,0.00
288.532,0.00
288.628,0.00
288.724,0.00
288.819,0.00
288.931,0.00
289.028,0.00
289.124,0.00
289.220,0.00
289.331,0.00
289.427,0.00
289.523,0.00
289.619,0.00
289.731,0.00
289.827,0.00
289.922,0.00
290.033,0.00
290.130,0.00
290.226,0.00
290.322,0.00
290.433,0.00
290.529,0.00
290.625,0.00
290.721,0.00
290.833,0.00
290.928,0.00
291.024,0.00
291.121,0.00
291.232,0.00
291.328,0.00
291.424,0.00
291.519,0.00
291.632,0.00
291.727,0.00
291.823,0.00
291.919,0.00
292.031,0.00
292.127,0.00
292.223,0.00
292.319,0.00
292.431,0.00
292.526,0.00
292.622,0.00
292.734,0.00
292.830,0.00
292.926,0.00
293.021,0.00
293.133,0.00
293.229,0.00
293.326,0.00
293.421,0.00
293.533,0.00
293.629,0.00
293.725,0.00
293.820,0.00
293.932,0.00
294.029,0.00
294.124,0.00
294.235,0.00
294.332,0.00
294.428,0.00
294.523,0.00
294.635,0.00
294.731,0.00
294.827,0.00
294.923,0.00
295.034,0.00
295.130,0.00
295.226,0.00
295.322,0.00
295.435,0.00
295.530,0.00
295.626,0.00
295.722,0.00
295.833,0.00
295.929,0.00
296.025,0.00
296.121,0.00
296.232,0.00
296.328,0.00
296.426,0.00
296.520,0.00
296.633,0.00
296.728,0.00
296.823,0.00
296.936,0.00
297.032,0.00
297.128,0.00
297.223,0.00
297.335,0.00
297.431,0.00
297.527,0.00
297.623,0.00
297.735,0.00
297.830,0.00
297.926,0.00
298.022,0.00
298.134,0.00
298.230,0.00
298.325,0.00
298.421,0.00
298.534,0.00
298.629,0.00
298.725,0.00
298.821,0.00
298.933,0.00
299.028,0.00
299.124,0.00
299.236,0.00
299.332,0.00
299.427,0.00
299.524,0.00
299.635,0.00
299.731,0.00
299.827,0.00
299.923,0.00
300.035,0.00
300.131,0.00
300.226,0.00
300.323,0.00
300.434,0.00
300.530,0.00
300.626,0.00
300.723,0.00
300.834,0.00
300.930,0.00
301.026,0.00
301.121,0.00
301.233,0.00
301.329,0.00
301.427,0.00
301.521,0.00
301.632,0.00
301.729,0.00
301.825,0.00
301.936,0.00
302.032,0.00
302.128,0.00
302.224,0.00
302.336,0.00
302.431,0.00
302.528,0.00
302.623,0.00
302.735,0.00
302.831,0.00
302.926,0.00
303.038,0.00
303.134,0.00
303.230,0.00
303.327,0.00
303.438,0.00
303.533,0.00
303.630,0.00
303.725,0.00
303.838,0.00
303.933,0.00
304.029,0.00
304.125,0.00
304.237,0.00
304.333,0.00
304.428,0.00
304.524,0.00
304.637,0.00
304.732,0.00
304.828,0.00
304.924,0.00
305.035,0.00
305.132,0.00
305.227,0.00
305.323,0.00
305.435,0.00
305.531,0.00
305.628,0.00
305.738,0.00
305.835,0.00
305.930,0.00
306.027,0.00
306.138,0.00
306.234,0.00
306.330,0.00
306.425,0.00
306.537,0.00
306.633,0.00
306.730,0.00
306.825,0.00
306.937,0.00
307.033,0.00
307.129,0.00
307.240,0.00
307.337,0.00
307.431,0.00
307.529,0.00
307.639,0.00
307.736,0.00
307.831,0.00
307.927,0.00
308.039,0.00
308.135,0.00
308.230,0.00
308.327,0.00
308.438,0.00
308.534,0.00
308.632,0.00
308.726,0.00
308.838,0.00
308.933,0.00
309.029,0.00
309.126,0.00
309.238,0.00
309.333,0.00
309.429,0.00
309.540,0.00
309.637,0.00
309.733,0.00
309.828,0.00
309.940,0.00
310.036,0.00
310.132,0.00
310.227,0.00
310.339,0.00
310.435,0.00
310.532,0.00
310.627,0.00
310.739,0.00
310.835,0.00
310.930,0.00
311.026,0.00
311.138,0.00
311.234,0.00
311.330,0.00
311.441,0.00
311.537,0.00
311.633,0.00
311.729,0.00
311.841,0.00
311.937,0.00
312.032,0.00
312.128,0.00
312.241,0.00
312.336,0.00
312.433,0.00
312.527,0.00
312.640,0.00
312.736,0.00
312.831,0.00
312.927,0.00
313.039,0.00
313.136,0.00
313.231,0.00
313.342,0.00
313.439,0.00
313.534,0.00
313.630,0.00
313.742,0.00
313.838,0.00
313.934,0.00
314.030,0.00
314.142,0.00
314.237,0.00
314.334,0.00
314.429,0.00
314.540,0.00
314.637,0.00
314.733,0.00
314.828,0.00
314.941,0.00
315.036,0.00
315.132,0.00
315.228,0.00
315.339,0.00
315.436,0.00
315.531,0.00
315.643,0.00
315.739,0.00
315.835,0.00
315.930,0.00
316.042,0.00
316.139,0.00
316.234,0.00
316.330,0.00
316.442,0.00
316.537,0.00
316.633,0.00
316.729,0.00
316.841,0.00
316.936,0.00
317.033,0.00
317.129,0.00
317.241,0.00
317.336,0.00
317.432,0.00
317.544,0.00
317.641,0.00
317.736,0.00
317.832,0.00
317.943,0.00
318.040,0.00
318.135,0.00
318.231,0.00
318.343,0.00
318.439,0.00
318.535,0.00
318.631,0.00
318.742,0.00
318.838,0.00
318.934,0.00
319.030,0.00
319.142,0.00
319.238,0.00
319.333,0.00
319.429,0.00
319.541,0.00
319.637,0.00
319.732,0.00
319.844,0.00
319.941,0.00
320.037,0.00
320.133,0.00
320.244,0.00
320.340,0.00
320.436,0.00
320.531,0.00
320.644,0.00
320.740,0.00
320.835,0.00
320.932,0.00
321.043,0.00
321.139,0.00
321.235,0.00
321.330,0.00
321.442,0.00
321.538,0.00
321.634,0.00
321.730,0.00
321.841,0.00
321.938,0.00
322.034,0.00
322.145,0.00
322.241,0.00
322.337,0.00
322.433,0.00
322.545,0.00
322.641,0.00
322.736,0.00
322.833,0.00
322.944,0.00
323.040,0.00
323.136,0.00
323.232,0.00
323.345,0.00
323.439,0.00
323.535,0.00
323.631,0.00
323.742,0.00
323.839,0.00
323.935,0.00
324.030,0.00
324.142,0.00
324.239,0.00
324.334,0.00
324.445,0.00
324.541,0.00
324.638,0.00
324.733,0.00
324.845,0.00
324.942,0.00
325.037,0.00
325.133,0.00
325.245,0.00
325.340,0.00
325.437,0.00
325.532,0.00
325.644,0.00
325.740,0.00
325.836,0.00
325.931,0.00
326.044,0.00
326.140,0.00
326.235,0.00
326.331,0.00
326.443,0.00
326.539,0.00
326.635,0.00
326.746,0.00
326.843,0.00
326.938,0.00
327.034,0.00
327.145,0.00
327.241,0.00
327.338,0.00
327.434,0.00
327.545,0.00
327.642,0.00
327.736,0.00
327.833,0.00
327.944,0.00
328.040,0.00
328.137,0.00
328.233,0.00
328.344,0.00
328.440,0.00
328.536,0.00
328.631,0.00
328.743,0.00
328.839,0.00
328.935,0.00
329.031,0.00
329.142,0.00
329.238,0.00
329.334,0.00
329.446,0.00
329.542,0.00
329.638,0.00
329.734,0.00
329.846,0.00
329.941,0.00
330.037,0.00
330.134,0.00
330.245,0.00
330.340,0.00
330.437,0.00
330.533,0.00
330.644,0.00
330.741,0.00
330.836,0.00
330.932,0.00
331.043,0.00
331.139,0.00
331.235,0.00
331.331,0.00
331.443,0.00
331.538,0.00
331.635,0.00
331.746,0.00
331.843,0.00
331.938,0.00
332.034,0.00
332.146,0.00
332.242,0.00
332.338,0.00
332.434,0.00
332.545,0.00
332.642,0.00
332.737,0.00
332.833,0.00
332.944,0.00
333.041,0.00
333.136,0.00
333.232,0.00
333.345,0.00
333.440,0.00
333.536,0.00
333.632,0.00
333.744,0.00
333.839,0.00
333.935,0.00
334.046,0.00
334.143,0.00
334.239,0.00
334.335,0.00
334.446,0.00
334.543,0.00
334.639,0.00
334.734,0.00
334.846,0.00
334.942,0.00
335.038,0.00
335.134,0.00
335.246,0.00
335.342,0.00
335.437,0.00
335.533,0.00
335.645,0.00
335.741,0.00
335.836,0.00
335.933,0.00
336.045,0.00
336.141,0.00
336.237,0.00
336.332,0.00
336.443,0.00
336.540,0.00
336.635,0.00
336.747,0.00
336.843,0.00
336.939,0.00
337.035,0.00
337.146,0.00
337.242,0.00
337.338,0.00
337.434,0.00
337.546,0.00
337.642,0.00
337.738,0.00
337.834,0.00
337.946,0.00
338.042,0.00
338.138,0.00
338.233,0.00
338.344,0.00
338.440,0.00
338.536,0.00
338.632,0.00
338.744,0.00
338.839,0.00
338.936,0.00
339.031,0.00
339.144,0.00
339.240,0.00
339.335,0.00
339.447,0.00
339.543,0.00
339.638,0.00
339.735,0.00
339.846,0.00
339.943,0.00
340.039,0.00
340.134,0.00
340.246,0.00
340.341,0.00
340.438,0.00
340.533,0.00
340.645,0.00
340.741,0.00
340.837,0.00
340.933,0.00
341.045,0.00
341.140,0.00
341.236,0.00
341.333,0.00
341.445,0.00
341.540,0.00
341.636,0.00
341.747,0.00
341.843,0.00
341.940,0.00
342.035,0.00
342.147,0.00
342.243,0.00
342.339,0.00
342.435,0.00
342.547,0.00
342.642,0.00
342.739,0.00
342.833,0.00
342.946,0.00
343.042,0.00
343.138,0.00
343.234,0.00
343.345,0.00
343.441,0.00
343.537,0.00
343.648,0.00
343.744,0.00
343.841,0.00
343.936,0.00
344.048,0.00
344.144,0.00
344.240,0.00
344.336,0.00
344.448,0.00
344.543,0.00
344.640,0.00
344.735,0.00
344.848,0.00
344.943,0.00
345.038,0.00
345.135,0.00
345.246,0.00
345.342,0.00
345.438,0.00
345.534,0.00
345.646,0.00
345.742,0.00
345.838,0.00
345.949,0.00
346.045,0.00
346.141,0.00
346.237,0.00
346.349,0.00
346.444,0.00
346.540,0.00
346.636,0.00
346.748,0.00
346.843,0.00
346.941,0.00
347.036,0.00
347.148,0.00
347.243,0.00
347.339,0.00
347.451,0.00
347.547,0.00
347.642,0.00
347.738,0.00
347.850,0.00
347.946,0.00
348.042,0.00
348.153,0.00
348.250,0.00
348.346,0.00
348.442,0.00
348.552,0.00
348.649,0.00
348.744,0.00
348.840,0.00
348.953,0.00
349.049,0.00
349.144,0.00
349.241,0.00
349.352,0.00
349.448,0.00
349.544,0.00
349.640,0.00
349.751,0.00
349.847,0.00
349.943,0.00
350.038,0.00
350.151,0.00
350.246,0.00
350.342,0.00
350.438,0.00
350.550,0.00
350.646,0.00
350.741,0.00
350.853,0.00
350.950,0.00
351.046,0.00
351.141,0.00
351.253,0.00
351.349,0.00
351.444,0.00
351.540,0.00
351.652,0.00
351.748,0.00
351.844,0.00
351.940,0.00
352.051,0.00
352.148,0.00
352.243,0.00
352.339,0.00
352.451,0.00
352.548,0.00
352.643,0.00
352.754,0.00
352.851,0.00
352.947,0.00
353.042,0.00
353.154,0.00
353.250,0.00
353.346,0.00
353.442,0.00
353.553,0.00
353.650,0.00
353.745,0.00
353.840,0.00
353.953,0.00
354.049,0.00
354.145,0.00
354.241,0.00
354.352,0.00
354.448,0.00
354.544,0.00
354.655,0.00
354.752,0.00
354.847,0.00
354.943,0.00
355.055,0.00
355.151,0.00
355.247,0.00
355.343,0.00
355.455,0.00
355.551,0.00
355.647,0.00
355.742,0.00
355.854,0.00
355.950,0.00
356.046,0.00
356.157,0.00
356.253,0.00
356.349,0.00
356.446,0.00
356.556,0.00
356.653,0.00
356.749,0.00
356.844,0.00
356.957,0.00
357.053,0.00
357.148,0.00
357.244,0.00
357.356,0.00
357.451,0.00
357.548,0.00
357.644,0.00
357.756,0.00
357.851,0.00
357.947,0.00
358.058,0.00
358.155,0.00
358.250,0.00
358.346,0.00
358.458,0.00
358.554,0.00
358.650,0.00
358.745,0.00
358.858,0.00
358.954,0.00
359.049,0.00
359.146,0.00
359.257,0.00
359.353,0.00
359.449,0.00
359.545,0.00
359.657,0.00
359.752,0.00
359.848,0.00
359.944,0.00
360.058,0.00
360.152,0.00
360.247,0.00
360.343,0.00
360.455,0.00
360.551,0.00
360.647,0.00
360.758,0.00
360.855,0.00
360.950,0.00
361.046,0.00
361.159,0.00
361.254,0.00
361.350,0.00
361.446,0.00
361.557,0.00
361.653,0.00
361.749,0.00
361.845,0.00
361.956,0.00
362.052,0.00
362.148,0.00
362.244,0.00
362.356,0.00
362.452,0.00
362.547,0.00
362.643,0.00
362.755,0.00
362.852,0.00
362.948,0.00
363.058,0.00
363.154,0.00
363.251,0.00
363.347,0.00
363.458,0.00
363.555,0.00
363.650,0.00
363.747,0.00
363.858,0.00
363.954,0.00
364.049,0.00
364.145,0.00
364.257,0.00
364.353,0.00
364.449,0.00
364.544,0.00
364.657,0.00
364.752,0.00
364.849,0.00
364.944,0.00
365.056,0.00
365.153,0.00
365.248,0.00
365.344,0.00
365.455,0.00
365.551,0.00
365.647,0.00
365.758,0.00
365.855,0.00
365.950,0.00
366.046,0.00
366.158,0.00
366.254,0.00
366.350,0.00
366.446,0.00
366.558,0.00
366.654,0.00
366.750,0.00
366.845,0.00
366.957,0.00
367.052,0.00
367.150,0.00
367.245,0.00
367.357,0.00
367.453,0.00
367.549,0.00
367.644,0.00
367.756,0.00
367.852,0.00
367.947,0.00
368.059,0.00
368.156,0.00
368.252,0.00
368.348,0.00
368.458,0.00
368.555,0.00
368.651,0.00
368.746,0.00
368.858,0.00
368.955,0.00
369.051,0.00
369.146,0.00
369.258,0.00
369.353,0.00
369.449,0.00
369.546,0.00
369.657,0.00
369.753,0.00
369.849,0.00
369.945,0.00
370.056,0.00
370.153,0.00
370.249,0.00
370.344,0.00
370.457,0.00
370.554,0.00
370.648,0.00
370.759,0.00
370.855,0.00
370.951,0.00
371.048,0.00
371.159,0.00
371.255,0.00
371.351,0.00
371.446,0.00
371.559,0.00
371.655,0.00
371.751,0.00
371.846,0.00
371.958,0.00
372.054,0.00
372.150,0.00
372.245,0.00
372.357,0.00
372.453,0.00
372.550,0.00
372.660,0.00
372.756,0.00
372.853,0.00
372.948,0.00
373.060,0.00
373.156,0.00
373.251,0.00
373.347,0.00
373.460,0.00
373.555,0.00
373.651,0.00
373.748,0.00
373.858,0.00
373.955,0.00
374.051,0.00
374.147,0.00
374.258,0.00
374.354,0.00
374.450,0.00
374.546,0.00
374.658,0.00
374.754,0.00
374.850,0.00
374.961,0.00
375.058,0.00
375.153,0.00
375.249,0.00
375.361,0.00
375.457,0.00
375.552,0.00
375.648,0.00
375.760,0.00
375.856,0.00
375.951,0.00
376.047,0.00
376.160,0.00
376.255,0.00
376.351,0.00
376.448,0.00
376.559,0.00
376.655,0.00
376.754,0.00
376.846,0.00
376.959,0.00
377.054,0.00
377.150,0.00
377.246,0.00
377.358,0.00
377.453,0.00
377.550,0.00
377.661,0.00
377.757,0.00
377.853,0.00
377.949,0.00
378.060,0.00
378.156,0.00
378.253,0.00
378.348,0.00
378.461,0.00
378.556,0.00
378.652,0.00
378.748,0.00
378.860,0.00
378.955,0.00
379.051,0.00
379.147,0.00
379.259,0.00
379.355,0.00
379.450,0.00
379.546,0.00
379.658,0.00
379.754,0.00
379.850,0.00
379.961,0.00
380.058,0.00
380.154,0.00
380.250,0.00
380.361,0.00
380.458,0.00
380.553,0.00
380.649,0.00
380.760,0.00
380.857,0.00
380.953,0.00
381.048,0.00
381.160,0.00
381.256,0.00
381.351,0.00
381.448,0.00
381.560,0.00
381.655,0.00
381.751,0.00
381.847,0.00
381.959,0.00
382.055,0.00
382.150,0.00
382.262,0.00
382.358,0.00
382.455,0.00
382.551,0.00
382.661,0.00
382.758,0.00
382.853,0.00
382.949,0.00
383.061,0.00
383.157,0.00
383.253,0.00
383.349,0.00
383.460,0.00
383.556,0.00
383.652,0.00
383.748,0.00
383.860,0.00
383.956,0.00
384.052,0.00
384.147,0.00
384.260,0.00
384.355,0.00
384.451,0.00
384.562,0.00
384.658,0.00
384.754,0.00
384.851,0.00
384.961,0.00
385.058,0.00
385.154,0.00
385.249,0.00
385.363,0.00
385.458,0.00
385.553,0.00
385.649,0.00
385.761,0.00
385.857,0.00
385.952,0.00
386.049,0.00
386.160,0.00
386.257,0.00
386.352,0.00
386.448,0.00
386.560,0.00
386.655,0.00
386.752,0.00
386.847,0.00
386.959,0.00
387.055,0.00
387.151,0.00
387.262,0.00
387.358,0.00
387.454,0.00
387.550,0.00
387.663,0.00
387.758,0.00
387.853,0.00
387.949,0.00
388.061,0.00
388.157,0.00
388.253,0.00
388.349,0.00
388.461,0.00
388.556,0.00
388.652,0.00
388.748,0.00
388.860,0.00
388.956,0.00
389.052,0.00
389.163,0.00
389.259,0.00
389.355,0.00
389.451,0.00
389.563,0.00
389.659,0.00
389.755,0.00
389.850,0.00
389.962,0.00
390.058,0.00
390.154,0.00
390.250,0.00
390.362,0.00
390.457,0.00
390.554,0.00
390.650,0.00
390.761,0.00
390.856,0.00
390.953,0.00
391.049,0.00
391.160,0.00
391.257,0.00
391.353,0.00
391.463,0.00
391.560,0.00
391.656,0.00
391.751,0.00
391.863,0.00
391.959,0.00
392.055,0.00
392.151,0.00
392.264,0.00
392.358,0.00
392.454,0.00
392.551,0.00
392.662,0.00
392.758,0.00
392.854,0.00
392.950,0.00
393.061,0.00
393.158,0.00
393.253,0.00
393.365,0.00
393.461,0.00
393.557,0.00
393.654,0.00
393.764,0.00
393.861,0.00
393.956,0.00
394.052,0.00
394.164,0.00
394.259,0.00
394.356,0.00
394.452,0.00
394.564,0.00
394.659,0.00
394.755,0.00
394.851,0.00
394.964,0.00
395.059,0.00
395.154,0.00
395.267,0.00
395.362,0.00
395.458,0.00
395.554,0.00
395.665,0.00
395.761,0.00
395.857,0.00
395.953,0.00
396.064,0.00
396.161,0.00
396.257,0.00
396.368,0.00
396.464,0.00
396.561,0.00
396.656,0.00
396.768,0.00
396.864,0.00
396.960,0.00
397.055,0.00
397.168,0.00
397.263,0.00
397.359,0.00
397.455,0.00
397.567,0.00
397.663,0.00
397.758,0.00
397.854,0.00
397.966,0.00
398.062,0.00
398.158,0.00
398.253,0.00
398.365,0.00
398.461,0.00
398.557,0.00
398.668,0.00
398.766,0.00
398.861,0.00
398.956,0.00
399.068,0.00
399.164,0.00
399.260,0.00
399.357,0.00
399.468,0.00
399.564,0.00
399.660,0.00
399.756,0.00
399.867,0.00
399.964,0.00
400.059,0.00
400.155,0.00
400.267,0.00
400.363,0.00
400.458,0.00
400.554,0.00
400.666,0.00
400.762,0.00
400.858,0.00
400.953,0.00
401.066,0.00
401.162,0.00
401.257,0.00
401.368,0.00
401.465,0.00
401.561,0.00
401.657,0.00
401.768,0.00
401.864,0.00
401.960,0.00
402.056,0.00
402.168,0.00
402.264,0.00
402.360,0.00
402.456,0.00
402.568,0.00
402.663,0.00
402.759,0.00
402.855,0.00
402.967,0.00
403.062,0.00
403.158,0.00
403.254,0.00
403.366,0.00
403.462,0.00
403.558,0.00
403.669,0.00
403.765,0.00
403.861,0.00
403.958,0.00
404.069,0.00
404.165,0.00
404.260,0.00
404.357,0.00
404.468,0.00
404.565,0.00
404.660,0.00
404.756,0.00
404.867,0.00
404.964,0.00
405.059,0.00
405.155,0.00
405.267,0.00
405.363,0.00
405.459,0.00
405.555,0.00
405.667,0.00
405.763,0.00
405.857,0.00
405.969,0.00
406.066,0.00
406.162,0.00
406.258,0.00
406.369,0.00
406.465,0.00
406.562,0.00
406.657,0.00
406.769,0.00
406.864,0.00
406.960,0.00
407.056,0.00
407.168,0.00
407.264,0.00
407.360,0.00
407.456,0.00
407.567,0.00
407.663,0.00
407.759,0.00
407.854,0.00
407.966,0.00
408.063,0.00
408.159,0.00
408.255,0.00
408.366,0.00
408.462,0.00
408.559,0.00
408.670,0.00
408.765,0.00
408.861,0.00
408.958,0.00
409.070,0.00
409.165,0.00
409.261,0.00
409.357,0.00
409.469,0.00
409.565,0.00
409.661,0.00
409.756,0.00
409.868,0.00
409.964,0.00
410.059,0.00
410.156,0.00
410.267,0.00
410.363,0.00
410.460,0.00
410.570,0.00
410.667,0.00
410.763,0.00
410.858,0.00
410.970,0.00
411.066,0.00
411.162,0.00
411.259,0.00
411.370,0.00
411.466,0.00
411.562,0.00
411.657,0.00
411.770,0.00
411.865,0.00
411.960,0.00
412.057,0.00
412.169,0.00
412.265,0.00
412.362,0.00
412.456,0.00
412.567,0.00
412.663,0.00
412.760,0.00
412.871,0.00
412.967,0.00
413.063,0.00
413.159,0.00
413.270,0.00
413.367,0.00
413.463,0.00
413.559,0.00
413.670,0.00
413.766,0.00
413.862,0.00
413.958,0.00
414.070,0.00
414.165,0.00
414.261,0.00
414.358,0.00
414.468,0.00
414.566,0.00
414.660,0.00
414.756,0.00
414.869,0.00
414.964,0.00
415.060,0.00
415.171,0.00
415.267,0.00
415.364,0.00
415.460,0.00
415.571,0.00
415.668,0.00
415.762,0.00
415.859,0.00
415.971,0.00
416.067,0.00
416.163,0.00
416.259,0.00
416.370,0.00
416.466,0.00
416.562,0.00
416.658,0.00
416.769,0.00
416.865,0.00
416.962,0.00
417.057,0.00
417.169,0.00
417.265,0.00
417.361,0.00
417.457,0.00
417.569,0.00
417.664,0.00
417.760,0.00
417.871,0.00
417.968,0.00
418.063,0.00
418.159,0.00
418.272,0.00
418.367,0.00
418.463,0.00
418.559,0.00
418.671,0.00
418.766,0.00
418.862,0.00
418.958,0.00
419.070,0.00
419.165,0.00
419.262,0.00
419.357,0.00
419.469,0.00
419.566,0.00
419.661,0.00
419.757,0.00
419.869,0.00
419.965,0.00
420.061,0.00
420.172,0.00
420.268,0.00
420.365,0.00
420.460,0.00
420.571,0.00
420.667,0.00
420.764,0.00
420.859,0.00
420.972,0.00
421.067,0.00
421.163,0.00
421.258,0.00
421.370,0.00
421.467,0.00
421.563,0.00
421.658,0.00
421.769,0.00
421.866,0.00
421.963,0.00
422.057,0.00
422.170,0.00
422.266,0.00
422.361,0.00
422.457,0.00
422.570,0.00
422.665,0.00
422.760,0.00
422.872,0.00
422.968,0.00
423.065,0.00
423.160,0.00
423.271,0.00
423.368,0.00
423.464,0.00
423.559,0.00
423.671,0.00
423.767,0.00
423.863,0.00
423.959,0.00
424.071,0.00
424.166,0.00
424.262,0.00
424.359,0.00
424.470,0.00
424.566,0.00
424.662,0.00
424.773,0.00
424.870,0.00
424.965,0.00
425.061,0.00
425.173,0.00
425.269,0.00
425.365,0.00
425.461,0.00
425.573,0.00
425.668,0.00
425.764,0.00
425.861,0.00
425.972,0.00
426.067,0.00
426.164,0.00
426.260,0.00
426.371,0.00
426.467,0.00
426.563,0.00
426.659,0.00
426.771,0.00
426.868,0.00
426.962,0.00
427.073,0.00
427.171,0.00
427.266,0.00
427.361,0.00
427.473,0.00
427.569,0.00
427.666,0.00
427.761,0.00
427.873,0.00
427.969,0.00
428.065,0.00
428.160,0.00
428.272,0.00
428.368,0.00
428.464,0.00
428.559,0.00
428.671,0.00
428.768,0.00
428.863,0.00
428.959,0.00
429.072,0.00
429.166,0.00
429.262,0.00
429.374,0.00
429.470,0.00
429.567,0.00
429.662,0.00
429.773,0.00
429.870,0.00
429.966,0.00
430.062,0.00
430.173,0.00
430.269,0.00
430.365,0.00
430.460,0.00
430.573,0.00
430.669,0.00
430.765,0.00
430.860,0.00
430.972,0.00
431.069,0.00
431.164,0.00
431.260,0.00
431.371,0.00
431.468,0.00
431.563,0.00
431.675,0.00
431.771,0.00
431.866,0.00
431.963,0.00
432.074,0.00
432.170,0.00
432.266,0.00
432.362,0.00
432.474,0.00
432.569,0.00
432.665,0.00
432.762,0.00
432.873,0.00
432.969,0.00
433.065,0.00
433.161,0.00
433.272,0.00
433.368,0.00
433.465,0.00
433.560,0.00
433.673,0.00
433.768,0.00
433.865,0.00
433.975,0.00
434.071,0.00
434.167,0.00
434.263,0.00
434.375,0.00
434.471,0.00
434.567,0.00
434.663,0.00
434.775,0.00
434.870,0.00
434.966,0.00
435.062,0.00
435.174,0.00
435.270,0.00
435.365,0.00
435.461,0.00
435.573,0.00
435.669,0.00
435.766,0.00
435.860,0.00
435.973,0.00
436.069,0.00
436.165,0.00
436.276,0.00
436.372,0.00
436.468,0.00
436.564,0.00
436.675,0.00
436.771,0.00
436.867,0.00
436.963,0.00
437.075,0.00
437.171,0.00
437.266,0.00
437.363,0.00
437.474,0.00
437.570,0.00
437.667,0.00
437.762,0.00
437.873,0.00
437.970,0.00
438.066,0.00
438.176,0.00
438.272,0.00
438.369,0.00
438.465,0.00
438.576,0.00
438.673,0.00
438.768,0.00
438.864,0.00
438.976,0.00
439.072,0.00
439.168,0.00
439.263,0.00
439.376,0.00
439.472,0.00
439.568,0.00
439.663,0.00
439.774,0.00
439.871,0.00
439.966,0.00
440.062,0.00
440.175,0.00
440.270,0.00
440.366,0.00
440.477,0.00
440.573,0.00
440.670,0.00
440.765,0.00
440.877,0.00
440.972,0.00
441.069,0.00
441.164,0.00
441.276,0.00
441.373,0.00
441.469,0.00
441.564,0.00
441.677,0.00
441.772,0.00
441.868,0.00
441.963,0.00
442.075,0.00
442.172,0.00
442.267,0.00
442.378,0.00
442.475,0.00
442.571,0.00
442.666,0.00
442.778,0.00
442.874,0.00
442.970,0.00
443.066,0.00
443.178,0.00
443.273,0.00
443.369,0.00
443.465,0.00
443.578,0.00
443.673,0.00
443.769,0.00
443.864,0.00
443.977,0.00
444.073,0.00
444.168,0.00
444.264,0.00
444.376,0.00
444.472,0.00
444.568,0.00
444.664,0.00
444.775,0.00
444.871,0.00
444.967,0.00
445.078,0.00
445.175,0.00
445.270,0.00
445.366,0.00
445.478,0.00
445.574,0.00
445.670,0.00
445.765,0.00
445.878,0.00
445.973,0.00
446.071,0.00
446.166,0.00
446.277,0.00
446.373,0.00
446.469,0.00
446.565,0.00
446.677,0.00
446.772,0.00
446.869,0.00
446.964,0.00
447.075,0.00
447.172,0.00
447.267,0.00
447.379,0.00
447.475,0.00
447.571,0.00
447.666,0.00
447.780,0.00
447.874,0.00
447.970,0.00
448.066,0.00
448.178,0.00
448.274,0.00
448.370,0.00
448.466,0.00
448.577,0.00
448.673,0.00
448.770,0.00
448.865,0.00
448.977,0.00
449.073,0.00
449.169,0.00
449.265,0.00
449.376,0.00
449.472,0.00
449.568,0.00
449.664,0.00
449.776,0.00
449.872,0.00
449.967,0.00
450.079,0.00
450.174,0.00
450.271,0.00
450.367,0.00
450.479,0.00
450.574,0.00
450.670,0.00
450.766,0.00
450.878,0.00
450.974,0.00
451.070,0.00
451.166,0.00
451.278,0.00
451.373,0.00
451.470,0.00
451.565,0.00
451.677,0.00
451.773,0.00
451.869,0.00
451.965,0.00
452.077,0.00
452.172,0.00
452.268,0.00
452.379,0.00
452.475,0.00
452.571,0.00
452.667,0.00
452.779,0.00
452.875,0.00
452.971,0.00
453.067,0.00
453.179,0.00
453.275,0.00
453.370,0.00
453.466,0.00
453.578,0.00
453.674,0.00
453.770,0.00
453.866,0.00
453.978,0.00
454.073,0.00
454.170,0.00
454.281,0.00
454.377,0.00
454.473,0.00
454.569,0.00
454.680,0.00
454.776,0.00
454.872,0.00
454.968,0.00
455.080,0.00
455.175,0.00
455.272,0.00
455.369,0.00
455.479,0.00
455.575,0.00
455.671,0.00
455.766,0.00
455.878,0.00
455.974,0.00
456.071,0.00
456.166,0.00
456.278,0.00
456.374,0.00
456.471,0.00
456.566,0.00
456.678,0.00
456.774,0.00
456.870,0.00
456.981,0.00
457.077,0.00
457.173,0.00
457.268,0.00
457.381,0.00
457.476,0.00
457.572,0.00
457.668,0.00
457.780,0.00
457.876,0.00
457.972,0.00
458.067,0.00
458.179,0.00
458.275,0.00
458.371,0.00
458.467,0.00
458.579,0.00
458.675,0.00
458.770,0.00
458.882,0.00
458.978,0.00
459.074,0.00
459.170,0.00
459.281,0.00
459.377,0.00
459.474,0.00
459.569,0.00
459.680,0.00
459.776,0.00
459.873,0.00
459.969,0.00
460.081,0.00
460.176,0.00
460.272,0.00
460.368,0.00
460.479,0.00
460.576,0.00
460.672,0.00
460.767,0.00
460.880,0.00
460.976,0.00
461.070,0.00
461.167,0.00
461.279,0.00
461.374,0.00
461.470,0.00
461.566,0.00
461.678,0.00
461.774,0.00
461.870,0.00
461.981,0.00
462.078,0.00
462.174,0.00
462.269,0.00
462.381,0.00
462.477,0.00
462.572,0.00
462.669,0.00
462.780,0.00
462.877,0.00
462.971,0.00
463.067,0.00
463.180,0.00
463.275,0.00
463.372,0.00
463.467,0.00
463.579,0.00
463.674,0.00
463.770,0.00
463.866,0.00
463.978,0.00
464.075,0.00
464.170,0.00
464.281,0.00
464.377,0.00
464.473,0.00
464.570,0.00
464.681,0.00
464.776,0.00
464.873,0.00
464.968,0.00
465.081,0.00
465.176,0.00
465.272,0.00
465.368,0.00
465.481,0.00
465.576,0.00
465.672,0.00
465.768,0.00
465.880,0.00
465.975,0.00
466.071,0.00
466.167,0.00
466.278,0.00
466.374,0.00
466.471,0.00
466.582,0.00
466.678,0.00
466.774,0.00
466.869,0.00
466.982,0.00
467.078,0.00
467.173,0.00
467.269,0.00
467.380,0.00
467.477,0.00
467.573,0.00
467.684,0.00
467.781,0.00
467.877,0.00
467.973,0.00
468.083,0.00
468.181,0.00
468.275,0.00
468.372,0.00
468.483,0.00
468.579,0.00
468.675,0.00
468.770,0.00
468.883,0.00
468.978,0.00
469.074,0.00
469.170,0.00
469.282,0.00
469.379,0.00
469.474,0.00
469.585,0.00
469.681,0.00
469.777,0.00
469.873,0.00
469.985,0.00
470.080,0.00
470.177,0.00
470.273,0.00
470.384,0.00
470.480,0.00
470.576,0.00
470.672,0.00
470.784,0.00
470.880,0.00
470.975,0.00
471.071,0.00
471.183,0.00
471.279,0.00
471.375,0.00
471.471,0.00
471.582,0.00
471.679,0.00
471.774,0.00
471.870,0.00
471.982,0.00
472.078,0.00
472.174,0.00
472.285,0.00
472.382,0.00
472.478,0.00
472.573,0.00
472.685,0.00
472.781,0.00
472.876,0.00
472.973,0.00
473.084,0.00
473.180,0.00
473.275,0.00
473.372,0.00
473.483,0.00
473.579,0.00
473.676,0.00
473.771,0.00
473.883,0.00
473.979,0.00
474.075,0.00
474.171,0.00
474.282,0.00
474.379,0.00
474.475,0.00
474.585,0.00
474.682,0.00
474.778,0.00
474.874,0.00
474.985,0.00
475.082,0.00
475.178,0.00
475.273,0.00
475.384,0.00
475.481,0.00
475.577,0.00
475.673,0.00
475.784,0.00
475.880,0.00
475.976,0.00
476.072,0.00
476.184,0.00
476.279,0.00
476.376,0.00
476.472,0.00
476.583,0.00
476.679,0.00
476.774,0.00
476.871,0.00
476.983,0.00
477.078,0.00
477.175,0.00
477.285,0.00
477.382,0.00
477.477,0.00
477.574,0.00
477.686,0.00
477.782,0.00
477.878,0.00
477.973,0.00
478.085,0.00
478.180,0.00
478.276,0.00
478.373,0.00
478.484,0.00
478.580,0.00
478.676,0.00
478.772,0.00
478.884,0.00
478.980,0.00
479.075,0.00
479.172,0.00
479.284,0.00
479.378,0.00
479.475,0.00
479.586,0.00
479.683,0.00
479.779,0.00
479.875,0.00
479.986,0.00
480.082,0.00
480.177,0.00
480.274,0.00
480.385,0.00
480.482,0.00
480.577,0.00
480.673,0.00
480.785,0.00
480.880,0.00
480.977,0.00
481.072,0.00
481.184,0.00
481.281,0.00
481.376,0.00
481.471,0.00
481.584,0.00
481.679,0.00
481.776,0.00
481.886,0.00
481.982,0.00
482.079,0.00
482.175,0.00
482.286,0.00
482.383,0.00
482.478,0.00
482.574,0.00
482.686,0.00
482.781,0.00
482.878,0.00
482.973,0.00
483.085,0.00
483.182,0.00
483.277,0.00
483.373,0.00
483.485,0.00
483.581,0.00
483.676,0.00
483.773,0.00
483.884,0.00
483.980,0.00
484.075,0.00
484.171,0.00
484.284,0.00
484.379,0.00
484.475,0.00
484.586,0.00
484.683,0.00
484.778,0.00
484.874,0.00
484.987,0.00
485.082,0.00
485.178,0.00
485.289,0.00
485.386,0.00
485.482,0.00
485.578,0.00
485.689,0.00
485.785,0.00
485.881,0.00
485.976,0.00
486.090,0.00
486.184,0.00
486.281,0.00
486.376,0.00
486.488,0.00
486.584,0.00
486.679,0.00
486.777,0.00
486.887,0.00
486.983,0.00
487.080,0.00
487.175,0.00
487.287,0.00
487.383,0.00
487.478,0.00
487.590,0.00
487.686,0.00
487.782,0.00
487.879,0.00
487.989,0.00
488.086,0.00
488.182,0.00
488.278,0.00
488.389,0.00
488.485,0.00
488.581,0.00
488.677,0.00
488.789,0.00
488.884,0.00
488.980,0.00
489.077,0.00
489.188,0.00
489.286,0.00
489.380,0.00
489.475,0.00
489.587,0.00
489.683,0.00
489.779,0.00
489.890,0.00
489.987,0.00
490.082,0.00
490.178,0.00
490.290,0.00
490.386,0.00
490.482,0.00
490.578,0.00
490.690,0.00
490.785,0.00
490.882,0.00
490.977,0.00
491.089,0.00
491.186,0.00
491.281,0.00
491.377,0.00
491.489,0.00
491.585,0.00
491.681,0.00
491.776,0.00
491.888,0.00
491.984,0.00
492.080,0.00
492.176,0.00
492.287,0.00
492.383,0.00
492.479,0.00
492.590,0.00
492.687,0.00
492.783,0.00
492.878,0.00
492.990,0.00
493.086,0.00
493.182,0.00
493.278,0.00
493.390,0.00
493.485,0.00
493.582,0.00
493.676,0.00
493.789,0.00
493.884,0.00
493.981,0.00
494.092,0.00
494.188,0.00
494.284,0.00
494.381,0.00
494.491,0.00
494.588,0.00
494.683,0.00
494.779,0.00
494.892,0.00
494.987,0.00
495.083,0.00
495.178,0.00
495.291,0.00
495.387,0.00
495.482,0.00
495.579,0.00
495.690,0.00
495.786,0.00
495.882,0.00
495.978,0.00
496.089,0.00
496.185,0.00
496.281,0.00
496.392,0.00
496.489,0.00
496.584,0.00
496.680,0.00
496.792,0.00
496.888,0.00
496.983,0.00
497.080,0.00
497.192,0.00
497.287,0.00
497.383,0.00
497.479,0.00
497.591,0.00
497.687,0.00
497.783,0.00
497.879,0.00
497.990,0.00
498.086,0.00
498.182,0.00
498.278,0.00
498.390,0.00
498.485,0.00
498.582,0.00
498.677,0.00
498.789,0.00
498.884,0.00
498.981,0.00
499.092,0.00
499.188,0.00
499.284,0.00
499.379,0.00
499.492,0.00
499.587,0.00
499.683,0.00
499.780,0.00
499.891,0.00
499.987,0.00
500.083,0.00
500.179,0.00
500.290,0.00
500.387,0.00
500.482,0.00
500.578,0.00
500.690,0.00
500.786,0.00
500.881,0.00
500.978,0.00
501.089,0.00
501.185,0.00
501.281,0.00
501.392,0.00
501.489,0.00
501.585,0.00
501.680,0.00
501.792,0.00
501.889,0.00
501.985,0.00
502.080,0.00
502.192,0.00
502.288,0.00
502.383,0.00
502.479,0.00
502.591,0.00
502.688,0.00
502.783,0.00
502.894,0.00
502.991,0.00
503.087,0.00
503.182,0.00
503.295,0.00
503.390,0.00
503.486,0.00
503.582,0.00
503.693,0.00
503.790,0.00
503.885,0.00
503.981,0.00
504.093,0.00
504.189,0.00
504.285,0.00
504.381,0.00
504.494,0.00
504.589,0.00
504.685,0.00
504.780,0.00
504.892,0.00
504.988,0.00
505.084,0.00
505.196,0.00
505.291,0.00
505.387,0.00
505.483,0.00
505.594,0.00
505.691,0.00
505.787,0.00
505.882,0.00
505.994,0.00
506.089,0.00
506.185,0.00
506.281,0.00
506.393,0.00
506.489,0.00
506.586,0.00
506.696,0.00
506.794,0.00
506.889,0.00
506.984,0.00
507.096,0.00
507.192,0.00
507.288,0.00
507.384,0.00
507.495,0.00
507.591,0.00
507.687,0.00
507.783,0.00
507.895,0.00
507.991,0.00
508.086,0.00
508.183,0.00
508.294,0.00
508.390,0.00
508.486,0.00
508.582,0.00
508.693,0.00
508.789,0.00
508.885,0.00
508.996,0.00
509.093,0.00
509.190,0.00
509.285,0.00
509.396,0.00
509.493,0.00
509.588,0.00
509.684,0.00
509.796,0.00
509.892,0.00
509.988,0.00
510.083,0.00
510.196,0.00
510.291,0.00
510.388,0.00
510.483,0.00
510.594,0.00
510.690,0.00
510.786,0.00
510.897,0.00
510.994,0.00
511.090,0.00
511.186,0.00
511.297,0.00
511.393,0.00
511.490,0.00
511.585,0.00
511.697,0.00
511.793,0.00
511.889,0.00
511.984,0.00
512.096,0.00
512.192,0.00
512.288,0.00
512.384,0.00
512.496,0.00
512.591,0.00
512.688,0.00
512.784,0.00
512.895,0.00
512.991,0.00
513.087,0.00
513.182,0.00
513.295,0.00
513.391,0.00
513.487,0.00
513.598,0.00
513.693,0.00
513.790,0.00
513.886,0.00
513.998,0.00
514.094,0.00
514.189,0.00
514.285,0.00
514.397,0.00
514.492,0.00
514.589,0.00
514.684,0.00
514.796,0.00
514.892,0.00
514.988,0.00
515.099,0.00
515.196,0.00
515.291,0.00
515.388,0.00
515.499,0.00
515.595,0.00
515.691,0.00
515.787,0.00
515.898,0.00
515.994,0.00
516.091,0.00
516.186,0.00
516.298,0.00
516.393,0.00
516.490,0.00
516.585,0.00
516.698,0.00
516.794,0.00
516.889,0.00
516.985,0.00
517.097,0.00
517.193,0.00
517.289,0.00
517.384,0.00
517.497,0.00
517.592,0.00
517.688,0.00
517.799,0.00
517.896,0.00
517.991,0.00
518.087,0.00
518.199,0.00
518.295,0.00
518.391,0.00
518.486,0.00
518.598,0.00
518.695,0.00
518.791,0.00
518.886,0.00
518.998,0.00
519.094,0.00
519.190,0.00
519.285,0.00
519.397,0.00
519.493,0.00
519.589,0.00
519.700,0.00
519.796,0.00
519.893,0.00
519.988,0.00
520.101,0.00
520.196,0.00
520.292,0.00
520.387,0.00
520.499,0.00
520.596,0.00
520.691,0.00
520.787,0.00
520.898,0.00
520.995,0.00
521.091,0.00
521.186,0.00
521.298,0.00
521.394,0.00
521.490,0.00
521.586,0.00
521.697,0.00
521.794,0.00
521.890,0.00
522.000,0.00
522.097,0.00
522.193,0.00
522.289,0.00
522.400,0.00
522.496,0.00
522.592,0.00
522.688,0.00
522.800,0.00
522.896,0.00
522.992,0.00
523.087,0.00
523.199,0.00
523.296,0.00
523.391,0.00
523.487,0.00
523.599,0.00
523.694,0.00
523.790,0.00
523.902,0.00
523.998,0.00
524.095,0.00
524.190,0.00
524.302,0.00
524.398,0.00
524.493,0.00
524.589,0.00
524.701,0.00
524.797,0.00
524.893,0.00
524.989,0.00
525.100,0.00
525.197,0.00
525.292,0.00
525.388,0.00
525.500,0.00
525.596,0.00
525.691,0.00
525.803,0.00
525.900,0.00
525.996,0.00
526.091,0.00
526.203,0.00
526.298,0.00
526.394,0.00
526.490,0.00
526.602,0.00
526.698,0.00
526.794,0.00
526.890,0.00
527.001,0.00
527.097,0.00
527.193,0.00
527.289,0.00
527.401,0.00
527.497,0.00
527.593,0.00
527.689,0.00
527.800,0.00
527.896,0.00
527.992,0.00
528.103,0.00
528.200,0.00
528.295,0.00
528.391,0.00
528.503,0.00
528.599,0.00
528.695,0.00
528.791,0.00
528.903,0.00
528.998,0.00
529.095,0.00
529.190,0.00
529.302,0.00
529.398,0.00
529.494,0.00
529.590,0.00
529.703,0.00
529.797,0.00
529.894,0.00
529.989,0.00
530.101,0.00
530.197,0.00
530.293,0.00
530.404,0.00
530.501,0.00
530.596,0.00
530.692,0.00
530.803,0.00
530.900,0.00
530.995,0.00
531.092,0.00
531.203,0.00
531.300,0.00
531.395,0.00
531.491,0.00
531.602,0.00
531.698,0.00
531.794,0.00
531.890,0.00
532.002,0.00
532.098,0.00
532.194,0.00
532.289,0.00
532.402,0.00
532.497,0.00
532.593,0.00
532.689,0.00
532.800,0.00
532.897,0.00
532.992,0.00
533.104,0.00
533.200,0.00
533.296,0.00
533.392,0.00
533.504,0.00
533.599,0.00
533.695,0.00
533.792,0.00
533.902,0.00
533.999,0.00
534.094,0.00
534.191,0.00
534.303,0.00
534.398,0.00
534.494,0.00
534.590,0.00
534.702,0.00
534.798,0.00
534.893,0.00
534.990,0.00
535.101,0.00
535.197,0.00
535.293,0.00
535.404,0.00
535.501,0.00
535.596,0.00
535.692,0.00
535.803,0.00
535.900,0.00
535.995,0.00
536.091,0.00
536.204,0.00
536.299,0.00
536.395,0.00
536.491,0.00
536.604,0.00
536.699,0.00
536.794,0.00
536.890,0.00
537.003,0.00
537.098,0.00
537.195,0.00
537.305,0.00
537.402,0.00
537.498,0.00
537.593,0.00
537.706,0.00
537.801,0.00
537.897,0.00
537.993,0.00
538.105,0.00
538.200,0.00
538.296,0.00
538.393,0.00
538.505,0.00
538.601,0.00
538.696,0.00
538.792,0.00
538.903,0.00
539.000,0.00
539.095,0.00
539.206,0.00
539.303,0.00
539.399,0.00
539.494,0.00
539.607,0.00
539.702,0.00
539.798,0.00
539.894,0.00
540.006,0.00
540.102,0.00
540.198,0.00
540.293,0.00
540.405,0.00
540.501,0.00
540.597,0.00
540.693,0.00
540.804,0.00
540.901,0.00
540.997,0.00
541.092,0.00
541.204,0.00
541.300,0.00
541.396,0.00
541.507,0.00
541.603,0.00
541.700,0.00
541.796,0.00
541.906,0.00
542.003,0.00
542.098,0.00
542.194,0.00
542.306,0.00
542.402,0.00
542.498,0.00
542.595,0.00
542.706,0.00
542.802,0.00
542.897,0.00
542.993,0.00
543.105,0.00
543.201,0.00
543.297,0.00
543.408,0.00
543.504,0.00
543.600,0.00
543.696,0.00
543.808,0.00
543.904,0.00
544.000,0.00
544.095,0.00
544.207,0.00
544.303,0.00
544.398,0.00
544.495,0.00
544.607,0.00
544.702,0.00
544.798,0.00
544.895,0.00
545.006,0.00
545.102,0.00
545.198,0.00
545.293,0.00
545.406,0.00
545.501,0.00
545.597,0.00
545.708,0.00
545.804,0.00
545.901,0.00
545.996,0.00
546.108,0.00
546.204,0.00
546.300,0.00
546.396,0.00
546.508,0.00
546.603,0.00
546.700,0.00
546.796,0.00
546.907,0.00
547.003,0.00
547.099,0.00
547.195,0.00
547.306,0.00
547.402,0.00
547.498,0.00
547.594,0.00
547.705,0.00
547.802,0.00
547.898,0.00
547.993,0.00
548.105,0.00
548.201,0.00
548.297,0.00
548.408,0.00
548.504,0.00
548.601,0.00
548.696,0.00
548.809,0.00
548.904,0.00
549.000,0.00
549.095,0.00
549.207,0.00
549.304,0.00
549.400,0.00
549.495,0.00
549.607,0.00
549.703,0.00
549.799,0.00
549.895,0.00
550.006,0.00
550.102,0.00
550.199,0.00
550.294,0.00
550.406,0.00
550.502,0.00
550.598,0.00
550.709,0.00
550.805,0.00
550.901,0.00
550.997,0.00
551.109,0.00
551.204,0.00
551.300,0.00
551.396,0.00
551.508,0.00
551.604,0.00
551.700,0.00
551.797,0.00
551.907,0.00
552.004,0.00
552.099,0.00
552.194,0.00
552.307,0.00
552.403,0.00
552.499,0.00
552.595,0.00
552.706,0.00
552.802,0.00
552.898,0.00
553.009,0.00
553.106,0.00
553.202,0.00
553.297,0.00
553.409,0.00
553.504,0.00
553.601,0.00
553.696,0.00
553.809,0.00
553.904,0.00
554.000,0.00
554.096,0.00
554.208,0.00
554.304,0.00
554.399,0.00
554.511,0.00
554.608,0.00
554.703,0.00
554.799,0.00
554.911,0.00
555.007,0.00
555.103,0.00
555.198,0.00
555.310,0.00
555.406,0.00
555.502,0.00
555.598,0.00
555.710,0.00
555.806,0.00
555.901,0.00
555.998,0.00
556.109,0.00
556.205,0.00
556.300,0.00
556.412,0.00
556.509,0.00
556.604,0.00
556.700,0.00
556.812,0.00
556.908,0.00
557.004,0.00
557.099,0.00
557.212,0.00
557.308,0.00
557.403,0.00
557.499,0.00
557.610,0.00
557.706,0.00
557.803,0.00
557.898,0.00
558.010,0.00
558.106,0.00
558.202,0.00
558.313,0.00
558.410,0.00
558.506,0.00
558.601,0.00
558.713,0.00
558.809,0.00
558.905,0.00
559.001,0.00
559.113,0.00
559.208,0.00
559.304,0.00
559.415,0.00
559.512,0.00
559.608,0.00
559.704,0.00
559.815,0.00
559.911,0.00
560.007,0.00
560.103,0.00
560.214,0.00
560.311,0.00
560.407,0.00
560.502,0.00
560.615,0.00
560.710,0.00
560.806,0.00
560.902,0.00
561.013,0.00
561.110,0.00
561.205,0.00
561.301,0.00
561.413,0.00
561.508,0.00
561.605,0.00
561.716,0.00
561.812,0.00
561.908,0.00
562.005,0.00
562.115,0.00
562.213,0.00
562.308,0.00
562.403,0.00
562.515,0.00
562.611,0.00
562.707,0.00
562.803,0.00
562.915,0.00
563.011,0.00
563.106,0.00
563.202,0.00
563.315,0.00
563.410,0.00
563.506,0.00
563.602,0.00
563.713,0.00
563.809,0.00
563.905,0.00
564.016,0.00
564.113,0.00
564.209,0.00
564.305,0.00
564.416,0.00
564.512,0.00
564.609,0.00
564.704,0.00
564.816,0.00
564.912,0.00
565.007,0.00
565.103,0.00
565.216,0.00
565.311,0.00
565.407,0.00
565.503,0.00
565.614,0.00
565.711,0.00
565.806,0.00
565.902,0.00
566.014,0.00
566.109,0.00
566.206,0.00
566.301,0.00
566.413,0.00
566.509,0.00
566.605,0.00
566.716,0.00
566.813,0.00
566.909,0.00
567.004,0.00
567.116,0.00
567.212,0.00
567.307,0.00
567.404,0.00
567.516,0.00
567.612,0.00
567.707,0.00
567.803,0.00
567.915,0.00
568.011,0.00
568.107,0.00
568.203,0.00
568.314,0.00
568.411,0.00
568.506,0.00
568.602,0.00
568.714,0.00
568.809,0.00
568.905,0.00
569.017,0.00
569.113,0.00
569.209,0.00
569.305,0.00
569.416,0.00
569.512,0.00
569.609,0.00
569.704,0.00
569.817,0.00
569.912,0.00
570.008,0.00
570.104,0.00
570.215,0.00
570.312,0.00
570.407,0.00
570.503,0.00
570.615,0.00
570.710,0.00
570.807,0.00
570.903,0.00
571.014,0.00
571.110,0.00
571.206,0.00
571.317,0.00
571.416,0.00
571.510,0.00
571.608,0.00
571.717,0.00
571.813,0.00
571.909,0.00
572.005,0.00
572.116,0.00
572.213,0.00
572.309,0.00
572.404,0.00
572.516,0.00
572.611,0.00
572.708,0.00
572.804,0.00
572.916,0.00
573.012,0.00
573.107,0.00
573.203,0.00
573.315,0.00
573.411,0.00
573.507,0.00
573.602,0.00
573.714,0.00
573.810,0.00
573.906,0.00
574.017,0.00
574.113,0.00
574.210,0.00
574.305,0.00
574.417,0.00
574.513,0.00
574.609,0.00
574.704,0.00
574.816,0.00
574.912,0.00
575.008,0.00
575.104,0.00
575.216,0.00
575.313,0.00
575.408,0.00
575.503,0.00
575.615,0.00
575.711,0.00
575.807,0.00
575.918,0.00
576.015,0.00
576.111,0.00
576.206,0.00
576.318,0.00
576.414,0.00
576.510,0.00
576.606,0.00
576.718,0.00
576.813,0.00
576.909,0.00
577.005,0.00
577.117,0.00
577.213,0.00
577.309,0.00
577.405,0.00
577.516,0.00
577.612,0.00
577.709,0.00
577.803,0.00
577.915,0.00
578.012,0.00
578.107,0.00
578.219,0.00
578.316,0.00
578.411,0.00
578.507,0.00
578.618,0.00
578.715,0.00
578.810,0.00
578.906,0.00
579.018,0.00
579.114,0.00
579.209,0.00
579.306,0.00
579.417,0.00
579.514,0.00
579.609,0.00
579.704,0.00
579.817,0.00
579.913,0.00
580.008,0.00
580.105,0.00
580.217,0.00
580.312,0.00
580.407,0.00
580.519,0.00
580.616,0.00
580.712,0.00
580.808,0.00
580.919,0.00
581.015,0.00
581.111,0.00
581.207,0.00
581.318,0.00
581.414,0.00
581.511,0.00
581.606,0.00
581.718,0.00
581.815,0.00
581.910,0.00
582.006,0.00
582.117,0.00
582.213,0.00
582.310,0.00
582.405,0.00
582.517,0.00
582.613,0.00
582.708,0.00
582.805,0.00
582.916,0.00
583.012,0.00
583.108,0.00
583.219,0.00
583.315,0.00
583.412,0.00
583.507,0.00
583.619,0.00
583.716,0.00
583.811,0.00
583.907,0.00
584.019,0.00
584.115,0.00
584.211,0.00
584.306,0.00
584.418,0.00
584.514,0.00
584.609,0.00
584.706,0.00
584.817,0.00
584.914,0.00
585.009,0.00
585.105,0.00
585.218,0.00
585.313,0.00
585.408,0.00
585.505,0.00
585.616,0.00
585.712,0.00
585.808,0.00
585.919,0.00
586.016,0.00
586.112,0.00
586.207,0.00
586.320,0.00
586.415,0.00
586.511,0.00
586.607,0.00
586.718,0.00
586.815,0.00
586.911,0.00
587.006,0.00
587.118,0.00
587.214,0.00
587.310,0.00
587.421,0.00
587.518,0.00
587.613,0.00
587.709,0.00
587.820,0.00
587.917,0.00
588.012,0.00
588.108,0.00
588.220,0.00
588.316,0.00
588.412,0.00
588.508,0.00
588.620,0.00
588.715,0.00
588.812,0.00
588.908,0.00
589.019,0.00
589.115,0.00
589.211,0.00
589.307,0.00
589.419,0.00
589.515,0.00
589.610,0.00
589.707,0.00
589.818,0.00
589.914,0.00
590.010,0.00
590.121,0.00
590.218,0.00
590.313,0.00
590.409,0.00
590.520,0.00
590.618,0.00
590.712,0.00
590.809,0.00
590.921,0.00
591.016,0.00
591.112,0.00
591.208,0.00
591.320,0.00
591.416,0.00
591.512,0.00
591.607,0.00
591.719,0.00
591.815,0.00
591.912,0.00
592.006,0.00
592.119,0.00
592.216,0.00
592.310,0.00
592.406,0.00
592.518,0.00
592.614,0.00
592.710,0.00
592.821,0.00
592.918,0.00
593.013,0.00
593.109,0.00
593.221,0.00
593.317,0.00
593.413,0.00
593.508,0.00
593.620,0.00
593.716,0.00
593.812,0.00
593.908,0.00
594.020,0.00
594.116,0.00
594.212,0.00
594.307,0.00
594.419,0.00
594.515,0.00
594.611,0.00
594.706,0.00
594.818,0.00
594.914,0.00
595.010,0.00
595.121,0.00
595.218,0.00
595.313,0.00
595.410,0.00
595.521,0.00
595.617,0.00
595.712,0.00
595.810,0.00
595.921,0.00
596.016,0.00
596.113,0.00
596.208,0.00
596.320,0.00
596.416,0.00
596.511,0.00
596.608,0.00
596.720,0.00
596.815,0.00
596.911,0.00
597.007,0.00
597.119,0.00
597.215,0.00
597.310,0.00
597.422,0.00
597.518,0.00
597.614,0.00
597.710,0.00
597.821,0.00
597.917,0.00
598.014,0.00
598.109,0.00
598.221,0.00
598.317,0.00
598.413,0.00
598.509,0.00
598.621,0.00
598.717,0.00
598.812,0.00
598.907,0.00
599.020,0.00
599.116,0.00
599.212,0.00
599.323,0.00
599.420,0.00
599.515,0.00
599.611,0.00
599.723,0.00
599.819,0.00
599.915,0.00
600.011,0.00
600.122,0.00
600.218,0.00
600.314,0.00
600.410,0.00
600.522,0.00
600.618,0.00
600.714,0.00
600.810,0.00
600.920,0.00
601.018,0.00
601.113,0.00
601.208,0.00
601.321,0.00
601.417,0.00
601.512,0.00
601.623,0.00
601.720,0.00
601.816,0.00
601.911,0.00
602.023,0.00
602.119,0.00
602.215,0.00
602.311,0.00
602.423,0.00
602.519,0.00
602.614,0.00
602.710,0.00
602.822,0.00
602.919,0.00
603.014,0.00
603.110,0.00
603.222,0.00
603.317,0.00
603.414,0.00
603.525,0.00
603.621,0.00
603.717,0.00
603.813,0.00
603.924,0.00
604.020,0.00
604.118,0.00
604.212,0.00
604.324,0.00
604.420,0.00
604.515,0.00
604.612,0.00
604.723,0.00
604.819,0.00
604.915,0.00
605.026,0.00
605.123,0.00
605.219,0.00
605.314,0.00
605.426,0.00
605.522,0.00
605.618,0.00
605.714,0.00
605.826,0.00
605.922,0.00
606.018,0.00
606.113,0.00
606.226,0.00
606.321,0.00
606.417,0.00
606.513,0.00
606.624,0.00
606.721,0.00
606.816,0.00
606.913,0.00
607.026,0.00
607.119,0.00
607.216,0.00
607.327,0.00
607.423,0.00
607.519,0.00
607.615,0.00
607.726,0.00
607.823,0.00
607.919,0.00
608.014,0.00
608.126,0.00
608.222,0.00
608.318,0.00
608.414,0.00
608.525,0.00
608.622,0.00
608.717,0.00
608.829,0.00
608.925,0.00
609.021,0.00
609.117,0.00
609.229,0.00
609.325,0.00
609.421,0.00
609.517,0.00
609.628,0.00
609.724,0.00
609.819,0.00
609.916,0.00
610.028,0.00
610.123,0.00
610.219,0.00
610.315,0.00
610.427,0.00
610.522,0.00
610.618,0.00
610.714,0.00
610.826,0.00
610.922,0.00
611.018,0.00
611.129,0.00
611.225,0.00
611.322,0.00
611.417,0.00
611.529,0.00
611.625,0.00
611.721,0.00
611.817,0.00
611.928,0.00
612.025,0.00
612.121,0.00
612.216,0.00
612.328,0.00
612.423,0.00
612.520,0.00
612.615,0.00
612.728,0.00
612.823,0.00
612.919,0.00
613.015,0.00
613.126,0.00
613.224,0.00
613.318,0.00
613.429,0.00
613.526,0.00
613.623,0.00
613.718,0.00
613.829,0.00
613.925,0.00
614.022,0.00
614.117,0.00
614.229,0.00
614.325,0.00
614.421,0.00
614.516,0.00
614.628,0.00
614.724,0.00
614.820,0.00
614.916,0.00
615.028,0.00
615.124,0.00
615.220,0.00
615.331,0.00
615.427,0.00
615.523,0.00
615.619,0.00
615.730,0.00
615.826,0.00
615.922,0.00
616.019,0.00
616.131,0.00
616.226,0.00
616.322,0.00
616.418,0.00
616.530,0.00
616.626,0.00
616.722,0.00
616.818,0.00
616.929,0.00
617.026,0.00
617.121,0.00
617.217,0.00
617.329,0.00
617.424,0.00
617.521,0.00
617.616,0.00
617.728,0.00
617.825,0.00
617.920,0.00
618.031,0.00
618.127,0.00
618.224,0.00
618.320,0.00
618.431,0.00
618.527,0.00
618.623,0.00
618.719,0.00
618.831,0.00
618.926,0.00
619.022,0.00
619.118,0.00
619.230,0.00
619.326,0.00
619.421,0.00
619.518,0.00
619.629,0.00
619.724,0.00
619.821,0.00
619.916,0.00
620.029,0.00
620.124,0.00
620.220,0.00
620.331,0.00
620.428,0.00
620.524,0.00
620.619,0.00
620.731,0.00
620.827,0.00
620.923,0.00
621.019,0.00
621.131,0.00
621.226,0.00
621.323,0.00
621.418,0.00
621.530,0.00
621.626,0.00
621.722,0.00
621.818,0.00
621.929,0.00
622.025,0.00
622.121,0.00
622.217,0.00
622.329,0.00
622.425,0.00
622.521,0.00
622.632,0.00
622.728,0.00
622.824,0.00
622.920,0.00
623.031,0.00
623.127,0.00
623.223,0.00
623.320,0.00
623.431,0.00
623.527,0.00
623.623,0.00
623.719,0.00
623.831,0.00
623.926,0.00
624.022,0.00
624.118,0.00
624.230,0.00
624.326,0.00
624.423,0.00
624.517,0.00
624.629,0.00
624.725,0.00
624.821,0.00
624.917,0.00
625.029,0.00
625.124,0.00
625.221,0.00
625.332,0.00
625.429,0.00
625.524,0.00
625.620,0.00
625.732,0.00
625.827,0.00
625.924,0.00
626.020,0.00
626.130,0.00
626.228,0.00
626.323,0.00
626.418,0.00
626.531,0.00
626.626,0.00
626.722,0.00
626.819,0.00
626.930,0.00
627.026,0.00
627.121,0.00
627.217,0.00
627.330,0.00
627.425,0.00
627.521,0.00
627.632,0.00
627.729,0.00
627.824,0.00
627.921,0.00
628.031,0.00
628.128,0.00
628.223,0.00
628.320,0.00
628.432,0.00
628.527,0.00
628.624,0.00
628.719,0.00
628.830,0.00
628.926,0.00
629.022,0.00
629.119,0.00
629.231,0.00
629.325,0.00
629.422,0.00
629.518,0.00
629.629,0.00
629.726,0.00
629.821,0.00
629.933,0.00
630.029,0.00
630.125,0.00
630.221,0.00
630.332,0.00
630.428,0.00
630.524,0.00
630.620,0.00
630.732,0.00
630.828,0.00
630.923,0.00
631.019,0.00
631.132,0.00
631.227,0.00
631.322,0.00
631.419,0.00
631.530,0.00
631.626,0.00
631.723,0.00
631.819,0.00
631.931,0.00
632.026,0.00
632.121,0.00
632.217,0.00
632.330,0.00
632.425,0.00
632.521,0.00
632.632,0.00
632.730,0.00
632.824,0.00
632.921,0.00
633.032,0.00
633.128,0.00
633.224,0.00
633.320,0.00
633.432,0.00
633.527,0.00
633.624,0.00
633.720,0.00
633.830,0.00
633.927,0.00
634.022,0.00
634.118,0.00
634.231,0.00
634.326,0.00
634.422,0.00
634.518,0.00
634.630,0.00
634.725,0.00
634.821,0.00
634.933,0.00
635.030,0.00
635.125,0.00
635.220,0.00
635.333,0.00
635.429,0.00
635.525,0.00
635.620,0.00
635.732,0.00
635.828,0.00
635.924,0.00
636.020,0.00
636.131,0.00
636.228,0.00
636.324,0.00
636.420,0.00
636.530,0.00
636.627,0.00
636.723,0.00
636.818,0.00
636.930,0.00
637.026,0.00
637.122,0.00
637.233,0.00
637.329,0.00
637.426,0.00
637.522,0.00
637.633,0.00
637.729,0.00
637.825,0.00
637.921,0.00
638.032,0.00
638.128,0.00
638.224,0.00
638.320,0.00
638.432,0.00
638.528,0.00
638.624,0.00
638.720,0.00
638.832,0.00
638.926,0.00
639.023,0.00
639.119,0.00
639.231,0.00
639.327,0.00
639.423,0.00
639.533,0.00
639.630,0.00
639.725,0.00
639.822,0.00
639.933,0.00
640.029,0.00
640.126,0.00
640.221,0.00
640.333,0.00
640.429,0.00
640.524,0.00
640.620,0.00
640.733,0.00
640.828,0.00
640.924,0.00
641.020,0.00
641.131,0.00
641.228,0.00
641.324,0.00
641.419,0.00
641.531,0.00
641.627,0.00
641.722,0.00
641.820,0.00
641.930,0.00
642.026,0.00
642.122,0.00
642.233,0.00
642.330,0.00
642.426,0.00
642.522,0.00
642.633,0.00
642.729,0.00
642.825,0.00
642.921,0.00
643.033,0.00
643.129,0.00
643.224,0.00
643.321,0.00
643.432,0.00
643.528,0.00
643.624,0.00
643.720,0.00
643.832,0.00
643.928,0.00
644.024,0.00
644.120,0.00
644.232,0.00
644.327,0.00
644.423,0.00
644.518,0.00
644.631,0.00
644.727,0.00
644.822,0.00
644.934,0.00
645.030,0.00
645.126,0.00
645.222,0.00
645.333,0.00
645.429,0.00
645.525,0.00
645.621,0.00
645.734,0.00
645.829,0.00
645.925,0.00
646.021,0.00
646.132,0.00
646.229,0.00
646.325,0.00
646.420,0.00
646.532,0.00
646.628,0.00
646.723,0.00
646.835,0.00
646.931,0.00
647.027,0.00
647.123,0.00
647.235,0.00
647.330,0.00
647.426,0.00
647.522,0.00
647.634,0.00
647.730,0.00
647.826,0.00
647.922,0.00
648.034,0.00
648.129,0.00
648.224,0.00
648.336,0.00
648.432,0.00
648.528,0.00
648.624,0.00
648.735,0.00
648.832,0.00
648.927,0.00
649.025,0.00
649.135,0.00
649.232,0.00
649.327,0.00
649.423,0.00
649.535,0.00
649.631,0.00
649.727,0.00
649.822,0.00
649.934,0.00
650.031,0.00
650.126,0.00
650.221,0.00
650.334,0.00
650.429,0.00
650.525,0.00
650.621,0.00
650.734,0.00
650.829,0.00
650.925,0.00
651.036,0.00
651.132,0.00
651.228,0.00
651.324,0.00
651.435,0.00
651.532,0.00
651.627,0.00
651.723,0.00
651.835,0.00
651.931,0.00
652.028,0.00
652.123,0.00
652.235,0.00
652.330,0.00
652.426,0.00
652.523,0.00
652.633,0.00
652.730,0.00
652.825,0.00
652.937,0.00
653.033,0.00
653.129,0.00
653.226,0.00
653.337,0.00
653.433,0.00
653.529,0.00
653.625,0.00
653.736,0.00
653.833,0.00
653.929,0.00
654.025,0.00
654.136,0.00
654.232,0.00
654.327,0.00
654.424,0.00
654.535,0.00
654.632,0.00
654.728,0.00
654.822,0.00
654.934,0.00
655.031,0.00
655.126,0.00
655.237,0.00
655.334,0.00
655.430,0.00
655.526,0.00
655.638,0.00
655.734,0.00
655.829,0.00
655.925,0.00
656.037,0.00
656.133,0.00
656.229,0.00
656.325,0.00
656.436,0.00
656.532,0.00
656.629,0.00
656.724,0.00
656.836,0.00
656.932,0.00
657.028,0.00
657.123,0.00
657.235,0.00
657.331,0.00
657.427,0.00
657.538,0.00
657.635,0.00
657.731,0.00
657.826,0.00
657.938,0.00
658.034,0.00
658.130,0.00
658.226,0.00
658.337,0.00
658.434,0.00
658.529,0.00
658.640,0.00
658.737,0.00
658.832,0.00
658.929,0.00
659.040,0.00
659.136,0.00
659.232,0.00
659.328,0.00
659.441,0.00
659.536,0.00
659.631,0.00
659.727,0.00
659.839,0.00
659.935,0.00
660.031,0.00
660.127,0.00
660.238,0.00
660.335,0.00
660.431,0.00
660.526,0.00
660.638,0.00
660.734,0.00
660.830,0.00
660.926,0.00
661.037,0.00
661.134,0.00
661.229,0.00
661.341,0.00
661.437,0.00
661.533,0.00
661.629,0.00
661.740,0.00
661.836,0.00
661.933,0.00
662.028,0.00
662.140,0.00
662.236,0.00
662.332,0.00
662.428,0.00
662.539,0.00
662.635,0.00
662.732,0.00
662.827,0.00
662.939,0.00
663.035,0.00
663.130,0.00
663.227,0.00
663.339,0.00
663.434,0.00
663.530,0.00
663.626,0.00
663.738,0.00
663.833,0.00
663.929,0.00
664.040,0.00
664.137,0.00
664.233,0.00
664.329,0.00
664.441,0.00
664.537,0.00
664.632,0.00
664.728,0.00
664.840,0.00
664.936,0.00
665.031,0.00
665.129,0.00
665.240,0.00
665.335,0.00
665.431,0.00
665.526,0.00
665.639,0.00
665.737,0.00
665.830,0.00
665.926,0.00
666.038,0.00
666.134,0.00
666.230,0.00
666.341,0.00
666.437,0.00
666.534,0.00
666.629,0.00
666.741,0.00
666.837,0.00
666.933,0.00
667.029,0.00
667.140,0.00
667.236,0.00
667.332,0.00
667.428,0.00
667.540,0.00
667.636,0.00
667.732,0.00
667.828,0.00
667.940,0.00
668.035,0.00
668.131,0.00
668.227,0.00
668.339,0.00
668.435,0.00
668.530,0.00
668.642,0.00
668.738,0.00
668.834,0.00
668.930,0.00
669.042,0.00
669.137,0.00
669.233,0.00
669.329,0.00
669.441,0.00
669.537,0.00
669.633,0.00
669.729,0.00
669.840,0.00
669.936,0.00
670.032,0.00
670.128,0.00
670.239,0.00
670.336,0.00
670.432,0.00
670.527,0.00
670.639,0.00
670.735,0.00
670.831,0.00
670.928,0.00
671.039,0.00
671.135,0.00
671.230,0.00
671.342,0.00
671.438,0.00
671.534,0.00
671.630,0.00
671.741,0.00
671.838,0.00
671.934,0.00
672.029,0.00
672.142,0.00
672.237,0.00
672.332,0.00
672.429,0.00
672.540,0.00
672.636,0.00
672.733,0.00
672.828,0.00
672.940,0.00
673.036,0.00
673.131,0.00
673.227,0.00
673.341,0.00
673.435,0.00
673.531,0.00
673.642,0.00
673.739,0.00
673.834,0.00
673.930,0.00
674.042,0.00
674.138,0.00
674.234,0.00
674.330,0.00
674.441,0.00
674.537,0.00
674.633,0.00
674.729,0.00
674.841,0.00
674.937,0.00
675.033,0.00
675.129,0.00
675.240,0.00
675.336,0.00
675.432,0.00
675.528,0.00
675.640,0.00
675.736,0.00
675.832,0.00
675.927,0.00
676.038,0.00
676.135,0.00
676.231,0.00
676.342,0.00
676.439,0.00
676.534,0.00
676.630,0.00
676.742,0.00
676.838,0.00
676.934,0.00
677.030,0.00
677.141,0.00
677.238,0.00
677.333,0.00
677.429,0.00
677.541,0.00
677.636,0.00
677.733,0.00
677.828,0.00
677.940,0.00
678.036,0.00
678.132,0.00
678.227,0.00
678.340,0.00
678.435,0.00
678.531,0.00
678.642,0.00
678.739,0.00
678.835,0.00
678.931,0.00
679.042,0.00
679.138,0.00
679.234,0.00
679.330,0.00
679.441,0.00
679.537,0.00
679.633,0.00
679.729,0.00
679.841,0.00
679.937,0.00
680.034,0.00
680.129,0.00
680.242,0.00
680.336,0.00
680.432,0.00
680.544,0.00
680.640,0.00
680.736,0.00
680.831,0.00
680.943,0.00
681.040,0.00
681.135,0.00
681.231,0.00
681.343,0.00
681.438,0.00
681.534,0.00
681.631,0.00
681.742,0.00
681.838,0.00
681.934,0.00
682.029,0.00
682.141,0.00
682.237,0.00
682.334,0.00
682.429,0.00
682.541,0.00
682.637,0.00
682.733,0.00
682.844,0.00
682.940,0.00
683.037,0.00
683.132,0.00
683.243,0.00
683.339,0.00
683.436,0.00
683.531,0.00
683.643,0.00
683.740,0.00
683.835,0.00
683.931,0.00
684.043,0.00
684.138,0.00
684.234,0.00
684.330,0.00
684.442,0.00
684.539,0.00
684.633,0.00
684.729,0.00
684.842,0.00
684.937,0.00
685.035,0.00
685.144,0.00
685.240,0.00
685.337,0.00
685.433,0.00
685.544,0.00
685.642,0.00
685.736,0.00
685.833,0.00
685.943,0.00
686.040,0.00
686.136,0.00
686.232,0.00
686.343,0.00
686.440,0.00
686.535,0.00
686.631,0.00
686.744,0.00
686.838,0.00
686.935,0.00
687.031,0.00
687.142,0.00
687.238,0.00
687.333,0.00
687.430,0.00
687.541,0.00
687.640,0.00
687.734,0.00
687.844,0.00
687.941,0.00
688.037,0.00
688.133,0.00
688.244,0.00
688.340,0.00
688.436,0.00
688.532,0.00
688.644,0.00
688.740,0.00
688.836,0.00
688.931,0.00
689.043,0.00
689.140,0.00
689.234,0.00
689.331,0.00
689.442,0.00
689.539,0.00
689.635,0.00
689.730,0.00
689.843,0.00
689.941,0.00
690.034,0.00
690.145,0.00
690.241,0.00
690.337,0.00
690.433,0.00
690.544,0.00
690.641,0.00
690.737,0.00
690.832,0.00
690.944,0.00
691.041,0.00
691.136,0.00
691.232,0.00
691.344,0.00
691.440,0.00
691.535,0.00
691.632,0.00
691.744,0.00
691.838,0.00
691.935,0.00
692.031,0.00
692.142,0.00
692.238,0.00
692.334,0.00
692.430,0.00
692.542,0.00
692.639,0.00
692.734,0.00
692.845,0.00
692.942,0.00
693.038,0.00
693.133,0.00
693.244,0.00
693.341,0.00
693.436,0.00
693.532,0.00
693.644,0.00
693.740,0.00
693.836,0.00
693.931,0.00
694.043,0.00
694.140,0.00
694.236,0.00
694.331,0.00
694.442,0.00
694.538,0.00
694.635,0.00
694.731,0.00
694.842,0.00
694.938,0.00
695.034,0.00
695.145,0.00
695.242,0.00
695.338,0.00
695.433,0.00
695.545,0.00
695.642,0.00
695.737,0.00
695.834,0.00
695.945,0.00
696.040,0.00
696.136,0.00
696.232,0.00
696.344,0.00
696.440,0.00
696.536,0.00
696.632,0.00
696.743,0.00
696.840,0.00
696.935,0.00
697.046,0.00
697.142,0.00
697.239,0.00
697.335,0.00
697.447,0.00
697.542,0.00
697.638,0.00
697.735,0.00
697.846,0.00
697.941,0.00
698.037,0.00
698.134,0.00
698.245,0.00
698.341,0.00
698.437,0.00
698.533,0.00
698.645,0.00
698.740,0.00
698.836,0.00
698.947,0.00
699.044,0.00
699.139,0.00
699.236,0.00
699.348,0.00
699.443,0.00
699.540,0.00
699.635,0.00
699.747,0.00
699.844,0.00
699.938,0.00
700.034,0.00
700.147,0.00
700.242,0.00
700.338,0.00
700.434,0.00
700.546,0.00
700.642,0.00
700.738,0.00
700.849,0.00
700.945,0.00
701.041,0.00
701.137,0.00
701.248,0.00
701.345,0.00
701.440,0.00
701.536,0.00
701.648,0.00
701.744,0.00
701.840,0.00
701.935,0.00
702.048,0.00
702.144,0.00
702.239,0.00
702.351,0.00
702.447,0.00
702.543,0.00
702.638,0.00
702.750,0.00
702.847,0.00
702.942,0.00
703.038,0.00
703.150,0.00
703.246,0.00
703.342,0.00
703.437,0.00
703.550,0.00
703.646,0.00
703.741,0.00
703.837,0.00
703.948,0.00
704.044,0.00
704.141,0.00
704.237,0.00
704.348,0.00
704.444,0.00
704.540,0.00
704.636,0.00
704.747,0.00
704.843,0.00
704.939,0.00
705.051,0.00
705.147,0.00
705.243,0.00
705.339,0.00
705.450,0.00
705.546,0.00
705.642,0.00
705.738,0.00
705.850,0.00
705.945,0.00
706.041,0.00
706.137,0.00
706.249,0.00
706.345,0.00
706.441,0.00
706.536,0.00
706.650,0.00
706.744,0.00
706.840,0.00
706.936,0.00
707.048,0.00
707.144,0.00
707.241,0.00
707.351,0.00
707.447,0.00
707.543,0.00
707.639,0.00
707.750,0.00
707.846,0.00
707.943,0.00
708.038,0.00
708.150,0.00
708.246,0.00
708.342,0.00
708.437,0.00
708.550,0.00
708.646,0.00
708.742,0.00
708.838,0.00
708.949,0.00
709.045,0.00
709.142,0.00
709.237,0.00
709.349,0.00
709.444,0.00
709.540,0.00
709.636,0.00
709.747,0.00
709.844,0.00
709.940,0.00
710.051,0.00
710.147,0.00
710.243,0.00
710.338,0.00
710.451,0.00
710.547,0.00
710.642,0.00
710.739,0.00
710.850,0.00
710.946,0.00
711.042,0.00
711.138,0.00
711.250,0.00
711.345,0.00
711.440,0.00
711.537,0.00
711.648,0.00
711.745,0.00
711.841,0.00
711.936,0.00
712.048,0.00
712.144,0.00
712.239,0.00
712.351,0.00
712.448,0.00
712.543,0.00
712.639,0.00
712.751,0.00
712.848,0.00
712.943,0.00
713.039,0.00
713.150,0.00
713.246,0.00
713.342,0.00
713.438,0.00
713.550,0.00
713.646,0.00
713.741,0.00
713.837,0.00
713.949,0.00
714.045,0.00
714.141,0.00
714.252,0.00
714.348,0.00
714.444,0.00
714.540,0.00
714.651,0.00
714.748,0.00
714.843,0.00
714.940,0.00
715.051,0.00
715.148,0.00
715.243,0.00
715.339,0.00
715.451,0.00
715.547,0.00
715.642,0.00
715.738,0.00
715.850,0.00
715.946,0.00
716.043,0.00
716.137,0.00
716.249,0.00
716.345,0.00
716.441,0.00
716.536,0.00
716.649,0.00
716.745,0.00
716.841,0.00
716.952,0.00
717.049,0.00
717.144,0.00
717.240,0.00
717.351,0.00
717.448,0.00
717.543,0.00
717.640,0.00
717.752,0.00
717.847,0.00
717.944,0.00
718.040,0.00
718.151,0.00
718.247,0.00
718.343,0.00
718.438,0.00
718.550,0.00
718.646,0.00
718.741,0.00
718.853,0.00
718.949,0.00
719.046,0.00
719.141,0.00
719.253,0.00
719.350,0.00
719.445,0.00
719.540,0.00
719.652,0.00
719.748,0.00
719.845,0.00
719.940,0.00
720.052,0.00
720.148,0.00
720.243,0.00
720.340,0.00
720.451,0.00
720.547,0.00
720.643,0.00
720.738,0.00
720.852,0.00
720.946,0.00
721.042,0.00
721.139,0.00
721.250,0.00
721.346,0.00
721.442,0.00
721.553,0.00
721.650,0.00
721.746,0.00
721.841,0.00
721.954,0.00
722.049,0.00
722.145,0.00
722.241,0.00
722.352,0.00
722.448,0.00
722.544,0.00
722.640,0.00
722.752,0.00
722.848,0.00
722.944,0.00
723.040,0.00
723.151,0.00
723.247,0.00
723.343,0.00
723.454,0.00
723.550,0.00
723.647,0.00
723.742,0.00
723.854,0.00
723.950,0.00
724.046,0.00
724.142,0.00
724.253,0.00
724.351,0.00
724.445,0.00
724.541,0.00
724.653,0.00
724.749,0.00
724.844,0.00
724.941,0.00
725.052,0.00
725.148,0.00
725.244,0.00
725.355,0.00
725.451,0.00
725.547,0.00
725.644,0.00
725.755,0.00
725.850,0.00
725.947,0.00
726.042,0.00
726.155,0.00
726.251,0.00
726.346,0.00
726.442,0.00
726.554,0.00
726.649,0.00
726.746,0.00
726.841,0.00
726.953,0.00
727.049,0.00
727.145,0.00
727.241,0.00
727.353,0.00
727.449,0.00
727.546,0.00
727.641,0.00
727.752,0.00
727.848,0.00
727.943,0.00
728.055,0.00
728.151,0.00
728.247,0.00
728.343,0.00
728.455,0.00
728.551,0.00
728.646,0.00
728.743,0.00
728.855,0.00
728.950,0.00
729.046,0.00
729.142,0.00
729.253,0.00
729.350,0.00
729.446,0.00
729.541,0.00
729.653,0.00
729.749,0.00
729.845,0.00
729.956,0.00
730.052,0.00
730.149,0.00
730.244,0.00
730.356,0.00
730.452,0.00
730.548,0.00
730.644,0.00
730.755,0.00
730.852,0.00
730.947,0.00
731.043,0.00
731.155,0.00
731.250,0.00
731.347,0.00
731.443,0.00
731.554,0.00
731.650,0.00
731.747,0.00
731.842,0.00
731.953,0.00
732.050,0.00
732.146,0.00
732.241,0.00
732.354,0.00
732.449,0.00
732.545,0.00
732.656,0.00
732.753,0.00
732.849,0.00
732.945,0.00
733.057,0.00
733.152,0.00
733.247,0.00
733.343,0.00
733.456,0.00
733.552,0.00
733.648,0.00
733.744,0.00
733.855,0.00
733.951,0.00
734.047,0.00
734.143,0.00
734.254,0.00
734.350,0.00
734.447,0.00
734.542,0.00
734.654,0.00
734.750,0.00
734.846,0.00
734.957,0.00
735.054,0.00
735.149,0.00
735.246,0.00
735.356,0.00
735.452,0.00
735.549,0.00
735.645,0.00
735.756,0.00
735.852,0.00
735.948,0.00
736.044,0.00
736.156,0.00
736.252,0.00
736.348,0.00
736.444,0.00
736.555,0.00
736.651,0.00
736.747,0.00
736.843,0.00
736.954,0.00
737.051,0.00
737.147,0.00
737.242,0.00
737.354,0.00
737.450,0.00
737.546,0.00
737.657,0.00
737.754,0.00
737.849,0.00
737.945,0.00
738.058,0.00
738.152,0.00
738.249,0.00
738.345,0.00
738.456,0.00
738.552,0.00
738.648,0.00
738.743,0.00
738.856,0.00
738.952,0.00
739.048,0.00
739.143,0.00
739.255,0.00
739.351,0.00
739.446,0.00
739.558,0.00
739.655,0.00
739.750,0.00
739.846,0.00
739.958,0.00
740.053,0.00
740.150,0.00
740.245,0.00
740.358,0.00
740.454,0.00
740.549,0.00
740.645,0.00
740.757,0.00
740.852,0.00
740.949,0.00
741.045,0.00
741.157,0.00
741.252,0.00
741.348,0.00
741.444,0.00
741.556,0.00
741.651,0.00
741.747,0.00
741.858,0.00
741.954,0.00
742.051,0.00
742.147,0.00
742.258,0.00
742.355,0.00
742.450,0.00
742.546,0.00
742.658,0.00
742.754,0.00
742.849,0.00
742.945,0.00
743.057,0.00
743.153,0.00
743.249,0.00
743.346,0.00
743.457,0.00
743.553,0.00
743.648,0.00
743.745,0.00
743.855,0.00
743.953,0.00
744.048,0.00
744.143,0.00
744.256,0.00
744.351,0.00
744.447,0.00
744.559,0.00
744.655,0.00
744.750,0.00
744.846,0.00
744.959,0.00
745.054,0.00
745.150,0.00
745.246,0.00
745.358,0.00
745.453,0.00
745.549,0.00
745.646,0.00
745.757,0.00
745.854,0.00
745.949,0.00
746.045,0.00
746.156,0.00
746.253,0.00
746.348,0.00
746.460,0.00
746.557,0.00
746.651,0.00
746.747,0.00
746.859,0.00
746.956,0.00
747.052,0.00
747.147,0.00
747.259,0.00
747.355,0.00
747.450,0.00
747.546,0.00
747.659,0.00
747.754,0.00
747.852,0.00
747.946,0.00
748.058,0.00
748.153,0.00
748.250,0.00
748.361,0.00
748.458,0.00
748.553,0.00
748.649,0.00
748.760,0.00
748.856,0.00
748.952,0.00
749.048,0.00
749.161,0.00
749.256,0.00
749.352,0.00
749.447,0.00
749.559,0.00
749.655,0.00
749.751,0.00
749.847,0.00
749.958,0.00
750.054,0.00
750.151,0.00
750.246,0.00
750.358,0.00
750.455,0.00
750.550,0.00
750.661,0.00
750.758,0.00
750.853,0.00
750.949,0.00
751.061,0.00
751.158,0.00
751.253,0.00
751.349,0.00
751.461,0.00
751.556,0.00
751.653,0.00
751.748,0.00
751.860,0.00
751.956,0.00
752.052,0.00
752.147,0.00
752.260,0.00
752.356,0.00
752.452,0.00
752.547,0.00
752.658,0.00
752.755,0.00
752.851,0.00
752.947,0.00
753.058,0.00
753.154,0.00
753.250,0.00
753.361,0.00
753.457,0.00
753.554,0.00
753.650,0.00
753.762,0.00
753.857,0.00
753.953,0.00
754.049,0.00
754.162,0.00
754.257,0.00
754.352,0.00
754.450,0.00
754.560,0.00
754.657,0.00
754.752,0.00
754.848,0.00
754.960,0.00
755.055,0.00
755.151,0.00
755.263,0.00
755.359,0.00
755.455,0.00
755.551,0.00
755.662,0.00
755.759,0.00
755.855,0.00
755.949,0.00
756.062,0.00
756.158,0.00
756.254,0.00
756.365,0.00
756.461,0.00
756.557,0.00
756.653,0.00
756.765,0.00
756.861,0.00
756.957,0.00
757.052,0.00
757.164,0.00
757.260,0.00
757.356,0.00
757.453,0.00
757.563,0.00
757.660,0.00
757.755,0.00
757.851,0.00
757.964,0.00
758.059,0.00
758.155,0.00
758.250,0.00
758.363,0.00
758.458,0.00
758.554,0.00
758.650,0.00
758.762,0.00
758.859,0.00
758.953,0.00
759.065,0.00
759.162,0.00
759.258,0.00
759.353,0.00
759.464,0.00
759.561,0.00
759.656,0.00
759.752,0.00
759.864,0.00
759.960,0.00
760.056,0.00
760.152,0.00
760.264,0.00
760.360,0.00
760.456,0.00
760.551,0.00
760.664,0.00
760.759,0.00
760.854,0.00
760.951,0.00
761.063,0.00
761.158,0.00
761.254,0.00
761.365,0.00
761.462,0.00
761.558,0.00
761.654,0.00
761.765,0.00
761.861,0.00
761.957,0.00
762.052,0.00
762.165,0.00
762.262,0.00
762.356,0.00
762.452,0.00
762.564,0.00
762.660,0.00
762.756,0.00
762.851,0.00
762.963,0.00
763.060,0.00
763.155,0.00
763.251,0.00
763.363,0.00
763.459,0.00
763.555,0.00
763.666,0.00
763.762,0.00
763.858,0.00
763.954,0.00
764.065,0.00
764.162,0.00
764.258,0.00
764.353,0.00
764.466,0.00
764.561,0.00
764.657,0.00
764.753,0.00
764.864,0.00
764.960,0.00
765.057,0.00
765.151,0.00
765.264,0.00
765.360,0.00
765.456,0.00
765.552,0.00
765.663,0.00
765.759,0.00
765.855,0.00
765.951,0.00
766.062,0.00
766.158,0.00
766.255,0.00
766.366,0.00
766.462,0.00
766.558,0.00
766.654,0.00
766.766,0.00
766.861,0.00
766.958,0.00
767.053,0.00
767.165,0.00
767.261,0.00
767.356,0.00
767.453,0.00
767.566,0.00
767.661,0.00
767.756,0.00
767.852,0.00
767.964,0.00
768.060,0.00
768.156,0.00
768.252,0.00
768.365,0.00
768.459,0.00
768.555,0.00
768.666,0.00
768.763,0.00
768.859,0.00
768.955,0.00
769.066,0.00
769.162,0.00
769.258,0.00
769.354,0.00
769.466,0.00
769.562,0.00
769.657,0.00
769.754,0.00
769.865,0.00
769.962,0.00
770.057,0.00
770.152,0.00
770.265,0.00
770.361,0.00
770.457,0.00
770.552,0.00
770.664,0.00
770.760,0.00
770.856,0.00
770.952,0.00
771.063,0.00
771.159,0.00
771.255,0.00
771.366,0.00
771.463,0.00
771.559,0.00
771.655,0.00
771.766,0.00
771.863,0.00
771.958,0.00
772.054,0.00
772.166,0.00
772.262,0.00
772.358,0.00
772.454,0.00
772.565,0.00
772.663,0.00
772.757,0.00
772.853,0.00
772.965,0.00
773.061,0.00
773.156,0.00
773.268,0.00
773.364,0.00
773.460,0.00
773.556,0.00
773.667,0.00
773.763,0.00
773.860,0.00
773.955,0.00
774.067,0.00
774.163,0.00
774.258,0.00
774.354,0.00
774.466,0.00
774.562,0.00
774.658,0.00
774.755,0.00
774.866,0.00
774.963,0.00
775.058,0.00
775.153,0.00
775.266,0.00
775.361,0.00
775.457,0.00
775.568,0.00
775.665,0.00
775.761,0.00
775.856,0.00
775.968,0.00
776.064,0.00
776.159,0.00
776.255,0.00
776.368,0.00
776.463,0.00
776.560,0.00
776.655,0.00
776.767,0.00
776.862,0.00
776.959,0.00
777.055,0.00
777.167,0.00
777.262,0.00
777.359,0.00
777.471,0.00
777.565,0.00
777.661,0.00
777.758,0.00
777.869,0.00
777.965,0.00
778.061,0.00
778.157,0.00
778.269,0.00
778.364,0.00
778.461,0.00
778.556,0.00
778.668,0.00
778.765,0.00
778.859,0.00
778.955,0.00
779.067,0.00
779.163,0.00
779.260,0.00
779.370,0.00
779.467,0.00
779.563,0.00
779.659,0.00
779.770,0.00
779.866,0.00
779.962,0.00
780.058,0.00
780.170,0.00
780.265,0.00
780.361,0.00
780.458,0.00
780.569,0.00
780.667,0.00
780.761,0.00
780.856,0.00
780.969,0.00
781.065,0.00
781.160,0.00
781.256,0.00
781.368,0.00
781.464,0.00
781.560,0.00
781.656,0.00
781.768,0.00
781.863,0.00
781.959,0.00
782.071,0.00
782.167,0.00
782.263,0.00
782.359,0.00
782.471,0.00
782.566,0.00
782.662,0.00
782.758,0.00
782.870,0.00
782.965,0.00
783.061,0.00
783.158,0.00
783.269,0.00
783.365,0.00
783.461,0.00
783.572,0.00
783.668,0.00
783.764,0.00
783.860,0.00
783.972,0.00
784.068,0.00
784.164,0.00
784.260,0.00
784.371,0.00
784.468,0.00
784.563,0.00
784.660,0.00
784.771,0.00
784.867,0.00
784.964,0.00
785.060,0.00
785.170,0.00
785.266,0.00
785.361,0.00
785.459,0.00
785.569,0.00
785.666,0.00
785.762,0.00
785.873,0.00
785.969,0.00
786.066,0.00
786.161,0.00
786.272,0.00
786.369,0.00
786.464,0.00
786.560,0.00
786.672,0.00
786.768,0.00
786.864,0.00
786.959,0.00
787.071,0.00
787.167,0.00
787.263,0.00
787.360,0.00
787.471,0.00
787.567,0.00
787.662,0.00
787.758,0.00
787.871,0.00
787.966,0.00
788.062,0.00
788.158,0.00
788.270,0.00
788.366,0.00
788.462,0.00
788.573,0.00
788.668,0.00
788.766,0.00
788.861,0.00
788.972,0.00
789.068,0.00
789.164,0.00
789.260,0.00
789.372,0.00
789.468,0.00
789.564,0.00
789.660,0.00
789.771,0.00
789.867,0.00
789.963,0.00
790.059,0.00
790.171,0.00
790.266,0.00
790.362,0.00
790.458,0.00
790.570,0.00
790.666,0.00
790.761,0.00
790.873,0.00
790.969,0.00
791.065,0.00
791.161,0.00
791.272,0.00
791.368,0.00
791.465,0.00
791.561,0.00
791.672,0.00
791.769,0.00
791.864,0.00
791.960,0.00
792.071,0.00
792.167,0.00
792.263,0.00
792.359,0.00
792.471,0.00
792.567,0.00
792.662,0.00
792.758,0.00
792.870,0.00
792.966,0.00
793.062,0.00
793.173,0.00
793.270,0.00
793.366,0.00
793.462,0.00
793.573,0.00
793.669,0.00
793.764,0.00
793.861,0.00
793.973,0.00
794.069,0.00
794.164,0.00
794.261,0.00
794.372,0.00
794.468,0.00
794.564,0.00
794.659,0.00
794.772,0.00
794.868,0.00
794.962,0.00
795.059,0.00
795.171,0.00
795.266,0.00
795.362,0.00
795.458,0.00
795.570,0.00
795.665,0.00
795.761,0.00
795.873,0.00
795.969,0.00
796.065,0.00
796.161,0.00
796.273,0.00
796.368,0.00
796.464,0.00
796.560,0.00
796.673,0.00
796.768,0.00
796.864,0.00
796.960,0.00
797.072,0.00
797.169,0.00
797.263,0.00
797.359,0.00
797.471,0.00
797.567,0.00
797.663,0.00
797.759,0.00
797.871,0.00
797.966,0.00
798.062,0.00
798.173,0.00
798.269,0.00
798.367,0.00
798.462,0.00
798.573,0.00
798.670,0.00
798.765,0.00
798.861,0.00
798.973,0.00
799.069,0.00
799.164,0.00
799.261,0.00
799.373,0.00
799.468,0.00
799.564,0.00
799.660,0.00
799.772,0.00
799.867,0.00
799.963,0.00
800.059,0.00
800.172,0.00
800.266,0.00
800.362,0.00
800.474,0.00
800.570,0.00
800.666,0.00
800.762,0.00
800.874,0.00
800.970,0.00
801.066,0.00
801.162,0.00
801.273,0.00
801.369,0.00
801.465,0.00
801.561,0.00
801.673,0.00
801.769,0.00
801.865,0.00
801.960,0.00
802.073,0.00
802.168,0.00
802.264,0.00
802.360,0.00
802.471,0.00
802.567,0.00
802.663,0.00
802.759,0.00
802.871,0.00
802.967,0.00
803.073,0.00
803.174,0.00
803.270,0.00
803.367,0.00
803.462,0.00
803.574,0.00
803.669,0.00
803.766,0.00
803.861,0.00
803.973,0.00
804.069,0.00
804.165,0.00
804.262,0.00
804.373,0.00
804.469,0.00
804.564,0.00
804.660,0.00
804.772,0.00
804.868,0.00
804.964,0.00
805.059,0.00
805.171,0.00
805.268,0.00
805.363,0.00
805.474,0.00
805.571,0.00
805.667,0.00
805.762,0.00
805.874,0.00
805.971,0.00
806.066,0.00
806.161,0.00
806.274,0.00
806.370,0.00
806.465,0.00
806.561,0.00
806.673,0.00
806.770,0.00
806.865,0.00
806.961,0.00
807.072,0.00
807.168,0.00
807.265,0.00
807.375,0.00
807.472,0.00
807.568,0.00
807.664,0.00
807.775,0.00
807.872,0.00
807.967,0.00
808.063,0.00
808.175,0.00
808.271,0.00
808.367,0.00
808.462,0.00
808.574,0.00
808.670,0.00
808.766,0.00
808.861,0.00
808.974,0.00
809.069,0.00
809.166,0.00
809.262,0.00
809.373,0.00
809.470,0.00
809.566,0.00
809.677,0.00
809.772,0.00
809.868,0.00
809.964,0.00
810.076,0.00
810.171,0.00
810.268,0.00
810.363,0.00
810.475,0.00
810.571,0.00
810.667,0.00
810.763,0.00
810.875,0.00
810.971,0.00
811.066,0.00
811.162,0.00
811.274,0.00
811.370,0.00
811.466,0.00
811.577,0.00
811.674,0.00
811.770,0.00
811.866,0.00
811.977,0.00
812.073,0.00
812.168,0.00
812.264,0.00
812.376,0.00
812.472,0.00
812.568,0.00
812.664,0.00
812.776,0.00
812.872,0.00
812.967,0.00
813.063,0.00
813.175,0.00
813.271,0.00
813.367,0.00
813.463,0.00
813.575,0.00
813.670,0.00
813.766,0.00
813.862,0.00
813.974,0.00
814.070,0.00
814.166,0.00
814.277,0.00
814.373,0.00
814.470,0.00
814.566,0.00
814.677,0.00
814.774,0.00
814.868,0.00
814.964,0.00
815.076,0.00
815.172,0.00
815.268,0.00
815.364,0.00
815.476,0.00
815.571,0.00
815.667,0.00
815.778,0.00
815.876,0.00
815.971,0.00
816.067,0.00
816.178,0.00
816.274,0.00
816.371,0.00
816.466,0.00
816.578,0.00
816.674,0.00
816.769,0.00
816.866,0.00
816.978,0.00
817.074,0.00
817.169,0.00
817.264,0.00
817.376,0.00
817.473,0.00
817.568,0.00
817.665,0.00
817.777,0.00
817.872,0.00
817.968,0.00
818.063,0.00
818.176,0.00
818.271,0.00
818.367,0.00
818.479,0.00
818.575,0.00
818.671,0.00
818.766,0.00
818.879,0.00
818.974,0.00
819.070,0.00
819.166,0.00
819.277,0.00
819.375,0.00
819.470,0.00
819.566,0.00
819.677,0.00
819.773,0.00
819.869,0.00
819.965,0.00
820.077,0.00
820.173,0.00
820.269,0.00
820.364,0.00
820.477,0.00
820.572,0.00
820.668,0.00
820.779,0.00
820.875,0.00
820.971,0.00
821.067,0.00
821.179,0.00
821.277,0.00
821.370,0.00
821.467,0.00
821.579,0.00
821.674,0.00
821.770,0.00
821.866,0.00
821.978,0.00
822.073,0.00
822.169,0.00
822.265,0.00
822.378,0.00
822.473,0.00
822.569,0.00
822.665,0.00
822.776,0.00
822.873,0.00
822.968,0.00
823.064,0.00
823.176,0.00
823.271,0.00
823.368,0.00
823.479,0.00
823.575,0.00
823.672,0.00
823.767,0.00
823.878,0.00
823.975,0.00
824.071,0.00
824.166,0.00
824.279,0.00
824.374,0.00
824.471,0.00
824.566,0.00
824.677,0.00
824.774,0.00
824.870,0.00
824.965,0.00
825.077,0.00
825.174,0.00
825.269,0.00
825.364,0.00
825.476,0.00
825.573,0.00
825.668,0.00
825.779,0.00
825.876,0.00
825.972,0.00
826.068,0.00
826.179,0.00
826.275,0.00
826.371,0.00
826.467,0.00
826.579,0.00
826.675,0.00
826.771,0.00
826.867,0.00
826.979,0.00
827.075,0.00
827.170,0.00
827.266,0.00
827.377,0.00
827.473,0.00
827.570,0.00
827.664,0.00
827.778,0.00
827.873,0.00
827.969,0.00
828.080,0.00
828.176,0.00
828.273,0.00
828.369,0.00
828.479,0.00
828.576,0.00
828.672,0.00
828.768,0.00
828.880,0.00
828.975,0.00
829.071,0.00
829.167,0.00
829.278,0.00
829.375,0.00
829.471,0.00
829.566,0.00
829.678,0.00
829.774,0.00
829.869,0.00
829.965,0.00
830.078,0.00
830.174,0.00
830.269,0.00
830.365,0.00
830.477,0.00
830.573,0.00
830.670,0.00
830.780,0.00
830.876,0.00
830.972,0.00
831.067,0.00
831.180,0.00
831.276,0.00
831.372,0.00
831.467,0.00
831.579,0.00
831.675,0.00
831.771,0.00
831.866,0.00
831.979,0.00
832.075,0.00
832.169,0.00
832.281,0.00
832.378,0.00
832.473,0.00
832.570,0.00
832.681,0.00
832.778,0.00
832.873,0.00
832.969,0.00
833.081,0.00
833.177,0.00
833.272,0.00
833.368,0.00
833.480,0.00
833.576,0.00
833.672,0.00
833.767,0.00
833.880,0.00
833.976,0.00
834.072,0.00
834.167,0.00
834.279,0.00
834.374,0.00
834.471,0.00
834.566,0.00
834.678,0.00
834.774,0.00
834.869,0.00
834.981,0.00
835.078,0.00
835.173,0.00
835.269,0.00
835.381,0.00
835.477,0.00
835.573,0.00
835.671,0.00
835.780,0.00
835.877,0.00
835.972,0.00
836.068,0.00
836.180,0.00
836.276,0.00
836.371,0.00
836.468,0.00
836.579,0.00
836.675,0.00
836.771,0.00
836.866,0.00
836.979,0.00
837.075,0.00
837.171,0.00
837.283,0.00
837.377,0.00
837.474,0.00
837.570,0.00
837.682,0.00
837.778,0.00
837.874,0.00
837.969,0.00
838.081,0.00
838.177,0.00
838.273,0.00
838.368,0.00
838.480,0.00
838.576,0.00
838.672,0.00
838.768,0.00
838.880,0.00
838.976,0.00
839.072,0.00
839.183,0.00
839.279,0.00
839.375,0.00
839.471,0.00
839.583,0.00
839.679,0.00
839.774,0.00
839.870,0.00
839.982,0.00
840.079,0.00
840.174,0.00
840.270,0.00
840.382,0.00
840.478,0.00
840.573,0.00
840.670,0.00
840.781,0.00
840.877,0.00
840.973,0.00
841.069,0.00
841.180,0.00
841.277,0.00
841.372,0.00
841.483,0.00
841.580,0.00
841.675,0.00
841.772,0.00
841.883,0.00
841.979,0.00
842.074,0.00
842.171,0.00
842.284,0.00
842.378,0.00
842.475,0.00
842.570,0.00
842.682,0.00
842.779,0.00
842.874,0.00
842.969,0.00
843.082,0.00
843.178,0.00
843.273,0.00
843.370,0.00
843.481,0.00
843.576,0.00
843.672,0.00
843.768,0.00
843.880,0.00
843.976,0.00
844.072,0.00
844.183,0.00
844.280,0.00
844.376,0.00
844.472,0.00
844.583,0.00
844.679,0.00
844.774,0.00
844.870,0.00
844.983,0.00
845.079,0.00
845.174,0.00
845.270,0.00
845.382,0.00
845.478,0.00
845.574,0.00
845.670,0.00
845.781,0.00
845.877,0.00
845.974,0.00
846.084,0.00
846.181,0.00
846.277,0.00
846.372,0.00
846.485,0.00
846.580,0.00
846.675,0.00
846.772,0.00
846.884,0.00
846.979,0.00
847.075,0.00
847.171,0.00
847.283,0.00
847.380,0.00
847.475,0.00
847.571,0.00
847.682,0.00
847.779,0.00
847.874,0.00
847.969,0.00
848.082,0.00
848.178,0.00
848.273,0.00
848.385,0.00
848.481,0.00
848.577,0.00
848.673,0.00
848.785,0.00
848.880,0.00
848.977,0.00
849.073,0.00
849.184,0.00
849.280,0.00
849.376,0.00
849.471,0.00
849.584,0.00
849.680,0.00
849.776,0.00
849.871,0.00
849.983,0.00
850.079,0.00
850.175,0.00
850.271,0.00
850.382,0.00
850.478,0.00
850.574,0.00
850.685,0.00
850.782,0.00
850.878,0.00
850.973,0.00
851.085,0.00
851.181,0.00
851.277,0.00
851.373,0.00
851.486,0.00
851.580,0.00
851.676,0.00
851.772,0.00
851.884,0.00
851.980,0.00
852.076,0.00
852.172,0.00
852.283,0.00
852.379,0.00
852.475,0.00
852.571,0.00
852.682,0.00
852.778,0.00
852.875,0.00
852.971,0.00
853.082,0.00
853.178,0.00
853.274,0.00
853.385,0.00
853.481,0.00
853.578,0.00
853.673,0.00
853.785,0.00
853.881,0.00
853.977,0.00
854.072,0.00
854.185,0.00
854.280,0.00
854.377,0.00
854.472,0.00
854.583,0.00
854.680,0.00
854.776,0.00
854.873,0.00
854.983,0.00
855.079,0.00
855.175,0.00
855.286,0.00
855.382,0.00
855.479,0.00
855.575,0.00
855.687,0.00
855.782,0.00
855.878,0.00
855.974,0.00
856.086,0.00
856.182,0.00
856.278,0.00
856.375,0.00
856.485,0.00
856.581,0.00
856.677,0.00
856.773,0.00
856.885,0.00
856.980,0.00
857.077,0.00
857.173,0.00
857.284,0.00
857.380,0.00
857.475,0.00
857.587,0.00
857.684,0.00
857.780,0.00
857.875,0.00
857.986,0.00
858.082,0.00
858.179,0.00
858.274,0.00
858.386,0.00
858.482,0.00
858.578,0.00
858.674,0.00
858.786,0.00
858.882,0.00
858.977,0.00
859.073,0.00
859.185,0.00
859.280,0.00
859.377,0.00
859.472,0.00
859.584,0.00
859.680,0.00
859.777,0.00
859.887,0.00
859.983,0.00
860.080,0.00
860.175,0.00
860.287,0.00
860.384,0.00
860.479,0.00
860.575,0.00
860.687,0.00
860.783,0.00
860.879,0.00
860.974,0.00
861.086,0.00
861.183,0.00
861.290,0.00
861.373,0.00
861.486,0.00
861.581,0.00
861.678,0.00
861.773,0.00
861.885,0.00
861.981,0.00
862.077,0.00
862.173,0.00
862.284,0.00
862.380,0.00
862.476,0.00
862.587,0.00
862.684,0.00
862.780,0.00
862.876,0.00
862.987,0.00
863.083,0.00
863.178,0.00
863.275,0.00
863.386,0.00
863.483,0.00
863.579,0.00
863.674,0.00
863.786,0.00
863.882,0.00
863.978,0.00
864.074,0.00
864.185,0.00
864.282,0.00
864.378,0.00
864.473,0.00
864.585,0.00
864.681,0.00
864.776,0.00
864.888,0.00
864.985,0.00
865.081,0.00
865.177,0.00
865.287,0.00
865.385,0.00
865.480,0.00
865.575,0.00
865.688,0.00
865.783,0.00
865.879,0.00
865.975,0.00
866.086,0.00
866.183,0.00
866.278,0.00
866.373,0.00
866.486,0.00
866.582,0.00
866.679,0.00
866.774,0.00
866.885,0.00
866.982,0.00
867.077,0.00
867.188,0.00
867.285,0.00
867.380,0.00
867.476,0.00
867.588,0.00
867.684,0.00
867.780,0.00
867.876,0.00
867.988,0.00
868.083,0.00
868.179,0.00
868.276,0.00
868.387,0.00
868.482,0.00
868.579,0.00
868.674,0.00
868.787,0.00
868.883,0.00
868.978,0.00
869.089,0.00
869.185,0.00
869.281,0.00
869.378,0.00
869.489,0.00
869.586,0.00
869.681,0.00
869.777,0.00
869.889,0.00
869.985,0.00
870.081,0.00
870.176,0.00
870.288,0.00
870.384,0.00
870.480,0.00
870.576,0.00
870.688,0.00
870.783,0.00
870.879,0.00
870.975,0.00
871.086,0.00
871.183,0.00
871.279,0.00
871.375,0.00
871.486,0.00
871.582,0.00
871.678,0.00
871.789,0.00
871.886,0.00
871.982,0.00
872.077,0.00
872.189,0.00
872.285,0.00
872.381,0.00
872.477,0.00
872.588,0.00
872.684,0.00
872.781,0.00
872.876,0.00
872.988,0.00
873.086,0.00
873.179,0.00
873.276,0.00
873.388,0.00
873.483,0.00
873.580,0.00
873.690,0.00
873.787,0.00
873.883,0.00
873.979,0.00
874.090,0.00
874.187,0.00
874.282,0.00
874.378,0.00
874.490,0.00
874.585,0.00
874.681,0.00
874.778,0.00
874.889,0.00
874.985,0.00
875.081,0.00
875.177,0.00
875.289,0.00
875.385,0.00
875.482,0.00
875.576,0.00
875.687,0.00
875.784,0.00
875.879,0.00
875.991,0.00
876.088,0.00
876.183,0.00
876.279,0.00
876.391,0.00
876.487,0.00
876.583,0.00
876.678,0.00
876.790,0.00
876.886,0.00
876.982,0.00
877.078,0.00
877.190,0.00
877.286,0.00
877.382,0.00
877.493,0.00
877.589,0.00
877.686,0.00
877.780,0.00
877.893,0.00
877.989,0.00
878.085,0.00
878.181,0.00
878.292,0.00
878.388,0.00
878.484,0.00
878.579,0.00
878.691,0.00
878.788,0.00
878.884,0.00
878.980,0.00
879.091,0.00
879.188,0.00
879.282,0.00
879.378,0.00
879.491,0.00
879.586,0.00
879.682,0.00
879.793,0.00
879.890,0.00
879.986,0.00
880.082,0.00
880.193,0.00
880.289,0.00
880.385,0.00
880.481,0.00
880.593,0.00
880.689,0.00
880.785,0.00
880.880,0.00
880.993,0.00
881.088,0.00
881.184,0.00
881.280,0.00
881.392,0.00
881.487,0.00
881.583,0.00
881.680,0.00
881.791,0.00
881.887,0.00
881.983,0.00
882.079,0.00
882.191,0.00
882.286,0.00
882.382,0.00
882.493,0.00
882.590,0.00
882.686,0.00
882.781,0.00
882.894,0.00
882.989,0.00
883.085,0.00
883.180,0.00
883.293,0.00
883.389,0.00
883.485,0.00
883.580,0.00
883.692,0.00
883.788,0.00
883.884,0.00
883.980,0.00
884.092,0.00
884.187,0.00
884.283,0.00
884.379,0.00
884.492,0.00
884.586,0.00
884.682,0.00
884.794,0.00
884.891,0.00
884.986,0.00
885.082,0.00
885.193,0.00
885.290,0.00
885.386,0.00
885.482,0.00
885.593,0.00
885.689,0.00
885.785,0.00
885.881,0.00
885.993,0.00
886.089,0.00
886.185,0.00
886.280,0.00
886.395,0.00
886.488,0.00
886.585,0.00
886.681,0.00
886.791,0.00
886.888,0.00
886.983,0.00
887.095,0.00
887.191,0.00
887.286,0.00
887.383,0.00
887.494,0.00
887.590,0.00
887.686,0.00
887.783,0.00
887.893,0.00
887.990,0.00
888.086,0.00
888.181,0.00
888.293,0.00
888.389,0.00
888.485,0.00
888.583,0.00
888.693,0.00
888.789,0.00
888.884,0.00
888.980,0.00
889.092,0.00
889.189,0.00
889.284,0.00
889.380,0.00
889.491,0.00
889.587,0.00
889.683,0.00
889.794,0.00
889.891,0.00
889.987,0.00
890.082,0.00
890.194,0.00
890.290,0.00
890.386,0.00
890.482,0.00
890.594,0.00
890.690,0.00
890.786,0.00
890.881,0.00
890.993,0.00
891.090,0.00
891.185,0.00
891.281,0.00
891.392,0.00
891.488,0.00
891.584,0.00
891.680,0.00
891.793,0.00
891.887,0.00
891.984,0.00
892.079,0.00
892.191,0.00
892.287,0.00
892.383,0.00
892.494,0.00
892.591,0.00
892.687,0.00
892.783,0.00
892.894,0.00
892.990,0.00
893.086,0.00
893.182,0.00
893.294,0.00
893.389,0.00
893.486,0.00
893.581,0.00
893.693,0.00
893.789,0.00
893.885,0.00
893.981,0.00
894.093,0.00
894.189,0.00
894.284,0.00
894.380,0.00
894.492,0.00
894.588,0.00
894.684,0.00
894.795,0.00
894.891,0.00
894.987,0.00
895.083,0.00
895.196,0.00
895.291,0.00
895.387,0.00
895.483,0.00
895.594,0.00
895.690,0.00
895.786,0.00
895.897,0.00
895.994,0.00
896.089,0.00
896.186,0.00
896.297,0.00
896.393,0.00
896.489,0.00
896.584,0.00
896.697,0.00
896.792,0.00
896.888,0.00
896.984,0.00
897.096,0.00
897.191,0.00
897.287,0.00
897.384,0.00
897.495,0.00
897.591,0.00
897.687,0.00
897.783,0.00
897.894,0.00
897.991,0.00
898.090,0.00
898.182,0.00
898.294,0.00
898.391,0.00
898.487,0.00
898.597,0.00
898.694,0.00
898.789,0.00
898.886,0.00
898.997,0.00
899.094,0.00
899.189,0.00
899.284,0.00
899.396,0.00
899.493,0.00
899.588,0.00
899.684,0.00
899.796,0.00
899.892,0.00
899.988,0.00
900.084,0.00
900.195,0.00
900.291,0.00
900.386,0.00
900.483,0.00
900.595,0.00
900.691,0.00
900.786,0.00
900.898,0.00
900.994,0.00
901.090,0.00
901.186,0.00
901.297,0.00
901.394,0.00
901.489,0.00
901.585,0.00
901.697,0.00
901.793,0.00
901.889,0.00
901.985,0.00
902.097,0.00
902.193,0.00
902.288,0.00
902.385,0.00
902.496,0.00
902.592,0.00
902.688,0.00
902.783,0.00
902.895,0.00
902.991,0.00
903.087,0.00
903.183,0.00
903.294,0.00
903.390,0.00
903.486,0.00
903.597,0.00
903.694,0.00
903.789,0.00
903.885,0.00
903.998,0.00
904.093,0.00
904.189,0.00
904.285,0.00
904.396,0.00
904.493,0.00
904.588,0.00
904.685,0.00
904.797,0.00
904.892,0.00
904.988,0.00
905.084,0.00
905.195,0.00
905.291,0.00
905.387,0.00
905.484,0.00
905.595,0.00
905.691,0.00
905.787,0.00
905.898,0.00
905.994,0.00
906.091,0.00
906.186,0.00
906.298,0.00
906.394,0.00
906.490,0.00
906.586,0.00
906.697,0.00
906.793,0.00
906.890,0.00
906.985,0.00
907.096,0.00
907.192,0.00
907.288,0.00
907.384,0.00
907.497,0.00
907.592,0.00
907.689,0.00
907.784,0.00
907.895,0.00
907.992,0.00
908.088,0.00
908.199,0.00
908.295,0.00
908.391,0.00
908.487,0.00
908.598,0.00
908.694,0.00
908.791,0.00
908.886,0.00
908.998,0.00
909.094,0.00
909.190,0.00
909.285,0.00
909.398,0.00
909.493,0.00
909.589,0.00
909.685,0.00
909.797,0.00
909.893,0.00
909.989,0.00
910.084,0.00
910.196,0.00
910.292,0.00
910.388,0.00
910.483,0.00
910.595,0.00
910.692,0.00
910.788,0.00
910.899,0.00
910.995,0.00
911.091,0.00
911.186,0.00
911.298,0.00
911.395,0.00
911.492,0.00
911.587,0.00
911.698,0.00
911.794,0.00
911.890,0.00
911.986,0.00
912.097,0.00
912.193,0.00
912.288,0.00
912.385,0.00
912.496,0.00
912.592,0.00
912.688,0.00
912.800,0.00
912.896,0.00
912.991,0.00
913.088,0.00
913.199,0.00
913.296,0.00
913.391,0.00
913.487,0.00
913.599,0.00
913.695,0.00
913.791,0.00
913.886,0.00
913.999,0.00
914.094,0.00
914.190,0.00
914.286,0.00
914.398,0.00
914.494,0.00
914.589,0.00
914.685,0.00
914.797,0.00
914.893,0.00
914.989,0.00
915.100,0.00
915.198,0.00
915.292,0.00
915.388,0.00
915.500,0.00
915.596,0.00
915.692,0.00
915.788,0.00
915.899,0.00
915.995,0.00
916.091,0.00
916.187,0.00
916.299,0.00
916.395,0.00
916.490,0.00
916.586,0.00
916.698,0.00
916.794,0.00
916.890,0.00
916.986,0.00
917.098,0.00
917.194,0.00
917.289,0.00
917.386,0.00
917.497,0.00
917.593,0.00
917.689,0.00
917.800,0.00
917.896,0.00
917.992,0.00
918.089,0.00
918.200,0.00
918.296,0.00
918.391,0.00
918.487,0.00
918.599,0.00
918.696,0.00
918.790,0.00
918.887,0.00
918.999,0.00
919.095,0.00
919.191,0.00
919.286,0.00
919.399,0.00
919.494,0.00
919.589,0.00
919.701,0.00
919.798,0.00
919.893,0.00
919.989,0.00
920.102,0.00
920.198,0.00
920.293,0.00
920.389,0.00
920.500,0.00
920.596,0.00
920.693,0.00
920.788,0.00
920.900,0.00
920.996,0.00
921.092,0.00
921.203,0.00
921.299,0.00
921.396,0.00
921.492,0.00
921.602,0.00
921.699,0.00
921.794,0.00
921.890,0.00
922.003,0.00
922.099,0.00
922.194,0.00
922.289,0.00
922.402,0.00
922.498,0.00
922.593,0.00
922.690,0.00
922.801,0.00
922.897,0.00
922.993,0.00
923.089,0.00
923.200,0.00
923.297,0.00
923.392,0.00
923.488,0.00
923.600,0.00
923.696,0.00
923.792,0.00
923.903,0.00
924.000,0.00
924.096,0.00
924.191,0.00
924.303,0.00
924.398,0.00
924.495,0.00
924.591,0.00
924.702,0.00
924.798,0.00
924.894,0.00
924.990,0.00
925.101,0.00
925.198,0.00
925.294,0.00
925.389,0.00
925.501,0.00
925.596,0.00
925.693,0.00
925.789,0.00
925.900,0.00
925.996,0.00
926.092,0.00
926.204,0.00
926.300,0.00
926.396,0.00
926.491,0.00
926.603,0.00
926.699,0.00
926.795,0.00
926.892,0.00
927.003,0.00
927.098,0.00
927.194,0.00
927.291,0.00
927.402,0.00
927.498,0.00
927.594,0.00
927.690,0.00
927.802,0.00
927.898,0.00
927.994,0.00
928.104,0.00
928.202,0.00
928.296,0.00
928.392,0.00
928.504,0.00
928.600,0.00
928.697,0.00
928.792,0.00
928.904,0.00
929.000,0.00
929.096,0.00
929.191,0.00
929.305,0.00
929.399,0.00
929.495,0.00
929.590,0.00
929.703,0.00
929.799,0.00
929.894,0.00
930.006,0.00
930.102,0.00
930.198,0.00
930.295,0.00
930.405,0.00
930.502,0.00
930.598,0.00
930.693,0.00
930.805,0.00
930.901,0.00
930.996,0.00
931.093,0.00
931.205,0.00
931.300,0.00
931.396,0.00
931.493,0.00
931.603,0.00
931.700,0.00
931.796,0.00
931.892,0.00
932.003,0.00
932.099,0.00
932.195,0.00
932.306,0.00
932.403,0.00
932.498,0.00
932.594,0.00
932.706,0.00
932.802,0.00
932.898,0.00
932.994,0.00
933.105,0.00
933.201,0.00
933.297,0.00
933.394,0.00
933.505,0.00
933.601,0.00
933.697,0.00
933.793,0.00
933.905,0.00
934.001,0.00
934.097,0.00
934.207,0.00
934.304,0.00
934.400,0.00
934.495,0.00
934.607,0.00
934.703,0.00
934.799,0.00
934.895,0.00
935.007,0.00
935.103,0.00
935.198,0.00
935.294,0.00
935.406,0.00
935.502,0.00
935.597,0.00
935.694,0.00
935.805,0.00
935.901,0.00
935.997,0.00
936.093,0.00
936.205,0.00
936.301,0.00
936.397,0.00
936.508,0.00
936.604,0.00
936.700,0.00
936.796,0.00
936.907,0.00
937.003,0.00
937.100,0.00
937.195,0.00
937.307,0.00
937.402,0.00
937.499,0.00
937.594,0.00
937.706,0.00
937.802,0.00
937.898,0.00
937.994,0.00
938.106,0.00
938.202,0.00
938.297,0.00
938.393,0.00
938.505,0.00
938.601,0.00
938.697,0.00
938.792,0.00
938.905,0.00
939.001,0.00
939.097,0.00
939.208,0.00
939.304,0.00
939.400,0.00
939.496,0.00
939.607,0.00
939.703,0.00
939.800,0.00
939.895,0.00
940.008,0.00
940.103,0.00
940.199,0.00
940.295,0.00
940.407,0.00
940.503,0.00
940.599,0.00
940.695,0.00
940.806,0.00
940.902,0.00
940.998,0.00
941.109,0.00
941.206,0.00
941.301,0.00
941.397,0.00
941.510,0.00
941.604,0.00
941.701,0.00
941.796,0.00
941.909,0.00
942.004,0.00
942.100,0.00
942.196,0.00
942.307,0.00
942.404,0.00
942.500,0.00
942.595,0.00
942.707,0.00
942.803,0.00
942.898,0.00
942.995,0.00
943.107,0.00
943.202,0.00
943.298,0.00
943.409,0.00
943.505,0.00
943.601,0.00
943.698,0.00
943.809,0.00
943.906,0.00
944.001,0.00
944.097,0.00
944.208,0.00
944.304,0.00
944.401,0.00
944.497,0.00
944.608,0.00
944.704,0.00
944.801,0.00
944.896,0.00
945.008,0.00
945.103,0.00
945.200,0.00
945.311,0.00
945.407,0.00
945.503,0.00
945.599,0.00
945.710,0.00
945.806,0.00
945.902,0.00
945.998,0.00
946.110,0.00
946.206,0.00
946.302,0.00
946.398,0.00
946.509,0.00
946.605,0.00
946.702,0.00
946.796,0.00
946.908,0.00
947.004,0.00
947.101,0.00
947.196,0.00
947.308,0.00
947.404,0.00
947.500,0.00
947.596,0.00
947.707,0.00
947.804,0.00
947.900,0.00
948.010,0.00
948.107,0.00
948.203,0.00
948.299,0.00
948.411,0.00
948.506,0.00
948.602,0.00
948.698,0.00
948.810,0.00
948.905,0.00
949.002,0.00
949.097,0.00
949.210,0.00
949.305,0.00
949.401,0.00
949.497,0.00
949.609,0.00
949.705,0.00
949.801,0.00
949.896,0.00
950.008,0.00
950.103,0.00
950.200,0.00
950.311,0.00
950.407,0.00
950.503,0.00
950.599,0.00
950.710,0.00
950.807,0.00
950.902,0.00
950.998,0.00
951.111,0.00
951.206,0.00
951.302,0.00
951.398,0.00
951.510,0.00
951.606,0.00
951.701,0.00
951.798,0.00
951.910,0.00
952.004,0.00
952.100,0.00
952.197,0.00
952.308,0.00
952.404,0.00
952.500,0.00
952.596,0.00
952.709,0.00
952.803,0.00
952.900,0.00
953.011,0.00
953.108,0.00
953.203,0.00
953.299,0.00
953.411,0.00
953.507,0.00
953.603,0.00
953.699,0.00
953.810,0.00
953.906,0.00
954.003,0.00
954.098,0.00
954.210,0.00
954.306,0.00
954.401,0.00
954.497,0.00
954.610,0.00
954.705,0.00
954.801,0.00
954.896,0.00
955.009,0.00
955.104,0.00
955.200,0.00
955.311,0.00
955.407,0.00
955.503,0.00
955.600,0.00
955.711,0.00
955.807,0.00
955.904,0.00
955.999,0.00
956.111,0.00
956.207,0.00
956.303,0.00
956.399,0.00
956.510,0.00
956.606,0.00
956.702,0.00
956.813,0.00
956.910,0.00
957.005,0.00
957.101,0.00
957.213,0.00
957.309,0.00
957.405,0.00
957.500,0.00
957.613,0.00
957.708,0.00
957.804,0.00
957.900,0.00
958.012,0.00
958.107,0.00
958.204,0.00
958.315,0.00
958.411,0.00
958.507,0.00
958.603,0.00
958.714,0.00
958.812,0.00
958.907,0.00
959.003,0.00
959.114,0.00
959.210,0.00
959.307,0.00
959.402,0.00
959.514,0.00
959.609,0.00
959.705,0.00
959.801,0.00
959.914,0.00
960.009,0.00
960.104,0.00
960.201,0.00
960.312,0.00
960.408,0.00
960.504,0.00
960.600,0.00
960.712,0.00
960.808,0.00
960.903,0.00
961.015,0.00
961.111,0.00
961.207,0.00
961.303,0.00
961.414,0.00
961.511,0.00
961.607,0.00
961.703,0.00
961.814,0.00
961.910,0.00
962.006,0.00
962.102,0.00
962.214,0.00
962.310,0.00
962.406,0.00
962.501,0.00
962.614,0.00
962.709,0.00
962.805,0.00
962.902,0.00
963.013,0.00
963.109,0.00
963.204,0.00
963.316,0.00
963.412,0.00
963.508,0.00
963.604,0.00
963.716,0.00
963.811,0.00
963.907,0.00
964.002,0.00
964.114,0.00
964.211,0.00
964.307,0.00
964.402,0.00
964.514,0.00
964.610,0.00
964.706,0.00
964.802,0.00
964.914,0.00
965.010,0.00
965.105,0.00
965.217,0.00
965.313,0.00
965.409,0.00
965.505,0.00
965.617,0.00
965.712,0.00
965.809,0.00
965.905,0.00
966.017,0.00
966.112,0.00
966.208,0.00
966.303,0.00
966.415,0.00
966.511,0.00
966.607,0.00
966.703,0.00
966.815,0.00
966.911,0.00
967.007,0.00
967.118,0.00
967.215,0.00
967.310,0.00
967.406,0.00
967.517,0.00
967.614,0.00
967.710,0.00
967.805,0.00
967.918,0.00
968.013,0.00
968.109,0.00
968.205,0.00
968.317,0.00
968.412,0.00
968.508,0.00
968.604,0.00
968.715,0.00
968.811,0.00
968.908,0.00
969.004,0.00
969.116,0.00
969.211,0.00
969.307,0.00
969.418,0.00
969.515,0.00
969.610,0.00
969.707,0.00
969.818,0.00
969.914,0.00
970.010,0.00
970.106,0.00
970.218,0.00
970.314,0.00
970.409,0.00
970.505,0.00
970.616,0.00
970.714,0.00
970.809,0.00
970.904,0.00
971.017,0.00
971.112,0.00
971.208,0.00
971.304,0.00
971.416,0.00
971.511,0.00
971.608,0.00
971.704,0.00
971.815,0.00
971.911,0.00
972.007,0.00
972.118,0.00
972.214,0.00
972.311,0.00
972.406,0.00
972.518,0.00
972.614,0.00
972.710,0.00
972.806,0.00
972.918,0.00
973.013,0.00
973.109,0.00
973.205,0.00
973.317,0.00
973.413,0.00
973.509,0.00
973.605,0.00
973.716,0.00
973.812,0.00
973.908,0.00
974.004,0.00
974.115,0.00
974.212,0.00
974.307,0.00
974.419,0.00
974.515,0.00
974.611,0.00
974.707,0.00
974.818,0.00
974.914,0.00
975.011,0.00
975.106,0.00
975.218,0.00
975.314,0.00
975.410,0.00
975.506,0.00
975.618,0.00
975.713,0.00
975.808,0.00
975.905,0.00
976.018,0.00
976.113,0.00
976.209,0.00
976.321,0.00
976.416,0.00
976.512,0.00
976.607,0.00
976.719,0.00
976.816,0.00
976.911,0.00
977.007,0.00
977.119,0.00
977.214,0.00
977.311,0.00
977.406,0.00
977.519,0.00
977.614,0.00
977.710,0.00
977.806,0.00
977.919,0.00
978.013,0.00
978.110,0.00
978.221,0.00
978.317,0.00
978.413,0.00
978.510,0.00
978.621,0.00
978.716,0.00
978.813,0.00
978.908,0.00
979.020,0.00
979.116,0.00
979.212,0.00
979.308,0.00
979.420,0.00
979.515,0.00
979.612,0.00
979.707,0.00
979.819,0.00
979.914,0.00
980.010,0.00
980.107,0.00
980.218,0.00
980.314,0.00
980.411,0.00
980.521,0.00
980.618,0.00
980.713,0.00
980.809,0.00
980.921,0.00
981.017,0.00
981.113,0.00
981.209,0.00
981.321,0.00
981.416,0.00
981.512,0.00
981.609,0.00
981.720,0.00
981.816,0.00
981.912,0.00
982.007,0.00
982.120,0.00
982.215,0.00
982.311,0.00
982.422,0.00
982.519,0.00
982.615,0.00
982.711,0.00
982.822,0.00
982.918,0.00
983.014,0.00
983.110,0.00
983.222,0.00
983.317,0.00
983.414,0.00
983.510,0.00
983.621,0.00
983.718,0.00
983.813,0.00
983.909,0.00
984.021,0.00
984.117,0.00
984.212,0.00
984.308,0.00
984.420,0.00
984.516,0.00
984.611,0.00
984.707,0.00
984.820,0.00
984.915,0.00
985.011,0.00
985.123,0.00
985.219,0.00
985.315,0.00
985.410,0.00
985.523,0.00
985.619,0.00
985.714,0.00
985.810,0.00
985.922,0.00
986.018,0.00
986.113,0.00
986.209,0.00
986.322,0.00
986.417,0.00
986.513,0.00
986.609,0.00
986.721,0.00
986.816,0.00
986.912,0.00
987.024,0.00
987.119,0.00
987.216,0.00
987.311,0.00
987.423,0.00
987.519,0.00
987.615,0.00
987.711,0.00
987.823,0.00
987.919,0.00
988.015,0.00
988.110,0.00
988.222,0.00
988.318,0.00
988.414,0.00
988.510,0.00
988.622,0.00
988.717,0.00
988.814,0.00
988.910,0.00
989.021,0.00
989.117,0.00
989.213,0.00
989.324,0.00
989.420,0.00
989.516,0.00
989.612,0.00
989.724,0.00
989.819,0.00
989.916,0.00
990.012,0.00
990.123,0.00
990.219,0.00
990.315,0.00
990.410,0.00
990.523,0.00
990.619,0.00
990.714,0.00
990.810,0.00
990.922,0.00
991.018,0.00
991.114,0.00
991.209,0.00
991.321,0.00
991.418,0.00
991.513,0.00
991.624,0.00
991.720,0.00
991.817,0.00
991.912,0.00
992.024,0.00
992.121,0.00
992.216,0.00
992.312,0.00
992.424,0.00
992.520,0.00
992.616,0.00
992.712,0.00
992.823,0.00
992.919,0.00
993.015,0.00
993.111,0.00
993.223,0.00
993.318,0.00
993.415,0.00
993.511,0.00
993.623,0.00
993.718,0.00
993.814,0.00
993.910,0.00
994.021,0.00
994.117,0.00
994.213,0.00
994.325,0.00
994.420,0.00
994.517,0.00
994.613,0.00
994.724,0.00
994.820,0.00
994.917,0.00
995.012,0.00
995.124,0.00
995.220,0.00
995.315,0.00
995.411,0.00
995.524,0.00
995.619,0.00
995.714,0.00
995.811,0.00
995.922,0.00
996.018,0.00
996.114,0.00
996.211,0.00
996.322,0.00
996.418,0.00
996.514,0.00
996.625,0.00
996.722,0.00
996.817,0.00
996.914,0.00
997.024,0.00
997.121,0.00
997.217,0.00
997.313,0.00
997.425,0.00
997.520,0.00
997.616,0.00
997.711,0.00
997.823,0.00
997.919,0.00
998.016,0.00
998.111,0.00
998.223,0.00
998.319,0.00
998.415,0.00
998.511,0.00
998.623,0.00
998.718,0.00
998.815,0.00
998.926,0.00
999.021,0.00
999.118,0.00
999.213,0.00
999.325,0.00
999.422,0.00
999.517,0.00
999.614,0.00
999.725,0.00
999.821,0.00
999.917,0.00
1000.013,0.00
1000.124,0.00
1000.220,0.00
1000.316,0.00
1000.412,0.00
1000.524,0.00
1000.619,0.00
1000.715,0.00
1000.827,0.00
1000.924,0.00
1001.020,0.00
1001.115,0.00
1001.226,0.00
1001.323,0.00
1001.419,0.00
1001.514,0.00
1001.626,0.00
1001.722,0.00
1001.818,0.00
1001.914,0.00
1002.026,0.00
1002.122,0.00
1002.217,0.00
1002.313,0.00
1002.425,0.00
1002.520,0.00
1002.616,0.00
1002.712,0.00
1002.824,0.00
1002.921,0.00
1003.016,0.00
1003.112,0.00
1003.224,0.00
1003.319,0.00
1003.416,0.00
1003.528,0.00
1003.623,0.00
1003.719,0.00
1003.815,0.00
1003.927,0.00
1004.023,0.00
1004.119,0.00
1004.214,0.00
1004.326,0.00
1004.422,0.00
1004.517,0.00
1004.613,0.00
1004.725,0.00
1004.822,0.00
1004.917,0.00
1005.029,0.00
1005.125,0.00
1005.220,0.00
1005.317,0.00
1005.429,0.00
1005.525,0.00
1005.620,0.00
1005.717,0.00
1005.828,0.00
1005.924,0.00
1006.020,0.00
1006.115,0.00
1006.227,0.00
1006.323,0.00
1006.419,0.00
1006.516,0.00
1006.627,0.00
1006.722,0.00
1006.819,0.00
1006.930,0.00
1007.027,0.00
1007.122,0.00
1007.218,0.00
1007.330,0.00
1007.426,0.00
1007.522,0.00
1007.617,0.00
1007.730,0.00
1007.825,0.00
1007.921,0.00
1008.017,0.00
1008.129,0.00
1008.224,0.00
1008.320,0.00
1008.431,0.00
1008.528,0.00
1008.623,0.00
1008.719,0.00
1008.831,0.00
1008.927,0.00
1009.023,0.00
1009.119,0.00
1009.231,0.00
1009.326,0.00
1009.422,0.00
1009.518,0.00
1009.630,0.00
1009.726,0.00
1009.822,0.00
1009.918,0.00
1010.029,0.00
1010.125,0.00
1010.221,0.00
1010.317,0.00
1010.429,0.00
1010.525,0.00
1010.621,0.00
1010.717,0.00
1010.828,0.00
1010.925,0.00
1011.020,0.00
1011.132,0.00
1011.229,0.00
1011.324,0.00
1011.419,0.00
1011.532,0.00
1011.627,0.00
1011.722,0.00
1011.819,0.00
1011.930,0.00
1012.027,0.00
1012.123,0.00
1012.218,0.00
1012.330,0.00
1012.427,0.00
1012.522,0.00
1012.617,0.00
1012.729,0.00
1012.826,0.00
1012.922,0.00
1013.032,0.00
1013.129,0.00
1013.225,0.00
1013.320,0.00
1013.433,0.00
1013.528,0.00
1013.624,0.00
1013.721,0.00
1013.832,0.00
1013.928,0.00
1014.023,0.00
1014.120,0.00
1014.231,0.00
1014.327,0.00
1014.424,0.00
1014.519,0.00
1014.631,0.00
1014.726,0.00
1014.822,0.00
1014.918,0.00
1015.030,0.00
1015.126,0.00
1015.223,0.00
1015.333,0.00
1015.430,0.00
1015.525,0.00
1015.621,0.00
1015.732,0.00
1015.830,0.00
1015.924,0.00
1016.020,0.00
1016.133,0.00
1016.228,0.00
1016.324,0.00
1016.420,0.00
1016.532,0.00
1016.628,0.00
1016.723,0.00
1016.819,0.00
1016.932,0.00
1017.027,0.00
1017.124,0.00
1017.220,0.00
1017.331,0.00
1017.427,0.00
1017.522,0.00
1017.618,0.00
1017.730,0.00
1017.826,0.00
1017.922,0.00
1018.033,0.00
1018.130,0.00
1018.226,0.00
1018.321,0.00
1018.433,0.00
1018.529,0.00
1018.625,0.00
1018.721,0.00
1018.832,0.00
1018.929,0.00
1019.024,0.00
1019.120,0.00
1019.232,0.00
1019.328,0.00
1019.424,0.00
1019.519,0.00
1019.631,0.00
1019.728,0.00
1019.823,0.00
1019.934,0.00
1020.030,0.00
1020.127,0.00
1020.223,0.00
1020.334,0.00
1020.430,0.00
1020.527,0.00
1020.621,0.00
1020.734,0.00
1020.829,0.00
1020.926,0.00
1021.021,0.00
1021.132,0.00
1021.229,0.00
1021.325,0.00
1021.420,0.00
1021.532,0.00
1021.628,0.00
1021.724,0.00
1021.835,0.00
1021.932,0.00
1022.028,0.00
1022.123,0.00
1022.234,0.00
1022.331,0.00
1022.427,0.00
1022.522,0.00
1022.635,0.00
1022.731,0.00
1022.826,0.00
1022.922,0.00
1023.034,0.00
1023.130,0.00
1023.225,0.00
1023.322,0.00
1023.434,0.00
1023.529,0.00
1023.625,0.00
1023.721,0.00
1023.833,0.00
1023.929,0.00
1024.025,0.00
1024.136,0.00
1024.232,0.00
1024.328,0.00
1024.424,0.00
1024.535,0.00
1024.632,0.00
1024.728,0.00
1024.823,0.00
1024.935,0.00
1025.031,0.00
1025.127,0.00
1025.222,0.00
1025.334,0.00
1025.431,0.00
1025.526,0.00
1025.622,0.00
1025.734,0.00
1025.829,0.00
1025.926,0.00
1026.022,0.00
1026.133,0.00
1026.230,0.00
1026.324,0.00
1026.436,0.00
1026.533,0.00
1026.629,0.00
1026.724,0.00
1026.836,0.00
1026.932,0.00
1027.028,0.00
1027.124,0.00
1027.235,0.00
1027.331,0.00
1027.427,0.00
1027.523,0.00
1027.635,0.00
1027.730,0.00
1027.826,0.00
1027.923,0.00
1028.034,0.00
1028.130,0.00
1028.226,0.00
1028.322,0.00
1028.434,0.00
1028.530,0.00
1028.626,0.00
1028.722,0.00
1028.833,0.00
1028.930,0.00
1029.026,0.00
1029.136,0.00
1029.233,0.00
1029.329,0.00
1029.424,0.00
1029.536,0.00
1029.632,0.00
1029.728,0.00
1029.824,0.00
1029.935,0.00
1030.031,0.00
1030.128,0.00
1030.223,0.00
1030.335,0.00
1030.431,0.00
1030.526,0.00
1030.638,0.00
1030.735,0.00
1030.831,0.00
1030.926,0.00
1031.037,0.00
1031.133,0.00
1031.229,0.00
1031.325,0.00
1031.437,0.00
1031.533,0.00
1031.629,0.00
1031.724,0.00
1031.836,0.00
1031.933,0.00
1032.028,0.00
1032.124,0.00
1032.236,0.00
1032.332,0.00
1032.428,0.00
1032.539,0.00
1032.636,0.00
1032.732,0.00
1032.826,0.00
1032.938,0.00
1033.035,0.00
1033.130,0.00
1033.226,0.00
1033.338,0.00
1033.434,0.00
1033.530,0.00
1033.625,0.00
1033.738,0.00
1033.833,0.00
1033.929,0.00
1034.025,0.00
1034.136,0.00
1034.233,0.00
1034.329,0.00
1034.424,0.00
1034.537,0.00
1034.632,0.00
1034.727,0.00
1034.840,0.00
1034.936,0.00
1035.032,0.00
1035.127,0.00
1035.239,0.00
1035.335,0.00
1035.431,0.00
1035.527,0.00
1035.639,0.00
1035.735,0.00
1035.830,0.00
1035.926,0.00
1036.038,0.00
1036.134,0.00
1036.230,0.00
1036.326,0.00
1036.438,0.00
1036.534,0.00
1036.629,0.00
1036.725,0.00
1036.837,0.00
1036.933,0.00
1037.028,0.00
1037.125,0.00
1037.236,0.00
1037.332,0.00
1037.427,0.00
1037.539,0.00
1037.636,0.00
1037.731,0.00
1037.828,0.00
1037.938,0.00
1038.036,0.00
1038.131,0.00
1038.227,0.00
1038.338,0.00
1038.434,0.00
1038.531,0.00
1038.626,0.00
1038.738,0.00
1038.834,0.00
1038.930,0.00
1039.026,0.00
1039.138,0.00
1039.234,0.00
1039.329,0.00
1039.425,0.00
1039.537,0.00
1039.633,0.00
1039.728,0.00
1039.840,0.00
1039.936,0.00
1040.032,0.00
1040.128,0.00
1040.239,0.00
1040.335,0.00
1040.432,0.00
1040.527,0.00
1040.640,0.00
1040.734,0.00
1040.831,0.00
1040.927,0.00
1041.039,0.00
1041.134,0.00
1041.230,0.00
1041.327,0.00
1041.438,0.00
1041.533,0.00
1041.629,0.00
1041.726,0.00
1041.837,0.00
1041.933,0.00
1042.028,0.00
1042.125,0.00
1042.237,0.00
1042.332,0.00
1042.429,0.00
1042.540,0.00
1042.636,0.00
1042.731,0.00
1042.828,0.00
1042.939,0.00
1043.036,0.00
1043.131,0.00
1043.227,0.00
1043.339,0.00
1043.435,0.00
1043.530,0.00
1043.627,0.00
1043.738,0.00
1043.834,0.00
1043.930,0.00
1044.026,0.00
1044.138,0.00
1044.234,0.00
1044.329,0.00
1044.425,0.00
1044.537,0.00
1044.633,0.00
1044.729,0.00
1044.840,0.00
1044.937,0.00
1045.033,0.00
1045.128,0.00
1045.240,0.00
1045.336,0.00
1045.432,0.00
1045.527,0.00
1045.640,0.00
1045.735,0.00
1045.832,0.00
1045.926,0.00
1046.039,0.00
1046.135,0.00
1046.231,0.00
1046.326,0.00
1046.438,0.00
1046.534,0.00
1046.630,0.00
1046.726,0.00
1046.838,0.00
1046.933,0.00
1047.030,0.00
1047.126,0.00
1047.237,0.00
1047.333,0.00
1047.429,0.00
1047.540,0.00
1047.637,0.00
1047.733,0.00
1047.829,0.00
1047.940,0.00
1048.036,0.00
1048.131,0.00
1048.227,0.00
1048.340,0.00
1048.435,0.00
1048.531,0.00
1048.627,0.00
1048.738,0.00
1048.835,0.00
1048.930,0.00
1049.026,0.00
1049.138,0.00
1049.234,0.00
1049.329,0.00
1049.425,0.00
1049.538,0.00
1049.633,0.00
1049.729,0.00
1049.840,0.00
1049.937,0.00
1050.033,0.00
1050.129,0.00
1050.243,0.00
1050.336,0.00
1050.432,0.00
1050.527,0.00
1050.639,0.00
1050.735,0.00
1050.832,0.00
1050.929,0.00
1051.039,0.00
1051.135,0.00
1051.230,0.00
1051.327,0.00
1051.439,0.00
1051.535,0.00
1051.631,0.00
1051.726,0.00
1051.838,0.00
1051.935,0.00
1052.029,0.00
1052.141,0.00
1052.238,0.00
1052.333,0.00
1052.429,0.00
1052.540,0.00
1052.637,0.00
1052.733,0.00
1052.829,0.00
1052.940,0.00
1053.036,0.00
1053.132,0.00
1053.228,0.00
1053.340,0.00
1053.436,0.00
1053.532,0.00
1053.627,0.00
1053.740,0.00
1053.836,0.00
1053.931,0.00
1054.027,0.00
1054.139,0.00
1054.234,0.00
1054.331,0.00
1054.426,0.00
1054.539,0.00
1054.634,0.00
1054.730,0.00
1054.841,0.00
1054.938,0.00
1055.033,0.00
1055.129,0.00
1055.241,0.00
1055.337,0.00
1055.433,0.00
1055.528,0.00
1055.640,0.00
1055.736,0.00
1055.832,0.00
1055.928,0.00
1056.039,0.00
1056.135,0.00
1056.232,0.00
1056.327,0.00
1056.439,0.00
1056.535,0.00
1056.630,0.00
1056.726,0.00
1056.839,0.00
1056.934,0.00
1057.030,0.00
1057.141,0.00
1057.238,0.00
1057.334,0.00
1057.429,0.00
1057.541,0.00
1057.638,0.00
1057.733,0.00
1057.828,0.00
1057.942,0.00
1058.036,0.00
1058.132,0.00
1058.228,0.00
1058.340,0.00
1058.436,0.00
1058.532,0.00
1058.628,0.00
1058.740,0.00
1058.835,0.00
1058.931,0.00
1059.027,0.00
1059.139,0.00
1059.234,0.00
1059.330,0.00
1059.442,0.00
1059.539,0.00
1059.634,0.00
1059.730,0.00
1059.841,0.00
1059.937,0.00
1060.034,0.00
1060.129,0.00
1060.242,0.00
1060.337,0.00
1060.432,0.00
1060.528,0.00
1060.640,0.00
1060.736,0.00
1060.832,0.00
1060.929,0.00
1061.040,0.00
1061.136,0.00
1061.231,0.00
1061.327,0.00
1061.440,0.00
1061.535,0.00
1061.631,0.00
1061.742,0.00
1061.839,0.00
1061.934,0.00
1062.030,0.00
1062.142,0.00
1062.238,0.00
1062.334,0.00
1062.430,0.00
1062.542,0.00
1062.637,0.00
1062.733,0.00
1062.829,0.00
1062.941,0.00
1063.037,0.00
1063.133,0.00
1063.229,0.00
1063.341,0.00
1063.436,0.00
1063.532,0.00
1063.628,0.00
1063.740,0.00
1063.836,0.00
1063.933,0.00
1064.028,0.00
1064.139,0.00
1064.235,0.00
1064.331,0.00
1064.442,0.00
1064.539,0.00
1064.636,0.00
1064.731,0.00
1064.842,0.00
1064.938,0.00
1065.034,0.00
1065.129,0.00
1065.241,0.00
1065.338,0.00
1065.433,0.00
1065.529,0.00
1065.641,0.00
1065.737,0.00
1065.832,0.00
1065.929,0.00
1066.040,0.00
1066.136,0.00
1066.232,0.00
1066.328,0.00
1066.440,0.00
1066.536,0.00
1066.631,0.00
1066.728,0.00
1066.839,0.00
1066.935,0.00
1067.031,0.00
1067.142,0.00
1067.240,0.00
1067.335,0.00
1067.431,0.00
1067.542,0.00
1067.638,0.00
1067.734,0.00
1067.829,0.00
1067.941,0.00
1068.038,0.00
1068.134,0.00
1068.229,0.00
1068.341,0.00
1068.437,0.00
1068.533,0.00
1068.629,0.00
1068.741,0.00
1068.837,0.00
1068.932,0.00
1069.028,0.00
1069.140,0.00
1069.235,0.00
1069.332,0.00
1069.443,0.00
1069.539,0.00
1069.636,0.00
1069.731,0.00
1069.842,0.00
1069.939,0.00
1070.035,0.00
1070.130,0.00
1070.242,0.00
1070.338,0.00
1070.435,0.00
1070.530,0.00
1070.642,0.00
1070.737,0.00
1070.833,0.00
1070.929,0.00
1071.041,0.00
1071.136,0.00
1071.233,0.00
1071.328,0.00
1071.441,0.00
1071.537,0.00
1071.632,0.00
1071.729,0.00
1071.840,0.00
1071.935,0.00
1072.031,0.00
1072.143,0.00
1072.239,0.00
1072.335,0.00
1072.430,0.00
1072.543,0.00
1072.640,0.00
1072.735,0.00
1072.830,0.00
1072.943,0.00
1073.038,0.00
1073.135,0.00
1073.230,0.00
1073.342,0.00
1073.438,0.00
1073.534,0.00
1073.629,0.00
1073.741,0.00
1073.837,0.00
1073.933,0.00
1074.029,0.00
1074.141,0.00
1074.236,0.00
1074.332,0.00
1074.443,0.00
1074.540,0.00
1074.635,0.00
1074.732,0.00
1074.843,0.00
1074.939,0.00
1075.035,0.00
1075.131,0.00
1075.243,0.00
1075.339,0.00
1075.434,0.00
1075.531,0.00
1075.642,0.00
1075.738,0.00
1075.834,0.00
1075.930,0.00
1076.042,0.00
1076.137,0.00
1076.234,0.00
1076.329,0.00
1076.441,0.00
1076.537,0.00
1076.633,0.00
1076.744,0.00
1076.840,0.00
1076.936,0.00
1077.032,0.00
1077.143,0.00
1077.240,0.00
1077.335,0.00
1077.432,0.00
1077.543,0.00
1077.639,0.00
1077.735,0.00
1077.830,0.00
1077.943,0.00
1078.039,0.00
1078.135,0.00
1078.231,0.00
1078.342,0.00
1078.438,0.00
1078.534,0.00
1078.629,0.00
1078.742,0.00
1078.837,0.00
1078.934,0.00
1079.030,0.00
1079.141,0.00
1079.237,0.00
1079.333,0.00
1079.445,0.00
1079.540,0.00
1079.637,0.00
1079.732,0.00
1079.844,0.00
1079.940,0.00
1080.036,0.00
1080.132,0.00
1080.243,0.00
1080.339,0.00
1080.436,0.00
1080.530,0.00
1080.643,0.00
1080.738,0.00
1080.834,0.00
1080.930,0.00
1081.043,0.00
1081.138,0.00
1081.233,0.00
1081.345,0.00
1081.442,0.00
1081.537,0.00
1081.634,0.00
1081.745,0.00
1081.841,0.00
1081.937,0.00
1082.033,0.00
1082.144,0.00
1082.241,0.00
1082.337,0.00
1082.432,0.00
1082.544,0.00
1082.639,0.00
1082.737,0.00
1082.831,0.00
1082.943,0.00
1083.039,0.00
1083.134,0.00
1083.231,0.00
1083.343,0.00
1083.439,0.00
1083.534,0.00
1083.645,0.00
1083.741,0.00
1083.838,0.00
1083.933,0.00
1084.046,0.00
1084.142,0.00
1084.237,0.00
1084.333,0.00
1084.446,0.00
1084.541,0.00
1084.637,0.00
1084.733,0.00
1084.844,0.00
1084.940,0.00
1085.036,0.00
1085.133,0.00
1085.244,0.00
1085.340,0.00
1085.436,0.00
1085.547,0.00
1085.643,0.00
1085.740,0.00
1085.834,0.00
1085.946,0.00
1086.043,0.00
1086.139,0.00
1086.235,0.00
1086.346,0.00
1086.442,0.00
1086.538,0.00
1086.633,0.00
1086.745,0.00
1086.841,0.00
1086.937,0.00
1087.033,0.00
1087.145,0.00
1087.241,0.00
1087.336,0.00
1087.432,0.00
1087.544,0.00
1087.641,0.00
1087.737,0.00
1087.832,0.00
1087.945,0.00
1088.039,0.00
1088.135,0.00
1088.247,0.00
1088.343,0.00
1088.439,0.00
1088.535,0.00
1088.646,0.00
1088.742,0.00
1088.839,0.00
1088.934,0.00
1089.046,0.00
1089.142,0.00
1089.239,0.00
1089.334,0.00
1089.445,0.00
1089.542,0.00
1089.638,0.00
1089.733,0.00
1089.845,0.00
1089.940,0.00
1090.037,0.00
1090.132,0.00
1090.244,0.00
1090.339,0.00
1090.436,0.00
1090.547,0.00
1090.644,0.00
1090.740,0.00
1090.835,0.00
1090.947,0.00
1091.043,0.00
1091.139,0.00
1091.235,0.00
1091.346,0.00
1091.442,0.00
1091.539,0.00
1091.634,0.00
1091.746,0.00
1091.842,0.00
1091.937,0.00
1092.034,0.00
1092.146,0.00
1092.242,0.00
1092.337,0.00
1092.432,0.00
1092.545,0.00
1092.641,0.00
1092.737,0.00
1092.848,0.00
1092.944,0.00
1093.040,0.00
1093.136,0.00
1093.248,0.00
1093.345,0.00
1093.440,0.00
1093.535,0.00
1093.648,0.00
1093.743,0.00
1093.840,0.00
1093.935,0.00
1094.046,0.00
1094.143,0.00
1094.238,0.00
1094.334,0.00
1094.446,0.00
1094.542,0.00
1094.638,0.00
1094.734,0.00
1094.845,0.00
1094.942,0.00
1095.037,0.00
1095.148,0.00
1095.245,0.00
1095.341,0.00
1095.437,0.00
1095.548,0.00
1095.645,0.00
1095.741,0.00
1095.837,0.00
1095.948,0.00
1096.044,0.00
1096.140,0.00
1096.235,0.00
1096.348,0.00
1096.443,0.00
1096.539,0.00
1096.635,0.00
1096.747,0.00
1096.843,0.00
1096.938,0.00
1097.050,0.00
1097.146,0.00
1097.242,0.00
1097.337,0.00
1097.449,0.00
1097.545,0.00
1097.641,0.00
1097.737,0.00
1097.849,0.00
1097.946,0.00
1098.041,0.00
1098.136,0.00
1098.249,0.00
1098.345,0.00
1098.441,0.00
1098.536,0.00
1098.647,0.00
1098.743,0.00
1098.839,0.00
1098.935,0.00
1099.047,0.00
1099.144,0.00
1099.239,0.00
1099.350,0.00
1099.447,0.00
1099.543,0.00
1099.639,0.00
1099.749,0.00
1099.847,0.00
1099.942,0.00
1100.038,0.00
1100.150,0.00
1100.246,0.00
1100.341,0.00
1100.438,0.00
1100.549,0.00
1100.645,0.00
1100.741,0.00
1100.837,0.00
1100.949,0.00
1101.044,0.00
1101.140,0.00
1101.236,0.00
1101.348,0.00
1101.444,0.00
1101.541,0.00
1101.635,0.00
1101.747,0.00
1101.844,0.00
1101.939,0.00
1102.050,0.00
1102.146,0.00
1102.243,0.00
1102.338,0.00
1102.450,0.00
1102.546,0.00
1102.642,0.00
1102.738,0.00
1102.849,0.00
1102.946,0.00
1103.041,0.00
1103.138,0.00
1103.248,0.00
1103.346,0.00
1103.441,0.00
1103.537,0.00
1103.649,0.00
1103.744,0.00
1103.840,0.00
1103.936,0.00
1104.049,0.00
1104.144,0.00
1104.239,0.00
1104.351,0.00
1104.448,0.00
1104.543,0.00
1104.638,0.00
1104.750,0.00
1104.847,0.00
1104.942,0.00
1105.038,0.00
1105.152,0.00
1105.246,0.00
1105.341,0.00
1105.438,0.00
1105.549,0.00
1105.646,0.00
1105.742,0.00
1105.852,0.00
1105.949,0.00
1106.046,0.00
1106.140,0.00
1106.253,0.00
1106.348,0.00
1106.444,0.00
1106.540,0.00
1106.652,0.00
1106.748,0.00
1106.844,0.00
1106.939,0.00
1107.052,0.00
1107.147,0.00
1107.243,0.00
1107.339,0.00
1107.451,0.00
1107.546,0.00
1107.642,0.00
1107.738,0.00
1107.849,0.00
1107.946,0.00
1108.042,0.00
1108.153,0.00
1108.249,0.00
1108.345,0.00
1108.441,0.00
1108.552,0.00
1108.648,0.00
1108.745,0.00
1108.840,0.00
1108.953,0.00
1109.048,0.00
1109.144,0.00
1109.240,0.00
1109.353,0.00
1109.448,0.00
1109.544,0.00
1109.639,0.00
1109.751,0.00
1109.847,0.00
1109.943,0.00
1110.039,0.00
1110.150,0.00
1110.246,0.00
1110.342,0.00
1110.438,0.00
1110.550,0.00
1110.646,0.00
1110.741,0.00
1110.853,0.00
1110.949,0.00
1111.045,0.00
1111.142,0.00
1111.253,0.00
1111.349,0.00
1111.445,0.00
1111.540,0.00
1111.653,0.00
1111.748,0.00
1111.844,0.00
1111.940,0.00
1112.052,0.00
1112.147,0.00
1112.243,0.00
1112.340,0.00
1112.451,0.00
1112.547,0.00
1112.642,0.00
1112.739,0.00
1112.851,0.00
1112.947,0.00
1113.043,0.00
1113.153,0.00
1113.250,0.00
1113.346,0.00
1113.442,0.00
1113.554,0.00
1113.649,0.00
1113.744,0.00
1113.841,0.00
1113.953,0.00
1114.048,0.00
1114.144,0.00
1114.241,0.00
1114.352,0.00
1114.448,0.00
1114.543,0.00
1114.640,0.00
1114.751,0.00
1114.847,0.00
1114.943,0.00
1115.039,0.00
1115.151,0.00
1115.247,0.00
1115.343,0.00
1115.454,0.00
1115.550,0.00
1115.646,0.00
1115.742,0.00
1115.854,0.00
1115.950,0.00
1116.045,0.00
1116.142,0.00
1116.253,0.00
1116.349,0.00
1116.445,0.00
1116.541,0.00
1116.653,0.00
1116.749,0.00
1116.844,0.00
1116.940,0.00
1117.052,0.00
1117.148,0.00
1117.243,0.00
1117.340,0.00
1117.451,0.00
1117.547,0.00
1117.643,0.00
1117.740,0.00
1117.850,0.00
1117.946,0.00
1118.042,0.00
1118.154,0.00
1118.250,0.00
1118.346,0.00
1118.443,0.00
1118.554,0.00
1118.649,0.00
1118.746,0.00
1118.842,0.00
1118.953,0.00
1119.049,0.00
1119.145,0.00
1119.241,0.00
1119.352,0.00
1119.448,0.00
1119.544,0.00
1119.655,0.00
1119.752,0.00
1119.848,0.00
1119.943,0.00
1120.055,0.00
1120.152,0.00
1120.247,0.00
1120.343,0.00
1120.455,0.00
1120.551,0.00
1120.646,0.00
1120.743,0.00
1120.855,0.00
1120.950,0.00
1121.046,0.00
1121.142,0.00
1121.254,0.00
1121.349,0.00
1121.445,0.00
1121.557,0.00
1121.654,0.00
1121.749,0.00
1121.845,0.00
1121.957,0.00
1122.052,0.00
1122.148,0.00
1122.245,0.00
1122.356,0.00
1122.452,0.00
1122.548,0.00
1122.644,0.00
1122.756,0.00
1122.852,0.00
1122.948,0.00
1123.044,0.00
1123.155,0.00
1123.251,0.00
1123.347,0.00
1123.443,0.00
1123.555,0.00
1123.650,0.00
1123.747,0.00
1123.857,0.00
1123.953,0.00
1124.049,0.00
1124.146,0.00
1124.257,0.00
1124.354,0.00
1124.449,0.00
1124.545,0.00
1124.657,0.00
1124.752,0.00
1124.849,0.00
1124.945,0.00
1125.056,0.00
1125.152,0.00
1125.248,0.00
1125.343,0.00
1125.455,0.00
1125.551,0.00
1125.648,0.00
1125.743,0.00
1125.855,0.00
1125.951,0.00
1126.047,0.00
1126.158,0.00
1126.255,0.00
1126.350,0.00
1126.446,0.00
1126.558,0.00
1126.654,0.00
1126.750,0.00
1126.845,0.00
1126.957,0.00
1127.054,0.00
1127.149,0.00
1127.245,0.00
1127.356,0.00
1127.453,0.00
1127.549,0.00
1127.645,0.00
1127.757,0.00
1127.852,0.00
1127.948,0.00
1128.043,0.00
1128.156,0.00
1128.252,0.00
1128.348,0.00
1128.458,0.00
1128.555,0.00
1128.650,0.00
1128.747,0.00
1128.858,0.00
1128.954,0.00
1129.050,0.00
1129.147,0.00
1129.258,0.00
1129.353,0.00
1129.451,0.00
1129.545,0.00
1129.658,0.00
1129.753,0.00
1129.849,0.00
1129.945,0.00
1130.056,0.00
1130.153,0.00
1130.249,0.00
1130.359,0.00
1130.456,0.00
1130.552,0.00
1130.648,0.00
1130.759,0.00
1130.855,0.00
1130.951,0.00
1131.047,0.00
1131.159,0.00
1131.255,0.00
1131.351,0.00
1131.446,0.00
1131.558,0.00
1131.654,0.00
1131.750,0.00
1131.846,0.00
1131.958,0.00
1132.054,0.00
1132.150,0.00
1132.246,0.00
1132.357,0.00
1132.453,0.00
1132.549,0.00
1132.644,0.00
1132.757,0.00
1132.853,0.00
1132.948,0.00
1133.059,0.00
1133.156,0.00
1133.252,0.00
1133.347,0.00
1133.460,0.00
1133.556,0.00
1133.651,0.00
1133.747,0.00
1133.858,0.00
1133.955,0.00
1134.051,0.00
1134.147,0.00
1134.258,0.00
1134.355,0.00
1134.450,0.00
1134.546,0.00
1134.658,0.00
1134.754,0.00
1134.849,0.00
1134.945,0.00
1135.056,0.00
1135.153,0.00
1135.249,0.00
1135.360,0.00
1135.456,0.00
1135.552,0.00
1135.648,0.00
1135.759,0.00
1135.856,0.00
1135.952,0.00
1136.047,0.00
1136.159,0.00
1136.255,0.00
1136.351,0.00
1136.447,0.00
1136.559,0.00
1136.654,0.00
1136.751,0.00
1136.847,0.00
1136.957,0.00
1137.054,0.00
1137.150,0.00
1137.245,0.00
1137.357,0.00
1137.453,0.00
1137.549,0.00
1137.661,0.00
1137.757,0.00
1137.853,0.00
1137.948,0.00
1138.061,0.00
1138.156,0.00
1138.252,0.00
1138.347,0.00
1138.460,0.00
1138.556,0.00
1138.651,0.00
1138.747,0.00
1138.859,0.00
1138.955,0.00
1139.051,0.00
1139.147,0.00
1139.258,0.00
1139.354,0.00
1139.451,0.00
1139.561,0.00
1139.658,0.00
1139.754,0.00
1139.850,0.00
1139.961,0.00
1140.058,0.00
1140.153,0.00
1140.250,0.00
1140.361,0.00
1140.457,0.00
1140.553,0.00
1140.648,0.00
1140.760,0.00
1140.856,0.00
1140.952,0.00
1141.048,0.00
1141.160,0.00
1141.255,0.00
1141.351,0.00
1141.447,0.00
1141.559,0.00
1141.655,0.00
1141.751,0.00
1141.847,0.00
1141.959,0.00
1142.054,0.00
1142.150,0.00
1142.261,0.00
1142.358,0.00
1142.453,0.00
1142.550,0.00
1142.661,0.00
1142.758,0.00
1142.853,0.00
1142.949,0.00
1143.061,0.00
1143.157,0.00
1143.253,0.00
1143.348,0.00
1143.461,0.00
1143.556,0.00
1143.652,0.00
1143.748,0.00
1143.860,0.00
1143.955,0.00
1144.051,0.00
1144.163,0.00
1144.259,0.00
1144.355,0.00
1144.452,0.00
1144.562,0.00
1144.659,0.00
1144.754,0.00
1144.850,0.00
1144.962,0.00
1145.058,0.00
1145.154,0.00
1145.249,0.00
1145.374,0.00
1145.457,0.00
1145.553,0.00
1145.649,0.00
1145.762,0.00
1145.857,0.00
1145.953,0.00
1146.048,0.00
1146.160,0.00
1146.257,0.00
1146.352,0.00
1146.463,0.00
1146.560,0.00
1146.656,0.00
1146.751,0.00
1146.863,0.00
1146.959,0.00
1147.055,0.00
1147.151,0.00
1147.262,0.00
1147.358,0.00
1147.454,0.00
1147.551,0.00
1147.662,0.00
1147.758,0.00
1147.854,0.00
1147.950,0.00
1148.062,0.00
1148.157,0.00
1148.253,0.00
1148.349,0.00
1148.461,0.00
1148.556,0.00
1148.653,0.00
1148.749,0.00
1148.860,0.00
1148.956,0.00
1149.052,0.00
1149.163,0.00
1149.260,0.00
1149.355,0.00
1149.452,0.00
1149.563,0.00
1149.659,0.00
1149.755,0.00
1149.851,0.00
1149.963,0.00
1150.058,0.00
1150.154,0.00
1150.250,0.00
1150.362,0.00
1150.457,0.00
1150.554,0.00
1150.649,0.00
1150.761,0.00
1150.857,0.00
1150.953,0.00
1151.049,0.00
1151.161,0.00
1151.256,0.00
1151.353,0.00
1151.464,0.00
1151.560,0.00
1151.656,0.00
1151.752,0.00
1151.863,0.00
1151.960,0.00
1152.056,0.00
1152.151,0.00
1152.263,0.00
1152.360,0.00
1152.455,0.00
1152.551,0.00
1152.663,0.00
1152.758,0.00
1152.854,0.00
1152.950,0.00
1153.062,0.00
1153.158,0.00
1153.254,0.00
1153.349,0.00
1153.461,0.00
1153.557,0.00
1153.653,0.00
1153.748,0.00
1153.861,0.00
1153.956,0.00
1154.053,0.00
1154.164,0.00
1154.260,0.00
1154.356,0.00
1154.452,0.00
1154.564,0.00
1154.660,0.00
1154.755,0.00
1154.851,0.00
1154.963,0.00
1155.058,0.00
1155.154,0.00
1155.267,0.00
1155.363,0.00
1155.458,0.00
1155.555,0.00
1155.666,0.00
1155.763,0.00
1155.858,0.00
1155.954,0.00
1156.065,0.00
1156.161,0.00
1156.257,0.00
1156.354,0.00
1156.465,0.00
1156.561,0.00
1156.657,0.00
1156.752,0.00
1156.869,0.00
1156.960,0.00
1157.056,0.00
1157.167,0.00
1157.264,0.00
1157.360,0.00
1157.455,0.00
1157.567,0.00
1157.663,0.00
1157.759,0.00
1157.855,0.00
1157.967,0.00
1158.062,0.00
1158.159,0.00
1158.255,0.00
1158.366,0.00
1158.463,0.00
1158.558,0.00
1158.653,0.00
1158.766,0.00
1158.861,0.00
1158.957,0.00
1159.053,0.00
1159.165,0.00
1159.260,0.00
1159.357,0.00
1159.453,0.00
1159.565,0.00
1159.660,0.00
1159.756,0.00
1159.867,0.00
1159.964,0.00
1160.059,0.00
1160.156,0.00
1160.267,0.00
1160.363,0.00
1160.459,0.00
1160.555,0.00
1160.667,0.00
1160.762,0.00
1160.858,0.00
1160.954,0.00
1161.066,0.00
1161.161,0.00
1161.258,0.00
1161.354,0.00
1161.466,0.00
1161.561,0.00
1161.658,0.00
1161.752,0.00
1161.864,0.00
1161.960,0.00
1162.057,0.00
1162.168,0.00
1162.265,0.00
1162.360,0.00
1162.456,0.00
1162.568,0.00
1162.663,0.00
1162.759,0.00
1162.855,0.00
1162.967,0.00
1163.063,0.00
1163.158,0.00
1163.254,0.00
1163.366,0.00
1163.462,0.00
1163.558,0.00
1163.654,0.00
1163.766,0.00
1163.862,0.00
1163.958,0.00
1164.053,0.00
1164.166,0.00
1164.261,0.00
1164.357,0.00
1164.468,0.00
1164.565,0.00
1164.660,0.00
1164.757,0.00
1164.868,0.00
1164.964,0.00
1165.060,0.00
1165.156,0.00
1165.268,0.00
1165.363,0.00
1165.459,0.00
1165.555,0.00
1165.667,0.00
1165.763,0.00
1165.858,0.00
1165.954,0.00
1166.067,0.00
1166.162,0.00
1166.258,0.00
1166.354,0.00
1166.466,0.00
1166.561,0.00
1166.658,0.00
1166.769,0.00
1166.866,0.00
1166.961,0.00
1167.056,0.00
1167.168,0.00
1167.264,0.00
1167.360,0.00
1167.456,0.00
1167.568,0.00
1167.664,0.00
1167.760,0.00
1167.856,0.00
1167.968,0.00
1168.063,0.00
1168.159,0.00
1168.255,0.00
1168.367,0.00
1168.463,0.00
1168.558,0.00
1168.654,0.00
1168.766,0.00
1168.862,0.00
1168.958,0.00
1169.054,0.00
1169.167,0.00
1169.262,0.00
1169.358,0.00
1169.469,0.00
1169.565,0.00
1169.661,0.00
1169.757,0.00
1169.868,0.00
1169.965,0.00
1170.060,0.00
1170.156,0.00
1170.268,0.00
1170.364,0.00
1170.459,0.00
1170.555,0.00
1170.667,0.00
1170.763,0.00
1170.859,0.00
1170.955,0.00
1171.067,0.00
1171.162,0.00
1171.259,0.00
1171.354,0.00
1171.466,0.00
1171.561,0.00
1171.658,0.00
1171.755,0.00
1171.866,0.00
1171.962,0.00
1172.058,0.00
1172.169,0.00
1172.266,0.00
1172.361,0.00
1172.456,0.00
1172.569,0.00
1172.665,0.00
1172.760,0.00
1172.856,0.00
1172.968,0.00
1173.064,0.00
1173.160,0.00
1173.255,0.00
1173.367,0.00
1173.464,0.00
1173.559,0.00
1173.670,0.00
1173.767,0.00
1173.863,0.00
1173.959,0.00
1174.070,0.00
1174.167,0.00
1174.263,0.00
1174.357,0.00
1174.469,0.00
1174.565,0.00
1174.662,0.00
1174.757,0.00
1174.869,0.00
1174.965,0.00
1175.061,0.00
1175.156,0.00
1175.268,0.00
1175.364,0.00
1175.460,0.00
1175.556,0.00
1175.667,0.00
1175.764,0.00
1175.861,0.00
1175.956,0.00
1176.068,0.00
1176.163,0.00
1176.259,0.00
1176.370,0.00
1176.467,0.00
1176.563,0.00
1176.658,0.00
1176.770,0.00
1176.866,0.00
1176.963,0.00
1177.058,0.00
1177.170,0.00
1177.265,0.00
1177.362,0.00
1177.458,0.00
1177.569,0.00
1177.665,0.00
1177.761,0.00
1177.857,0.00
1177.968,0.00
1178.064,0.00
1178.161,0.00
1178.256,0.00
1178.368,0.00
1178.464,0.00
1178.560,0.00
1178.671,0.00
1178.767,0.00
1178.863,0.00
1178.959,0.00
1179.070,0.00
1179.167,0.00
1179.262,0.00
1179.358,0.00
1179.471,0.00
1179.567,0.00
1179.662,0.00
1179.758,0.00
1179.870,0.00
1179.966,0.00
1180.061,0.00
1180.158,0.00
1180.269,0.00
1180.365,0.00
1180.461,0.00
1180.556,0.00
1180.668,0.00
1180.765,0.00
1180.860,0.00
1180.971,0.00
1181.068,0.00
1181.163,0.00
1181.259,0.00
1181.371,0.00
1181.467,0.00
1181.563,0.00
1181.659,0.00
1181.770,0.00
1181.868,0.00
1181.962,0.00
1182.059,0.00
1182.170,0.00
1182.266,0.00
1182.361,0.00
1182.457,0.00
1182.570,0.00
1182.665,0.00
1182.761,0.00
1182.872,0.00
1182.969,0.00
1183.065,0.00
1183.161,0.00
1183.272,0.00
1183.369,0.00
1183.464,0.00
1183.560,0.00
1183.672,0.00
1183.767,0.00
1183.864,0.00
1183.959,0.00
1184.071,0.00
1184.167,0.00
1184.263,0.00
1184.359,0.00
1184.471,0.00
1184.566,0.00
1184.662,0.00
1184.758,0.00
1184.869,0.00
1184.967,0.00
1185.062,0.00
1185.157,0.00
1185.269,0.00
1185.366,0.00
1185.461,0.00
1185.572,0.00
1185.669,0.00
1185.765,0.00
1185.860,0.00
1185.972,0.00
1186.070,0.00
1186.164,0.00
1186.259,0.00
1186.371,0.00
1186.467,0.00
1186.564,0.00
1186.659,0.00
1186.771,0.00
1186.868,0.00
1186.963,0.00
1187.058,0.00
1187.171,0.00
1187.267,0.00
1187.362,0.00
1187.458,0.00
1187.570,0.00
1187.666,0.00
1187.762,0.00
1187.873,0.00
1187.970,0.00
1188.065,0.00
1188.161,0.00
1188.272,0.00
1188.368,0.00
1188.464,0.00
1188.561,0.00
1188.672,0.00
1188.769,0.00
1188.864,0.00
1188.959,0.00
1189.071,0.00
1189.168,0.00
1189.263,0.00
1189.359,0.00
1189.470,0.00
1189.567,0.00
1189.663,0.00
1189.774,0.00
1189.871,0.00
1189.966,0.00
1190.062,0.00
1190.173,0.00
1190.269,0.00
1190.365,0.00
1190.461,0.00
1190.573,0.00
1190.669,0.00
1190.765,0.00
1190.860,0.00
1190.973,0.00
1191.069,0.00
1191.164,0.00
1191.260,0.00
1191.372,0.00
1191.468,0.00
1191.563,0.00
1191.659,0.00
1191.772,0.00
1191.867,0.00
1191.963,0.00
1192.074,0.00
1192.171,0.00
1192.267,0.00
1192.363,0.00
1192.474,0.00
1192.571,0.00
1192.667,0.00
1192.761,0.00
1192.874,0.00
1192.969,0.00
1193.066,0.00
1193.161,0.00
1193.273,0.00
1193.369,0.00
1193.465,0.00
1193.561,0.00
1193.672,0.00
1193.769,0.00
1193.865,0.00
1193.960,0.00
1194.072,0.00
1194.168,0.00
1194.263,0.00
1194.359,0.00
1194.471,0.00
1194.567,0.00
1194.663,0.00
1194.774,0.00
1194.871,0.00
1194.966,0.00
1195.062,0.00
1195.173,0.00
1195.271,0.00
1195.365,0.00
1195.461,0.00
1195.573,0.00
1195.669,0.00
1195.766,0.00
1195.861,0.00
1195.973,0.00
1196.069,0.00
1196.165,0.00
1196.260,0.00
1196.374,0.00
1196.469,0.00
1196.564,0.00
1196.675,0.00
1196.771,0.00
1196.867,0.00
1196.964,0.00
1197.074,0.00
1197.171,0.00
1197.267,0.00
1197.362,0.00
1197.474,0.00
1197.570,0.00
1197.666,0.00
1197.762,0.00
1197.874,0.00
1197.970,0.00
1198.066,0.00
1198.162,0.00
1198.275,0.00
1198.369,0.00
1198.465,0.00
1198.561,0.00
1198.673,0.00
1198.769,0.00
1198.865,0.00
1198.976,0.00
1199.073,0.00
1199.168,0.00
1199.264,0.00
1199.376,0.00
1199.472,0.00
1199.567,0.00
1199.663,0.00
1199.775,0.00
1199.871,0.00
1199.967,0.00
1200.063,0.00
1200.174,0.00
1200.270,0.00
1200.366,0.00
1200.463,0.00
1200.574,0.00
1200.669,0.00
1200.766,0.00
1200.861,0.00
1200.973,0.00
1201.069,0.00
1201.165,0.00
1201.276,0.00
1201.372,0.00
1201.468,0.00
1201.564,0.00
1201.676,0.00
1201.772,0.00
1201.868,0.00
1201.963,0.00
1202.076,0.00
1202.172,0.00
1202.268,0.00
1202.363,0.00
1202.476,0.00
1202.571,0.00
1202.667,0.00
1202.763,0.00
1202.874,0.00
1202.971,0.00
1203.066,0.00
1203.162,0.00
1203.274,0.00
1203.370,0.00
1203.466,0.00
1203.562,0.00
1203.673,0.00
1203.769,0.00
1203.865,0.00
1203.976,0.00
1204.073,0.00
1204.168,0.00
1204.266,0.00
1204.377,0.00
1204.473,0.00
1204.568,0.00
1204.664,0.00
1204.775,0.00
1204.872,0.00
1204.967,0.00
1205.063,0.00
1205.175,0.00
1205.271,0.00
1205.367,0.00
1205.463,0.00
1205.575,0.00
1205.670,0.00
1205.766,0.00
1205.862,0.00
1205.974,0.00
1206.070,0.00
1206.166,0.00
1206.277,0.00
1206.373,0.00
1206.469,0.00
1206.565,0.00
1206.677,0.00
1206.772,0.00
1206.869,0.00
1206.964,0.00
1207.076,0.00
1207.172,0.00
1207.268,0.00
1207.364,0.00
1207.476,0.00
1207.572,0.00
1207.668,0.00
1207.763,0.00
1207.875,0.00
1207.971,0.00
1208.066,0.00
1208.178,0.00
1208.274,0.00
1208.370,0.00
1208.466,0.00
1208.577,0.00
1208.674,0.00
1208.770,0.00
1208.865,0.00
1208.977,0.00
1209.073,0.00
1209.169,0.00
1209.265,0.00
1209.377,0.00
1209.473,0.00
1209.569,0.00
1209.664,0.00
1209.776,0.00
1209.872,0.00
1209.968,0.00
1210.064,0.00
1210.176,0.00
1210.271,0.00
1210.368,0.00
1210.463,0.00
1210.575,0.00
1210.671,0.00
1210.767,0.00
1210.878,0.00
1210.974,0.00
1211.070,0.00
1211.166,0.00
1211.278,0.00
1211.374,0.00
1211.470,0.00
1211.566,0.00
1211.678,0.00
1211.773,0.00
1211.868,0.00
1211.965,0.00
1212.077,0.00
1212.172,0.00
1212.269,0.00
1212.364,0.00
1212.476,0.00
1212.573,0.00
1212.668,0.00
1212.765,0.00
1212.876,0.00
1212.972,0.00
1213.067,0.00
1213.178,0.00
1213.275,0.00
1213.371,0.00
1213.467,0.00
1213.578,0.00
1213.674,0.00
1213.770,0.00
1213.866,0.00
1213.977,0.00
1214.074,0.00
1214.170,0.00
1214.265,0.00
1214.378,0.00
1214.473,0.00
1214.569,0.00
1214.665,0.00
1214.777,0.00
1214.873,0.00
1214.969,0.00
1215.064,0.00
1215.176,0.00
1215.272,0.00
1215.368,0.00
1215.464,0.00
1215.575,0.00
1215.672,0.00
1215.768,0.00
1215.878,0.00
1215.975,0.00
1216.073,0.00
1216.167,0.00
1216.278,0.00
1216.375,0.00
1216.470,0.00
1216.566,0.00
1216.678,0.00
1216.774,0.00
1216.870,0.00
1216.965,0.00
1217.077,0.00
1217.173,0.00
1217.269,0.00
1217.366,0.00
1217.477,0.00
1217.573,0.00
1217.669,0.00
1217.764,0.00
1217.876,0.00
1217.972,0.00
1218.068,0.00
1218.164,0.00
1218.276,0.00
1218.371,0.00
1218.467,0.00
1218.579,0.00
1218.676,0.00
1218.771,0.00
1218.867,0.00
1218.978,0.00
1219.075,0.00
1219.170,0.00
1219.266,0.00
1219.378,0.00
1219.474,0.00
1219.570,0.00
1219.665,0.00
1219.778,0.00
1219.873,0.00
1219.969,0.00
1220.080,0.00
1220.176,0.00
1220.273,0.00
1220.368,0.00
1220.480,0.00
1220.576,0.00
1220.672,0.00
1220.768,0.00
1220.879,0.00
1220.975,0.00
1221.071,0.00
1221.167,0.00
1221.278,0.00
1221.375,0.00
1221.470,0.00
1221.566,0.00
1221.678,0.00
1221.774,0.00
1221.870,0.00
1221.966,0.00
1222.077,0.00
1222.173,0.00
1222.269,0.00
1222.366,0.00
1222.477,0.00
1222.573,0.00
1222.669,0.00
1222.781,0.00
1222.876,0.00
1222.973,0.00
1223.068,0.00
1223.180,0.00
1223.276,0.00
1223.372,0.00
1223.468,0.00
1223.579,0.00
1223.675,0.00
1223.772,0.00
1223.867,0.00
1223.979,0.00
1224.076,0.00
1224.170,0.00
1224.282,0.00
1224.378,0.00
1224.474,0.00
1224.571,0.00
1224.681,0.00
1224.778,0.00
1224.873,0.00
1224.969,0.00
1225.081,0.00
1225.178,0.00
1225.273,0.00
1225.369,0.00
1225.481,0.00
1225.577,0.00
1225.673,0.00
1225.768,0.00
1225.880,0.00
1225.976,0.00
1226.073,0.00
1226.168,0.00
1226.280,0.00
1226.376,0.00
1226.472,0.00
1226.583,0.00
1226.678,0.00
1226.775,0.00
1226.871,0.00
1226.983,0.00
1227.079,0.00
1227.175,0.00
1227.270,0.00
1227.383,0.00
1227.478,0.00
1227.574,0.00
1227.669,0.00
1227.782,0.00
1227.878,0.00
1227.974,0.00
1228.069,0.00
1228.181,0.00
1228.277,0.00
1228.373,0.00
1228.484,0.00
1228.580,0.00
1228.676,0.00
1228.772,0.00
1228.884,0.00
1228.980,0.00
1229.075,0.00
1229.171,0.00
1229.283,0.00
1229.378,0.00
1229.475,0.00
1229.571,0.00
1229.682,0.00
1229.778,0.00
1229.875,0.00
1229.970,0.00
1230.082,0.00
1230.178,0.00
1230.274,0.00
1230.370,0.00
1230.482,0.00
1230.577,0.00
1230.673,0.00
1230.784,0.00
1230.882,0.00
1230.976,0.00
1231.073,0.00
1231.184,0.00
1231.280,0.00
1231.377,0.00
1231.471,0.00
1231.584,0.00
1231.679,0.00
1231.775,0.00
1231.871,0.00
1231.983,0.00
1232.079,0.00
1232.175,0.00
1232.270,0.00
1232.382,0.00
1232.479,0.00
1232.574,0.00
1232.670,0.00
1232.781,0.00
1232.878,0.00
1232.973,0.00
1233.085,0.00
1233.181,0.00
1233.277,0.00
1233.375,0.00
1233.484,0.00
1233.581,0.00
1233.676,0.00
1233.773,0.00
1233.884,0.00
1233.980,0.00
1234.076,0.00
1234.171,0.00
1234.284,0.00
1234.379,0.00
1234.475,0.00
1234.571,0.00
1234.683,0.00
1234.779,0.00
1234.875,0.00
1234.986,0.00
1235.082,0.00
1235.178,0.00
1235.274,0.00
1235.387,0.00
1235.482,0.00
1235.578,0.00
1235.673,0.00
1235.785,0.00
1235.881,0.00
1235.977,0.00
1236.073,0.00
1236.185,0.00
1236.281,0.00
1236.377,0.00
1236.473,0.00
1236.583,0.00
1236.681,0.00
1236.776,0.00
1236.872,0.00
1236.984,0.00
1237.079,0.00
1237.175,0.00
1237.271,0.00
1237.383,0.00
1237.479,0.00
1237.574,0.00
1237.686,0.00
1237.782,0.00
1237.879,0.00
1237.975,0.00
1238.085,0.00
1238.181,0.00
1238.278,0.00
1238.373,0.00
1238.486,0.00
1238.581,0.00
1238.677,0.00
1238.788,0.00
1238.884,0.00
1238.981,0.00
1239.076,0.00
1239.189,0.00
1239.284,0.00
1239.380,0.00
1239.475,0.00
1239.588,0.00
1239.684,0.00
1239.779,0.00
1239.875,0.00
1239.988,0.00
1240.083,0.00
1240.179,0.00
1240.274,0.00
1240.386,0.00
1240.482,0.00
1240.578,0.00
1240.674,0.00
1240.786,0.00
1240.881,0.00
1240.978,0.00
1241.089,0.00
1241.185,0.00
1241.281,0.00
1241.377,0.00
1241.488,0.00
1241.584,0.00
1241.680,0.00
1241.776,0.00
1241.889,0.00
1241.984,0.00
1242.080,0.00
1242.176,0.00
1242.287,0.00
1242.383,0.00
1242.479,0.00
1242.575,0.00
1242.687,0.00
1242.782,0.00
1242.878,0.00
1242.974,0.00
1243.086,0.00
1243.181,0.00
1243.278,0.00
1243.389,0.00
1243.486,0.00
1243.581,0.00
1243.679,0.00
1243.788,0.00
1243.885,0.00
1243.981,0.00
1244.077,0.00
1244.188,0.00
1244.285,0.00
1244.380,0.00
1244.477,0.00
1244.588,0.00
1244.683,0.00
1244.780,0.00
1244.876,0.00
1244.987,0.00
1245.084,0.00
1245.179,0.00
1245.275,0.00
1245.388,0.00
1245.482,0.00
1245.578,0.00
1245.674,0.00
1245.786,0.00
1245.882,0.00
1245.978,0.00
1246.089,0.00
1246.185,0.00
1246.281,0.00
1246.377,0.00
1246.488,0.00
1246.584,0.00
1246.680,0.00
1246.776,0.00
1246.888,0.00
1246.984,0.00
1247.080,0.00
1247.176,0.00
1247.287,0.00
1247.385,0.00
1247.479,0.00
1247.575,0.00
1247.687,0.00
1247.783,0.00
1247.879,0.00
1247.975,0.00
1248.086,0.00
1248.183,0.00
1248.278,0.00
1248.389,0.00
1248.486,0.00
1248.581,0.00
1248.678,0.00
1248.789,0.00
1248.885,0.00
1248.981,0.00
1249.077,0.00
1249.188,0.00
1249.284,0.00
1249.381,0.00
1249.476,0.00
1249.588,0.00
1249.684,0.00
1249.780,0.00
1249.875,0.00
1249.987,0.00
1250.084,0.00
1250.179,0.00
1250.275,0.00
1250.387,0.00
1250.483,0.00
1250.579,0.00
1250.675,0.00
1250.786,0.00
1250.882,0.00
1250.979,0.00
1251.089,0.00
1251.186,0.00
1251.282,0.00
1251.378,0.00
1251.489,0.00
1251.585,0.00
1251.680,0.00
1251.776,0.00
1251.889,0.00
1251.984,0.00
1252.080,0.00
1252.177,0.00
1252.288,0.00
1252.384,0.00
1252.480,0.00
1252.577,0.00
1252.688,0.00
1252.783,0.00
1252.879,0.00
1252.975,0.00
1253.087,0.00
1253.185,0.00
1253.279,0.00
1253.391,0.00
1253.486,0.00
1253.582,0.00
1253.679,0.00
1253.790,0.00
1253.886,0.00
1253.982,0.00
1254.078,0.00
1254.190,0.00
1254.285,0.00
1254.381,0.00
1254.477,0.00
1254.589,0.00
1254.686,0.00
1254.781,0.00
1254.876,0.00
1254.989,0.00
1255.084,0.00
1255.181,0.00
1255.291,0.00
1255.387,0.00
1255.483,0.00
1255.579,0.00
1255.691,0.00
1255.787,0.00
1255.883,0.00
1255.978,0.00
1256.091,0.00
1256.186,0.00
1256.282,0.00
1256.378,0.00
1256.490,0.00
1256.585,0.00
1256.682,0.00
1256.777,0.00
1256.889,0.00
1256.985,0.00
1257.081,0.00
1257.177,0.00
1257.288,0.00
1257.385,0.00
1257.480,0.00
1257.577,0.00
1257.688,0.00
1257.784,0.00
1257.880,0.00
1257.991,0.00
1258.088,0.00
1258.183,0.00
1258.279,0.00
1258.392,0.00
1258.487,0.00
1258.582,0.00
1258.679,0.00
1258.791,0.00
1258.887,0.00
1258.983,0.00
1259.078,0.00
1259.190,0.00
1259.286,0.00
1259.381,0.00
1259.477,0.00
1259.590,0.00
1259.685,0.00
1259.781,0.00
1259.876,0.00
1259.988,0.00
1260.085,0.00
1260.180,0.00
1260.291,0.00
1260.388,0.00
1260.484,0.00
1260.579,0.00
1260.691,0.00
1260.787,0.00
1260.883,0.00
1260.979,0.00
1261.091,0.00
1261.187,0.00
1261.283,0.00
1261.378,0.00
1261.490,0.00
1261.587,0.00
1261.682,0.00
1261.777,0.00
1261.889,0.00
1261.986,0.00
1262.082,0.00
1262.177,0.00
1262.289,0.00
1262.385,0.00
1262.481,0.00
1262.592,0.00
1262.688,0.00
1262.785,0.00
1262.880,0.00
1262.991,0.00
1263.088,0.00
1263.183,0.00
1263.280,0.00
1263.391,0.00
1263.487,0.00
1263.583,0.00
1263.679,0.00
1263.792,0.00
1263.887,0.00
1263.983,0.00
1264.078,0.00
1264.190,0.00
1264.286,0.00
1264.383,0.00
1264.478,0.00
1264.590,0.00
1264.685,0.00
1264.781,0.00
1264.893,0.00
1264.989,0.00
1265.085,0.00
1265.181,0.00
1265.293,0.00
1265.388,0.00
1265.485,0.00
1265.580,0.00
1265.693,0.00
1265.788,0.00
1265.884,0.00
1265.979,0.00
1266.092,0.00
1266.188,0.00
1266.283,0.00
1266.379,0.00
1266.491,0.00
1266.587,0.00
1266.683,0.00
1266.778,0.00
1266.891,0.00
1266.986,0.00
1267.082,0.00
1267.193,0.00
1267.290,0.00
1267.385,0.00
1267.481,0.00
1267.593,0.00
1267.689,0.00
1267.785,0.00
1267.880,0.00
1267.992,0.00
1268.088,0.00
1268.184,0.00
1268.280,0.00
1268.391,0.00
1268.488,0.00
1268.584,0.00
1268.680,0.00
1268.791,0.00
1268.887,0.00
1268.983,0.00
1269.079,0.00
1269.191,0.00
1269.286,0.00
1269.383,0.00
1269.494,0.00
1269.590,0.00
1269.685,0.00
1269.782,0.00
1269.893,0.00
1269.989,0.00
1270.086,0.00
1270.181,0.00
1270.293,0.00
1270.390,0.00
1270.484,0.00
1270.581,0.00
1270.693,0.00
1270.788,0.00
1270.884,0.00
1270.980,0.00
1271.092,0.00
1271.188,0.00
1271.283,0.00
1271.379,0.00
1271.491,0.00
1271.587,0.00
1271.682,0.00
1271.779,0.00
1271.891,0.00
1271.986,0.00
1272.082,0.00
1272.194,0.00
1272.290,0.00
1272.386,0.00
1272.482,0.00
1272.593,0.00
1272.690,0.00
1272.785,0.00
1272.881,0.00
1272.993,0.00
1273.089,0.00
1273.185,0.00
1273.281,0.00
1273.392,0.00
1273.489,0.00
1273.584,0.00
1273.679,0.00
1273.792,0.00
1273.888,0.00
1273.984,0.00
1274.080,0.00
1274.191,0.00
1274.287,0.00
1274.383,0.00
1274.494,0.00
1274.591,0.00
1274.686,0.00
1274.782,0.00
1274.894,0.00
1274.990,0.00
1275.086,0.00
1275.182,0.00
1275.293,0.00
1275.389,0.00
1275.485,0.00
1275.581,0.00
1275.693,0.00
1275.788,0.00
1275.884,0.00
1275.980,0.00
1276.092,0.00
1276.189,0.00
1276.284,0.00
1276.380,0.00
1276.492,0.00
1276.587,0.00
1276.684,0.00
1276.780,0.00
1276.891,0.00
1276.987,0.00
1277.083,0.00
1277.194,0.00
1277.290,0.00
1277.386,0.00
1277.482,0.00
1277.594,0.00
1277.690,0.00
1277.786,0.00
1277.883,0.00
1277.994,0.00
1278.090,0.00
1278.185,0.00
1278.281,0.00
1278.393,0.00
1278.489,0.00
1278.585,0.00
1278.680,0.00
1278.793,0.00
1278.889,0.00
1278.984,0.00
1279.095,0.00
1279.192,0.00
1279.287,0.00
1279.384,0.00
1279.495,0.00
1279.591,0.00
1279.687,0.00
1279.783,0.00
1279.894,0.00
1279.991,0.00
1280.086,0.00
1280.182,0.00
1280.294,0.00
1280.391,0.00
1280.486,0.00
1280.582,0.00
1280.694,0.00
1280.789,0.00
1280.886,0.00
1280.981,0.00
1281.093,0.00
1281.189,0.00
1281.285,0.00
1281.380,0.00
1281.492,0.00
1281.589,0.00
1281.684,0.00
1281.796,0.00
1281.892,0.00
1281.988,0.00
1282.084,0.00
1282.196,0.00
1282.291,0.00
1282.387,0.00
1282.482,0.00
1282.595,0.00
1282.691,0.00
1282.786,0.00
1282.883,0.00
1282.994,0.00
1283.090,0.00
1283.186,0.00
1283.282,0.00
1283.394,0.00
1283.490,0.00
1283.586,0.00
1283.681,0.00
1283.793,0.00
1283.889,0.00
1283.985,0.00
1284.097,0.00
1284.192,0.00
1284.288,0.00
1284.384,0.00
1284.495,0.00
1284.593,0.00
1284.688,0.00
1284.783,0.00
1284.895,0.00
1284.991,0.00
1285.087,0.00
1285.183,0.00
1285.295,0.00
1285.390,0.00
1285.486,0.00
1285.583,0.00
1285.694,0.00
1285.791,0.00
1285.886,0.00
1285.982,0.00
1286.094,0.00
1286.190,0.00
1286.286,0.00
1286.381,0.00
1286.493,0.00
1286.589,0.00
1286.685,0.00
1286.796,0.00
1286.892,0.00
1286.990,0.00
1287.084,0.00
1287.196,0.00
1287.292,0.00
1287.388,0.00
1287.484,0.00
1287.597,0.00
1287.693,0.00
1287.787,0.00
1287.883,0.00
1287.995,0.00
1288.091,0.00
1288.186,0.00
1288.283,0.00
1288.394,0.00
1288.490,0.00
1288.586,0.00
1288.682,0.00
1288.794,0.00
1288.890,0.00
1288.986,0.00
1289.097,0.00
1289.193,0.00
1289.289,0.00
1289.385,0.00
1289.496,0.00
1289.592,0.00
1289.690,0.00
1289.785,0.00
1289.896,0.00
1289.992,0.00
1290.087,0.00
1290.184,0.00
1290.295,0.00
1290.391,0.00
1290.487,0.00
1290.583,0.00
1290.694,0.00
1290.790,0.00
1290.887,0.00
1290.982,0.00
1291.094,0.00
1291.190,0.00
1291.286,0.00
1291.397,0.00
1291.493,0.00
1291.590,0.00
1291.685,0.00
1291.796,0.00
1291.893,0.00
1291.989,0.00
1292.084,0.00
1292.197,0.00
1292.292,0.00
1292.388,0.00
1292.484,0.00
1292.595,0.00
1292.692,0.00
1292.788,0.00
1292.883,0.00
1292.996,0.00
1293.090,0.00
1293.187,0.00
1293.283,0.00
1293.395,0.00
1293.491,0.00
1293.587,0.00
1293.697,0.00
1293.794,0.00
1293.890,0.00
1293.986,0.00
1294.097,0.00
1294.194,0.00
1294.289,0.00
1294.385,0.00
1294.497,0.00
1294.592,0.00
1294.688,0.00
1294.784,0.00
1294.897,0.00
1294.993,0.00
1295.088,0.00
1295.184,0.00
1295.296,0.00
1295.391,0.00
1295.488,0.00
1295.583,0.00
1295.695,0.00
1295.791,0.00
1295.887,0.00
1295.983,0.00
1296.095,0.00
1296.190,0.00
1296.286,0.00
1296.398,0.00
1296.496,0.00
1296.590,0.00
1296.685,0.00
1296.797,0.00
1296.894,0.00
1296.989,0.00
1297.085,0.00
1297.197,0.00
1297.292,0.00
1297.389,0.00
1297.485,0.00
1297.596,0.00
1297.692,0.00
1297.787,0.00
1297.884,0.00
1297.996,0.00
1298.093,0.00
1298.188,0.00
1298.298,0.00
1298.395,0.00
1298.491,0.00
1298.587,0.00
1298.698,0.00
1298.794,0.00
1298.890,0.00
1298.987,0.00
1299.098,0.00
1299.194,0.00
1299.289,0.00
1299.385,0.00
1299.497,0.00
1299.593,0.00
1299.690,0.00
1299.786,0.00
1299.896,0.00
1299.992,0.00
1300.089,0.00
1300.184,0.00
1300.296,0.00
1300.392,0.00
1300.487,0.00
1300.599,0.00
1300.695,0.00
1300.791,0.00
1300.888,0.00
1300.998,0.00
1301.095,0.00
1301.191,0.00
1301.287,0.00
1301.398,0.00
1301.495,0.00
1301.590,0.00
1301.686,0.00
1301.798,0.00
1301.894,0.00
1301.990,0.00
1302.086,0.00
1302.198,0.00
1302.293,0.00
1302.389,0.00
1302.484,0.00
1302.597,0.00
1302.692,0.00
1302.788,0.00
1302.899,0.00
1302.996,0.00
1303.091,0.00
1303.188,0.00
1303.299,0.00
1303.395,0.00
1303.491,0.00
1303.588,0.00
1303.699,0.00
1303.794,0.00
1303.891,0.00
1303.987,0.00
1304.098,0.00
1304.194,0.00
1304.290,0.00
1304.386,0.00
1304.498,0.00
1304.593,0.00
1304.690,0.00
1304.785,0.00
1304.897,0.00
1304.993,0.00
1305.089,0.00
1305.185,0.00
1305.296,0.00
1305.393,0.00
1305.489,0.00
1305.599,0.00
1305.696,0.00
1305.791,0.00
1305.887,0.00
1306.000,0.00
1306.095,0.00
1306.191,0.00
1306.287,0.00
1306.399,0.00
1306.495,0.00
1306.590,0.00
1306.686,0.00
1306.798,0.00
1306.894,0.00
1306.990,0.00
1307.086,0.00
1307.197,0.00
1307.294,0.00
1307.389,0.00
1307.485,0.00
1307.597,0.00
1307.693,0.00
1307.788,0.00
1307.900,0.00
1307.996,0.00
1308.092,0.00
1308.188,0.00
1308.299,0.00
1308.396,0.00
1308.492,0.00
1308.587,0.00
1308.699,0.00
1308.794,0.00
1308.891,0.00
1308.986,0.00
1309.099,0.00
1309.195,0.00
1309.291,0.00
1309.386,0.00
1309.498,0.00
1309.594,0.00
1309.690,0.00
1309.785,0.00
1309.897,0.00
1309.993,0.00
1310.089,0.00
1310.200,0.00
1310.297,0.00
1310.393,0.00
1310.489,0.00
1310.601,0.00
1310.696,0.00
1310.791,0.00
1310.888,0.00
1311.000,0.00
1311.096,0.00
1311.192,0.00
1311.287,0.00
1311.399,0.00
1311.495,0.00
1311.591,0.00
1311.686,0.00
1311.798,0.00
1311.895,0.00
1311.990,0.00
1312.085,0.00
1312.198,0.00
1312.294,0.00
1312.389,0.00
1312.486,0.00
1312.597,0.00
1312.693,0.00
1312.788,0.00
1312.901,0.00
1312.996,0.00
1313.093,0.00
1313.188,0.00
1313.300,0.00
1313.395,0.00
1313.491,0.00
1313.587,0.00
1313.699,0.00
1313.795,0.00
1313.891,0.00
1313.987,0.00
1314.099,0.00
1314.194,0.00
1314.290,0.00
1314.389,0.00
1314.497,0.00
1314.594,0.00
1314.690,0.00
1314.785,0.00
1314.898,0.00
1314.993,0.00
1315.089,0.00
1315.200,0.00
1315.296,0.00
1315.392,0.00
1315.489,0.00
1315.600,0.00
1315.696,0.00
1315.792,0.00
1315.888,0.00
1316.000,0.00
1316.096,0.00
1316.192,0.00
1316.288,0.00
1316.399,0.00
1316.495,0.00
1316.591,0.00
1316.686,0.00
1316.799,0.00
1316.895,0.00
1316.991,0.00
1317.086,0.00
1317.198,0.00
1317.294,0.00
1317.390,0.00
1317.486,0.00
1317.598,0.00
1317.693,0.00
1317.790,0.00
1317.900,0.00
1317.997,0.00
1318.092,0.00
1318.189,0.00
1318.301,0.00
1318.396,0.00
1318.492,0.00
1318.588,0.00
1318.700,0.00
1318.796,0.00
1318.891,0.00
1318.987,0.00
1319.099,0.00
1319.196,0.00
1319.291,0.00
1319.387,0.00
1319.499,0.00
1319.594,0.00
1319.691,0.00
1319.786,0.00
1319.898,0.00
1319.994,0.00
1320.091,0.00
1320.202,0.00
1320.297,0.00
1320.393,0.00
1320.489,0.00
1320.601,0.00
1320.696,0.00
1320.793,0.00
1320.890,0.00
1321.001,0.00
1321.096,0.00
1321.192,0.00
1321.289,0.00
1321.400,0.00
1321.496,0.00
1321.592,0.00
1321.703,0.00
1321.799,0.00
1321.895,0.00
1321.991,0.00
1322.104,0.00
1322.198,0.00
1322.294,0.00
1322.390,0.00
1322.503,0.00
1322.598,0.00
1322.694,0.00
1322.789,0.00
1322.901,0.00
1322.997,0.00
1323.093,0.00
1323.204,0.00
1323.301,0.00
1323.397,0.00
1323.493,0.00
1323.604,0.00
1323.700,0.00
1323.796,0.00
1323.892,0.00
1324.004,0.00
1324.100,0.00
1324.195,0.00
1324.292,0.00
1324.403,0.00
1324.499,0.00
1324.595,0.00
1324.691,0.00
1324.802,0.00
1324.899,0.00
1324.994,0.00
1325.091,0.00
1325.203,0.00
1325.299,0.00
1325.394,0.00
1325.490,0.00
1325.602,0.00
1325.700,0.00
1325.794,0.00
1325.905,0.00
1326.001,0.00
1326.097,0.00
1326.193,0.00
1326.304,0.00
1326.400,0.00
1326.496,0.00
1326.592,0.00
1326.705,0.00
1326.800,0.00
1326.895,0.00
1326.993,0.00
1327.104,0.00
1327.200,0.00
1327.296,0.00
1327.391,0.00
1327.503,0.00
1327.599,0.00
1327.694,0.00
1327.806,0.00
1327.903,0.00
1327.999,0.00
1328.094,0.00
1328.205,0.00
1328.301,0.00
1328.398,0.00
1328.493,0.00
1328.605,0.00
1328.702,0.00
1328.797,0.00
1328.893,0.00
1329.004,0.00
1329.101,0.00
1329.197,0.00
1329.293,0.00
1329.404,0.00
1329.501,0.00
1329.596,0.00
1329.707,0.00
1329.803,0.00
1329.899,0.00
1329.995,0.00
1330.107,0.00
1330.203,0.00
1330.299,0.00
1330.394,0.00
1330.507,0.00
1330.602,0.00
1330.699,0.00
1330.794,0.00
1330.906,0.00
1331.001,0.00
1331.098,0.00
1331.193,0.00
1331.306,0.00
1331.401,0.00
1331.497,0.00
1331.608,0.00
1331.704,0.00
1331.801,0.00
1331.896,0.00
1332.008,0.00
1332.104,0.00
1332.200,0.00
1332.296,0.00
1332.407,0.00
1332.504,0.00
1332.599,0.00
1332.695,0.00
1332.807,0.00
1332.903,0.00
1332.999,0.00
1333.095,0.00
1333.207,0.00
1333.302,0.00
1333.399,0.00
1333.494,0.00
1333.606,0.00
1333.703,0.00
1333.798,0.00
1333.909,0.00
1334.005,0.00
1334.101,0.00
1334.197,0.00
1334.308,0.00
1334.404,0.00
1334.501,0.00
1334.596,0.00
1334.708,0.00
1334.804,0.00
1334.900,0.00
1334.995,0.00
1335.108,0.00
1335.204,0.00
1335.300,0.00
1335.395,0.00
1335.507,0.00
1335.603,0.00
1335.699,0.00
1335.794,0.00
1335.908,0.00
1336.002,0.00
1336.098,0.00
1336.194,0.00
1336.305,0.00
1336.401,0.00
1336.498,0.00
1336.609,0.00
1336.705,0.00
1336.801,0.00
1336.897,0.00
1337.009,0.00
1337.105,0.00
1337.201,0.00
1337.296,0.00
1337.408,0.00
1337.504,0.00
1337.600,0.00
1337.695,0.00
1337.807,0.00
1337.904,0.00
1337.999,0.00
1338.095,0.00
1338.207,0.00
1338.303,0.00
1338.399,0.00
1338.495,0.00
1338.606,0.00
1338.702,0.00
1338.798,0.00
1338.909,0.00
1339.005,0.00
1339.101,0.00
1339.198,0.00
1339.309,0.00
1339.405,0.00
1339.501,0.00
1339.597,0.00
1339.709,0.00
1339.805,0.00
1339.901,0.00
1339.996,0.00
1340.108,0.00
1340.204,0.00
1340.300,0.00
1340.396,0.00
1340.508,0.00
1340.603,0.00
1340.699,0.00
1340.810,0.00
1340.907,0.00
1341.003,0.00
1341.098,0.00
1341.211,0.00
1341.306,0.00
1341.403,0.00
1341.498,0.00
1341.609,0.00
1341.706,0.00
1341.801,0.00
1341.898,0.00
1342.010,0.00
1342.105,0.00
1342.201,0.00
1342.297,0.00
1342.409,0.00
1342.504,0.00
1342.600,0.00
1342.711,0.00
1342.808,0.00
1342.904,0.00
1343.000,0.00
1343.111,0.00
1343.207,0.00
1343.303,0.00
1343.398,0.00
1343.511,0.00
1343.607,0.00
1343.703,0.00
1343.798,0.00
1343.910,0.00
1344.007,0.00
1344.102,0.00
1344.198,0.00
1344.310,0.00
1344.406,0.00
1344.501,0.00
1344.598,0.00
1344.709,0.00
1344.805,0.00
1344.900,0.00
1344.996,0.00
1345.108,0.00
1345.204,0.00
1345.301,0.00
1345.412,0.00
1345.508,0.00
1345.603,0.00
1345.700,0.00
1345.811,0.00
1345.908,0.00
1346.003,0.00
1346.099,0.00
1346.211,0.00
1346.307,0.00
1346.403,0.00
1346.498,0.00
1346.610,0.00
1346.708,0.00
1346.802,0.00
1346.898,0.00
1347.010,0.00
1347.105,0.00
1347.201,0.00
1347.298,0.00
1347.409,0.00
1347.505,0.00
1347.600,0.00
1347.712,0.00
1347.808,0.00
1347.905,0.00
1348.001,0.00
1348.111,0.00
1348.208,0.00
1348.304,0.00
1348.400,0.00
1348.511,0.00
1348.608,0.00
1348.703,0.00
1348.799,0.00
1348.912,0.00
1349.007,0.00
1349.103,0.00
1349.198,0.00
1349.311,0.00
1349.407,0.00
1349.502,0.00
1349.613,0.00
1349.711,0.00
1349.805,0.00
1349.902,0.00
1350.013,0.00
1350.109,0.00
1350.206,0.00
1350.300,0.00
1350.413,0.00
1350.509,0.00
1350.604,0.00
1350.700,0.00
1350.813,0.00
1350.908,0.00
1351.004,0.00
1351.100,0.00
1351.211,0.00
1351.307,0.00
1351.403,0.00
1351.499,0.00
1351.611,0.00
1351.706,0.00
1351.802,0.00
1351.914,0.00
1352.010,0.00
1352.107,0.00
1352.201,0.00
1352.313,0.00
1352.410,0.00
1352.505,0.00
1352.601,0.00
1352.714,0.00
1352.809,0.00
1352.905,0.00
1353.000,0.00
1353.112,0.00
1353.208,0.00
1353.304,0.00
1353.401,0.00
1353.513,0.00
1353.608,0.00
1353.704,0.00
1353.799,0.00
1353.911,0.00
1354.007,0.00
1354.103,0.00
1354.199,0.00
1354.311,0.00
1354.406,0.00
1354.502,0.00
1354.614,0.00
1354.710,0.00
1354.806,0.00
1354.902,0.00
1355.014,0.00
1355.110,0.00
1355.205,0.00
1355.302,0.00
1355.413,0.00
1355.509,0.00
1355.605,0.00
1355.700,0.00
1355.812,0.00
1355.908,0.00
1356.004,0.00
1356.100,0.00
1356.211,0.00
1356.307,0.00
1356.404,0.00
1356.499,0.00
1356.612,0.00
1356.708,0.00
1356.802,0.00
1356.914,0.00
1357.011,0.00
1357.107,0.00
1357.202,0.00
1357.314,0.00
1357.410,0.00
1357.505,0.00
1357.602,0.00
1357.714,0.00
1357.810,0.00
1357.906,0.00
1358.001,0.00
1358.113,0.00
1358.209,0.00
1358.304,0.00
1358.401,0.00
1358.512,0.00
1358.608,0.00
1358.704,0.00
1358.800,0.00
1358.911,0.00
1359.008,0.00
1359.103,0.00
1359.199,0.00
1359.313,0.00
1359.407,0.00
1359.502,0.00
1359.614,0.00
1359.711,0.00
1359.806,0.00
1359.902,0.00
1360.014,0.00
1360.110,0.00
1360.206,0.00
1360.302,0.00
1360.414,0.00
1360.509,0.00
1360.605,0.00
1360.701,0.00
1360.812,0.00
1360.909,0.00
1361.005,0.00
1361.101,0.00
1361.212,0.00
1361.308,0.00
1361.404,0.00
1361.500,0.00
1361.612,0.00
1361.707,0.00
1361.803,0.00
1361.915,0.00
1362.011,0.00
1362.107,0.00
1362.202,0.00
1362.314,0.00
1362.411,0.00
1362.507,0.00
1362.603,0.00
1362.713,0.00
1362.810,0.00
1362.906,0.00
1363.001,0.00
1363.115,0.00
1363.209,0.00
1363.304,0.00
1363.401,0.00
1363.512,0.00
1363.609,0.00
1363.705,0.00
1363.800,0.00
1363.912,0.00
1364.007,0.00
1364.104,0.00
1364.215,0.00
1364.312,0.00
1364.407,0.00
1364.504,0.00
1364.614,0.00
1364.711,0.00
1364.807,0.00
1364.902,0.00
1365.015,0.00
1365.110,0.00
1365.206,0.00
1365.301,0.00
1365.414,0.00
1365.510,0.00
1365.605,0.00
1365.702,0.00
1365.813,0.00
1365.909,0.00
1366.005,0.00
1366.101,0.00
1366.212,0.00
1366.308,0.00
1366.404,0.00
1366.515,0.00
1366.612,0.00
1366.708,0.00
1366.804,0.00
1366.915,0.00
1367.012,0.00
1367.107,0.00
1367.203,0.00
1367.315,0.00
1367.411,0.00
1367.506,0.00
1367.602,0.00
1367.714,0.00
1367.810,0.00
1367.906,0.00
1368.002,0.00
1368.114,0.00
1368.210,0.00
1368.305,0.00
1368.401,0.00
1368.513,0.00
1368.608,0.00
1368.704,0.00
1368.816,0.00
1368.912,0.00
1369.008,0.00
1369.104,0.00
1369.216,0.00
1369.312,0.00
1369.408,0.00
1369.503,0.00
1369.615,0.00
1369.712,0.00
1369.808,0.00
1369.903,0.00
1370.015,0.00
1370.111,0.00
1370.207,0.00
1370.303,0.00
1370.415,0.00
1370.510,0.00
1370.606,0.00
1370.717,0.00
1370.815,0.00
1370.909,0.00
1371.005,0.00
1371.117,0.00
1371.213,0.00
1371.308,0.00
1371.405,0.00
1371.517,0.00
1371.612,0.00
1371.709,0.00
1371.804,0.00
1371.917,0.00
1372.011,0.00
1372.108,0.00
1372.204,0.00
1372.316,0.00
1372.411,0.00
1372.507,0.00
1372.603,0.00
1372.715,0.00
1372.810,0.00
1372.906,0.00
1373.018,0.00
1373.115,0.00
1373.211,0.00
1373.306,0.00
1373.417,0.00
1373.514,0.00
1373.609,0.00
1373.705,0.00
1373.817,0.00
1373.912,0.00
1374.009,0.00
1374.104,0.00
1374.217,0.00
1374.313,0.00
1374.409,0.00
1374.504,0.00
1374.616,0.00
1374.712,0.00
1374.807,0.00
1374.919,0.00
1375.016,0.00
1375.111,0.00
1375.207,0.00
1375.318,0.00
1375.415,0.00
1375.511,0.00
1375.606,0.00
1375.718,0.00
1375.815,0.00
1375.910,0.00
1376.006,0.00
1376.118,0.00
1376.213,0.00
1376.310,0.00
1376.405,0.00
1376.517,0.00
1376.613,0.00
1376.709,0.00
1376.806,0.00
1376.917,0.00
1377.013,0.00
1377.108,0.00
1377.219,0.00
1377.316,0.00
1377.412,0.00
1377.507,0.00
1377.619,0.00
1377.715,0.00
1377.811,0.00
1377.907,0.00
1378.019,0.00
1378.115,0.00
1378.211,0.00
1378.307,0.00
1378.418,0.00
1378.514,0.00
1378.610,0.00
1378.706,0.00
1378.818,0.00
1378.913,0.00
1379.009,0.00
1379.106,0.00
1379.217,0.00
1379.313,0.00
1379.408,0.00
1379.505,0.00
1379.617,0.00
1379.712,0.00
1379.809,0.00
1379.919,0.00
1380.016,0.00
1380.112,0.00
1380.208,0.00
1380.319,0.00
1380.416,0.00
1380.511,0.00
1380.606,0.00
1380.719,0.00
1380.815,0.00
1380.911,0.00
1381.007,0.00
1381.118,0.00
1381.214,0.00
1381.310,0.00
1381.406,0.00
1381.517,0.00
1381.614,0.00
1381.709,0.00
1381.806,0.00
1381.917,0.00
1382.013,0.00
1382.108,0.00
1382.220,0.00
1382.316,0.00
1382.413,0.00
1382.508,0.00
1382.619,0.00
1382.716,0.00
1382.812,0.00
1382.908,0.00
1383.020,0.00
1383.116,0.00
1383.211,0.00
1383.307,0.00
1383.419,0.00
1383.515,0.00
1383.610,0.00
1383.706,0.00
1383.818,0.00
1383.914,0.00
1384.009,0.00
1384.106,0.00
1384.217,0.00
1384.313,0.00
1384.409,0.00
1384.505,0.00
1384.617,0.00
1384.713,0.00
1384.809,0.00
1384.920,0.00
1385.017,0.00
1385.113,0.00
1385.208,0.00
1385.319,0.00
1385.415,0.00
1385.512,0.00
1385.608,0.00
1385.720,0.00
1385.816,0.00
1385.911,0.00
1386.007,0.00
1386.119,0.00
1386.215,0.00
1386.311,0.00
1386.406,0.00
1386.518,0.00
1386.614,0.00
1386.709,0.00
1386.806,0.00
1386.918,0.00
1387.013,0.00
1387.109,0.00
1387.220,0.00
1387.317,0.00
1387.413,0.00
1387.508,0.00
1387.620,0.00
1387.716,0.00
1387.812,0.00
1387.908,0.00
1388.020,0.00
1388.116,0.00
1388.211,0.00
1388.308,0.00
1388.419,0.00
1388.516,0.00
1388.611,0.00
1388.706,0.00
1388.818,0.00
1388.914,0.00
1389.010,0.00
1389.106,0.00
1389.218,0.00
1389.315,0.00
1389.410,0.00
1389.506,0.00
1389.617,0.00
1389.713,0.00
1389.810,0.00
1389.920,0.00
1390.017,0.00
1390.112,0.00
1390.209,0.00
1390.320,0.00
1390.417,0.00
1390.511,0.00
1390.608,0.00
1390.719,0.00
1390.815,0.00
1390.911,0.00
1391.007,0.00
1391.120,0.00
1391.215,0.00
1391.311,0.00
1391.407,0.00
1391.519,0.00
1391.614,0.00
1391.710,0.00
1391.805,0.00
1391.917,0.00
1392.014,0.00
1392.109,0.00
1392.221,0.00
1392.317,0.00
1392.413,0.00
1392.509,0.00
1392.620,0.00
1392.717,0.00
1392.813,0.00
1392.909,0.00
1393.020,0.00
1393.116,0.00
1393.211,0.00
1393.308,0.00
1393.420,0.00
1393.516,0.00
1393.611,0.00
1393.707,0.00
1393.818,0.00
1393.914,0.00
1394.011,0.00
1394.106,0.00
1394.219,0.00
1394.314,0.00
1394.410,0.00
1394.521,0.00
1394.617,0.00
1394.714,0.00
1394.809,0.00
1394.921,0.00
1395.018,0.00
1395.113,0.00
1395.209,0.00
1395.321,0.00
1395.417,0.00
1395.513,0.00
1395.608,0.00
1395.720,0.00
1395.817,0.00
1395.912,0.00
1396.007,0.00
1396.120,0.00
1396.216,0.00
1396.311,0.00
1396.408,0.00
1396.518,0.00
1396.615,0.00
1396.710,0.00
1396.806,0.00
1396.918,0.00
1397.013,0.00
1397.110,0.00
1397.221,0.00
1397.318,0.00
1397.414,0.00
1397.509,0.00
1397.622,0.00
1397.717,0.00
1397.813,0.00
1397.909,0.00
1398.020,0.00
1398.116,0.00
1398.212,0.00
1398.308,0.00
1398.420,0.00
1398.516,0.00
1398.612,0.00
1398.708,0.00
1398.819,0.00
1398.916,0.00
1399.012,0.00
1399.107,0.00
1399.219,0.00
1399.315,0.00
1399.411,0.00
1399.522,0.00
1399.619,0.00
1399.714,0.00
1399.811,0.00
1399.921,0.00
1400.018,0.00
1400.113,0.00
1400.209,0.00
1400.321,0.00
1400.417,0.00
1400.512,0.00
1400.609,0.00
1400.721,0.00
1400.816,0.00
1400.912,0.00
1401.008,0.00
1401.121,0.00
1401.216,0.00
1401.312,0.00
1401.423,0.00
1401.519,0.00
1401.615,0.00
1401.711,0.00
1401.822,0.00
1401.919,0.00
1402.014,0.00
1402.110,0.00
1402.222,0.00
1402.318,0.00
1402.414,0.00
1402.510,0.00
1402.622,0.00
1402.717,0.00
1402.813,0.00
1402.909,0.00
1403.021,0.00
1403.117,0.00
1403.213,0.00
1403.308,0.00
1403.421,0.00
1403.516,0.00
1403.612,0.00
1403.723,0.00
1403.820,0.00
1403.916,0.00
1404.011,0.00
1404.123,0.00
1404.219,0.00
1404.315,0.00
1404.411,0.00
1404.523,0.00
1404.619,0.00
1404.715,0.00
1404.811,0.00
1404.922,0.00
1405.018,0.00
1405.114,0.00
1405.211,0.00
1405.321,0.00
1405.417,0.00
1405.513,0.00
1405.609,0.00
1405.721,0.00
1405.817,0.00
1405.912,0.00
1406.024,0.00
1406.121,0.00
1406.216,0.00
1406.312,0.00
1406.424,0.00
1406.520,0.00
1406.616,0.00
1406.712,0.00
1406.823,0.00
1406.919,0.00
1407.015,0.00
1407.112,0.00
1407.223,0.00
1407.319,0.00
1407.415,0.00
1407.510,0.00
1407.623,0.00
1407.718,0.00
1407.814,0.00
1407.910,0.00
1408.021,0.00
1408.117,0.00
1408.213,0.00
1408.326,0.00
1408.421,0.00
1408.517,0.00
1408.613,0.00
1408.724,0.00
1408.820,0.00
1408.916,0.00
1409.012,0.00
1409.124,0.00
1409.219,0.00
1409.316,0.00
1409.412,0.00
1409.524,0.00
1409.619,0.00
1409.715,0.00
1409.811,0.00
1409.922,0.00
1410.018,0.00
1410.114,0.00
1410.210,0.00
1410.322,0.00
1410.418,0.00
1410.513,0.00
1410.625,0.00
1410.722,0.00
1410.818,0.00
1410.913,0.00
1411.024,0.00
1411.121,0.00
1411.216,0.00
1411.313,0.00
1411.424,0.00
1411.520,0.00
1411.616,0.00
1411.713,0.00
1411.824,0.00
1411.919,0.00
1412.015,0.00
1412.111,0.00
1412.224,0.00
1412.319,0.00
1412.415,0.00
1412.510,0.00
1412.623,0.00
1412.719,0.00
1412.815,0.00
1412.925,0.00
1413.022,0.00
1413.118,0.00
1413.214,0.00
1413.325,0.00
1413.422,0.00
1413.517,0.00
1413.613,0.00
1413.725,0.00
1413.821,0.00
1413.917,0.00
1414.012,0.00
1414.125,0.00
1414.220,0.00
1414.316,0.00
1414.413,0.00
1414.524,0.00
1414.619,0.00
1414.716,0.00
1414.812,0.00
1414.923,0.00
1415.019,0.00
1415.114,0.00
1415.210,0.00
1415.322,0.00
1415.420,0.00
1415.515,0.00
1415.625,0.00
1415.722,0.00
1415.818,0.00
1415.913,0.00
1416.025,0.00
1416.121,0.00
1416.217,0.00
1416.313,0.00
1416.425,0.00
1416.521,0.00
1416.617,0.00
1416.713,0.00
1416.824,0.00
1416.920,0.00
1417.016,0.00
1417.112,0.00
1417.223,0.00
1417.319,0.00
1417.415,0.00
1417.511,0.00
1417.623,0.00
1417.718,0.00
1417.814,0.00
1417.911,0.00
1418.022,0.00
1418.118,0.00
1418.214,0.00
1418.325,0.00
1418.421,0.00
1418.518,0.00
1418.613,0.00
1418.726,0.00
1418.822,0.00
1418.917,0.00
1419.014,0.00
1419.124,0.00
1419.221,0.00
1419.317,0.00
1419.412,0.00
1419.525,0.00
1419.620,0.00
1419.716,0.00
1419.812,0.00
1419.924,0.00
1420.020,0.00
1420.115,0.00
1420.211,0.00
1420.323,0.00
1420.419,0.00
1420.514,0.00
1420.626,0.00
1420.722,0.00
1420.819,0.00
1420.914,0.00
1421.026,0.00
1421.122,0.00
1421.217,0.00
1421.314,0.00
1421.426,0.00
1421.521,0.00
1421.617,0.00
1421.713,0.00
1421.825,0.00
1421.921,0.00
1422.016,0.00
1422.112,0.00
1422.224,0.00
1422.320,0.00
1422.416,0.00
1422.527,0.00
1422.623,0.00
1422.719,0.00
1422.816,0.00
1422.927,0.00
1423.023,0.00
1423.119,0.00
1423.214,0.00
1423.326,0.00
1423.424,0.00
1423.518,0.00
1423.614,0.00
1423.726,0.00
1423.821,0.00
1423.917,0.00
1424.014,0.00
1424.125,0.00
1424.221,0.00
1424.317,0.00
1424.428,0.00
1424.524,0.00
1424.620,0.00
1424.717,0.00
1424.828,0.00
1424.924,0.00
1425.019,0.00
1425.116,0.00
1425.228,0.00
1425.323,0.00
1425.419,0.00
1425.515,0.00
1425.627,0.00
1425.723,0.00
1425.818,0.00
1425.914,0.00
1426.027,0.00
1426.122,0.00
1426.217,0.00
1426.314,0.00
1426.426,0.00
1426.522,0.00
1426.618,0.00
1426.729,0.00
1426.825,0.00
1426.921,0.00
1427.017,0.00
1427.129,0.00
1427.224,0.00
1427.320,0.00
1427.416,0.00
1427.527,0.00
1427.624,0.00
1427.720,0.00
1427.816,0.00
1427.927,0.00
1428.023,0.00
1428.120,0.00
1428.215,0.00
1428.327,0.00
1428.423,0.00
1428.518,0.00
1428.630,0.00
1428.726,0.00
1428.821,0.00
1428.918,0.00
1429.029,0.00
1429.125,0.00
1429.222,0.00
1429.317,0.00
1429.429,0.00
1429.525,0.00
1429.621,0.00
1429.717,0.00
1429.830,0.00
1429.924,0.00
1430.020,0.00
1430.116,0.00
1430.228,0.00
1430.323,0.00
1430.420,0.00
1430.531,0.00
1430.628,0.00
1430.723,0.00
1430.819,0.00
1430.931,0.00
1431.026,0.00
1431.122,0.00
1431.219,0.00
1431.330,0.00
1431.426,0.00
1431.522,0.00
1431.618,0.00
1431.729,0.00
1431.826,0.00
1431.922,0.00
1432.018,0.00
1432.129,0.00
1432.225,0.00
1432.321,0.00
1432.432,0.00
1432.529,0.00
1432.624,0.00
1432.719,0.00
1432.831,0.00
1432.927,0.00
1433.023,0.00
1433.120,0.00
1433.232,0.00
1433.327,0.00
1433.424,0.00
1433.519,0.00
1433.631,0.00
1433.727,0.00
1433.822,0.00
1433.918,0.00
1434.030,0.00
1434.126,0.00
1434.221,0.00
1434.317,0.00
1434.429,0.00
1434.526,0.00
1434.621,0.00
1434.732,0.00
1434.829,0.00
1434.925,0.00
1435.021,0.00
1435.132,0.00
1435.228,0.00
1435.325,0.00
1435.420,0.00
1435.532,0.00
1435.628,0.00
1435.724,0.00
1435.820,0.00
1435.931,0.00
1436.027,0.00
1436.124,0.00
1436.219,0.00
1436.331,0.00
1436.427,0.00
1436.523,0.00
1436.618,0.00
1436.731,0.00
1436.826,0.00
1436.922,0.00
1437.033,0.00
1437.129,0.00
1437.225,0.00
1437.321,0.00
1437.433,0.00
1437.529,0.00
1437.625,0.00
1437.721,0.00
1437.833,0.00
1437.928,0.00
1438.024,0.00
1438.119,0.00
1438.231,0.00
1438.328,0.00
1438.424,0.00
1438.519,0.00
1438.632,0.00
1438.727,0.00
1438.823,0.00
1438.919,0.00
1439.030,0.00
1439.127,0.00
1439.222,0.00
1439.318,0.00
1439.430,0.00
1439.526,0.00
1439.622,0.00
1439.733,0.00
1439.830,0.00
1439.925,0.00
1440.021,0.00
1440.133,0.00
1440.229,0.00
1440.325,0.00
1440.422,0.00
1440.532,0.00
1440.628,0.00
1440.724,0.00
1440.820,0.00
1440.932,0.00
1441.027,0.00
1441.123,0.00
1441.219,0.00
1441.331,0.00
1441.426,0.00
1441.523,0.00
1441.619,0.00
1441.731,0.00
1441.827,0.00
1441.922,0.00
1442.034,0.00
1442.130,0.00
1442.225,0.00
1442.322,0.00
1442.433,0.00
1442.529,0.00
1442.624,0.00
1442.721,0.00
1442.832,0.00
1442.929,0.00
1443.025,0.00
1443.120,0.00
1443.232,0.00
1443.328,0.00
1443.424,0.00
1443.519,0.00
1443.632,0.00
1443.727,0.00
1443.823,0.00
1443.920,0.00
1444.031,0.00
1444.126,0.00
1444.223,0.00
1444.334,0.00
1444.430,0.00
1444.526,0.00
1444.623,0.00
1444.733,0.00
1444.830,0.00
1444.926,0.00
1445.021,0.00
1445.133,0.00
1445.230,0.00
1445.325,0.00
1445.421,0.00
1445.532,0.00
1445.629,0.00
1445.725,0.00
1445.820,0.00
1445.932,0.00
1446.028,0.00
1446.123,0.00
1446.235,0.00
1446.331,0.00
1446.427,0.00
1446.523,0.00
1446.634,0.00
1446.732,0.00
1446.827,0.00
1446.922,0.00
1447.035,0.00
1447.130,0.00
1447.226,0.00
1447.322,0.00
1447.434,0.00
1447.530,0.00
1447.625,0.00
1447.721,0.00
1447.833,0.00
1447.929,0.00
1448.024,0.00
1448.122,0.00
1448.233,0.00
1448.328,0.00
1448.424,0.00
1448.520,0.00
1448.632,0.00
1448.728,0.00
1448.824,0.00
1448.935,0.00
1449.031,0.00
1449.127,0.00
1449.223,0.00
1449.335,0.00
1449.431,0.00
1449.527,0.00
1449.622,0.00
1449.734,0.00
1449.830,0.00
1449.926,0.00
1450.022,0.00
1450.134,0.00
1450.230,0.00
1450.326,0.00
1450.421,0.00
1450.533,0.00
1450.629,0.00
1450.724,0.00
1450.821,0.00
1450.932,0.00
1451.028,0.00
1451.124,0.00
1451.235,0.00
1451.331,0.00
1451.427,0.00
1451.523,0.00
1451.635,0.00
1451.731,0.00
1451.827,0.00
1451.923,0.00
1452.035,0.00
1452.131,0.00
1452.226,0.00
1452.322,0.00
1452.434,0.00
1452.529,0.00
1452.626,0.00
1452.722,0.00
1452.834,0.00
1452.930,0.00
1453.025,0.00
1453.121,0.00
1453.233,0.00
1453.329,0.00
1453.424,0.00
1453.536,0.00
1453.632,0.00
1453.728,0.00
1453.824,0.00
1453.935,0.00
1454.031,0.00
1454.128,0.00
1454.223,0.00
1454.335,0.00
1454.431,0.00
1454.527,0.00
1454.623,0.00
1454.734,0.00
1454.830,0.00
1454.926,0.00
1455.022,0.00
1455.134,0.00
1455.229,0.00
1455.325,0.00
1455.421,0.00
1455.533,0.00
1455.629,0.00
1455.725,0.00
1455.821,0.00
1455.932,0.00
1456.029,0.00
1456.125,0.00
1456.236,0.00
1456.332,0.00
1456.428,0.00
1456.523,0.00
1456.635,0.00
1456.731,0.00
1456.827,0.00
1456.923,0.00
1457.035,0.00
1457.131,0.00
1457.227,0.00
1457.322,0.00
1457.435,0.00
1457.530,0.00
1457.625,0.00
1457.722,0.00
1457.834,0.00
1457.930,0.00
1458.025,0.00
1458.122,0.00
1458.233,0.00
1458.329,0.00
1458.425,0.00
1458.537,0.00
1458.633,0.00
1458.728,0.00
1458.824,0.00
1458.936,0.00
1459.032,0.00
1459.128,0.00
1459.224,0.00
1459.336,0.00
1459.431,0.00
1459.527,0.00
1459.623,0.00
1459.734,0.00
1459.830,0.00
1459.927,0.00
1460.022,0.00
1460.135,0.00
1460.230,0.00
1460.326,0.00
1460.422,0.00
1460.533,0.00
1460.629,0.00
1460.726,0.00
1460.836,0.00
1460.933,0.00
1461.028,0.00
1461.124,0.00
1461.236,0.00
1461.333,0.00
1461.428,0.00
1461.524,0.00
1461.636,0.00
1461.732,0.00
1461.828,0.00
1461.923,0.00
1462.035,0.00
1462.131,0.00
1462.227,0.00
1462.323,0.00
1462.435,0.00
1462.531,0.00
1462.627,0.00
1462.722,0.00
1462.834,0.00
1462.930,0.00
1463.025,0.00
1463.138,0.00
1463.233,0.00
1463.329,0.00
1463.426,0.00
1463.537,0.00
1463.633,0.00
1463.728,0.00
1463.825,0.00
1463.937,0.00
1464.032,0.00
1464.128,0.00
1464.224,0.00
1464.336,0.00
1464.431,0.00
1464.527,0.00
1464.623,0.00
1464.735,0.00
1464.831,0.00
1464.927,0.00
1465.038,0.00
1465.135,0.00
1465.230,0.00
1465.326,0.00
1465.437,0.00
1465.534,0.00
1465.630,0.00
1465.725,0.00
1465.838,0.00
1465.933,0.00
1466.029,0.00
1466.125,0.00
1466.237,0.00
1466.333,0.00
1466.429,0.00
1466.524,0.00
1466.637,0.00
1466.732,0.00
1466.828,0.00
1466.939,0.00
1467.036,0.00
1467.132,0.00
1467.227,0.00
1467.339,0.00
1467.435,0.00
1467.531,0.00
1467.627,0.00
1467.739,0.00
1467.834,0.00
1467.931,0.00
1468.027,0.00
1468.138,0.00
1468.234,0.00
1468.331,0.00
1468.426,0.00
1468.538,0.00
1468.634,0.00
1468.730,0.00
1468.825,0.00
1468.936,0.00
1469.032,0.00
1469.129,0.00
1469.224,0.00
1469.336,0.00
1469.432,0.00
1469.528,0.00
1469.639,0.00
1469.736,0.00
1469.832,0.00
1469.928,0.00
1470.039,0.00
1470.137,0.00
1470.231,0.00
1470.327,0.00
1470.439,0.00
1470.534,0.00
1470.631,0.00
1470.727,0.00
1470.838,0.00
1470.934,0.00
1471.030,0.00
1471.126,0.00
1471.237,0.00
1471.333,0.00
1471.429,0.00
1471.525,0.00
1471.637,0.00
1471.733,0.00
1471.829,0.00
1471.924,0.00
1472.037,0.00
1472.132,0.00
1472.228,0.00
1472.339,0.00
1472.436,0.00
1472.532,0.00
1472.627,0.00
1472.739,0.00
1472.835,0.00
1472.932,0.00
1473.027,0.00
1473.138,0.00
1473.234,0.00
1473.330,0.00
1473.426,0.00
1473.538,0.00
1473.634,0.00
1473.730,0.00
1473.826,0.00
1473.939,0.00
1474.034,0.00
1474.129,0.00
1474.225,0.00
1474.337,0.00
1474.433,0.00
1474.529,0.00
1474.640,0.00
1474.737,0.00
1474.833,0.00
1474.928,0.00
1475.040,0.00
1475.136,0.00
1475.231,0.00
1475.328,0.00
1475.439,0.00
1475.535,0.00
1475.631,0.00
1475.726,0.00
1475.839,0.00
1475.935,0.00
1476.030,0.00
1476.126,0.00
1476.238,0.00
1476.334,0.00
1476.429,0.00
1476.526,0.00
1476.637,0.00
1476.733,0.00
1476.829,0.00
1476.941,0.00
1477.037,0.00
1477.133,0.00
1477.228,0.00
1477.340,0.00
1477.436,0.00
1477.533,0.00
1477.628,0.00
1477.740,0.00
1477.835,0.00
1477.931,0.00
1478.027,0.00
1478.139,0.00
1478.235,0.00
1478.330,0.00
1478.427,0.00
1478.539,0.00
1478.634,0.00
1478.730,0.00
1478.841,0.00
1478.938,0.00
1479.033,0.00
1479.130,0.00
1479.241,0.00
1479.337,0.00
1479.433,0.00
1479.529,0.00
1479.641,0.00
1479.737,0.00
1479.832,0.00
1479.928,0.00
1480.040,0.00
1480.136,0.00
1480.232,0.00
1480.328,0.00
1480.439,0.00
1480.535,0.00
1480.631,0.00
1480.727,0.00
1480.839,0.00
1480.935,0.00
1481.030,0.00
1481.142,0.00
1481.238,0.00
1481.334,0.00
1481.430,0.00
1481.542,0.00
1481.638,0.00
1481.733,0.00
1481.830,0.00
1481.941,0.00
1482.037,0.00
1482.132,0.00
1482.229,0.00
1482.340,0.00
1482.437,0.00
1482.533,0.00
1482.628,0.00
1482.740,0.00
1482.836,0.00
1482.932,0.00
1483.043,0.00
1483.140,0.00
1483.235,0.00
1483.331,0.00
1483.442,0.00
1483.539,0.00
1483.635,0.00
1483.730,0.00
1483.842,0.00
1483.938,0.00
1484.034,0.00
1484.130,0.00
1484.242,0.00
1484.338,0.00
1484.433,0.00
1484.529,0.00
1484.641,0.00
1484.737,0.00
1484.834,0.00
1484.929,0.00
1485.040,0.00
1485.136,0.00
1485.232,0.00
1485.328,0.00
1485.440,0.00
1485.535,0.00
1485.632,0.00
1485.743,0.00
1485.839,0.00
1485.935,0.00
1486.031,0.00
1486.143,0.00
1486.239,0.00
1486.334,0.00
1486.432,0.00
1486.543,0.00
1486.639,0.00
1486.734,0.00
1486.830,0.00
1486.942,0.00
1487.038,0.00
1487.133,0.00
1487.230,0.00
1487.341,0.00
1487.437,0.00
1487.533,0.00
1487.629,0.00
1487.741,0.00
1487.837,0.00
1487.932,0.00
1488.043,0.00
1488.140,0.00
1488.236,0.00
1488.332,0.00
1488.443,0.00
1488.539,0.00
1488.635,0.00
1488.730,0.00
1488.843,0.00
1488.939,0.00
1489.035,0.00
1489.130,0.00
1489.242,0.00
1489.338,0.00
1489.434,0.00
1489.530,0.00
1489.642,0.00
1489.737,0.00
1489.834,0.00
1489.929,0.00
1490.041,0.00
1490.137,0.00
1490.233,0.00
1490.344,0.00
1490.440,0.00
1490.536,0.00
1490.632,0.00
1490.744,0.00
1490.839,0.00
1490.936,0.00
1491.032,0.00
1491.143,0.00
1491.240,0.00
1491.335,0.00
1491.430,0.00
1491.543,0.00
1491.638,0.00
1491.734,0.00
1491.830,0.00
1491.941,0.00
1492.038,0.00
1492.133,0.00
1492.245,0.00
1492.342,0.00
1492.438,0.00
1492.533,0.00
1492.644,0.00
1492.741,0.00
1492.837,0.00
1492.932,0.00
1493.044,0.00
1493.140,0.00
1493.235,0.00
1493.332,0.00
1493.444,0.00
1493.540,0.00
1493.636,0.00
1493.732,0.00
1493.843,0.00
1493.939,0.00
1494.035,0.00
1494.146,0.00
1494.243,0.00
1494.338,0.00
1494.434,0.00
1494.546,0.00
1494.642,0.00
1494.738,0.00
1494.834,0.00
1494.945,0.00
1495.042,0.00
1495.137,0.00
1495.234,0.00
1495.344,0.00
1495.440,0.00
1495.537,0.00
1495.633,0.00
1495.745,0.00
1495.841,0.00
1495.936,0.00
1496.032,0.00
1496.144,0.00
1496.240,0.00
1496.335,0.00
1496.431,0.00
1496.543,0.00
1496.639,0.00
1496.735,0.00
1496.846,0.00
1496.942,0.00
1497.039,0.00
1497.134,0.00
1497.246,0.00
1497.342,0.00
1497.438,0.00
1497.534,0.00
1497.646,0.00
1497.741,0.00
1497.837,0.00
1497.933,0.00
1498.044,0.00
1498.141,0.00
1498.236,0.00
1498.332,0.00
1498.444,0.00
1498.540,0.00
1498.636,0.00
1498.732,0.00
1498.844,0.00
1498.939,0.00
1499.036,0.00
1499.146,0.00
1499.243,0.00
1499.339,0.00
1499.434,0.00
1499.546,0.00
1499.643,0.00
1499.738,0.00
1499.834,0.00
1499.946,0.00
1500.041,0.00
1500.138,0.00
1500.233,0.00
1500.345,0.00
1500.441,0.00
1500.537,0.00
1500.633,0.00
1500.745,0.00
1500.840,0.00
1500.936,0.00
1501.032,0.00
1501.144,0.00
1501.240,0.00
1501.336,0.00
1501.447,0.00
1501.544,0.00
1501.639,0.00
1501.736,0.00
1501.847,0.00
1501.942,0.00
1502.039,0.00
1502.135,0.00
1502.247,0.00
1502.343,0.00
1502.438,0.00
1502.534,0.00
1502.646,0.00
1502.742,0.00
1502.838,0.00
1502.934,0.00
1503.046,0.00
1503.142,0.00
1503.237,0.00
1503.333,0.00
1503.444,0.00
1503.541,0.00
1503.636,0.00
1503.748,0.00
1503.844,0.00
1503.940,0.00
1504.035,0.00
1504.148,0.00
1504.244,0.00
1504.339,0.00
1504.436,0.00
1504.547,0.00
1504.643,0.00
1504.739,0.00
1504.835,0.00
1504.947,0.00
1505.043,0.00
1505.139,0.00
1505.234,0.00
1505.346,0.00
1505.442,0.00
1505.538,0.00
1505.634,0.00
1505.746,0.00
1505.841,0.00
1505.938,0.00
1506.048,0.00
1506.145,0.00
1506.241,0.00
1506.336,0.00
1506.448,0.00
1506.544,0.00
1506.640,0.00
1506.736,0.00
1506.847,0.00
1506.943,0.00
1507.040,0.00
1507.135,0.00
1507.246,0.00
1507.343,0.00
1507.439,0.00
1507.535,0.00
1507.647,0.00
1507.743,0.00
1507.838,0.00
1507.934,0.00
1508.046,0.00
1508.142,0.00
1508.238,0.00
1508.333,0.00
1508.447,0.00
1508.541,0.00
1508.638,0.00
1508.749,0.00
1508.844,0.00
1508.941,0.00
1509.037,0.00
1509.148,0.00
1509.244,0.00
1509.341,0.00
1509.435,0.00
1509.548,0.00
1509.643,0.00
1509.739,0.00
1509.835,0.00
1509.947,0.00
1510.043,0.00
1510.139,0.00
1510.235,0.00
1510.346,0.00
1510.442,0.00
1510.539,0.00
1510.650,0.00
1510.746,0.00
1510.841,0.00
1510.938,0.00
1511.049,0.00
1511.146,0.00
1511.241,0.00
1511.337,0.00
1511.448,0.00
1511.545,0.00
1511.640,0.00
1511.736,0.00
1511.848,0.00
1511.945,0.00
1512.040,0.00
1512.136,0.00
1512.248,0.00
1512.344,0.00
1512.439,0.00
1512.535,0.00
1512.648,0.00
1512.742,0.00
1512.839,0.00
1512.950,0.00
1513.046,0.00
1513.143,0.00
1513.238,0.00
1513.350,0.00
1513.445,0.00
1513.542,0.00
1513.638,0.00
1513.750,0.00
1513.846,0.00
1513.941,0.00
1514.037,0.00
1514.149,0.00
1514.244,0.00
1514.341,0.00
1514.442,0.00
1514.548,0.00
1514.644,0.00
1514.741,0.00
1514.836,0.00
1514.948,0.00
1515.044,0.00
1515.139,0.00
1515.235,0.00
1515.347,0.00
1515.443,0.00
1515.539,0.00
1515.650,0.00
1515.746,0.00
1515.842,0.00
1515.938,0.00
1516.050,0.00
1516.146,0.00
1516.241,0.00
1516.338,0.00
1516.450,0.00
1516.545,0.00
1516.641,0.00
1516.752,0.00
1516.848,0.00
1516.944,0.00
1517.041,0.00
1517.136,0.00
1517.248,0.00
1517.344,0.00
1517.441,0.00
1517.551,0.00
1517.647,0.00
1517.743,0.00
1517.839,0.00
1517.951,0.00
1518.047,0.00
1518.143,0.00
1518.239,0.00
1518.351,0.00
1518.446,0.00
1518.542,0.00
1518.638,0.00
1518.750,0.00
1518.846,0.00
1518.941,0.00
1519.037,0.00
1519.149,0.00
1519.245,0.00
1519.341,0.00
1519.437,0.00
1519.548,0.00
1519.644,0.00
1519.741,0.00
1519.851,0.00
1519.948,0.00
1520.044,0.00
1520.139,0.00
1520.252,0.00
1520.348,0.00
1520.443,0.00
1520.539,0.00
1520.651,0.00
1520.747,0.00
1520.844,0.00
1520.938,0.00
1521.050,0.00
1521.146,0.00
1521.242,0.00
1521.353,0.00
1521.451,0.00
1521.545,0.00
1521.642,0.00
1521.752,0.00
1521.850,0.00
1521.945,0.00
1522.041,0.00
1522.153,0.00
1522.249,0.00
1522.345,0.00
1522.440,0.00
1522.552,0.00
1522.648,0.00
1522.745,0.00
1522.839,0.00
1522.951,0.00
1523.047,0.00
1523.143,0.00
1523.254,0.00
1523.351,0.00
1523.447,0.00
1523.542,0.00
1523.654,0.00
1523.750,0.00
1523.846,0.00
1523.942,0.00
1524.053,0.00
1524.149,0.00
1524.245,0.00
1524.341,0.00
1524.453,0.00
1524.549,0.00
1524.645,0.00
1524.740,0.00
1524.853,0.00
1524.948,0.00
1525.045,0.00
1525.141,0.00
1525.252,0.00
1525.348,0.00
1525.443,0.00
1525.555,0.00
1525.651,0.00
1525.747,0.00
1525.843,0.00
1525.955,0.00
1526.051,0.00
1526.146,0.00
1526.242,0.00
1526.354,0.00
1526.451,0.00
1526.546,0.00
1526.642,0.00
1526.754,0.00
1526.850,0.00
1526.946,0.00
1527.042,0.00
1527.153,0.00
1527.250,0.00
1527.345,0.00
1527.456,0.00
1527.552,0.00
1527.648,0.00
1527.745,0.00
1527.856,0.00
1527.952,0.00
1528.048,0.00
1528.143,0.00
1528.255,0.00
1528.352,0.00
1528.447,0.00
1528.543,0.00
1528.655,0.00
1528.751,0.00
1528.847,0.00
1528.958,0.00
1529.054,0.00
1529.149,0.00
1529.246,0.00
1529.357,0.00
1529.453,0.00
1529.550,0.00
1529.646,0.00
1529.757,0.00
1529.853,0.00
1529.949,0.00
1530.045,0.00
1530.157,0.00
1530.252,0.00
1530.348,0.00
1530.444,0.00
1530.556,0.00
1530.652,0.00
1530.748,0.00
1530.843,0.00
1530.955,0.00
1531.051,0.00
1531.147,0.00
1531.258,0.00
1531.355,0.00
1531.451,0.00
1531.546,0.00
1531.657,0.00
1531.753,0.00
1531.850,0.00
1531.946,0.00
1532.057,0.00
1532.153,0.00
1532.249,0.00
1532.345,0.00
1532.456,0.00
1532.553,0.00
1532.648,0.00
1532.744,0.00
1532.856,0.00
1532.952,0.00
1533.048,0.00
1533.159,0.00
1533.255,0.00
1533.351,0.00
1533.448,0.00
1533.558,0.00
1533.655,0.00
1533.751,0.00
1533.847,0.00
1533.958,0.00
1534.055,0.00
1534.151,0.00
1534.246,0.00
1534.358,0.00
1534.454,0.00
1534.550,0.00
1534.647,0.00
1534.757,0.00
1534.853,0.00
1534.949,0.00
1535.045,0.00
1535.157,0.00
1535.253,0.00
1535.349,0.00
1535.460,0.00
1535.556,0.00
1535.652,0.00
1535.749,0.00
1535.859,0.00
1535.955,0.00
1536.051,0.00
1536.148,0.00
1536.259,0.00
1536.355,0.00
1536.451,0.00
1536.546,0.00
1536.659,0.00
1536.755,0.00
1536.851,0.00
1536.946,0.00
1537.059,0.00
1537.154,0.00
1537.249,0.00
1537.345,0.00
1537.458,0.00
1537.553,0.00
1537.649,0.00
1537.745,0.00
1537.857,0.00
1537.953,0.00
1538.049,0.00
1538.160,0.00
1538.256,0.00
1538.353,0.00
1538.448,0.00
1538.560,0.00
1538.656,0.00
1538.752,0.00
1538.847,0.00
1538.959,0.00
1539.055,0.00
1539.150,0.00
1539.247,0.00
1539.358,0.00
1539.454,0.00
1539.551,0.00
1539.646,0.00
1539.758,0.00
1539.855,0.00
1539.949,0.00
1540.046,0.00
1540.158,0.00
1540.253,0.00
1540.349,0.00
1540.460,0.00
1540.557,0.00
1540.653,0.00
1540.748,0.00
1540.859,0.00
1540.956,0.00
1541.051,0.00
1541.147,0.00
1541.259,0.00
1541.356,0.00
1541.451,0.00
1541.546,0.00
1541.659,0.00
1541.755,0.00
1541.850,0.00
1541.946,0.00
1542.058,0.00
1542.154,0.00
1542.250,0.00
1542.345,0.00
1542.458,0.00
1542.554,0.00
1542.649,0.00
1542.760,0.00
1542.858,0.00
1542.953,0.00
1543.048,0.00
1543.160,0.00
1543.257,0.00
1543.353,0.00
1543.449,0.00
1543.561,0.00
1543.657,0.00
1543.752,0.00
1543.848,0.00
1543.959,0.00
1544.055,0.00
1544.151,0.00
1544.246,0.00
1544.359,0.00
1544.455,0.00
1544.550,0.00
1544.646,0.00
1544.758,0.00
1544.855,0.00
1544.950,0.00
1545.045,0.00
1545.157,0.00
1545.254,0.00
1545.349,0.00
1545.460,0.00
1545.557,0.00
1545.653,0.00
1545.749,0.00
1545.860,0.00
1545.956,0.00
1546.052,0.00
1546.148,0.00
1546.260,0.00
1546.356,0.00
1546.452,0.00
1546.549,0.00
1546.659,0.00
1546.756,0.00
1546.851,0.00
1546.947,0.00
1547.060,0.00
1547.155,0.00
1547.250,0.00
1547.346,0.00
1547.458,0.00
1547.554,0.00
1547.650,0.00
1547.746,0.00
1547.858,0.00
1547.954,0.00
1548.049,0.00
1548.161,0.00
1548.256,0.00
1548.353,0.00
1548.449,0.00
1548.561,0.00
1548.657,0.00
1548.752,0.00
1548.848,0.00
1548.960,0.00
1549.056,0.00
1549.152,0.00
1549.248,0.00
1549.359,0.00
1549.456,0.00
1549.551,0.00
1549.646,0.00
1549.758,0.00
1549.855,0.00
1549.950,0.00
1550.047,0.00
1550.158,0.00
1550.255,0.00
1550.350,0.00
1550.461,0.00
1550.558,0.00
1550.653,0.00
1550.750,0.00
1550.861,0.00
1550.957,0.00
1551.052,0.00
1551.149,0.00
1551.260,0.00
1551.357,0.00
1551.452,0.00
1551.548,0.00
1551.659,0.00
1551.756,0.00
1551.852,0.00
1551.948,0.00
1552.059,0.00
1552.155,0.00
1552.251,0.00
1552.362,0.00
1552.459,0.00
1552.555,0.00
1552.650,0.00
1552.762,0.00
1552.858,0.00
1552.953,0.00
1553.050,0.00
1553.162,0.00
1553.257,0.00
1553.353,0.00
1553.449,0.00
1553.561,0.00
1553.657,0.00
1553.753,0.00
1553.848,0.00
1553.960,0.00
1554.057,0.00
1554.153,0.00
1554.248,0.00
1554.360,0.00
1554.456,0.00
1554.552,0.00
1554.663,0.00
1554.759,0.00
1554.855,0.00
1554.951,0.00
1555.064,0.00
1555.159,0.00
1555.254,0.00
1555.350,0.00
1555.462,0.00
1555.558,0.00
1555.654,0.00
1555.751,0.00
1555.862,0.00
1555.957,0.00
1556.054,0.00
1556.164,0.00
1556.261,0.00
1556.356,0.00
1556.453,0.00
1556.565,0.00
1556.661,0.00
1556.756,0.00
1556.852,0.00
1556.964,0.00
1557.059,0.00
1557.156,0.00
1557.251,0.00
1557.363,0.00
1557.459,0.00
1557.555,0.00
1557.651,0.00
1557.762,0.00
1557.859,0.00
1557.954,0.00
1558.050,0.00
1558.162,0.00
1558.258,0.00
1558.354,0.00
1558.465,0.00
1558.561,0.00
1558.658,0.00
1558.753,0.00
1558.864,0.00
1558.961,0.00
1559.056,0.00
1559.153,0.00
1559.264,0.00
1559.360,0.00
1559.457,0.00
1559.552,0.00
1559.663,0.00
1559.760,0.00
1559.856,0.00
1559.952,0.00
1560.063,0.00
1560.159,0.00
1560.255,0.00
1560.350,0.00
1560.463,0.00
1560.559,0.00
1560.654,0.00
1560.765,0.00
1560.862,0.00
1560.957,0.00
1561.054,0.00
1561.166,0.00
1561.261,0.00
1561.357,0.00
1561.452,0.00
1561.565,0.00
1561.661,0.00
1561.756,0.00
1561.852,0.00
1561.964,0.00
1562.060,0.00
1562.156,0.00
1562.252,0.00
1562.363,0.00
1562.460,0.00
1562.555,0.00
1562.666,0.00
1562.763,0.00
1562.859,0.00
1562.954,0.00
1563.066,0.00
1563.162,0.00
1563.258,0.00
1563.354,0.00
1563.466,0.00
1563.562,0.00
1563.657,0.00
1563.753,0.00
1563.865,0.00
1563.961,0.00
1564.057,0.00
1564.153,0.00
1564.265,0.00
1564.361,0.00
1564.456,0.00
1564.553,0.00
1564.664,0.00
1564.760,0.00
1564.856,0.00
1564.952,0.00
1565.063,0.00
1565.160,0.00
1565.256,0.00
1565.367,0.00
1565.463,0.00
1565.558,0.00
1565.654,0.00
1565.766,0.00
1565.863,0.00
1565.959,0.00
1566.054,0.00
1566.165,0.00
1566.262,0.00
1566.357,0.00
1566.453,0.00
1566.565,0.00
1566.662,0.00
1566.758,0.00
1566.852,0.00
1566.965,0.00
1567.060,0.00
1567.156,0.00
1567.268,0.00
1567.365,0.00
1567.459,0.00
1567.555,0.00
1567.668,0.00
1567.763,0.00
1567.859,0.00
1567.955,0.00
1568.067,0.00
1568.163,0.00
1568.259,0.00
1568.355,0.00
1568.466,0.00
1568.562,0.00
1568.658,0.00
1568.753,0.00
1568.865,0.00
1568.961,0.00
1569.057,0.00
1569.154,0.00
1569.265,0.00
1569.361,0.00
1569.457,0.00
1569.568,0.00
1569.665,0.00
1569.760,0.00
1569.856,0.00
1569.968,0.00
1570.064,0.00
1570.160,0.00
1570.256,0.00
1570.368,0.00
1570.463,0.00
1570.559,0.00
1570.654,0.00
1570.767,0.00
1570.863,0.00
1570.959,0.00
1571.054,0.00
1571.167,0.00
1571.262,0.00
1571.358,0.00
1571.454,0.00
1571.566,0.00
1571.662,0.00
1571.758,0.00
1571.854,0.00
1571.965,0.00
1572.061,0.00
1572.157,0.00
1572.268,0.00
1572.365,0.00
1572.461,0.00
1572.556,0.00
1572.668,0.00
1572.764,0.00
1572.860,0.00
1572.955,0.00
1573.067,0.00
1573.164,0.00
1573.259,0.00
1573.355,0.00
1573.467,0.00
1573.563,0.00
1573.659,0.00
1573.755,0.00
1573.866,0.00
1573.962,0.00
1574.058,0.00
1574.170,0.00
1574.266,0.00
1574.361,0.00
1574.457,0.00
1574.570,0.00
1574.665,0.00
1574.761,0.00
1574.858,0.00
1574.969,0.00
1575.065,0.00
1575.160,0.00
1575.256,0.00
1575.368,0.00
1575.464,0.00
1575.560,0.00
1575.655,0.00
1575.768,0.00
1575.864,0.00
1575.959,0.00
1576.055,0.00
1576.167,0.00
1576.263,0.00
1576.358,0.00
1576.470,0.00
1576.566,0.00
1576.663,0.00
1576.757,0.00
1576.870,0.00
1576.966,0.00
1577.061,0.00
1577.157,0.00
1577.269,0.00
1577.365,0.00
1577.460,0.00
1577.557,0.00
1577.668,0.00
1577.764,0.00
1577.861,0.00
1577.956,0.00
1578.068,0.00
1578.164,0.00
1578.260,0.00
1578.371,0.00
1578.467,0.00
1578.563,0.00
1578.659,0.00
1578.770,0.00
1578.867,0.00
1578.962,0.00
1579.059,0.00
1579.171,0.00
1579.266,0.00
1579.363,0.00
1579.458,0.00
1579.570,0.00
1579.666,0.00
1579.761,0.00
1579.858,0.00
1579.970,0.00
1580.065,0.00
1580.161,0.00
1580.257,0.00
1580.369,0.00
1580.464,0.00
1580.560,0.00
1580.672,0.00
1580.768,0.00
1580.864,0.00
1580.960,0.00
1581.071,0.00
1581.167,0.00
1581.264,0.00
1581.360,0.00
1581.471,0.00
1581.567,0.00
1581.663,0.00
1581.759,0.00
1581.871,0.00
1581.967,0.00
1582.062,0.00
1582.157,0.00
1582.319,0.00
1582.366,0.00
1582.461,0.00
1582.583,0.00
1582.669,0.00
1582.765,0.00
1582.861,0.00
1582.972,0.00
1583.070,0.00
1583.167,0.00
1583.260,0.00
1583.372,0.00
1583.468,0.00
1583.564,0.00
1583.659,0.00
1583.772,0.00
1583.868,0.00
1583.963,0.00
1584.059,0.00
1584.170,0.00
1584.266,0.00
1584.363,0.00
1584.459,0.00
1584.570,0.00
1584.666,0.00
1584.762,0.00
1584.858,0.00
1584.969,0.00
1585.066,0.00
1585.161,0.00
1585.273,0.00
1585.369,0.00
1585.465,0.00
1585.561,0.00
1585.673,0.00
1585.768,0.00
1585.864,0.00
1585.960,0.00
1586.073,0.00
1586.168,0.00
1586.264,0.00
1586.360,0.00
1586.471,0.00
1586.567,0.00
1586.663,0.00
1586.759,0.00
1586.871,0.00
1586.967,0.00
1587.062,0.00
1587.159,0.00
1587.271,0.00
1587.366,0.00
1587.462,0.00
1587.573,0.00
1587.670,0.00
1587.765,0.00
1587.862,0.00
1587.973,0.00
1588.069,0.00
1588.165,0.00
1588.260,0.00
1588.372,0.00
1588.469,0.00
1588.564,0.00
1588.661,0.00
1588.772,0.00
1588.868,0.00
1588.965,0.00
1589.060,0.00
1589.172,0.00
1589.267,0.00
1589.363,0.00
1589.459,0.00
1589.572,0.00
1589.667,0.00
1589.762,0.00
1589.859,0.00
1589.970,0.00
1590.066,0.00
1590.162,0.00
1590.273,0.00
1590.370,0.00
1590.465,0.00
1590.562,0.00
1590.673,0.00
1590.769,0.00
1590.865,0.00
1590.960,0.00
1591.072,0.00
1591.169,0.00
1591.264,0.00
1591.360,0.00
1591.472,0.00
1591.568,0.00
1591.664,0.00
1591.759,0.00
1591.872,0.00
1591.967,0.00
1592.063,0.00
1592.159,0.00
1592.271,0.00
1592.367,0.00
1592.462,0.00
1592.574,0.00
1592.670,0.00
1592.766,0.00
1592.861,0.00
1592.973,0.00
1593.069,0.00
1593.165,0.00
1593.262,0.00
1593.374,0.00
1593.469,0.00
1593.565,0.00
1593.661,0.00
1593.772,0.00
1593.869,0.00
1593.965,0.00
1594.060,0.00
1594.172,0.00
1594.268,0.00
1594.364,0.00
1594.459,0.00
1594.572,0.00
1594.667,0.00
1594.763,0.00
1594.875,0.00
1594.971,0.00
1595.066,0.00
1595.163,0.00
1595.275,0.00
1595.370,0.00
1595.466,0.00
1595.562,0.00
1595.674,0.00
1595.770,0.00
1595.866,0.00
1595.961,0.00
1596.073,0.00
1596.169,0.00
1596.265,0.00
1596.360,0.00
1596.473,0.00
1596.569,0.00
1596.664,0.00
1596.760,0.00
1596.872,0.00
1596.968,0.00
1597.064,0.00
1597.175,0.00
1597.271,0.00
1597.368,0.00
1597.463,0.00
1597.575,0.00
1597.671,0.00
1597.767,0.00
1597.863,0.00
1597.980,0.00
0.039,0.00
0.136,0.00
0.231,0.00
0.343,0.00
0.439,0.00
0.535,0.00
0.630,0.00
0.742,0.00
0.838,0.00
0.935,0.00
1.030,0.00
1.142,0.00
1.238,0.00
1.333,0.00
1.444,0.00
1.541,0.00
1.636,0.00
1.732,0.00
1.844,0.00
1.940,0.00
2.036,0.00
2.132,0.00
2.244,0.00
2.340,1.00
2.436,0.00
2.531,0.00
2.644,0.00
2.739,0.00
2.835,1.00
2.932,0.00
3.043,1.00
3.138,1.00
3.234,1.00
3.330,1.00
3.442,1.00
3.538,1.00
3.634,1.00
3.729,1.00
3.841,1.00
3.937,1.00
4.033,1.00
4.144,1.00
4.242,1.00
4.337,1.00
4.432,1.00
4.544,1.00
4.641,1.00
4.737,1.00
4.832,1.00
4.944,1.00
5.040,1.00
5.135,1.00
5.231,1.00
5.343,1.00
5.439,1.00
5.535,1.00
5.631,1.00
5.742,1.00
5.839,1.00
5.934,1.00
6.030,1.00
6.142,1.00
6.238,1.00
6.334,1.00
6.445,1.00
6.541,1.00
6.638,1.00
6.733,1.00
6.845,1.00
6.941,1.00
7.037,1.00
7.132,1.00
7.245,1.00
7.340,1.00
7.436,1.00
7.532,1.00
7.644,1.00
7.740,1.00
7.836,1.00
7.931,1.00
8.043,1.00
8.138,1.00
8.235,1.00
8.331,1.00
8.442,1.00
8.539,1.00
8.634,1.00
8.730,2.00
8.842,2.00
8.938,1.00
9.034,2.00
9.146,2.00
9.241,2.00
9.337,2.00
9.433,1.00
9.545,2.00
9.641,2.00
9.738,2.00
9.832,2.00
9.944,2.00
10.040,2.00
10.136,2.00
10.232,2.00
10.343,2.00
10.439,2.00
10.536,2.00
10.631,2.00
10.744,2.00
10.839,2.00
10.935,2.00
11.046,2.00
11.143,2.00
11.239,2.00
11.334,2.00
11.446,2.00
11.542,2.00
11.638,2.00
11.734,2.00
11.845,2.00
11.941,2.00
12.037,2.00
12.133,2.00
12.244,2.00
12.341,2.00
12.437,2.00
12.532,2.00
12.644,3.00
12.740,2.00
12.836,3.00
12.932,3.00
13.043,3.00
13.139,3.00
13.235,3.00
13.347,3.00
13.443,3.00
13.539,3.00
13.635,3.00
13.746,3.00
13.843,3.00
13.938,3.00
14.035,3.00
14.146,3.00
14.242,3.00
14.337,3.00
14.434,3.00
14.546,4.00
14.641,4.00
14.737,4.00
14.833,4.00
14.945,4.00
15.041,4.00
15.137,4.00
15.232,4.00
15.344,4.00
15.440,4.00
15.536,5.00
15.648,5.00
15.744,5.00
15.840,5.00
15.935,5.00
16.047,5.00
16.143,6.00
16.239,6.00
16.335,6.00
16.447,6.00
16.542,6.00
16.639,6.00
16.734,7.00
16.845,7.00
16.941,7.00
17.038,7.00
17.133,8.00
17.245,8.00
17.341,8.00
17.437,8.00
17.548,9.00
17.645,9.00
17.740,10.00
17.836,10.00
17.948,10.00
18.044,11.00
18.140,11.00
18.236,12.00
18.348,12.00
18.443,13.00
18.539,13.00
18.636,14.00
18.747,14.00
18.842,15.00
18.939,16.00
19.035,16.00
19.147,17.00
19.243,18.00
19.338,19.00
19.449,19.00
19.546,20.00
19.642,21.00
19.738,21.00
19.849,21.00
19.946,22.00
20.041,22.00
20.137,22.00
20.249,22.00
20.345,22.00
20.441,22.00
20.537,22.00
20.648,22.00
20.744,22.00
20.840,23.00
20.936,23.00
21.047,22.00
21.144,22.00
21.240,22.00
21.336,23.00
21.447,23.00
21.542,23.00
21.640,23.00
21.734,23.00
21.847,23.00
21.943,23.00
22.038,23.00
22.149,23.00
22.246,23.00
22.342,23.00
22.437,23.00
22.549,22.00
22.645,23.00
22.741,23.00
22.837,23.00
22.949,23.00
23.044,23.00
23.140,23.00
23.237,23.00
23.348,23.00
23.444,23.00
23.541,23.00
23.651,23.00
23.747,23.00
23.843,23.00
23.939,23.00
24.051,23.00
24.147,23.00
24.242,23.00
24.339,23.00
24.450,23.00
24.547,23.00
24.642,23.00
24.738,23.00
24.850,23.00
24.945,23.00
25.041,23.00
25.138,23.00
25.249,23.00
25.345,23.00
25.441,23.00
25.537,23.00
25.648,23.00
25.745,23.00
25.840,23.00
25.936,23.00
26.048,23.00
26.144,23.00
26.240,23.00
26.351,23.00
26.448,23.00
26.543,23.00
26.639,23.00
26.751,23.00
26.847,23.00
26.942,23.00
27.038,23.00
27.150,23.00
27.246,23.00
27.342,23.00
27.438,23.00
27.549,23.00
27.646,23.00
27.741,23.00
27.838,23.00
27.948,23.00
28.045,23.00
28.140,23.00
28.236,23.00
28.349,23.00
28.445,23.00
28.540,23.00
28.651,23.00
28.747,23.00
28.844,23.00
28.940,23.00
29.053,23.00
29.148,23.00
29.243,23.00
29.339,23.00
29.451,23.00
29.546,23.00
29.642,23.00
29.738,23.00
29.850,23.00
29.946,23.00
30.041,23.00
30.138,23.00
30.249,23.00
30.345,23.00
30.441,23.00
30.537,23.00
30.649,23.00
30.745,23.00
30.840,23.00
30.952,23.00
31.048,23.00
31.144,23.00
31.240,23.00
31.351,23.00
31.447,23.00
31.544,23.00
31.639,23.00
31.751,23.00
31.847,23.00
31.943,23.00
32.039,23.00
32.150,23.00
32.247,23.00
32.342,23.00
32.439,23.00
32.550,23.00
32.645,23.00
32.742,23.00
32.853,23.00
32.949,23.00
33.044,23.00
33.141,23.00
33.252,23.00
33.349,23.00
33.445,23.00
33.541,23.00
33.652,23.00
33.748,23.00
33.844,23.00
33.940,23.00
34.051,23.00
34.148,23.00
34.243,23.00
34.339,23.00
34.451,23.00
34.548,23.00
34.643,23.00
34.739,23.00
34.850,23.00
34.947,23.00
35.042,23.00
35.153,23.00
35.249,23.00
35.345,23.00
35.442,23.00
35.553,23.00
35.649,23.00
35.745,23.00
35.841,24.00
35.952,26.00
36.048,27.00
36.144,29.00
36.240,30.00
36.352,31.00
36.448,33.00
36.544,34.00
36.640,35.00
36.752,37.00
36.846,38.00
36.943,39.00
37.040,41.00
37.151,42.00
37.247,43.00
37.342,44.00
37.454,46.00
37.550,47.00
37.646,48.00
37.742,49.00
37.853,50.00
37.950,51.00
38.045,51.00
38.142,51.00
38.253,51.00
38.349,51.00
38.445,52.00
38.540,52.00
38.652,52.00
38.748,52.00
38.844,52.00
38.940,52.00
39.052,52.00
39.148,52.00
39.244,52.00
39.339,52.00
39.452,52.00
39.548,52.00
39.642,52.00
39.739,52.00
39.851,52.00
39.947,52.00
40.043,52.00
40.153,52.00
40.250,52.00
40.346,52.00
40.442,52.00
40.553,52.00
40.649,52.00
40.745,52.00
40.842,52.00
40.953,52.00
41.049,52.00
41.145,52.00
41.241,52.00
41.352,52.00
41.449,52.00
41.544,52.00
41.641,52.00
41.751,52.00
41.848,52.00
41.943,52.00
42.040,52.00
42.151,52.00
42.247,52.00
42.343,52.00
42.439,52.00
42.550,52.00
42.646,52.00
42.743,52.00
42.854,52.00
42.950,52.00
43.046,52.00
43.141,52.00
43.254,52.00
43.349,52.00
43.445,52.00
43.542,52.00
43.653,52.00
43.749,52.00
43.844,52.00
43.941,52.00
44.054,52.00
44.148,52.00
44.244,52.00
44.340,52.00
44.452,52.00
44.548,52.00
44.644,52.00
44.740,52.00
44.851,52.00
44.948,52.00
45.042,52.00
45.154,52.00
45.251,52.00
45.346,52.00
45.443,52.00
45.554,52.00
45.650,52.00
45.746,52.00
45.841,52.00
45.954,52.00
46.049,52.00
46.145,52.00
46.242,52.00
46.352,52.00
46.449,52.00
46.544,52.00
46.640,52.00
46.752,52.00
46.848,52.00
46.944,52.00
47.040,52.00
47.152,52.00
47.248,52.00
47.344,52.00
47.454,52.00
47.551,52.00
47.647,52.00
47.743,52.00
47.854,52.00
47.950,52.00
48.046,52.00
48.142,52.00
48.254,52.00
48.349,52.00
48.446,52.00
48.542,52.00
48.653,52.00
48.750,52.00
48.844,52.00
48.942,52.00
49.053,52.00
49.148,52.00
49.245,52.00
49.340,52.00
49.452,52.00
49.548,52.00
49.644,52.00
49.740,52.00
49.851,52.00
49.947,52.00
50.044,52.00
50.155,52.00
50.251,52.00
50.347,52.00
50.442,52.00
50.554,52.00
50.651,52.00
50.746,52.00
50.842,52.00
50.954,52.00
51.050,52.00
51.148,52.00
51.241,52.00
51.353,52.00
51.449,52.00
51.545,52.00
51.656,52.00
51.752,52.00
51.848,52.00
51.945,52.00
52.056,52.00
52.152,52.00
52.248,52.00
52.343,52.00
52.455,52.00
52.552,52.00
52.648,52.00
52.743,52.00
52.855,52.00
52.951,52.00
53.046,52.00
53.142,52.00
53.254,52.00
53.350,52.00
53.447,52.00
53.542,53.00
53.654,55.00
53.750,57.00
53.846,59.00
53.941,60.00
54.053,61.00
54.150,63.00
54.245,64.00
54.356,66.00
54.453,67.00
54.549,69.00
54.645,70.00
54.756,71.00
54.851,73.00
54.948,74.00
55.044,76.00
55.156,77.00
55.252,78.00
55.347,79.00
55.443,81.00
55.555,82.00
55.652,83.00
55.747,84.00
55.843,86.00
55.955,87.00
56.050,88.00
56.147,89.00
56.241,90.00
56.355,91.00
56.450,92.00
56.546,92.00
56.657,92.00
56.753,92.00
56.849,92.00
56.945,92.00
57.056,93.00
57.152,92.00
57.248,92.00
57.344,92.00
57.456,92.00
57.552,93.00
57.647,92.00
57.743,92.00
57.855,92.00
57.951,92.00
58.047,92.00
58.143,92.00
58.255,92.00
58.351,92.00
58.447,92.00
58.542,93.00
58.654,92.00
58.750,93.00
58.846,92.00
58.941,92.00
59.053,92.00
59.150,92.00
59.245,92.00
59.357,92.00
59.453,92.00
59.549,92.00
59.645,92.00
59.756,92.00
59.852,93.00
59.949,92.00
60.044,92.00
60.157,92.00
60.252,92.00
60.347,93.00
60.459,93.00
60.555,92.00
60.651,92.00
60.747,92.00
60.858,92.00
60.955,93.00
61.051,92.00
61.146,93.00
61.259,93.00
61.354,93.00
61.451,93.00
61.545,92.00
61.657,93.00
61.753,93.00
61.850,92.00
61.945,92.00
62.058,92.00
62.154,92.00
62.249,92.00
62.345,93.00
62.457,93.00
62.553,93.00
62.648,93.00
62.744,93.00
62.856,93.00
62.952,92.00
63.048,93.00
63.159,92.00
63.255,93.00
63.351,93.00
63.447,92.00
63.559,92.00
63.655,93.00
63.751,93.00
63.846,92.00
63.959,92.00
64.054,93.00
64.150,93.00
64.245,92.00
64.358,92.00
64.453,93.00
64.549,93.00
64.660,92.00
64.757,93.00
64.853,93.00
64.948,93.00
65.060,92.00
65.156,92.00
65.252,93.00
65.348,93.00
65.460,93.00
65.556,93.00
65.651,93.00
65.747,93.00
65.859,92.00
65.955,93.00
66.051,93.00
66.147,93.00
66.259,93.00
66.354,93.00
66.450,93.00
66.546,93.00
66.659,93.00
66.754,93.00
66.849,93.00
66.946,93.00
67.058,93.00
67.153,93.00
67.249,92.00
67.361,93.00
67.457,93.00
67.552,93.00
67.649,92.00
67.761,92.00
67.857,93.00
67.952,93.00
68.048,93.00
68.160,93.00
68.256,93.00
68.352,93.00
68.448,93.00
68.560,93.00
68.655,93.00
68.751,93.00
68.848,92.00
68.959,93.00
69.055,93.00
69.150,93.00
69.261,93.00
69.358,93.00
69.454,93.00
69.550,93.00
69.662,93.00
69.757,93.00
69.853,93.00
69.949,93.00
70.061,93.00
70.157,93.00
70.253,93.00
70.348,93.00
70.460,93.00
70.557,93.00
70.653,93.00
70.748,93.00
70.859,93.00
70.955,93.00
71.051,93.00
71.147,92.00
71.260,93.00
71.355,93.00
71.451,93.00
71.562,93.00
71.659,93.00
71.754,93.00
71.851,94.00
71.962,96.00
72.058,98.00
72.154,99.00
72.250,101.00
72.362,102.00
72.457,104.00
72.553,105.00
72.649,107.00
72.761,108.00
72.857,109.00
72.954,111.00
73.048,112.00
73.160,114.00
73.256,115.00
73.352,116.00
73.448,117.00
73.560,117.00
73.656,117.00
73.751,117.00
73.863,118.00
73.959,117.00
74.055,117.00
74.151,117.00
74.262,118.00
74.359,117.00
74.455,117.00
74.551,118.00
74.662,117.00
74.758,117.00
74.853,118.00
74.949,117.00
75.062,117.00
75.158,117.00
75.253,117.00
75.349,117.00
75.461,117.00
75.557,117.00
75.653,117.00
75.748,117.00
75.860,117.00
75.957,117.00
76.052,118.00
76.148,117.00
76.260,117.00
76.356,118.00
76.451,117.00
76.563,118.00
76.659,117.00
76.755,117.00
76.851,118.00
76.962,117.00
77.059,117.00
77.154,118.00
77.250,117.00
77.362,117.00
77.458,118.00
77.554,118.00
77.649,118.00
77.762,117.00
77.858,117.00
77.953,118.00
78.049,118.00
78.160,118.00
78.256,118.00
78.353,118.00
78.449,118.00
78.560,118.00
78.656,118.00
78.752,118.00
78.863,118.00
78.959,118.00
79.055,118.00
79.153,117.00
79.263,118.00
79.359,117.00
79.455,117.00
79.551,118.00
79.663,117.00
79.759,117.00
79.855,117.00
79.951,118.00
80.062,118.00
80.158,117.00
80.254,117.00
80.350,118.00
80.462,117.00
80.557,117.00
80.654,118.00
80.749,118.00
80.861,117.00
80.957,117.00
81.052,117.00
81.149,118.00
81.261,117.00
81.356,117.00
81.452,118.00
81.563,117.00
81.660,118.00
81.755,118.00
81.852,118.00
81.962,117.00
82.060,117.00
82.155,117.00
82.250,118.00
82.363,118.00
82.458,118.00
82.555,118.00
82.651,118.00
82.762,118.00
82.858,118.00
82.954,118.00
83.049,118.00
83.161,118.00
83.258,118.00
83.353,118.00
83.449,118.00
83.561,118.00
83.656,118.00
83.753,118.00
83.864,118.00
83.961,118.00
84.056,118.00
84.151,118.00
84.263,118.00
84.359,118.00
84.455,118.00
84.551,117.00
84.664,118.00
84.760,118.00
84.855,117.00
84.950,118.00
85.062,117.00
85.158,118.00
85.254,118.00
85.350,118.00
85.463,118.00
85.557,118.00
85.654,117.00
85.750,117.00
85.862,117.00
85.957,118.00
86.053,118.00
86.149,118.00
86.261,118.00
86.357,118.00
86.453,118.00
86.565,118.00
86.660,118.00
86.756,118.00
86.852,118.00
86.964,118.00
87.059,118.00
87.155,118.00
87.251,118.00
87.363,118.00
87.459,118.00
87.554,118.00
87.651,118.00
87.762,118.00
87.858,118.00
87.953,118.00
88.050,118.00
88.162,118.00
88.258,118.00
88.354,118.00
88.449,118.00
88.561,118.00
88.657,118.00
88.753,117.00
88.864,117.00
88.961,118.00
89.057,119.00
89.152,121.00
89.264,123.00
89.360,124.00
89.456,126.00
89.552,127.00
89.664,129.00
89.759,130.00
89.855,132.00
89.951,133.00
90.062,135.00
90.159,136.00
90.255,137.00
90.350,138.00
90.462,140.00
90.558,141.00
90.654,143.00
90.750,144.00
90.862,145.00
90.957,146.00
91.053,148.00
91.165,149.00
91.261,150.00
91.357,151.00
91.452,152.00
91.564,153.00
91.661,154.00
91.756,154.00
91.852,155.00
91.964,154.00
92.060,154.00
92.156,155.00
92.252,155.00
92.363,155.00
92.459,155.00
92.555,155.00
92.651,155.00
92.762,155.00
92.859,155.00
92.955,155.00
93.050,155.00
93.163,155.00
93.258,155.00
93.353,155.00
93.450,155.00
93.561,155.00
93.657,155.00
93.753,155.00
93.864,155.00
93.962,155.00
94.056,155.00
94.153,155.00
94.264,155.00
94.361,155.00
94.456,155.00
94.552,155.00
94.664,155.00
94.760,155.00
94.856,155.00
94.951,155.00
95.063,155.00
95.159,155.00
95.255,155.00
95.351,155.00
95.463,155.00
95.559,155.00
95.654,155.00
95.765,155.00
95.862,155.00
95.958,155.00
96.054,155.00
96.165,155.00
96.261,155.00
96.357,155.00
96.453,155.00
96.565,155.00
96.660,155.00
96.756,155.00
96.852,155.00
96.965,155.00
97.060,155.00
97.156,155.00
97.252,155.00
97.364,155.00
97.460,155.00
97.555,155.00
97.651,155.00
97.763,155.00
97.859,155.00
97.955,155.00
98.066,155.00
98.162,155.00
98.258,155.00
98.354,155.00
98.466,155.00
98.562,155.00
98.658,155.00
98.753,155.00
98.865,155.00
98.961,155.00
99.058,155.00
99.153,155.00
99.265,155.00
99.361,155.00
99.457,155.00
99.553,155.00
99.664,155.00
99.760,155.00
99.857,155.00
99.952,155.00
100.063,155.00
100.161,155.00
100.255,155.00
100.352,155.00
100.463,155.00
100.559,155.00
100.655,155.00
100.767,155.00
100.862,155.00
100.959,155.00
101.054,155.00
101.166,155.00
101.262,155.00
101.358,155.00
101.453,155.00
101.565,155.00
101.661,155.00
101.757,155.00
101.869,155.00
101.965,155.00
102.060,155.00
102.156,155.00
102.268,155.00
102.364,155.00
102.459,155.00
102.556,155.00
102.667,155.00
102.764,155.00
102.860,155.00
102.955,155.00
103.067,155.00
103.164,155.00
103.259,155.00
103.355,155.00
103.466,155.00
103.562,155.00
103.659,155.00
103.754,155.00
103.865,155.00
103.962,155.00
104.057,155.00
104.169,155.00
104.265,155.00
104.361,155.00
104.457,155.00
104.568,155.00
104.664,155.00
104.769,155.00
104.856,155.00
104.968,155.00
105.064,155.00
105.160,155.00
105.257,155.00
105.367,155.00
105.463,155.00
105.559,155.00
105.655,155.00
105.767,155.00
105.862,155.00
105.959,155.00
106.055,155.00
106.167,155.00
106.262,155.00
106.358,155.00
106.469,155.00
106.566,155.00
106.662,155.00
106.758,155.00
106.869,155.00
106.965,155.00
107.061,155.00
107.157,155.00
107.269,155.00
107.364,155.00
107.460,157.00
107.556,158.00
107.669,160.00
107.764,161.00
107.859,163.00
107.956,164.00
108.067,166.00
108.164,167.00
108.259,168.00
108.355,170.00
108.467,171.00
108.562,172.00
108.658,173.00
108.755,175.00
108.867,176.00
108.962,177.00
109.058,178.00
109.169,179.00
109.265,181.00
109.362,182.00
109.458,182.00
109.568,182.00
109.665,182.00
109.761,183.00
109.857,183.00
109.969,183.00
110.064,183.00
110.160,183.00
110.256,183.00
110.368,183.00
110.463,183.00
110.561,183.00
110.656,183.00
110.768,183.00
110.863,183.00
110.959,183.00
111.056,183.00
111.166,183.00
111.263,183.00
111.359,183.00
111.469,183.00
111.566,183.00
111.662,183.00
111.757,183.00
111.869,183.00
111.965,183.00
112.061,183.00
112.157,183.00
112.269,183.00
112.364,183.00
112.461,183.00
112.556,183.00
112.669,183.00
112.764,183.00
112.860,183.00
112.956,183.00
113.068,183.00
113.163,183.00
113.259,183.00
113.355,183.00
113.467,183.00
113.563,183.00
113.659,183.00
113.770,183.00
113.866,183.00
113.963,183.00
114.059,183.00
114.169,183.00
114.266,183.00
114.361,183.00
114.457,183.00
114.570,183.00
114.665,183.00
114.761,183.00
114.857,183.00
114.969,183.00
115.065,183.00
115.161,183.00
115.256,183.00
115.369,183.00
115.464,183.00
115.560,183.00
115.656,183.00
115.767,183.00
115.864,183.00
115.959,183.00
116.055,183.00
116.166,183.00
116.263,183.00
116.358,183.00
116.470,183.00
116.566,183.00
116.663,183.00
116.758,183.00
116.869,183.00
116.966,183.00
117.062,183.00
117.157,183.00
117.269,183.00
117.365,183.00
117.461,183.00
117.557,183.00
117.669,183.00
117.765,183.00
117.860,183.00
117.972,183.00
118.069,183.00
118.164,183.00
118.260,183.00
118.371,183.00
118.467,183.00
118.563,183.00
118.659,183.00
118.770,183.00
118.867,183.00
118.963,183.00
119.059,183.00
119.170,183.00
119.266,183.00
119.362,183.00
119.458,183.00
119.570,183.00
119.666,183.00
119.761,183.00
119.857,183.00
119.969,183.00
120.065,183.00
120.161,183.00
120.257,183.00
120.368,183.00
120.465,183.00
120.561,183.00
120.671,183.00
120.768,183.00
120.864,183.00
120.960,183.00
121.071,183.00
121.167,183.00
121.264,183.00
121.359,183.00
121.471,183.00
121.567,183.00
121.663,183.00
121.759,183.00
121.870,183.00
121.966,183.00
122.062,183.00
122.158,183.00
122.270,183.00
122.365,183.00
122.462,183.00
122.557,183.00
122.669,183.00
122.766,183.00
122.860,183.00
122.957,183.00
123.069,183.00
123.165,183.00
123.260,183.00
123.371,183.00
123.467,183.00
123.564,183.00
123.660,183.00
123.771,183.00
123.868,183.00
123.963,183.00
124.060,183.00
124.171,183.00
124.266,183.00
124.363,183.00
124.458,183.00
124.570,183.00
124.666,183.00
124.762,183.00
124.858,173.00
124.969,163.00
125.065,154.00
125.162,144.00
125.257,135.00
125.370,126.00
125.465,117.00
125.561,109.00
125.672,101.00
125.768,94.00
125.864,87.00
125.961,81.00
126.071,75.00
126.167,69.00
126.264,64.00
126.359,60.00
126.471,55.00
126.567,52.00
126.663,48.00
126.758,45.00
126.871,42.00
126.966,39.00
127.062,36.00
127.158,34.00
127.270,32.00
127.366,30.00
127.461,28.00
127.558,26.00
127.669,25.00
127.765,23.00
127.861,22.00
127.972,20.00
128.068,19.00
128.165,18.00
128.260,17.00
128.372,15.00
128.468,15.00
128.564,14.00
128.660,13.00
128.771,12.00
128.868,11.00
128.963,10.00
129.059,10.00
129.171,9.00
129.267,9.00
129.363,8.00
129.459,7.00
129.570,7.00
129.666,6.00
129.762,6.00
129.873,6.00
129.970,5.00
130.065,5.00
130.162,5.00
130.273,4.00
130.370,4.00
130.465,4.00
130.560,4.00
130.673,3.00
130.769,3.00
130.865,3.00
130.960,3.00
131.072,3.00
131.168,2.00
131.264,2.00
131.361,2.00
131.471,2.00
131.568,2.00
131.663,2.00
131.759,2.00
131.871,1.00
131.967,1.00
132.063,1.00
132.174,1.00
132.270,1.00
132.366,1.00
132.462,1.00
132.573,1.00
132.669,1.00
132.765,1.00
132.862,1.00
132.974,1.00
133.068,1.00
133.164,1.00
133.261,1.00
133.372,0.00
133.468,0.00
133.564,0.00
133.660,0.00
133.771,0.00
133.868,0.00
133.964,0.00
134.075,0.00
134.171,0.00
134.268,0.00
134.363,0.00
134.474,0.00
134.570,0.00
134.666,0.00
134.762,0.00
134.874,0.00
134.970,0.00
135.065,0.00
135.163,0.00
135.274,0.00
135.369,0.00
135.465,0.00
135.561,0.00
135.673,0.00
135.769,0.00
135.864,0.00
135.962,0.00
136.072,0.00
136.168,0.00
136.264,0.00
136.375,0.00
136.472,0.00
136.567,0.00
136.663,0.00
136.775,0.00
136.871,0.00
136.967,0.00
137.063,0.00
137.175,0.00
137.270,0.00
137.366,0.00
137.462,0.00
137.574,0.00
137.670,0.00
137.765,0.00
137.862,0.00
137.973,0.00
138.070,0.00
138.165,0.00
138.261,0.00
138.373,0.00
138.469,0.00
138.565,0.00
138.660,0.00
138.772,0.00
138.868,0.00
138.965,0.00
139.075,0.00
139.172,0.00
139.267,0.00
139.363,0.00
139.475,0.00
139.571,0.00
139.667,0.00
139.763,0.00
139.874,0.00
139.971,0.00
140.066,0.00
140.162,0.00
140.275,0.00
140.371,0.00
140.466,0.00
140.562,0.00
140.673,0.00
140.770,0.00
140.865,0.00
140.961,0.00
141.074,0.00
141.169,0.00
141.265,0.00
141.376,0.00
141.472,0.00
141.568,0.00
141.664,0.00
141.775,0.00
141.871,0.00
141.968,0.00
142.064,0.00
142.175,0.00
142.271,0.00
142.367,0.00
142.463,0.00
142.574,0.00
142.671,0.00
142.767,0.00
142.862,0.00
142.975,0.00
143.071,0.00
143.166,0.00
143.261,0.00
143.374,0.00
143.469,0.00
143.565,0.00
143.676,0.00
143.773,0.00
143.869,0.00
143.964,0.00
144.077,0.00
144.173,0.00
144.268,0.00
144.364,0.00
144.476,0.00
144.572,0.00
144.667,0.00
144.763,0.00
144.875,0.00
144.971,0.00
145.066,0.00
145.163,0.00
145.275,0.00
145.370,0.00
145.466,0.00
145.562,0.00
145.674,0.00
145.770,0.00
145.866,0.00
145.977,0.00
146.073,0.00
146.169,0.00
146.265,0.00
146.377,0.00
146.472,0.00
146.569,0.00
146.664,0.00
146.777,0.00
146.872,0.00
146.968,0.00
147.064,0.00
147.176,0.00
147.271,0.00
147.367,0.00
147.463,0.00
147.575,0.00
147.671,0.00
147.767,0.00
147.863,0.00
147.975,0.00
148.071,0.00
148.167,0.00
148.278,0.00
148.374,0.00
148.470,0.00
148.565,0.00
148.677,0.00
148.773,0.00
148.869,0.00
148.965,0.00
149.077,0.00
149.172,0.00
149.268,0.00
149.364,0.00
149.476,0.00
149.572,0.00
149.668,0.00
149.764,0.00
149.876,0.00
149.971,0.00
150.067,0.00
150.163,0.00
150.275,0.00
150.372,0.00
150.466,0.00
150.564,0.00
150.675,0.00
150.770,0.00
150.867,0.00
150.977,0.00
151.074,0.00
151.170,0.00
151.266,0.00
151.378,0.00
151.474,0.00
151.569,0.00
151.665,0.00
151.777,0.00
151.872,0.00
151.969,0.00
152.064,0.00
152.176,0.00
152.272,0.00
152.367,0.00
152.463,0.00
152.576,0.00
152.671,0.00
152.767,0.00
152.863,0.00
152.974,0.00
153.072,0.00
153.166,0.00
153.278,0.00
153.374,0.00
153.470,0.00
153.566,0.00
153.678,0.00
153.774,0.00
153.869,0.00
153.965,0.00
154.078,0.00
154.173,0.00
154.269,0.00
154.365,0.00
154.477,0.00
154.572,0.00
154.669,0.00
154.765,0.00
154.876,0.00
154.972,0.00
155.068,0.00
155.163,0.00
155.275,0.00
155.371,0.00
155.467,0.00
155.578,0.00
155.674,0.00
155.770,0.00
155.867,0.00
155.978,0.00
156.074,0.00
156.170,0.00
156.266,0.00
156.377,0.00
156.474,0.00
156.569,0.00
156.665,0.00
156.777,0.00
156.873,0.00
156.969,0.00
157.065,0.00
157.177,0.00
157.272,0.00
157.368,0.00
157.464,0.00
157.576,0.00
157.672,0.00
157.768,0.00
157.863,0.00
157.976,0.00
158.071,0.00
158.167,0.00
158.278,0.00
158.374,0.00
158.471,0.00
158.567,0.00
158.678,0.00
158.774,0.00
158.871,0.00
158.966,0.00
159.078,0.00
159.174,0.00
159.270,0.00
159.366,0.00
159.478,0.00
159.573,0.00
159.669,0.00
159.765,0.00
159.877,0.00
159.972,0.00
160.069,0.00
160.164,0.00
160.276,0.00
160.372,0.00
160.468,0.00
160.580,0.00
160.675,0.00
160.771,0.00
160.867,0.00
160.979,0.00
0.021,2.00
0.117,3.00
0.213,3.00
0.325,2.00
0.421,3.00
0.517,3.00
0.612,3.00
0.724,3.00
0.820,3.00
0.916,3.00
1.012,3.00
1.124,3.00
1.219,3.00
1.316,3.00
1.427,3.00
1.523,3.00
1.619,3.00
1.714,3.00
1.827,3.00
1.923,3.00
2.019,3.00
2.114,3.00
2.226,3.00
2.322,3.00
2.418,3.00
2.529,3.00
2.625,4.00
2.721,3.00
2.817,3.00
2.928,4.00
3.024,4.00
3.121,4.00
3.216,4.00
3.328,4.00
3.424,4.00
3.520,4.00
3.616,4.00
3.727,4.00
3.823,4.00
3.919,4.00
4.015,4.00
4.127,4.00
4.223,4.00
4.319,5.00
4.430,5.00
4.526,5.00
4.622,5.00
4.718,5.00
4.829,5.00
4.925,6.00
5.021,6.00
5.117,6.00
5.229,6.00
5.325,6.00
5.667,6.00
5.667,7.00
5.667,7.00
5.724,7.00
5.820,7.00
5.917,8.00
6.028,8.00
6.124,8.00
6.220,9.00
6.316,9.00
6.428,10.00
6.524,10.00
6.619,11.00
6.730,11.00
6.826,11.00
6.922,12.00
7.019,13.00
7.131,13.00
7.226,14.00
7.322,15.00
7.418,16.00
7.530,17.00
7.625,18.00
7.722,19.00
7.817,20.00
7.929,21.00
8.025,22.00
8.121,23.00
8.216,25.00
8.328,26.00
8.424,27.00
8.520,29.00
8.631,30.00
8.728,31.00
8.823,33.00
8.920,34.00
9.031,36.00
9.128,37.00
9.223,39.00
9.319,40.00
9.431,42.00
9.527,43.00
9.622,45.00
9.718,46.00
9.830,48.00
9.925,50.00
10.021,51.00
10.117,53.00
10.230,54.00
10.325,55.00
10.421,57.00
10.517,59.00
10.628,60.00
10.725,62.00
10.821,63.00
10.932,64.00
11.028,66.00
11.124,67.00
11.220,69.00
11.332,71.00
11.428,72.00
11.524,73.00
11.619,75.00
11.731,76.00
11.827,78.00
11.923,79.00
12.019,81.00
12.131,82.00
12.226,84.00
12.322,85.00
12.418,86.00
12.530,88.00
12.626,89.00
12.721,91.00
12.817,92.00
12.930,93.00
13.025,95.00
13.121,96.00
13.232,98.00
13.329,99.00
13.424,101.00
13.520,103.00
13.631,104.00
13.728,105.00
13.824,106.00
13.919,107.00
14.031,109.00
14.128,110.00
14.223,111.00
14.319,112.00
14.431,113.00
14.527,114.00
14.622,116.00
14.718,118.00
14.831,121.00
14.927,122.00
15.022,121.00
15.117,121.00
15.230,122.00
15.325,123.00
15.421,125.00
15.533,126.00
15.629,127.00
15.725,128.00
15.820,130.00
15.932,131.00
16.029,132.00
16.124,134.00
16.220,135.00
16.332,137.00
16.427,138.00
16.524,139.00
16.619,141.00
16.731,142.00
16.827,143.00
16.923,144.00
17.019,145.00
17.131,146.00
17.227,148.00
17.322,149.00
17.418,150.00
17.530,151.00
17.626,152.00
17.722,154.00
17.818,155.00
17.930,156.00
18.025,157.00
18.122,158.00
18.233,159.00
18.329,161.00
18.425,162.00
18.520,163.00
18.632,164.00
18.728,165.00
18.824,166.00
18.920,168.00
19.031,169.00
19.128,170.00
19.223,171.00
19.320,172.00
19.431,173.00
19.528,174.00
19.623,176.00
19.719,177.00
19.831,178.00
19.927,179.00
20.023,180.00
20.118,181.00
20.230,182.00
20.326,183.00
20.421,184.00
20.533,186.00
20.629,187.00
20.725,188.00
20.821,189.00
20.933,190.00
21.029,191.00
21.125,192.00
21.221,193.00
21.333,194.00
21.429,195.00
21.524,196.00
21.620,197.00
21.732,198.00
21.828,200.00
21.923,201.00
22.019,201.00
22.131,202.00
22.227,204.00
22.323,205.00
22.434,206.00
22.531,207.00
22.626,208.00
22.722,209.00
22.834,210.00
22.930,211.00
23.025,212.00
23.122,213.00
23.233,214.00
23.329,215.00
23.426,216.00
23.522,217.00
23.633,218.00
23.729,219.00
23.825,220.00
23.921,220.00
24.032,222.00
24.128,222.00
24.224,223.00
24.320,224.00
24.432,225.00
24.528,226.00
24.624,227.00
24.719,228.00
24.831,229.00
24.927,230.00
25.023,230.00
25.134,231.00
25.231,232.00
25.327,233.00
25.422,234.00
25.534,235.00
25.631,236.00
25.726,237.00
25.821,238.00
25.933,239.00
26.030,240.00
26.125,241.00
26.221,242.00
26.334,243.00
26.429,244.00
26.525,244.00
26.621,246.00
26.732,246.00
26.828,247.00
26.924,248.00
27.020,249.00
27.132,250.00
27.228,251.00
27.323,252.00
27.435,253.00
27.531,254.00
27.627,254.00
27.723,255.00
27.835,256.00
27.930,258.00
28.027,261.00
28.122,261.00
28.234,262.00
28.330,263.00
28.426,264.00
28.522,266.00
28.634,267.00
28.729,269.00
28.825,271.00
28.936,272.00
29.033,274.00
29.129,274.00
29.225,284.00
29.336,282.00
29.433,284.00
29.529,315.00
29.624,335.00
29.735,325.00
29.831,308.00
29.927,293.00
30.024,292.00
30.135,344.00
30.231,346.00
30.327,347.00
30.423,348.00
30.534,349.00
30.630,350.00
30.726,350.00
30.822,351.00
30.934,351.00
31.030,352.00
31.125,352.00
31.222,352.00
31.333,353.00
31.429,353.00
31.525,353.00
31.637,354.00
31.732,352.00
31.829,353.00
31.925,353.00
32.036,353.00
32.132,353.00
32.227,354.00
32.323,354.00
32.435,355.00
32.531,355.00
32.627,355.00
32.723,356.00
32.835,356.00
32.931,357.00
33.026,357.00
33.139,357.00
33.235,357.00
33.330,358.00
33.426,359.00
33.537,359.00
33.633,360.00
33.730,361.00
33.826,362.00
33.938,363.00
34.033,363.00
34.129,363.00
34.225,364.00
34.337,364.00
34.433,364.00
34.528,365.00
34.625,365.00
34.736,365.00
34.832,366.00
34.927,366.00
35.023,367.00
35.135,367.00
35.231,367.00
35.327,368.00
35.439,366.00
35.535,366.00
35.631,367.00
35.726,367.00
35.838,367.00
35.934,367.00
36.030,368.00
36.127,368.00
36.237,368.00
36.333,369.00
36.429,369.00
36.526,370.00
36.637,369.00
36.733,370.00
36.829,370.00
36.924,371.00
37.037,371.00
37.133,371.00
37.228,371.00
37.324,373.00
37.436,373.00
37.532,374.00
37.628,375.00
37.739,376.00
37.836,376.00
37.931,376.00
38.028,377.00
38.138,377.00
38.238,377.00
38.331,378.00
38.426,377.00
38.539,374.00
38.634,371.00
38.730,368.00
38.826,365.00
38.938,362.00
39.033,359.00
39.130,356.00
39.225,353.00
39.337,349.00
39.433,309.00
39.528,273.00
39.625,262.00
39.737,254.00
39.832,247.00
39.928,240.00
40.024,232.00
40.136,225.00
40.232,218.00
40.328,211.00
40.439,203.00
40.536,196.00
40.631,188.00
40.727,181.00
40.838,174.00
40.935,166.00
41.031,159.00
41.127,151.00
41.238,144.00
41.334,136.00
41.429,129.00
41.525,122.00
41.638,115.00
41.734,109.00
41.829,102.00
41.926,96.00
42.036,91.00
42.133,86.00
42.228,81.00
42.324,76.00
42.436,72.00
42.532,68.00
42.628,64.00
42.739,61.00
42.837,58.00
42.932,54.00
43.028,51.00
43.139,49.00
43.235,46.00
43.331,44.00
43.427,41.00
43.539,39.00
43.634,37.00
43.731,35.00
43.826,33.00
43.937,32.00
44.034,30.00
44.130,28.00
44.225,27.00
44.337,25.00
44.433,24.00
44.529,23.00
44.625,22.00
44.736,20.00
44.832,19.00
44.929,18.00
45.040,17.00
45.136,16.00
45.232,15.00
45.328,14.00
45.439,14.00
45.535,13.00
45.632,12.00
45.728,11.00
45.840,11.00
45.935,10.00
46.031,10.00
46.126,9.00
46.238,8.00
46.335,8.00
46.430,7.00
46.526,7.00
46.637,7.00
46.734,6.00
46.830,6.00
46.926,5.00
47.037,5.00
47.133,5.00
47.229,5.00
47.325,4.00
47.436,4.00
47.532,4.00
47.628,4.00
47.739,3.00
47.836,3.00
47.932,3.00
48.028,3.00
48.139,3.00
48.236,2.00
48.331,2.00
48.427,2.00
48.539,2.00
48.635,2.00
48.730,2.00
48.826,2.00
48.939,2.00
49.034,1.00
49.130,1.00
49.226,1.00
49.339,1.00
49.433,1.00
49.529,1.00
49.641,1.00
49.737,1.00
49.833,1.00
49.929,1.00
50.041,1.00
50.137,1.00
50.233,1.00
50.328,1.00
50.440,1.00
50.535,0.00
50.632,0.00
50.728,0.00
50.839,0.00
50.936,0.00
51.031,0.00
51.128,0.00
51.239,0.00
51.334,0.00
51.431,0.00
51.527,0.00
51.639,0.00
51.734,0.00
51.830,0.00
51.941,0.00
52.037,0.00
52.134,0.00
52.230,0.00
52.341,0.00
52.437,0.00
52.533,0.00
52.629,0.00
52.741,0.00
52.837,0.00
52.932,0.00
53.028,0.00
53.140,0.00
53.235,0.00
53.332,0.00
53.428,0.00
53.539,0.00
53.636,0.00
53.732,0.00
53.827,0.00
53.939,0.00
54.035,0.00
54.131,0.00
54.227,0.00
54.338,0.00
54.434,0.00
54.531,0.00
54.641,0.00
54.738,0.00
54.834,0.00
54.930,0.00
55.042,0.00
55.137,0.00
55.233,0.00
55.329,0.00
55.441,0.00
55.536,0.00
55.633,0.00
55.727,0.00
55.841,0.00
55.936,0.00
56.032,0.00
56.143,0.00
56.239,0.00
56.335,0.00
56.431,0.00
56.542,0.00
56.639,0.00
56.734,0.00
56.830,0.00
56.942,0.00
57.038,0.00
57.134,0.00
57.230,0.00
57.341,0.00
57.438,0.00
57.533,0.00
57.630,0.00
57.740,0.00
57.837,0.00
57.932,0.00
58.028,0.00
58.141,0.00
58.236,0.00
58.332,0.00
58.428,0.00
58.540,0.00
58.636,0.00
58.732,0.00
58.843,0.00
58.939,0.00
59.035,0.00
59.131,0.00
59.242,0.00
59.339,0.00
59.435,0.00
59.531,0.00
59.642,0.00
59.738,0.00
59.834,0.00
59.929,0.00
60.041,0.00
60.137,0.00
60.233,0.00
60.329,0.00
60.442,0.00
60.539,0.00
0.013,0.00
0.125,0.00
0.221,0.00
0.317,0.00
0.413,0.00
0.525,0.00
0.620,0.00
0.716,0.00
0.812,0.00
0.924,0.00
1.020,0.00
1.115,0.00
1.212,0.00
1.323,0.00
1.419,0.00
1.515,0.00
1.626,0.00
1.723,0.00
1.819,0.00
1.914,0.00
2.026,0.00
2.122,0.00
2.218,0.00
2.313,0.00
2.426,0.00
2.521,0.00
2.617,0.00
2.714,0.00
2.825,0.00
2.920,0.00
3.016,0.00
3.112,0.00
3.224,0.00
3.320,0.00
3.416,0.00
3.527,0.00
3.624,0.00
3.720,0.00
3.816,0.00
3.927,0.00
4.024,0.00
4.119,0.00
4.215,0.00
4.327,0.00
4.422,0.00
4.518,1.00
4.614,2.00
4.726,2.00
4.822,2.00
4.918,2.00
5.014,3.00
5.126,3.00
5.222,3.00
5.317,3.00
5.413,3.00
5.524,3.00
5.621,4.00
5.717,4.00
5.828,4.00
5.925,4.00
6.020,5.00
6.116,5.00
6.227,5.00
6.323,6.00
6.420,6.00
6.516,6.00
6.627,7.00
6.723,7.00
6.819,8.00
6.914,8.00
7.026,8.00
7.122,9.00
7.219,10.00
7.314,10.00
7.426,11.00
7.522,12.00
7.618,13.00
7.729,13.00
7.825,14.00
7.922,15.00
8.017,16.00
8.129,17.00
8.224,18.00
8.321,19.00
8.417,21.00
8.528,22.00
8.625,23.00
8.720,24.00
8.816,26.00
8.928,27.00
9.023,28.00
9.119,29.00
9.216,31.00
9.327,32.00
9.423,33.00
9.519,35.00
9.615,36.00
9.727,38.00
9.823,39.00
9.919,40.00
10.014,42.00
10.126,43.00
10.222,45.00
10.318,46.00
10.429,47.00
10.526,49.00
10.622,50.00
10.717,52.00
10.828,53.00
10.924,55.00
11.020,56.00
11.116,57.00
11.228,59.00
11.325,60.00
11.420,61.00
11.515,63.00
11.628,64.00
11.723,65.00
11.819,67.00
11.916,68.00
12.027,69.00
12.122,71.00
12.219,72.00
12.314,74.00
12.426,75.00
12.522,76.00
12.618,77.00
12.729,79.00
12.825,80.00
12.921,81.00
13.017,83.00
13.129,84.00
13.225,85.00
13.322,87.00
13.417,88.00
13.529,89.00
13.625,91.00
13.720,92.00
13.816,93.00
13.928,94.00
14.024,96.00
14.120,97.00
14.216,98.00
14.328,100.00
14.423,101.00
14.520,102.00
14.616,103.00
14.727,105.00
14.822,106.00
14.918,107.00
15.014,109.00
15.127,110.00
15.222,111.00
15.318,112.00
15.429,114.00
15.526,115.00
15.622,116.00
15.718,117.00
15.829,119.00
15.926,120.00
16.021,121.00
16.117,122.00
16.229,124.00
16.325,125.00
16.421,126.00
16.517,127.00
16.628,128.00
16.724,129.00
16.820,131.00
16.916,132.00
17.027,133.00
17.123,134.00
17.219,136.00
17.315,137.00
17.427,138.00
17.523,139.00
17.619,140.00
17.730,142.00
17.826,143.00
17.922,144.00
18.018,145.00
18.129,146.00
18.226,147.00
18.322,149.00
18.417,150.00
18.529,151.00
18.625,152.00
18.721,153.00
18.817,154.00
18.928,155.00
19.025,156.00
19.121,158.00
19.216,159.00
19.328,160.00
19.424,161.00
19.520,162.00
19.616,163.00
19.728,164.00
19.824,165.00
19.919,166.00
20.015,168.00
20.127,169.00
20.224,170.00
20.319,171.00
20.430,172.00
20.527,173.00
20.622,174.00
20.718,175.00
20.829,176.00
20.926,177.00
21.021,178.00
21.117,179.00
21.229,180.00
21.325,181.00
21.421,182.00
21.517,183.00
21.629,184.00
21.724,186.00
21.820,187.00
21.916,188.00
22.028,189.00
22.124,190.00
22.219,191.00
22.316,192.00
22.427,193.00
22.524,194.00
22.620,195.00
22.730,196.00
22.827,197.00
22.922,198.00
23.018,199.00
23.130,200.00
23.227,201.00
23.321,202.00
23.418,203.00
23.530,204.00
23.626,205.00
23.722,206.00
23.820,207.00
23.929,208.00
24.025,209.00
24.121,210.00
24.217,211.00
24.329,212.00
24.425,213.00
24.521,214.00
24.616,215.00
24.728,216.00
24.824,217.00
24.920,218.00
25.031,219.00
25.127,220.00
25.224,221.00
25.319,222.00
25.430,223.00
25.526,224.00
25.623,225.00
25.719,226.00
25.830,227.00
25.927,228.00
26.022,229.00
26.117,230.00
26.230,231.00
26.325,232.00
26.421,233.00
26.517,234.00
26.630,235.00
26.724,236.00
26.821,237.00
26.917,238.00
27.029,239.00
27.124,240.00
27.220,241.00
27.316,241.00
27.428,242.00
27.524,243.00
27.620,244.00
27.731,245.00
27.827,246.00
27.924,247.00
28.019,248.00
28.130,249.00
28.227,250.00
28.324,251.00
28.418,252.00
28.530,253.00
28.626,253.00
28.722,254.00
28.818,255.00
28.929,256.00
29.026,258.00
29.121,258.00
29.218,261.00
29.329,262.00
29.425,264.00
29.521,265.00
29.617,266.00
29.729,267.00
29.824,270.00
29.920,270.00
30.031,272.00
30.128,277.00
30.224,287.00
30.320,289.00
30.431,279.00
30.528,282.00
30.622,338.00
30.719,341.00
30.831,342.00
30.927,340.00
31.022,330.00
31.118,343.00
31.230,345.00
31.326,347.00
31.421,348.00
31.518,349.00
31.629,349.00
31.726,350.00
31.822,351.00
31.917,351.00
32.029,351.00
32.125,352.00
32.221,352.00
32.317,353.00
32.428,353.00
32.525,353.00
32.620,354.00
32.731,354.00
32.828,355.00
32.924,355.00
33.019,355.00
33.131,355.00
33.227,354.00
33.323,355.00
33.419,355.00
33.531,355.00
33.627,356.00
33.723,355.00
33.819,356.00
33.931,357.00
34.027,357.00
34.122,358.00
34.218,358.00
34.330,358.00
34.426,359.00
34.521,359.00
34.632,359.00
34.729,360.00
34.825,361.00
34.921,361.00
35.033,362.00
35.129,362.00
35.224,363.00
35.320,363.00
35.432,363.00
35.528,363.00
35.623,363.00
35.735,363.00
35.832,363.00
35.928,363.00
36.023,363.00
36.134,363.00
36.231,363.00
36.327,363.00
36.423,363.00
36.534,363.00
36.631,363.00
36.727,361.00
36.822,361.00
36.934,360.00
37.030,360.00
37.125,360.00
37.221,361.00
37.333,361.00
37.429,361.00
37.525,361.00
37.621,358.00
37.734,356.00
37.828,353.00
37.924,350.00
38.020,346.00
38.132,295.00
38.228,268.00
38.324,257.00
38.435,249.00
38.531,242.00
38.627,235.00
38.723,228.00
38.834,220.00
38.931,213.00
39.027,206.00
39.123,198.00
39.235,191.00
39.330,183.00
39.426,175.00
39.523,167.00
39.634,160.00
39.729,152.00
39.826,144.00
39.922,137.00
40.034,130.00
40.129,122.00
40.224,115.00
40.336,109.00
40.432,102.00
40.529,96.00
40.625,91.00
40.736,86.00
40.832,81.00
40.928,76.00
41.024,72.00
41.136,68.00
41.232,64.00
41.327,60.00
41.423,57.00
41.535,54.00
41.630,51.00
41.727,48.00
41.822,46.00
41.934,43.00
42.030,41.00
42.126,39.00
42.222,37.00
42.334,35.00
42.429,33.00
42.525,31.00
42.636,30.00
42.733,28.00
42.829,26.00
42.924,25.00
43.036,24.00
43.132,22.00
43.228,21.00
43.323,20.00
43.436,19.00
43.531,18.00
43.627,17.00
43.723,16.00
43.836,15.00
43.931,14.00
44.027,13.00
44.122,13.00
44.235,12.00
44.330,11.00
44.427,11.00
44.522,10.00
44.634,9.00
44.729,9.00
44.825,8.00
44.937,8.00
45.033,7.00
45.129,7.00
45.225,6.00
45.337,6.00
45.432,6.00
45.528,5.00
45.624,5.00
45.736,5.00
45.832,4.00
45.928,4.00
46.024,4.00
46.135,4.00
46.232,3.00
46.327,3.00
46.424,3.00
46.535,3.00
46.631,3.00
46.728,3.00
46.838,2.00
46.934,2.00
47.029,2.00
47.127,2.00
47.238,2.00
47.334,2.00
47.429,2.00
47.526,1.00
47.637,1.00
47.733,1.00
47.830,1.00
47.924,1.00
48.037,1.00
48.132,1.00
48.228,1.00
48.324,1.00
48.435,1.00
48.531,1.00
48.628,1.00
48.723,1.00
48.835,1.00
48.931,1.00
49.026,0.00
49.138,0.00
49.235,0.00
49.330,0.00
49.426,0.00
49.537,0.00
49.634,0.00
49.730,0.00
49.826,0.00
49.938,0.00
50.033,0.00
50.129,0.00
50.226,0.00
50.336,0.00
50.433,0.00
50.528,0.00
50.624,0.00
50.737,0.00
50.832,0.00
50.927,0.00
51.024,0.00
51.135,0.00
51.231,0.00
51.328,0.00
51.438,0.00
0.045,0.00
0.142,0.00
0.237,0.00
0.349,0.00
0.445,0.00
0.541,0.00
0.636,0.00
0.749,0.00
0.844,0.00
0.940,0.00
1.036,0.00
1.148,0.00
1.244,0.00
1.340,0.00
1.435,0.00
1.547,0.00
1.643,0.00
1.739,0.00
1.850,0.00
1.947,0.00
2.043,0.00
2.138,0.00
2.250,0.00
2.346,0.00
2.442,0.00
2.538,0.00
2.650,0.00
2.746,0.00
2.841,0.00
2.938,0.00
3.049,0.00
3.145,0.00
3.241,0.00
3.337,0.00
3.448,0.00
3.545,0.00
3.640,0.00
3.751,0.00
3.848,0.00
3.943,0.00
4.040,0.00
4.151,0.00
4.247,0.00
4.343,0.00
4.439,0.00
4.551,0.00
4.647,0.00
4.743,0.00
4.839,0.00
4.950,0.00
5.046,0.00
5.142,0.00
5.238,0.00
5.350,0.00
5.446,0.00
5.542,0.00
5.637,0.00
5.749,0.00
5.845,0.00
5.941,0.00
6.052,0.00
6.148,0.00
6.244,0.00
6.340,0.00
6.452,0.00
6.549,0.00
6.644,0.00
6.739,0.00
6.852,1.00
6.947,2.00
7.043,2.00
7.139,2.00
7.251,3.00
7.346,3.00
7.442,3.00
7.538,4.00
7.650,4.00
7.746,4.00
7.843,4.00
7.953,5.00
8.049,5.00
8.146,5.00
8.241,6.00
8.353,6.00
8.449,7.00
8.545,7.00
8.641,8.00
8.753,8.00
8.849,9.00
8.945,9.00
9.040,10.00
9.152,11.00
9.248,11.00
9.344,12.00
9.439,13.00
9.551,14.00
9.648,15.00
9.743,16.00
9.838,17.00
9.951,18.00
10.047,19.00
10.142,20.00
10.239,21.00
10.351,22.00
10.445,23.00
10.542,24.00
10.654,26.00
10.750,27.00
10.845,28.00
10.941,29.00
11.053,31.00
11.149,32.00
11.245,33.00
11.341,35.00
11.453,36.00
11.548,37.00
11.645,38.00
11.740,40.00
11.851,41.00
11.948,42.00
12.044,44.00
12.155,45.00
12.251,46.00
12.347,47.00
12.443,49.00
12.554,50.00
12.650,52.00
12.747,53.00
12.842,54.00
12.954,55.00
13.049,57.00
13.146,58.00
13.241,59.00
13.354,60.00
13.450,62.00
13.545,63.00
13.641,64.00
13.752,66.00
13.849,67.00
13.945,68.00
14.056,69.00
14.153,71.00
14.248,72.00
14.344,73.00
14.455,74.00
14.551,75.00
14.647,77.00
14.744,78.00
14.855,79.00
14.951,81.00
15.047,82.00
15.143,83.00
15.255,84.00
15.351,86.00
15.446,87.00
15.543,88.00
15.654,89.00
15.750,90.00
15.846,92.00
15.942,93.00
16.054,94.00
16.150,95.00
16.245,97.00
16.342,98.00
16.453,99.00
16.549,100.00
16.645,101.00
16.756,103.00
16.852,104.00
16.949,105.00
17.044,106.00
17.156,107.00
17.252,109.00
17.348,110.00
17.444,111.00
17.556,112.00
17.651,113.00
17.748,115.00
17.842,116.00
17.955,117.00
18.051,118.00
18.147,119.00
18.242,120.00
18.354,122.00
18.451,123.00
18.547,124.00
18.641,125.00
18.754,126.00
18.850,127.00
18.946,128.00
19.042,130.00
19.153,131.00
19.249,132.00
19.345,133.00
19.456,134.00
19.552,135.00
19.648,136.00
19.744,138.00
19.856,139.00
19.953,140.00
20.048,141.00
20.144,142.00
20.255,143.00
20.351,144.00
20.448,145.00
20.543,146.00
20.655,148.00
20.751,149.00
20.847,150.00
20.943,151.00
21.054,152.00
21.150,153.00
21.247,154.00
21.342,155.00
21.454,156.00
21.550,157.00
21.646,158.00
21.757,159.00
21.853,160.00
21.949,161.00
22.045,162.00
22.156,163.00
22.253,164.00
22.348,165.00
22.445,166.00
22.556,168.00
22.652,168.00
22.747,169.00
22.843,171.00
22.956,171.00
23.051,173.00
23.147,174.00
23.243,175.00
23.355,176.00
23.451,177.00
23.546,178.00
23.658,179.00
23.754,180.00
23.851,181.00
23.946,182.00
24.058,183.00
24.154,184.00
24.250,185.00
24.346,186.00
24.457,187.00
24.553,188.00
24.649,189.00
24.745,190.00
24.857,191.00
24.953,192.00
25.049,193.00
25.159,194.00
25.256,195.00
25.352,196.00
25.448,197.00
25.559,198.00
25.655,199.00
25.751,199.00
25.848,200.00
25.958,201.00
26.055,202.00
26.150,203.00
26.246,204.00
26.358,205.00
26.455,206.00
26.551,207.00
26.646,208.00
26.758,209.00
26.853,210.00
26.949,211.00
27.045,212.00
27.157,212.00
27.253,213.00
27.349,213.00
27.460,213.00
27.557,213.00
27.652,214.00
27.748,215.00
27.860,214.00
27.956,214.00
28.052,214.00
28.148,214.00
28.259,214.00
28.356,214.00
28.451,214.00
28.547,214.00
28.659,214.00
28.754,214.00
28.851,214.00
28.948,214.00
29.058,214.00
29.154,214.00
29.249,215.00
29.345,214.00
29.457,214.00
29.553,214.00
29.649,214.00
29.761,214.00
29.857,214.00
29.953,214.00
30.048,214.00
30.160,214.00
30.257,214.00
30.352,214.00
30.448,214.00
30.560,214.00
30.656,214.00
30.752,214.00
30.863,214.00
30.959,214.00
31.055,214.00
31.151,214.00
31.262,214.00
31.359,214.00
31.454,214.00
31.550,214.00
31.662,214.00
31.758,214.00
31.854,214.00
31.950,214.00
32.062,214.00
32.158,214.00
32.253,214.00
32.349,214.00
32.461,214.00
32.557,214.00
32.653,214.00
32.749,214.00
32.860,214.00
32.956,214.00
33.052,214.00
33.148,214.00
33.260,214.00
33.356,214.00
33.452,214.00
33.563,214.00
33.659,214.00
33.755,214.00
33.851,214.00
33.962,214.00
34.059,214.00
34.155,214.00
34.251,214.00
34.362,214.00
34.458,214.00
34.554,214.00
34.650,214.00
34.761,214.00
34.858,214.00
34.953,214.00
35.049,215.00
35.161,214.00
35.256,214.00
35.353,214.00
35.449,214.00
35.561,214.00
35.657,214.00
35.752,215.00
35.864,214.00
35.960,214.00
36.055,214.00
36.152,214.00
36.264,214.00
36.359,214.00
36.455,214.00
36.551,214.00
36.663,214.00
36.758,214.00
36.854,214.00
36.950,214.00
37.062,214.00
37.158,214.00
37.254,214.00
37.350,214.00
37.462,214.00
37.557,214.00
37.653,214.00
37.764,214.00
37.861,214.00
37.957,214.00
38.053,214.00
38.164,214.00
38.260,214.00
38.357,214.00
38.452,214.00
38.564,214.00
38.659,214.00
38.755,214.00
38.851,214.00
38.963,214.00
39.059,214.00
39.155,214.00
39.250,214.00
39.362,214.00
39.459,214.00
39.554,214.00
39.650,214.00
39.762,214.00
39.857,214.00
39.953,214.00
40.065,214.00
40.161,214.00
40.257,214.00
40.353,214.00
40.464,214.00
40.561,214.00
40.656,214.00
40.752,214.00
40.864,214.00
40.960,214.00
41.056,214.00
41.151,214.00
41.264,214.00
41.360,214.00
41.456,214.00
41.552,214.00
41.663,214.00
41.758,214.00
41.855,214.00
41.966,214.00
42.062,214.00
42.158,214.00
42.253,214.00
42.365,214.00
42.461,214.00
42.558,214.00
42.653,214.00
42.765,214.00
42.862,214.00
42.957,214.00
43.052,214.00
43.164,214.00
43.260,207.00
43.356,198.00
43.452,189.00
43.564,181.00
43.660,172.00
43.755,163.00
43.867,155.00
43.963,146.00
44.059,137.00
44.155,129.00
44.266,121.00
44.363,113.00
44.458,105.00
44.555,98.00
44.666,92.00
44.762,85.00
44.858,80.00
44.954,74.00
45.066,70.00
45.162,65.00
45.258,61.00
45.354,57.00
45.465,54.00
45.561,51.00
45.657,48.00
45.753,45.00
45.865,42.00
45.961,40.00
46.056,38.00
46.152,35.00
46.264,33.00
46.360,31.00
46.455,30.00
46.567,28.00
46.664,26.00
46.759,25.00
46.855,23.00
46.967,22.00
47.062,21.00
47.159,20.00
47.254,19.00
47.366,17.00
47.462,16.00
47.558,16.00
47.654,15.00
47.766,14.00
47.862,13.00
47.958,12.00
48.053,12.00
48.165,11.00
48.261,10.00
48.357,10.00
48.453,9.00
48.564,8.00
48.661,8.00
48.756,7.00
48.868,7.00
48.964,7.00
49.060,6.00
49.171,6.00
49.267,5.00
49.363,5.00
49.460,5.00
49.570,4.00
49.666,4.00
49.763,4.00
49.858,4.00
49.970,3.00
50.066,3.00
50.162,3.00
50.258,3.00
50.369,3.00
50.466,2.00
50.562,2.00
50.657,2.00
50.770,2.00
50.865,2.00
50.960,2.00
51.072,2.00
51.168,2.00
51.264,1.00
51.360,1.00
51.471,1.00
51.568,1.00
51.664,1.00
51.760,1.00
51.871,1.00
51.968,1.00
52.063,1.00
52.160,1.00
52.271,1.00
52.367,1.00
52.463,1.00
52.558,1.00
52.670,0.00
52.766,0.00
52.862,0.00
52.959,0.00
53.069,0.00
53.166,0.00
53.261,0.00
53.358,0.00
53.469,0.00
53.565,0.00
53.661,0.00
53.772,0.00
53.868,0.00
53.964,0.00
54.060,0.00
54.171,0.00
54.268,0.00
54.363,0.00
54.460,0.00
54.572,0.00
54.668,0.00
54.762,0.00
54.859,0.00
54.970,0.00
55.066,0.00
55.162,0.00
55.258,0.00
55.372,0.00
55.467,0.00
55.561,0.00
55.657,0.00
55.769,0.00
55.865,0.00
55.962,0.00
56.073,0.00
56.169,0.00
56.265,0.00
56.361,0.00
56.472,0.00
56.569,0.00
56.664,0.00
56.760,0.00
56.871,0.00
56.968,0.00
57.064,0.00
57.159,0.00
57.271,0.00
57.367,0.00
57.463,0.00
57.559,0.00
57.671,0.00
57.767,0.00
57.863,0.00
57.959,0.00
58.070,0.00
58.166,0.00
58.262,0.00
58.358,0.00
58.470,0.00
58.566,0.00
58.661,0.00
58.772,0.00
58.869,0.00
58.966,0.00
59.061,0.00
59.172,0.00
59.268,0.00
59.364,0.00
59.460,0.00
59.572,0.00
59.668,0.00
59.763,0.00
59.859,0.00
59.971,0.00
60.067,0.00
60.163,0.00
60.259,0.00
60.371,0.00
60.466,0.00
60.563,0.00
60.674,0.00
60.770,0.00
60.866,0.00
60.962,0.00
61.073,0.00
61.169,0.00
61.265,0.00
61.361,0.00
61.474,0.00
61.569,0.00
61.664,0.00
61.760,0.00
61.872,0.00
61.968,0.00
62.064,0.00
62.160,0.00
62.271,0.00
62.368,0.00
62.464,0.00
62.560,0.00
62.671,0.00
62.767,0.00
62.862,0.00
62.974,0.00
63.070,0.00
63.167,0.00
63.262,0.00
63.373,0.00
63.470,0.00
63.566,0.00
63.662,0.00
63.774,0.00
63.870,0.00
63.965,0.00
64.061,0.00
64.173,0.00
64.268,0.00
64.365,0.00
64.460,0.00
64.572,0.00
64.668,0.00
64.764,0.00
64.860,0.00
64.972,0.00
65.067,0.00
65.163,0.00
65.274,0.00
65.371,0.00
65.467,0.00
65.562,0.00
65.674,0.00
65.770,0.00
65.866,0.00
65.962,0.00
66.074,0.00
66.170,0.00
66.266,0.00
66.361,0.00
66.473,0.00
66.569,0.00
66.665,0.00
66.761,0.00
66.872,0.00
66.968,0.00
67.064,0.00
67.160,0.00
67.272,0.00
67.368,0.00
67.464,0.00
67.560,0.00
67.671,0.00
67.767,0.00
67.864,0.00
67.974,0.00
0.048,0.00
0.144,0.00
0.240,0.00
0.351,0.00
0.448,0.00
0.544,0.00
0.639,0.00
0.751,0.00
0.848,0.00
0.943,0.00
1.039,0.00
1.151,0.00
1.247,0.00
1.343,0.00
1.438,0.00
1.550,0.00
1.646,0.00
1.742,0.00
1.853,0.00
1.949,0.00
2.045,0.00
2.141,0.00
2.253,0.00
2.349,0.00
2.444,0.00
2.540,0.00
2.652,0.00
2.748,1.00
2.844,1.00
2.940,1.00
3.052,1.00
3.148,2.00
3.243,2.00
3.339,2.00
3.451,2.00
3.547,2.00
3.643,2.00
3.738,2.00
3.850,2.00
3.947,3.00
4.042,3.00
4.153,3.00
4.250,3.00
4.345,4.00
4.442,4.00
4.553,4.00
4.649,4.00
4.745,4.00
4.841,5.00
4.953,5.00
5.049,5.00
5.144,5.00
5.240,6.00
5.352,6.00
5.447,7.00
5.543,7.00
5.639,7.00
5.751,8.00
5.847,8.00
5.944,9.00
6.054,9.00
6.151,10.00
6.247,10.00
6.342,11.00
6.454,11.00
6.551,12.00
6.646,13.00
6.743,14.00
6.853,14.00
6.950,15.00
7.046,16.00
7.141,17.00
7.253,18.00
7.348,19.00
7.445,19.00
7.541,20.00
7.653,21.00
7.749,22.00
7.844,24.00
7.955,25.00
8.052,26.00
8.147,26.00
8.244,28.00
8.356,29.00
8.451,30.00
8.548,31.00
8.644,32.00
8.755,33.00
8.851,34.00
8.947,35.00
9.043,37.00
9.155,38.00
9.250,39.00
9.346,40.00
9.442,41.00
9.553,42.00
9.650,43.00
9.745,44.00
9.857,46.00
9.953,47.00
10.049,48.00
10.145,49.00
10.256,50.00
10.353,51.00
10.448,52.00
10.543,53.00
10.656,55.00
10.752,56.00
10.847,57.00
10.944,58.00
11.055,59.00
11.151,60.00
11.247,61.00
11.358,62.00
11.454,63.00
11.551,64.00
11.646,65.00
11.758,67.00
11.854,68.00
11.949,69.00
12.046,70.00
12.157,71.00
12.254,72.00
12.349,73.00
12.445,74.00
12.558,75.00
12.653,76.00
12.749,78.00
12.845,79.00
12.957,80.00
13.052,81.00
13.148,82.00
13.245,83.00
13.356,84.00
13.452,85.00
13.548,86.00
13.644,87.00
13.755,88.00
13.852,90.00
13.947,90.00
14.058,91.00
14.154,92.00
14.251,92.00
14.346,92.00
14.458,92.00
14.554,92.00
14.650,92.00
14.746,92.00
14.857,92.00
14.953,92.00
15.050,93.00
15.145,92.00
15.257,92.00
15.353,92.00
15.449,92.00
15.545,92.00
15.656,92.00
15.752,92.00
15.848,92.00
15.944,93.00
16.056,92.00
16.152,92.00
16.247,92.00
16.359,92.00
16.455,92.00
16.551,92.00
16.647,93.00
16.758,92.00
16.855,93.00
16.951,93.00
17.046,93.00
17.158,93.00
17.254,93.00
17.350,93.00
17.446,93.00
17.558,93.00
17.654,92.00
17.750,93.00
17.845,93.00
17.958,93.00
18.053,93.00
18.148,93.00
18.244,93.00
18.357,93.00
18.452,93.00
18.548,93.00
18.644,93.00
18.756,93.00
18.852,93.00
18.947,93.00
19.059,93.00
19.156,93.00
19.251,93.00
19.347,92.00
19.459,93.00
19.555,93.00
19.651,92.00
19.747,93.00
19.858,93.00
19.954,93.00
20.049,93.00
20.146,93.00
20.258,92.00
20.353,93.00
20.450,93.00
20.545,92.00
20.657,93.00
20.752,93.00
20.849,93.00
20.960,93.00
21.056,93.00
21.152,93.00
21.248,93.00
21.359,93.00
21.456,93.00
21.552,93.00
21.647,93.00
21.759,93.00
21.855,93.00
21.951,93.00
22.046,93.00
22.159,93.00
22.255,93.00
22.351,93.00
22.446,93.00
22.557,93.00
22.654,93.00
22.750,93.00
22.845,93.00
22.957,93.00
23.054,93.00
23.149,93.00
23.245,93.00
23.357,93.00
23.453,93.00
23.549,93.00
23.660,93.00
23.758,93.00
23.852,93.00
23.948,93.00
24.059,92.00
24.156,93.00
24.251,93.00
24.348,93.00
24.459,93.00
24.555,93.00
24.651,93.00
24.747,93.00
24.858,93.00
24.954,93.00
25.050,93.00
25.146,93.00
25.258,93.00
25.354,93.00
25.450,93.00
25.545,93.00
25.658,93.00
25.753,93.00
25.849,93.00
25.960,93.00
26.056,93.00
26.153,93.00
26.248,93.00
26.360,93.00
26.456,93.00
26.552,93.00
26.647,93.00
26.759,93.00
26.856,93.00
26.951,93.00
27.047,93.00
27.159,93.00
27.254,93.00
27.351,93.00
27.447,93.00
27.560,93.00
27.654,93.00
27.750,93.00
27.861,93.00
27.957,93.00
28.053,93.00
28.150,93.00
28.261,93.00
28.358,93.00
28.453,93.00
28.549,93.00
28.662,93.00
28.756,93.00
28.853,93.00
28.948,93.00
29.059,93.00
29.156,93.00
29.251,93.00
29.347,93.00
29.459,93.00
29.555,93.00
29.651,93.00
29.746,93.00
29.859,93.00
29.954,93.00
30.051,93.00
30.146,84.00
30.258,76.00
30.354,69.00
30.450,63.00
30.561,57.00
30.658,52.00
30.754,47.00
30.849,43.00
30.961,40.00
31.056,36.00
31.152,33.00
31.249,30.00
31.360,28.00
31.456,26.00
31.552,23.00
31.649,22.00
31.760,20.00
31.856,18.00
31.952,17.00
32.047,16.00
32.159,14.00
32.256,13.00
32.351,12.00
32.447,11.00
32.558,11.00
32.655,10.00
32.750,9.00
32.861,8.00
32.957,8.00
33.053,7.00
33.149,7.00
33.261,6.00
33.357,6.00
33.453,5.00
33.549,5.00
33.660,5.00
33.757,4.00
33.852,4.00
33.947,4.00
34.060,4.00
34.156,3.00
34.252,3.00
34.347,3.00
34.459,3.00
34.555,2.00
34.651,2.00
34.746,2.00
34.859,2.00
34.955,2.00
35.050,2.00
35.161,2.00
35.258,1.00
35.354,1.00
35.449,1.00
35.562,1.00
35.657,1.00
35.754,1.00
35.849,1.00
35.961,1.00
36.056,1.00
36.152,1.00
36.248,1.00
36.360,1.00
36.456,1.00
36.552,0.00
36.648,0.00
36.761,0.00
36.857,0.00
36.952,0.00
37.063,0.00
37.160,0.00
37.255,0.00
37.351,0.00
37.462,0.00
37.558,0.00
37.654,0.00
37.750,0.00
37.862,0.00
37.957,0.00
38.054,0.00
38.149,0.00
38.261,0.00
38.358,0.00
38.452,0.00
38.548,0.00
38.661,0.00
38.757,0.00
38.853,0.00
38.948,0.00
39.060,0.00
39.156,0.00
39.252,0.00
39.363,0.00
39.460,0.00
39.555,0.00
39.651,0.00
39.763,0.00
39.859,0.00
39.954,0.00
40.052,0.00
40.163,0.00
40.258,0.00
40.354,0.00
40.450,0.00
40.562,0.00
40.658,0.00
40.754,0.00
40.850,0.00
40.961,0.00
41.057,0.00
41.153,0.00
41.264,0.00
41.361,0.00
41.456,0.00
41.553,0.00
41.664,0.00
41.760,0.00
41.855,0.00
41.952,0.00
42.064,0.00
42.159,0.00
42.256,0.00
42.351,0.00
42.463,0.00
42.559,0.00
42.654,0.00
42.750,0.00
42.863,0.00
42.958,0.00
43.054,0.00
43.150,0.00
43.262,0.00
43.358,0.00
43.453,0.00
43.565,0.00
43.661,0.00
43.756,0.00
43.853,0.00
43.964,0.00
44.060,0.00
44.156,0.00
44.252,0.00
44.365,0.00
44.460,0.00
44.556,0.00
44.652,0.00
44.763,0.00
44.859,0.00
44.955,0.00
45.051,0.00
45.163,0.00
45.259,0.00
45.354,0.00
45.450,0.00
45.562,0.00
45.658,0.00
45.754,0.00
45.850,0.00
45.962,0.00
46.058,0.00
46.153,0.00
46.265,0.00
46.361,0.00
46.457,0.00
46.554,0.00
46.664,0.00
46.760,0.00
46.857,0.00
46.952,0.00
47.064,0.00
47.161,0.00
47.256,0.00
47.352,0.00
47.464,0.00
47.559,0.00
47.655,0.00
47.751,0.00
47.862,0.00
47.959,0.00
48.055,0.00
48.150,0.00
48.262,0.00
48.358,0.00
48.454,0.00
48.565,0.00
48.662,0.00
48.758,0.00
48.853,0.00
48.965,0.00
49.061,0.00
49.158,0.00
49.253,0.00
49.365,0.00
49.460,0.00
49.557,0.00
49.652,0.00
49.764,0.00
49.860,0.00
49.956,0.00
50.052,0.00
50.164,0.00
50.259,0.00
50.355,0.00
50.451,0.00
50.563,0.00
50.660,0.00
50.754,0.00
50.851,0.00
50.962,0.00
51.058,0.00
51.154,0.00
51.266,0.00
51.362,0.00
51.458,0.00
51.553,0.00
51.666,0.00
51.763,0.00
0.011,0.00
0.104,0.00
0.216,0.00
0.311,0.00
0.407,0.00
0.504,0.00
0.615,0.00
0.711,0.00
0.806,0.00
0.902,0.00
1.014,0.00
1.110,0.00
1.207,0.00
1.317,0.00
1.414,0.00
1.509,0.00
1.605,0.00
1.718,0.00
1.813,0.00
1.909,0.00
2.004,0.00
2.117,0.00
2.214,0.00
2.308,0.00
2.404,0.00
2.517,1.00
2.612,1.00
2.708,2.00
2.803,2.00
2.915,2.00
3.011,2.00
3.107,2.00
3.203,2.00
3.315,2.00
3.411,3.00
3.507,3.00
3.618,3.00
3.715,3.00
3.810,3.00
3.907,3.00
4.017,4.00
4.113,4.00
4.210,4.00
4.306,4.00
4.417,5.00
4.514,5.00
4.609,5.00
4.705,6.00
4.817,6.00
4.912,6.00
5.009,7.00
5.104,7.00
5.216,7.00
5.312,8.00
5.408,8.00
5.504,9.00
5.616,9.00
5.712,10.00
5.807,11.00
5.920,11.00
6.015,12.00
6.110,13.00
6.207,13.00
6.318,14.00
6.415,15.00
6.510,16.00
6.605,17.00
6.719,18.00
6.814,19.00
6.910,20.00
7.005,21.00
7.116,22.00
7.213,23.00
7.309,24.00
7.420,25.00
7.517,27.00
7.612,28.00
7.708,29.00
7.820,30.00
7.916,31.00
8.012,33.00
8.107,34.00
8.219,35.00
8.316,36.00
8.411,38.00
8.506,39.00
8.619,40.00
8.715,41.00
8.810,42.00
8.906,44.00
9.018,45.00
9.114,46.00
9.210,47.00
9.305,49.00
9.417,50.00
9.514,51.00
9.609,52.00
9.721,54.00
9.818,55.00
9.913,56.00
10.009,57.00
10.120,58.00
10.217,59.00
10.312,61.00
10.408,62.00
10.520,63.00
10.616,65.00
10.711,66.00
10.808,67.00
10.920,68.00
11.015,69.00
11.111,70.00
11.207,72.00
11.319,73.00
11.414,74.00
11.511,75.00
11.622,76.00
11.718,78.00
11.813,79.00
11.910,80.00
12.022,81.00
12.117,82.00
12.214,84.00
12.310,85.00
12.421,86.00
12.517,87.00
12.612,88.00
12.708,90.00
12.821,91.00
12.917,92.00
13.012,93.00
13.108,94.00
13.219,95.00
13.315,96.00
13.411,98.00
13.507,99.00
13.619,100.00
13.715,101.00
13.811,102.00
13.922,103.00
14.019,104.00
14.114,106.00
14.210,107.00
14.322,108.00
14.418,109.00
14.514,110.00
14.610,111.00
14.722,112.00
14.817,114.00
14.914,115.00
15.009,116.00
15.121,117.00
15.218,118.00
15.313,119.00
15.410,120.00
15.521,122.00
15.616,123.00
15.712,124.00
15.809,125.00
15.920,126.00
16.015,127.00
16.112,128.00
16.207,129.00
16.320,130.00
16.415,131.00
16.511,132.00
16.622,133.00
16.719,135.00
16.815,136.00
16.910,137.00
17.022,138.00
17.118,139.00
17.214,140.00
17.310,141.00
17.422,142.00
17.518,143.00
17.614,144.00
17.710,145.00
17.821,146.00
17.917,147.00
18.012,148.00
18.124,149.00
18.220,150.00
18.316,151.00
18.412,152.00
18.524,153.00
18.620,154.00
18.716,154.00
18.812,154.00
18.923,154.00
19.020,154.00
19.115,154.00
19.211,154.00
19.323,155.00
19.418,154.00
19.514,155.00
19.626,155.00
19.722,155.00
19.819,155.00
19.915,155.00
20.025,155.00
20.121,155.00
20.217,155.00
20.314,155.00
20.426,155.00
20.521,155.00
20.618,155.00
20.713,155.00
20.824,155.00
20.921,155.00
21.016,155.00
21.112,155.00
21.224,155.00
21.320,155.00
21.416,155.00
21.511,155.00
21.623,155.00
21.720,155.00
21.816,155.00
21.911,155.00
22.023,155.00
22.119,155.00
22.215,155.00
22.326,155.00
22.422,155.00
22.518,155.00
22.614,155.00
22.725,155.00
22.822,155.00
22.918,155.00
23.014,155.00
23.125,155.00
23.221,155.00
23.318,155.00
23.414,155.00
23.525,155.00
23.620,155.00
23.716,155.00
23.812,155.00
23.925,155.00
24.019,148.00
24.116,138.00
24.212,128.00
24.323,119.00
24.419,110.00
24.515,101.00
24.626,94.00
24.723,87.00
24.819,80.00
24.914,74.00
25.026,68.00
25.122,63.00
25.220,59.00
25.314,55.00
25.425,51.00
25.522,47.00
25.618,44.00
25.713,41.00
25.825,38.00
25.921,35.00
26.017,33.00
26.113,31.00
26.224,29.00
26.321,27.00
26.416,25.00
26.512,23.00
26.624,22.00
26.720,20.00
26.815,19.00
26.912,18.00
27.023,17.00
27.120,16.00
27.216,15.00
27.326,14.00
27.423,13.00
27.519,12.00
27.615,11.00
27.726,10.00
27.822,10.00
27.918,9.00
28.013,8.00
28.125,8.00
28.222,7.00
28.317,7.00
28.413,6.00
28.525,6.00
28.621,6.00
28.717,5.00
28.812,5.00
28.925,4.00
29.020,4.00
29.116,4.00
29.227,4.00
29.324,3.00
29.419,3.00
29.515,3.00
29.627,3.00
29.723,3.00
29.819,2.00
29.915,2.00
30.028,2.00
30.122,2.00
30.218,2.00
30.315,2.00
30.427,2.00
30.522,1.00
30.619,1.00
30.714,1.00
30.825,1.00
30.921,1.00
31.017,1.00
31.113,1.00
31.225,1.00
31.322,1.00
31.417,1.00
31.528,1.00
31.624,1.00
31.721,1.00
31.817,0.00
31.927,0.00
32.024,0.00
32.120,0.00
32.216,0.00
32.327,0.00
32.423,0.00
32.519,0.00
32.615,0.00
32.727,0.00
32.823,0.00
32.919,0.00
33.015,0.00
33.127,0.00
33.222,0.00
33.318,0.00
33.414,0.00
33.525,0.00
33.621,0.00
33.717,0.00
33.828,0.00
33.925,0.00
34.020,0.00
34.117,0.00
34.228,0.00
34.325,0.00
34.420,0.00
34.516,0.00
34.628,0.00
34.724,0.00
34.819,0.00
34.916,0.00
35.027,0.00
35.123,0.00
35.218,0.00
35.315,0.00
35.427,0.00
35.523,0.00
35.619,0.00
35.730,0.00
35.827,0.00
35.922,0.00
36.018,0.00
36.129,0.00
36.225,0.00
36.321,0.00
36.417,0.00
36.529,0.00
36.625,0.00
36.721,0.00
36.817,0.00
36.928,0.00
37.024,0.00
37.120,0.00
37.216,0.00
37.328,0.00
37.424,0.00
37.519,0.00
37.615,0.00
37.728,0.00
37.823,0.00
37.919,0.00
38.030,0.00
38.126,0.00
38.223,0.00
38.318,0.00
38.431,0.00
38.526,0.00
38.622,0.00
38.718,0.00
38.829,0.00
38.925,0.00
39.021,0.00
39.117,0.00
39.229,0.00
39.325,0.00
39.421,0.00
39.532,0.00
39.629,0.00
39.724,0.00
39.820,0.00
39.931,0.00
40.028,0.00
40.123,0.00
40.219,0.00
40.331,0.00
40.428,0.00
40.523,0.00
40.619,0.00
40.731,0.00
40.827,0.00
40.922,0.00
41.018,0.00
41.130,0.00
41.225,0.00
41.322,0.00
41.418,0.00
41.531,0.00
41.625,0.00
41.721,0.00
41.817,0.00
0.018,0.00
0.111,0.00
0.206,0.00
0.318,0.00
0.414,0.00
0.510,0.00
0.605,0.00
0.718,0.00
0.813,0.00
0.910,0.00
1.005,0.00
1.117,0.00
1.213,0.00
1.309,0.00
1.404,0.00
1.516,0.00
1.612,0.00
1.708,0.00
1.804,0.00
1.915,0.00
2.011,0.00
2.107,0.00
2.204,0.00
2.315,0.00
2.411,0.00
2.507,0.00
2.618,0.00
2.714,0.00
2.811,0.00
0.069,0.00
0.180,0.00
0.277,0.00
0.373,0.00
0.468,0.00
0.580,0.00
0.676,0.00
0.772,0.00
0.868,0.00
0.980,0.00
1.076,0.00
1.171,0.00
1.267,0.00
1.381,0.00
1.475,0.00
1.571,0.00
1.667,0.00
1.778,0.00
1.875,0.00
1.970,0.00
2.081,0.00
2.178,0.00
2.274,0.00
2.370,0.00
2.481,0.00
2.577,0.00
2.675,0.00
2.769,0.00
2.881,0.00
2.976,0.00
3.072,0.00
3.168,0.00
3.282,0.00
3.376,0.00
3.471,0.00
3.567,0.00
3.680,0.00
3.776,0.00
3.871,0.00
3.967,0.00
4.079,0.00
4.175,0.00
4.271,0.00
4.367,0.00
4.479,0.00
4.574,0.00
4.670,0.00
4.781,0.00
4.878,0.00
4.973,0.00
5.069,0.00
5.182,0.00
5.277,0.00
5.373,0.00
5.469,0.00
5.581,0.00
5.677,0.00
5.773,0.00
5.868,0.00
5.980,0.00
6.076,0.00
6.172,0.00
6.267,0.00
6.380,0.00
6.476,0.00
6.571,0.00
6.667,0.00
6.779,0.00
6.874,0.00
6.970,0.00
7.082,0.00
7.178,0.00
7.274,0.00
7.370,0.00
7.481,0.00
7.578,0.00
7.674,0.00
7.769,0.00
7.882,0.00
7.978,0.00
8.073,0.00
8.169,0.00
8.281,0.00
8.377,0.00
8.473,0.00
8.568,0.00
8.680,0.00
8.777,0.00
8.872,0.00
8.968,0.00
9.080,0.00
9.175,0.00
9.271,0.00
9.382,0.00
9.479,0.00
9.575,0.00
9.671,0.00
9.782,0.00
9.878,0.00
9.974,0.00
10.070,0.00
10.181,0.00
10.277,0.00
10.373,0.00
10.469,0.00
10.581,0.00
10.677,0.00
10.773,0.00
10.869,0.00
10.981,0.00
11.076,0.00
11.172,0.00
11.267,0.00
11.380,0.00
11.475,0.00
11.571,0.00
11.668,0.00
11.779,0.00
11.875,0.00
11.971,0.00
12.082,0.00
12.179,0.00
12.274,0.00
12.370,0.00
12.482,0.00
12.578,0.00
12.673,0.00
12.770,0.00
12.882,0.00
12.977,0.00
13.073,0.00
13.169,0.00
13.281,0.00
13.377,0.00
13.472,0.00
13.568,0.00
13.681,0.00
13.776,0.00
13.872,0.00
13.968,0.00
14.080,0.00
14.176,0.00
14.271,0.00
14.367,0.00
14.479,0.00
14.575,0.00
14.671,0.00
14.782,0.00
14.879,0.00
14.975,0.00
15.071,0.00
15.182,0.00
15.279,0.00
15.373,0.00
15.470,0.00
15.582,0.00
15.677,0.00
15.774,0.00
15.869,0.00
15.981,0.00
16.078,0.00
16.173,0.00
16.268,0.00
16.381,0.00
16.476,0.00
16.572,0.00
16.683,0.00
16.780,0.00
16.875,0.00
16.972,0.00
17.083,0.00
17.179,0.00
17.275,0.00
17.371,0.00
17.483,0.00
17.579,0.00
17.675,0.00
17.770,0.00
17.882,0.00
17.979,0.00
18.074,0.00
18.169,0.00
18.282,0.00
18.377,0.00
18.473,0.00
18.569,0.00
18.681,0.00
18.777,0.00
18.873,0.00
18.984,0.00
19.081,0.00
19.176,0.00
19.272,0.00
19.384,0.00
19.480,0.00
19.575,0.00
19.672,0.00
19.783,0.00
19.879,0.00
19.975,0.00
20.071,0.00
20.183,0.00
20.278,0.00
20.374,0.00
20.470,0.00
20.582,0.00
20.678,0.00
20.774,0.00
20.885,0.00
20.982,0.00
21.078,0.00
21.173,0.00
21.285,0.00
21.381,0.00
21.477,0.00
21.573,0.00
21.685,0.00
21.780,0.00
21.876,0.00
21.972,0.00
22.084,0.00
22.180,0.00
22.276,0.00
22.372,0.00
22.484,0.00
22.579,0.00
22.675,0.00
22.771,0.00
22.883,0.00
22.979,0.00
23.074,0.00
23.186,0.00
23.282,0.00
23.378,0.00
23.474,0.00
23.585,0.00
23.681,0.00
23.777,0.00
23.873,0.00
23.985,0.00
24.081,0.00
24.176,0.00
24.273,0.00
24.384,0.00
24.480,0.00
24.576,0.00
24.672,0.00
24.784,0.00
24.879,0.00
24.975,0.00
25.071,0.00
25.183,0.00
25.279,0.00
25.375,0.00
25.471,0.00
25.582,0.00
25.678,0.00
25.774,0.00
26.148,0.00
26.148,0.00
26.148,0.00
26.175,0.00
26.285,0.00
26.381,0.00
26.477,0.00
26.573,0.00
26.686,0.00
26.781,0.00
26.876,0.00
26.972,0.00
27.085,0.00
27.180,0.00
27.277,0.00
27.372,0.00
27.484,0.00
27.804,0.00
28.324,0.00
28.686,0.00
29.171,0.00
29.171,0.00
29.171,0.00
29.172,0.00
29.172,0.00
29.172,0.00
29.172,0.00
29.172,0.00
29.172,0.00
29.172,0.00
29.173,0.00
29.173,0.00
29.173,0.00
29.176,0.00
29.273,0.00
29.385,0.00
29.481,0.00
29.578,0.00
29.674,0.00
29.784,0.00
29.880,0.00
29.975,0.00
30.087,0.00
30.183,0.00
30.280,0.00
30.375,0.00
30.487,0.00
30.583,0.00
30.679,0.00
30.775,0.00
30.886,0.00
30.982,0.00
31.079,0.00
31.174,0.00
31.286,0.00
31.382,0.00
31.478,0.00
31.589,0.00
31.685,0.00
31.781,0.00
31.877,0.00
31.989,0.00
32.084,0.00
32.181,0.00
32.276,0.00
32.388,0.00
32.484,0.00
32.580,0.00
32.676,0.00
32.787,0.00
32.883,0.00
32.980,0.00
33.076,0.00
33.186,0.00
33.283,0.00
33.378,0.00
33.475,0.00
33.587,0.00
33.682,0.00
33.778,0.00
33.890,0.00
33.985,0.00
34.082,0.00
34.177,0.00
34.289,0.00
34.385,0.00
34.481,0.00
34.577,0.00
34.689,0.00
34.784,0.00
34.880,0.00
34.976,0.00
35.088,0.00
35.186,0.00
35.280,0.00
35.376,0.00
35.488,0.00
35.583,0.00
35.985,0.00
35.986,0.00
35.986,0.00
35.986,0.00
36.079,0.00
36.191,0.00
36.286,0.00
36.382,0.00
36.478,0.00
36.590,0.00
36.686,0.00
36.782,0.00
36.877,0.00
36.989,0.00
37.085,0.00
37.181,0.00
37.276,0.00
37.388,0.00
37.484,0.00
37.580,0.00
37.676,0.00
37.788,0.00
37.884,0.00
37.979,0.00
38.091,0.00
38.187,0.00
38.283,0.00
38.379,0.00
38.490,0.00
38.586,0.00
38.682,0.00
38.778,0.00
38.890,0.00
38.986,0.00
39.082,0.00
39.178,0.00
39.290,0.00
39.385,0.00
39.481,0.00
39.577,0.00
39.689,0.00
39.784,0.00
39.881,0.00
39.976,0.00
40.089,0.00
40.184,0.00
40.280,0.00
40.391,0.00
40.487,0.00
40.584,0.00
40.679,0.00
40.791,0.00
40.887,0.00
40.983,0.00
41.079,0.00
41.191,0.00
41.286,0.00
41.382,0.00
41.479,0.00
41.589,0.00
41.686,0.00
41.782,0.00
41.877,0.00
41.990,0.00
42.085,0.00
42.181,0.00
42.277,0.00
42.388,0.00
42.484,0.00
42.581,0.00
42.677,0.00
42.789,0.00
42.884,0.00
42.980,0.00
43.095,0.00
