2026-09-04 14:03:14,137 - DVPTest - INFO - === test_managers.py 已加载（新版本）===
2026-09-04 14:03:14,137 - DVPTest - INFO - [TestManager] 初始化完成（完全解耦 + InflectionDetector 版）
2026-09-04 14:03:14,327 - DVPTest - DEBUG - [UI] MainWindow 初始化完成
2026-09-04 14:03:22,793 - DVPTest - INFO - 设备识别: unknown
2026-09-04 14:03:22,794 - DVPTest - SUCCESS - 已连接到串口 COM25 @ 115200 bps
2026-09-04 14:03:22,796 - DVPTest - INFO - 正在打开串口 COM25 @ 115200
2026-09-04 14:03:22,797 - DVPTest - SUCCESS - 开始记录数据，文件: ./logs/csv\pressure_data_20260904_140322.csv
2026-09-04 14:03:22,798 - DVPTest - DEBUG - [TestManager] reset 完成
2026-09-04 14:03:22,798 - DVPTest - DEBUG - 充气参数更新: start=5.0, mid=200.0, target=300.0
2026-09-04 14:03:22,799 - DVPTest - DEBUG - [UI] _connect 完成
2026-09-04 14:03:22,816 - DVPTest - DEBUG - 设备类型 unknown，开始嗅探
2026-09-04 14:03:22,917 - DVPTest - DEBUG - 嗅探到 13 字节: b'cuff=0 mmHg\r\n'
2026-09-04 14:03:22,918 - DVPTest - DEBUG - 嗅探到文本协议特征
2026-09-04 14:03:22,920 - DVPTest - INFO - 协议检测完成: device_type=unknown, mode=text
2026-09-04 14:03:22,921 - DVPTest - INFO - 进入文本模式
2026-09-04 14:03:22,924 - DVPTest - INFO - [串口] [协议选择] device_type=unknown, mode=text
2026-09-04 14:03:23,006 - DVPTest - DEBUG - 发出 sig_data: t=0.190, p=0.00
2026-09-04 14:03:23,008 - DVPTest - DEBUG - process_data: t=0.19, p=0.0, v=0.000, a=0.0, phase=IDLE
2026-09-04 14:03:23,009 - DVPTest - DEBUG - 充气峰值更新: 0.0 @ 0.19s
2026-09-04 14:03:23,010 - DVPTest - DEBUG - 物理分类结果: STABLE
2026-09-04 14:03:23,011 - DVPTest - DEBUG - [UI] _on_plot_update 收到 1 个数据点
2026-09-04 14:03:23,014 - DVPTest - INFO - [串口] cuff=0 mmHg
2026-09-04 14:03:23,118 - DVPTest - DEBUG - 发出 sig_data: t=0.302, p=0.00
2026-09-04 14:03:23,120 - DVPTest - DEBUG - process_data: t=0.30, p=0.0, v=0.000, a=0.0, phase=IDLE
2026-09-04 14:03:23,121 - DVPTest - DEBUG - 物理分类结果: STABLE
2026-09-04 14:03:23,121 - DVPTest - DEBUG - [UI] _on_plot_update 收到 2 个数据点
2026-09-04 14:03:23,124 - DVPTest - INFO - [串口] cuff=0 mmHg
2026-09-04 14:03:23,213 - DVPTest - DEBUG - 发出 sig_data: t=0.398, p=0.00
2026-09-04 14:03:23,220 - DVPTest - DEBUG - process_data: t=0.40, p=0.0, v=0.000, a=0.0, phase=IDLE
2026-09-04 14:03:23,221 - DVPTest - DEBUG - 物理分类结果: STABLE
2026-09-04 14:03:23,222 - DVPTest - DEBUG - [UI] _on_plot_update 收到 3 个数据点
2026-09-04 14:03:23,224 - DVPTest - INFO - [串口] cuff=0 mmHg
2026-09-04 14:03:23,310 - DVPTest - DEBUG - 发出 sig_data: t=0.494, p=0.00
2026-09-04 14:03:23,311 - DVPTest - DEBUG - process_data: t=0.49, p=0.0, v=0.000, a=0.0, phase=IDLE
2026-09-04 14:03:23,312 - DVPTest - DEBUG - 物理分类结果: STABLE
2026-09-04 14:03:23,312 - DVPTest - DEBUG - [UI] _on_plot_update 收到 4 个数据点
2026-09-04 14:03:23,313 - DVPTest - INFO - [串口] cuff=0 mmHg
2026-09-04 14:03:23,405 - DVPTest - DEBUG - 发出 sig_data: t=0.590, p=0.00
2026-09-04 14:03:23,408 - DVPTest - DEBUG - process_data: t=0.59, p=0.0, v=0.000, a=0.0, phase=IDLE
2026-09-04 14:03:23,409 - DVPTest - DEBUG - 物理分类结果: STABLE
2026-09-04 14:03:23,409 - DVPTest - DEBUG - [UI] _on_plot_update 收到 5 个数据点
2026-09-04 14:03:23,411 - DVPTest - INFO - [串口] cuff=0 mmHg
2026-09-04 14:03:23,517 - DVPTest - DEBUG - 发出 sig_data: t=0.702, p=0.00
2026-09-04 14:03:23,519 - DVPTest - DEBUG - process_data: t=0.70, p=0.0, v=0.000, a=0.0, phase=IDLE
2026-09-04 14:03:23,520 - DVPTest - DEBUG - 物理分类结果: STABLE
2026-09-04 14:03:23,520 - DVPTest - DEBUG - [UI] _on_plot_update 收到 6 个数据点
2026-09-04 14:03:23,523 - DVPTest - INFO - [串口] cuff=0 mmHg
2026-09-04 14:03:23,613 - DVPTest - DEBUG - 发出 sig_data: t=0.797, p=0.00
2026-09-04 14:03:23,614 - DVPTest - DEBUG - process_data: t=0.80, p=0.0, v=0.000, a=0.0, phase=IDLE
2026-09-04 14:03:23,614 - DVPTest - DEBUG - 物理分类结果: STABLE
2026-09-04 14:03:23,614 - DVPTest - DEBUG - [UI] _on_plot_update 收到 7 个数据点
2026-09-04 14:03:23,616 - DVPTest - INFO - [串口] cuff=0 mmHg
2026-09-04 14:03:23,709 - DVPTest - DEBUG - 发出 sig_data: t=0.893, p=0.00
2026-09-04 14:03:23,710 - DVPTest - DEBUG - process_data: t=0.89, p=0.0, v=0.000, a=0.0, phase=IDLE
2026-09-04 14:03:23,713 - DVPTest - DEBUG - 物理分类结果: STABLE
2026-09-04 14:03:23,714 - DVPTest - DEBUG - [UI] _on_plot_update 收到 8 个数据点
2026-09-04 14:03:23,717 - DVPTest - INFO - [串口] cuff=0 mmHg
2026-09-04 14:03:23,805 - DVPTest - DEBUG - 发出 sig_data: t=0.989, p=0.00
2026-09-04 14:03:23,807 - DVPTest - DEBUG - process_data: t=0.99, p=0.0, v=0.000, a=0.0, phase=IDLE
2026-09-04 14:03:23,808 - DVPTest - DEBUG - 物理分类结果: STABLE
2026-09-04 14:03:23,809 - DVPTest - DEBUG - [UI] _on_plot_update 收到 9 个数据点
2026-09-04 14:03:23,811 - DVPTest - INFO - [串口] cuff=0 mmHg
2026-09-04 14:03:23,917 - DVPTest - DEBUG - 发出 sig_data: t=1.101, p=0.00
2026-09-04 14:03:23,917 - DVPTest - DEBUG - process_data: t=1.10, p=0.0, v=0.000, a=0.0, phase=IDLE
2026-09-04 14:03:23,917 - DVPTest - DEBUG - 物理分类结果: STABLE
2026-09-04 14:03:23,919 - DVPTest - DEBUG - [UI] _on_plot_update 收到 10 个数据点
2026-09-04 14:03:23,919 - DVPTest - INFO - [串口] cuff=0 mmHg
2026-09-04 14:03:24,012 - DVPTest - DEBUG - 发出 sig_data: t=1.196, p=0.00
2026-09-04 14:03:24,013 - DVPTest - DEBUG - process_data: t=1.20, p=0.0, v=0.000, a=0.0, phase=IDLE
2026-09-04 14:03:24,014 - DVPTest - DEBUG - 物理分类结果: STABLE
2026-09-04 14:03:24,015 - DVPTest - DEBUG - [UI] _on_plot_update 收到 11 个数据点
2026-09-04 14:03:24,016 - DVPTest - INFO - [串口] cuff=0 mmHg
2026-09-04 14:03:24,108 - DVPTest - DEBUG - 发出 sig_data: t=1.293, p=0.00
2026-09-04 14:03:24,110 - DVPTest - DEBUG - process_data: t=1.29, p=0.0, v=0.000, a=0.0, phase=IDLE
2026-09-04 14:03:24,111 - DVPTest - DEBUG - 物理分类结果: STABLE
2026-09-04 14:03:24,113 - DVPTest - DEBUG - [UI] _on_plot_update 收到 12 个数据点
2026-09-04 14:03:24,115 - DVPTest - INFO - [串口] cuff=0 mmHg
2026-09-04 14:03:24,193 - DVPTest - DEBUG - [TestManager] reset 完成
2026-09-04 14:03:24,194 - DVPTest - DEBUG - 充气参数更新: start=5.0, mid=200.0, target=300.0
2026-09-04 14:03:24,195 - DVPTest - DEBUG - [TestManager] reset 完成
2026-09-04 14:03:24,195 - DVPTest - INFO - 数据已重置，绘图恢复
2026-09-04 14:03:24,196 - DVPTest - CMD - 发送命令: AT#AG
2026-09-04 14:03:24,204 - DVPTest - DEBUG - 发出 sig_data: t=0.009, p=0.00
2026-09-04 14:03:24,205 - DVPTest - DEBUG - process_data: t=0.01, p=0.0, v=0.000, a=0.0, phase=IDLE
2026-09-04 14:03:24,206 - DVPTest - DEBUG - 充气峰值更新: 0.0 @ 0.01s
2026-09-04 14:03:24,207 - DVPTest - DEBUG - 物理分类结果: STABLE
2026-09-04 14:03:24,208 - DVPTest - DEBUG - [UI] _on_plot_update 收到 1 个数据点
2026-09-04 14:03:24,209 - DVPTest - INFO - [串口] cuff=0 mmHg
2026-09-04 14:03:24,316 - DVPTest - DEBUG - 发出 sig_data: t=0.121, p=0.00
2026-09-04 14:03:24,319 - DVPTest - DEBUG - process_data: t=0.12, p=0.0, v=0.000, a=0.0, phase=IDLE
2026-09-04 14:03:24,320 - DVPTest - DEBUG - 物理分类结果: STABLE
2026-09-04 14:03:24,322 - DVPTest - DEBUG - [UI] _on_plot_update 收到 2 个数据点
2026-09-04 14:03:24,325 - DVPTest - INFO - [串口] cuff=0 mmHg
2026-09-04 14:03:24,412 - DVPTest - DEBUG - 发出 sig_data: t=0.216, p=0.00
2026-09-04 14:03:24,414 - DVPTest - DEBUG - process_data: t=0.22, p=0.0, v=0.000, a=0.0, phase=IDLE
2026-09-04 14:03:24,415 - DVPTest - DEBUG - 物理分类结果: STABLE
2026-09-04 14:03:24,419 - DVPTest - DEBUG - [UI] _on_plot_update 收到 3 个数据点
2026-09-04 14:03:24,422 - DVPTest - INFO - [串口] cuff=0 mmHg
2026-09-04 14:03:24,507 - DVPTest - DEBUG - 发出 sig_data: t=0.312, p=0.00
2026-09-04 14:03:24,508 - DVPTest - DEBUG - process_data: t=0.31, p=0.0, v=0.000, a=0.0, phase=IDLE
2026-09-04 14:03:24,509 - DVPTest - DEBUG - 物理分类结果: STABLE
2026-09-04 14:03:24,510 - DVPTest - DEBUG - [UI] _on_plot_update 收到 4 个数据点
2026-09-04 14:03:24,511 - DVPTest - INFO - [串口] cuff=0 mmHg
2026-09-04 14:03:24,618 - DVPTest - DEBUG - 发出 sig_data: t=0.424, p=0.00
2026-09-04 14:03:24,621 - DVPTest - DEBUG - process_data: t=0.42, p=0.0, v=0.000, a=0.0, phase=IDLE
2026-09-04 14:03:24,622 - DVPTest - DEBUG - 物理分类结果: STABLE
2026-09-04 14:03:24,622 - DVPTest - DEBUG - [UI] _on_plot_update 收到 5 个数据点
2026-09-04 14:03:24,624 - DVPTest - INFO - [串口] cuff=0 mmHg
2026-09-04 14:03:24,715 - DVPTest - DEBUG - 发出 sig_data: t=0.520, p=0.00
2026-09-04 14:03:24,716 - DVPTest - DEBUG - process_data: t=0.52, p=0.0, v=0.000, a=0.0, phase=IDLE
2026-09-04 14:03:24,718 - DVPTest - DEBUG - 物理分类结果: STABLE
2026-09-04 14:03:24,718 - DVPTest - DEBUG - [UI] _on_plot_update 收到 6 个数据点
2026-09-04 14:03:24,720 - DVPTest - INFO - [串口] cuff=0 mmHg
2026-09-04 14:03:24,811 - DVPTest - DEBUG - 发出 sig_data: t=0.616, p=0.00
2026-09-04 14:03:24,813 - DVPTest - DEBUG - process_data: t=0.62, p=0.0, v=0.000, a=0.0, phase=IDLE
2026-09-04 14:03:24,814 - DVPTest - DEBUG - 物理分类结果: STABLE
2026-09-04 14:03:24,815 - DVPTest - DEBUG - [UI] _on_plot_update 收到 7 个数据点
2026-09-04 14:03:24,817 - DVPTest - INFO - [串口] cuff=0 mmHg
2026-09-04 14:03:24,907 - DVPTest - DEBUG - 发出 sig_data: t=0.712, p=0.00
2026-09-04 14:03:24,909 - DVPTest - DEBUG - process_data: t=0.71, p=0.0, v=0.000, a=0.0, phase=IDLE
2026-09-04 14:03:24,910 - DVPTest - DEBUG - 物理分类结果: STABLE
2026-09-04 14:03:24,912 - DVPTest - DEBUG - [UI] _on_plot_update 收到 8 个数据点
2026-09-04 14:03:24,914 - DVPTest - INFO - [串口] cuff=0 mmHg
2026-09-04 14:03:25,018 - DVPTest - DEBUG - 发出 sig_data: t=0.823, p=0.00
2026-09-04 14:03:25,019 - DVPTest - DEBUG - process_data: t=0.82, p=0.0, v=0.000, a=0.0, phase=IDLE
2026-09-04 14:03:25,020 - DVPTest - DEBUG - 物理分类结果: STABLE
2026-09-04 14:03:25,020 - DVPTest - DEBUG - [UI] _on_plot_update 收到 9 个数据点
2026-09-04 14:03:25,021 - DVPTest - INFO - [串口] cuff=0 mmHg
2026-09-04 14:03:25,115 - DVPTest - DEBUG - 发出 sig_data: t=0.919, p=0.00
2026-09-04 14:03:25,116 - DVPTest - DEBUG - process_data: t=0.92, p=0.0, v=0.000, a=0.0, phase=IDLE
2026-09-04 14:03:25,117 - DVPTest - DEBUG - 物理分类结果: STABLE
2026-09-04 14:03:25,117 - DVPTest - DEBUG - [UI] _on_plot_update 收到 10 个数据点
2026-09-04 14:03:25,120 - DVPTest - INFO - [串口] cuff=0 mmHg
2026-09-04 14:03:25,211 - DVPTest - DEBUG - 发出 sig_data: t=1.016, p=0.00
2026-09-04 14:03:25,213 - DVPTest - DEBUG - process_data: t=1.02, p=0.0, v=0.000, a=0.0, phase=IDLE
2026-09-04 14:03:25,213 - DVPTest - DEBUG - 物理分类结果: STABLE
2026-09-04 14:03:25,214 - DVPTest - DEBUG - [UI] _on_plot_update 收到 11 个数据点
2026-09-04 14:03:25,215 - DVPTest - INFO - [串口] cuff=0 mmHg
2026-09-04 14:03:25,307 - DVPTest - DEBUG - 发出 sig_data: t=1.111, p=0.00
2026-09-04 14:03:25,308 - DVPTest - DEBUG - process_data: t=1.11, p=0.0, v=0.000, a=0.0, phase=IDLE
2026-09-04 14:03:25,308 - DVPTest - DEBUG - 物理分类结果: STABLE
2026-09-04 14:03:25,309 - DVPTest - DEBUG - [UI] _on_plot_update 收到 12 个数据点
2026-09-04 14:03:25,309 - DVPTest - INFO - [串口] cuff=0 mmHg
2026-09-04 14:03:25,419 - DVPTest - DEBUG - 发出 sig_data: t=1.223, p=0.00
2026-09-04 14:03:25,423 - DVPTest - DEBUG - process_data: t=1.22, p=0.0, v=0.000, a=0.0, phase=IDLE
2026-09-04 14:03:25,424 - DVPTest - DEBUG - 物理分类结果: STABLE
2026-09-04 14:03:25,425 - DVPTest - DEBUG - [UI] _on_plot_update 收到 13 个数据点
2026-09-04 14:03:25,427 - DVPTest - INFO - [串口] cuff=0 mmHg
2026-09-04 14:03:25,514 - DVPTest - DEBUG - 发出 sig_data: t=1.319, p=0.00
2026-09-04 14:03:25,516 - DVPTest - DEBUG - process_data: t=1.32, p=0.0, v=0.000, a=0.0, phase=IDLE
2026-09-04 14:03:25,517 - DVPTest - DEBUG - 物理分类结果: STABLE
2026-09-04 14:03:25,518 - DVPTest - DEBUG - [UI] _on_plot_update 收到 14 个数据点
2026-09-04 14:03:25,520 - DVPTest - INFO - [串口] cuff=0 mmHg
2026-09-04 14:03:25,611 - DVPTest - DEBUG - 发出 sig_data: t=1.415, p=0.00
2026-09-04 14:03:25,611 - DVPTest - DEBUG - process_data: t=1.42, p=0.0, v=0.000, a=0.0, phase=IDLE
2026-09-04 14:03:25,612 - DVPTest - DEBUG - 物理分类结果: STABLE
2026-09-04 14:03:25,613 - DVPTest - DEBUG - [UI] _on_plot_update 收到 15 个数据点
2026-09-04 14:03:25,615 - DVPTest - INFO - [串口] cuff=0 mmHg
2026-09-04 14:03:25,706 - DVPTest - DEBUG - 发出 sig_data: t=1.511, p=0.00
2026-09-04 14:03:25,708 - DVPTest - DEBUG - process_data: t=1.51, p=0.0, v=0.000, a=0.0, phase=IDLE
2026-09-04 14:03:25,709 - DVPTest - DEBUG - 物理分类结果: STABLE
2026-09-04 14:03:25,709 - DVPTest - DEBUG - [UI] _on_plot_update 收到 16 个数据点
2026-09-04 14:03:25,712 - DVPTest - INFO - [串口] cuff=0 mmHg
2026-09-04 14:03:25,818 - DVPTest - DEBUG - 发出 sig_data: t=1.623, p=0.00
2026-09-04 14:03:25,819 - DVPTest - DEBUG - process_data: t=1.62, p=0.0, v=0.000, a=0.0, phase=IDLE
2026-09-04 14:03:25,820 - DVPTest - DEBUG - 物理分类结果: STABLE
2026-09-04 14:03:25,820 - DVPTest - DEBUG - [UI] _on_plot_update 收到 17 个数据点
2026-09-04 14:03:25,821 - DVPTest - INFO - [串口] cuff=0 mmHg
2026-09-04 14:03:25,860 - DVPTest - CMD - 发送命令: AT#AH
2026-09-04 14:03:27,627 - DVPTest - DEBUG - [TestManager] reset 完成
2026-09-04 14:03:27,628 - DVPTest - DEBUG - 充气参数更新: start=5.0, mid=200.0, target=300.0
2026-09-04 14:03:27,629 - DVPTest - DEBUG - [TestManager] reset 完成
2026-09-04 14:03:27,630 - DVPTest - INFO - 数据已重置，绘图恢复
2026-09-04 14:03:27,631 - DVPTest - CMD - 发送命令: AT#AG
2026-09-04 14:03:27,639 - DVPTest - DEBUG - 发出 sig_data: t=0.009, p=0.00
2026-09-04 14:03:27,639 - DVPTest - DEBUG - process_data: t=0.01, p=0.0, v=0.000, a=0.0, phase=IDLE
2026-09-04 14:03:27,640 - DVPTest - DEBUG - 充气峰值更新: 0.0 @ 0.01s
2026-09-04 14:03:27,641 - DVPTest - DEBUG - 物理分类结果: STABLE
2026-09-04 14:03:27,642 - DVPTest - DEBUG - [UI] _on_plot_update 收到 1 个数据点
2026-09-04 14:03:27,644 - DVPTest - INFO - [串口] cuff=0 mmHg
2026-09-04 14:03:27,751 - DVPTest - DEBUG - 发出 sig_data: t=0.121, p=0.00
2026-09-04 14:03:27,753 - DVPTest - DEBUG - process_data: t=0.12, p=0.0, v=0.000, a=0.0, phase=IDLE
2026-09-04 14:03:27,754 - DVPTest - DEBUG - 物理分类结果: STABLE
2026-09-04 14:03:27,755 - DVPTest - DEBUG - [UI] _on_plot_update 收到 2 个数据点
2026-09-04 14:03:27,757 - DVPTest - INFO - [串口] cuff=0 mmHg
2026-09-04 14:03:27,847 - DVPTest - DEBUG - 发出 sig_data: t=0.217, p=0.00
2026-09-04 14:03:27,849 - DVPTest - DEBUG - process_data: t=0.22, p=0.0, v=0.000, a=0.0, phase=IDLE
2026-09-04 14:03:27,850 - DVPTest - DEBUG - 物理分类结果: STABLE
2026-09-04 14:03:27,850 - DVPTest - DEBUG - [UI] _on_plot_update 收到 3 个数据点
2026-09-04 14:03:27,855 - DVPTest - INFO - [串口] cuff=0 mmHg
2026-09-04 14:03:27,942 - DVPTest - DEBUG - 发出 sig_data: t=0.312, p=0.00
2026-09-04 14:03:27,945 - DVPTest - DEBUG - process_data: t=0.31, p=0.0, v=0.000, a=0.0, phase=IDLE
2026-09-04 14:03:27,945 - DVPTest - DEBUG - 物理分类结果: STABLE
2026-09-04 14:03:27,946 - DVPTest - DEBUG - [UI] _on_plot_update 收到 4 个数据点
2026-09-04 14:03:27,949 - DVPTest - INFO - [串口] cuff=0 mmHg
2026-09-04 14:03:28,039 - DVPTest - DEBUG - 发出 sig_data: t=0.409, p=0.00
2026-09-04 14:03:28,041 - DVPTest - DEBUG - process_data: t=0.41, p=0.0, v=0.000, a=0.0, phase=IDLE
2026-09-04 14:03:28,041 - DVPTest - DEBUG - 物理分类结果: STABLE
2026-09-04 14:03:28,042 - DVPTest - DEBUG - [UI] _on_plot_update 收到 5 个数据点
2026-09-04 14:03:28,042 - DVPTest - INFO - [串口] cuff=0 mmHg
2026-09-04 14:03:28,150 - DVPTest - DEBUG - 发出 sig_data: t=0.521, p=0.00
2026-09-04 14:03:28,154 - DVPTest - DEBUG - process_data: t=0.52, p=0.0, v=0.000, a=0.0, phase=IDLE
2026-09-04 14:03:28,155 - DVPTest - DEBUG - 物理分类结果: STABLE
2026-09-04 14:03:28,155 - DVPTest - DEBUG - [UI] _on_plot_update 收到 6 个数据点
2026-09-04 14:03:28,158 - DVPTest - INFO - [串口] cuff=0 mmHg
2026-09-04 14:03:28,246 - DVPTest - DEBUG - 发出 sig_data: t=0.617, p=0.00
2026-09-04 14:03:28,250 - DVPTest - DEBUG - process_data: t=0.62, p=0.0, v=0.000, a=0.0, phase=IDLE
2026-09-04 14:03:28,251 - DVPTest - DEBUG - 物理分类结果: STABLE
2026-09-04 14:03:28,251 - DVPTest - DEBUG - [UI] _on_plot_update 收到 7 个数据点
2026-09-04 14:03:28,254 - DVPTest - INFO - [串口] cuff=0 mmHg
2026-09-04 14:03:28,342 - DVPTest - DEBUG - 发出 sig_data: t=0.712, p=0.00
2026-09-04 14:03:28,342 - DVPTest - DEBUG - process_data: t=0.71, p=0.0, v=0.000, a=0.0, phase=IDLE
2026-09-04 14:03:28,342 - DVPTest - DEBUG - 物理分类结果: STABLE
2026-09-04 14:03:28,343 - DVPTest - DEBUG - [UI] _on_plot_update 收到 8 个数据点
2026-09-04 14:03:28,344 - DVPTest - INFO - [串口] cuff=0 mmHg
2026-09-04 14:03:28,363 - DVPTest - CMD - 发送命令: AT#AH
2026-09-04 14:03:37,003 - DVPTest - INFO - 尝试进入 PC 模式...
2026-09-04 14:03:37,004 - DVPTest - SUCCESS - 已进入PC界面
2026-09-04 14:03:37,205 - DVPTest - CMD - 发送压力表测试命令
2026-09-04 14:03:37,206 - DVPTest - DEBUG - [TestManager] reset 完成
2026-09-04 14:03:37,208 - DVPTest - INFO - 数据已重置，绘图恢复
2026-09-04 14:03:37,209 - DVPTest - INFO - 数据已清空，波形已清屏（时间轴已归零）
2026-09-04 14:03:37,563 - DVPTest - INFO - 已退出PC界面
2026-09-04 14:03:37,564 - DVPTest - INFO - 退出PC界面成功
2026-09-04 14:03:39,091 - DVPTest - SUCCESS - 已进入PC界面
2026-09-04 14:03:39,092 - DVPTest - SUCCESS - 进入PC界面成功
2026-09-04 14:03:40,018 - DVPTest - CMD - 发送压力表测试命令
2026-09-04 14:03:40,019 - DVPTest - DEBUG - [TestManager] reset 完成
2026-09-04 14:03:40,020 - DVPTest - INFO - 数据已重置，绘图恢复
2026-09-04 14:03:40,021 - DVPTest - INFO - 数据已清空，波形已清屏（时间轴已归零）
2026-09-04 14:03:42,780 - DVPTest - DEBUG - [TestManager] reset 完成
2026-09-04 14:03:42,781 - DVPTest - DEBUG - 充气参数更新: start=5.0, mid=200.0, target=300.0
2026-09-04 14:03:42,781 - DVPTest - DEBUG - [TestManager] reset 完成
2026-09-04 14:03:42,782 - DVPTest - INFO - 数据已重置，绘图恢复
2026-09-04 14:03:42,783 - DVPTest - CMD - 发送命令: AT#AG
2026-09-04 14:03:42,800 - DVPTest - DEBUG - 发出 sig_data: t=0.019, p=0.00
2026-09-04 14:03:42,803 - DVPTest - DEBUG - process_data: t=0.02, p=0.0, v=0.000, a=0.0, phase=IDLE
2026-09-04 14:03:42,805 - DVPTest - DEBUG - 充气峰值更新: 0.0 @ 0.02s
2026-09-04 14:03:42,805 - DVPTest - DEBUG - 物理分类结果: STABLE
2026-09-04 14:03:42,806 - DVPTest - DEBUG - [UI] _on_plot_update 收到 1 个数据点
2026-09-04 14:03:42,811 - DVPTest - INFO - [串口] cuff=0 mmHg
2026-09-04 14:03:42,896 - DVPTest - DEBUG - 发出 sig_data: t=0.114, p=0.00
2026-09-04 14:03:42,898 - DVPTest - DEBUG - process_data: t=0.11, p=0.0, v=0.000, a=0.0, phase=IDLE
2026-09-04 14:03:42,899 - DVPTest - DEBUG - 物理分类结果: STABLE
2026-09-04 14:03:42,900 - DVPTest - DEBUG - [UI] _on_plot_update 收到 2 个数据点
2026-09-04 14:03:42,903 - DVPTest - INFO - [串口] cuff=0 mmHg
2026-09-04 14:03:43,008 - DVPTest - DEBUG - 发出 sig_data: t=0.226, p=0.00
2026-09-04 14:03:43,009 - DVPTest - DEBUG - process_data: t=0.23, p=0.0, v=0.000, a=0.0, phase=IDLE
2026-09-04 14:03:43,009 - DVPTest - DEBUG - 物理分类结果: STABLE
2026-09-04 14:03:43,010 - DVPTest - DEBUG - [UI] _on_plot_update 收到 3 个数据点
2026-09-04 14:03:43,012 - DVPTest - INFO - [串口] cuff=0 mmHg
2026-09-04 14:03:43,104 - DVPTest - DEBUG - 发出 sig_data: t=0.322, p=0.00
2026-09-04 14:03:43,106 - DVPTest - DEBUG - process_data: t=0.32, p=0.0, v=0.000, a=0.0, phase=IDLE
2026-09-04 14:03:43,107 - DVPTest - DEBUG - 物理分类结果: STABLE
2026-09-04 14:03:43,107 - DVPTest - DEBUG - [UI] _on_plot_update 收到 4 个数据点
2026-09-04 14:03:43,110 - DVPTest - INFO - [串口] cuff=0 mmHg
2026-09-04 14:03:43,199 - DVPTest - DEBUG - 发出 sig_data: t=0.417, p=0.00
2026-09-04 14:03:43,200 - DVPTest - DEBUG - process_data: t=0.42, p=0.0, v=0.000, a=0.0, phase=IDLE
2026-09-04 14:03:43,201 - DVPTest - DEBUG - 物理分类结果: STABLE
2026-09-04 14:03:43,202 - DVPTest - DEBUG - [UI] _on_plot_update 收到 5 个数据点
2026-09-04 14:03:43,203 - DVPTest - INFO - [串口] cuff=0 mmHg
2026-09-04 14:03:43,295 - DVPTest - DEBUG - 发出 sig_data: t=0.513, p=0.00
2026-09-04 14:03:43,297 - DVPTest - DEBUG - process_data: t=0.51, p=0.0, v=0.000, a=0.0, phase=IDLE
2026-09-04 14:03:43,297 - DVPTest - DEBUG - 物理分类结果: STABLE
2026-09-04 14:03:43,298 - DVPTest - DEBUG - [UI] _on_plot_update 收到 6 个数据点
2026-09-04 14:03:43,300 - DVPTest - INFO - [串口] cuff=0 mmHg
2026-09-04 14:03:43,408 - DVPTest - DEBUG - 发出 sig_data: t=0.626, p=0.00
2026-09-04 14:03:43,411 - DVPTest - DEBUG - process_data: t=0.63, p=0.0, v=0.000, a=0.0, phase=IDLE
2026-09-04 14:03:43,412 - DVPTest - DEBUG - 物理分类结果: STABLE
2026-09-04 14:03:43,412 - DVPTest - DEBUG - [UI] _on_plot_update 收到 7 个数据点
2026-09-04 14:03:43,415 - DVPTest - INFO - [串口] cuff=0 mmHg
2026-09-04 14:03:43,503 - DVPTest - DEBUG - 发出 sig_data: t=0.721, p=0.00
2026-09-04 14:03:43,503 - DVPTest - DEBUG - process_data: t=0.72, p=0.0, v=0.000, a=0.0, phase=IDLE
2026-09-04 14:03:43,503 - DVPTest - DEBUG - 物理分类结果: STABLE
2026-09-04 14:03:43,504 - DVPTest - DEBUG - [UI] _on_plot_update 收到 8 个数据点
2026-09-04 14:03:43,505 - DVPTest - INFO - [串口] cuff=0 mmHg
2026-09-04 14:03:43,599 - DVPTest - DEBUG - 发出 sig_data: t=0.817, p=0.00
2026-09-04 14:03:43,599 - DVPTest - DEBUG - process_data: t=0.82, p=0.0, v=0.000, a=0.0, phase=IDLE
2026-09-04 14:03:43,601 - DVPTest - DEBUG - 物理分类结果: STABLE
2026-09-04 14:03:43,602 - DVPTest - DEBUG - [UI] _on_plot_update 收到 9 个数据点
2026-09-04 14:03:43,604 - DVPTest - INFO - [串口] cuff=0 mmHg
2026-09-04 14:03:43,694 - DVPTest - DEBUG - 发出 sig_data: t=0.912, p=0.00
2026-09-04 14:03:43,696 - DVPTest - DEBUG - process_data: t=0.91, p=0.0, v=0.000, a=0.0, phase=IDLE
2026-09-04 14:03:43,697 - DVPTest - DEBUG - 物理分类结果: STABLE
2026-09-04 14:03:43,698 - DVPTest - DEBUG - [UI] _on_plot_update 收到 10 个数据点
2026-09-04 14:03:43,702 - DVPTest - INFO - [串口] cuff=0 mmHg
2026-09-04 14:03:43,807 - DVPTest - DEBUG - 发出 sig_data: t=1.025, p=0.00
2026-09-04 14:03:43,808 - DVPTest - DEBUG - process_data: t=1.02, p=0.0, v=0.000, a=0.0, phase=IDLE
2026-09-04 14:03:43,808 - DVPTest - DEBUG - 物理分类结果: STABLE
2026-09-04 14:03:43,809 - DVPTest - DEBUG - [UI] _on_plot_update 收到 11 个数据点
2026-09-04 14:03:43,811 - DVPTest - INFO - [串口] cuff=0 mmHg
2026-09-04 14:03:43,902 - DVPTest - DEBUG - 发出 sig_data: t=1.120, p=0.00
2026-09-04 14:03:43,906 - DVPTest - DEBUG - process_data: t=1.12, p=0.0, v=0.000, a=0.0, phase=IDLE
2026-09-04 14:03:43,907 - DVPTest - DEBUG - 物理分类结果: STABLE
2026-09-04 14:03:43,907 - DVPTest - DEBUG - [UI] _on_plot_update 收到 12 个数据点
2026-09-04 14:03:43,911 - DVPTest - INFO - [串口] cuff=0 mmHg
2026-09-04 14:03:43,998 - DVPTest - DEBUG - 发出 sig_data: t=1.217, p=0.00
2026-09-04 14:03:44,001 - DVPTest - DEBUG - process_data: t=1.22, p=0.0, v=0.000, a=0.0, phase=IDLE
2026-09-04 14:03:44,002 - DVPTest - DEBUG - 物理分类结果: STABLE
2026-09-04 14:03:44,002 - DVPTest - DEBUG - [UI] _on_plot_update 收到 13 个数据点
2026-09-04 14:03:44,005 - DVPTest - INFO - [串口] cuff=0 mmHg
2026-09-04 14:03:44,094 - DVPTest - DEBUG - 发出 sig_data: t=1.312, p=0.00
2026-09-04 14:03:44,095 - DVPTest - DEBUG - process_data: t=1.31, p=0.0, v=0.000, a=0.0, phase=IDLE
2026-09-04 14:03:44,095 - DVPTest - DEBUG - 物理分类结果: STABLE
2026-09-04 14:03:44,096 - DVPTest - DEBUG - [UI] _on_plot_update 收到 14 个数据点
2026-09-04 14:03:44,097 - DVPTest - INFO - [串口] cuff=0 mmHg
2026-09-04 14:03:44,206 - DVPTest - DEBUG - 发出 sig_data: t=1.424, p=0.00
2026-09-04 14:03:44,208 - DVPTest - DEBUG - process_data: t=1.42, p=0.0, v=0.000, a=0.0, phase=IDLE
2026-09-04 14:03:44,209 - DVPTest - DEBUG - 物理分类结果: STABLE
2026-09-04 14:03:44,211 - DVPTest - DEBUG - [UI] _on_plot_update 收到 15 个数据点
2026-09-04 14:03:44,214 - DVPTest - INFO - [串口] cuff=0 mmHg
2026-09-04 14:03:44,302 - DVPTest - DEBUG - 发出 sig_data: t=1.520, p=0.00
2026-09-04 14:03:44,304 - DVPTest - DEBUG - process_data: t=1.52, p=0.0, v=0.000, a=0.0, phase=IDLE
2026-09-04 14:03:44,305 - DVPTest - DEBUG - 物理分类结果: STABLE
2026-09-04 14:03:44,307 - DVPTest - DEBUG - [UI] _on_plot_update 收到 16 个数据点
2026-09-04 14:03:44,310 - DVPTest - INFO - [串口] cuff=0 mmHg
2026-09-04 14:03:44,398 - DVPTest - DEBUG - 发出 sig_data: t=1.616, p=0.00
2026-09-04 14:03:44,399 - DVPTest - DEBUG - process_data: t=1.62, p=0.0, v=0.000, a=0.0, phase=IDLE
2026-09-04 14:03:44,399 - DVPTest - DEBUG - 物理分类结果: STABLE
2026-09-04 14:03:44,400 - DVPTest - DEBUG - [UI] _on_plot_update 收到 17 个数据点
2026-09-04 14:03:44,400 - DVPTest - INFO - [串口] cuff=0 mmHg
2026-09-04 14:03:44,509 - DVPTest - DEBUG - 发出 sig_data: t=1.728, p=0.00
2026-09-04 14:03:44,515 - DVPTest - DEBUG - process_data: t=1.73, p=0.0, v=0.000, a=0.0, phase=IDLE
2026-09-04 14:03:44,515 - DVPTest - DEBUG - 物理分类结果: STABLE
2026-09-04 14:03:44,516 - DVPTest - DEBUG - [UI] _on_plot_update 收到 18 个数据点
2026-09-04 14:03:44,518 - DVPTest - INFO - [串口] cuff=0 mmHg
2026-09-04 14:03:44,605 - DVPTest - DEBUG - 发出 sig_data: t=1.824, p=0.00
2026-09-04 14:03:44,608 - DVPTest - DEBUG - process_data: t=1.82, p=0.0, v=0.000, a=0.0, phase=IDLE
2026-09-04 14:03:44,609 - DVPTest - DEBUG - 物理分类结果: STABLE
2026-09-04 14:03:44,609 - DVPTest - DEBUG - [UI] _on_plot_update 收到 19 个数据点
2026-09-04 14:03:44,612 - DVPTest - INFO - [串口] cuff=0 mmHg
2026-09-04 14:03:44,702 - DVPTest - DEBUG - 发出 sig_data: t=1.920, p=0.00
2026-09-04 14:03:44,704 - DVPTest - DEBUG - process_data: t=1.92, p=0.0, v=0.000, a=0.0, phase=IDLE
2026-09-04 14:03:44,705 - DVPTest - DEBUG - 物理分类结果: STABLE
2026-09-04 14:03:44,706 - DVPTest - DEBUG - [UI] _on_plot_update 收到 20 个数据点
2026-09-04 14:03:44,709 - DVPTest - INFO - [串口] cuff=0 mmHg
2026-09-04 14:03:44,797 - DVPTest - DEBUG - 发出 sig_data: t=2.015, p=0.00
2026-09-04 14:03:44,799 - DVPTest - DEBUG - process_data: t=2.02, p=0.0, v=0.000, a=0.0, phase=IDLE
2026-09-04 14:03:44,800 - DVPTest - DEBUG - 物理分类结果: STABLE
2026-09-04 14:03:44,801 - DVPTest - DEBUG - [UI] _on_plot_update 收到 21 个数据点
2026-09-04 14:03:44,804 - DVPTest - INFO - [串口] cuff=0 mmHg
2026-09-04 14:03:44,909 - DVPTest - DEBUG - 发出 sig_data: t=2.127, p=0.00
2026-09-04 14:03:44,910 - DVPTest - DEBUG - process_data: t=2.13, p=0.0, v=0.000, a=0.0, phase=IDLE
2026-09-04 14:03:44,911 - DVPTest - DEBUG - 物理分类结果: STABLE
2026-09-04 14:03:44,911 - DVPTest - DEBUG - [UI] _on_plot_update 收到 22 个数据点
2026-09-04 14:03:44,913 - DVPTest - INFO - [串口] cuff=0 mmHg
2026-09-04 14:03:45,005 - DVPTest - DEBUG - 发出 sig_data: t=2.223, p=0.00
2026-09-04 14:03:45,006 - DVPTest - DEBUG - process_data: t=2.22, p=0.0, v=0.000, a=0.0, phase=IDLE
2026-09-04 14:03:45,007 - DVPTest - DEBUG - 物理分类结果: STABLE
2026-09-04 14:03:45,007 - DVPTest - DEBUG - [UI] _on_plot_update 收到 23 个数据点
2026-09-04 14:03:45,009 - DVPTest - INFO - [串口] cuff=0 mmHg
2026-09-04 14:03:45,101 - DVPTest - DEBUG - 发出 sig_data: t=2.319, p=0.00
2026-09-04 14:03:45,102 - DVPTest - DEBUG - process_data: t=2.32, p=0.0, v=0.000, a=0.0, phase=IDLE
2026-09-04 14:03:45,103 - DVPTest - DEBUG - 物理分类结果: STABLE
2026-09-04 14:03:45,103 - DVPTest - DEBUG - [UI] _on_plot_update 收到 24 个数据点
2026-09-04 14:03:45,105 - DVPTest - INFO - [串口] cuff=0 mmHg
2026-09-04 14:03:45,196 - DVPTest - DEBUG - 发出 sig_data: t=2.414, p=0.00
2026-09-04 14:03:45,197 - DVPTest - DEBUG - process_data: t=2.41, p=0.0, v=0.000, a=0.0, phase=IDLE
2026-09-04 14:03:45,197 - DVPTest - DEBUG - 物理分类结果: STABLE
2026-09-04 14:03:45,197 - DVPTest - DEBUG - [UI] _on_plot_update 收到 25 个数据点
2026-09-04 14:03:45,199 - DVPTest - INFO - [串口] cuff=0 mmHg
2026-09-04 14:03:45,309 - DVPTest - DEBUG - 发出 sig_data: t=2.527, p=0.00
2026-09-04 14:03:45,310 - DVPTest - DEBUG - process_data: t=2.53, p=0.0, v=0.000, a=0.0, phase=IDLE
2026-09-04 14:03:45,310 - DVPTest - DEBUG - 物理分类结果: STABLE
2026-09-04 14:03:45,311 - DVPTest - DEBUG - [UI] _on_plot_update 收到 26 个数据点
2026-09-04 14:03:45,314 - DVPTest - INFO - [串口] cuff=0 mmHg
2026-09-04 14:03:45,404 - DVPTest - DEBUG - 发出 sig_data: t=2.622, p=0.00
2026-09-04 14:03:45,407 - DVPTest - DEBUG - process_data: t=2.62, p=0.0, v=0.000, a=0.0, phase=IDLE
2026-09-04 14:03:45,409 - DVPTest - DEBUG - 物理分类结果: STABLE
2026-09-04 14:03:45,410 - DVPTest - DEBUG - [UI] _on_plot_update 收到 27 个数据点
2026-09-04 14:03:45,413 - DVPTest - INFO - [串口] cuff=0 mmHg
2026-09-04 14:03:45,500 - DVPTest - DEBUG - 发出 sig_data: t=2.718, p=0.00
2026-09-04 14:03:45,501 - DVPTest - DEBUG - process_data: t=2.72, p=0.0, v=0.000, a=0.0, phase=IDLE
2026-09-04 14:03:45,501 - DVPTest - DEBUG - 物理分类结果: STABLE
2026-09-04 14:03:45,501 - DVPTest - DEBUG - [UI] _on_plot_update 收到 28 个数据点
2026-09-04 14:03:45,503 - DVPTest - INFO - [串口] cuff=0 mmHg
2026-09-04 14:03:45,596 - DVPTest - DEBUG - 发出 sig_data: t=2.814, p=0.00
2026-09-04 14:03:45,601 - DVPTest - DEBUG - process_data: t=2.81, p=0.0, v=0.000, a=0.0, phase=IDLE
2026-09-04 14:03:45,602 - DVPTest - DEBUG - 物理分类结果: STABLE
2026-09-04 14:03:45,604 - DVPTest - DEBUG - [UI] _on_plot_update 收到 29 个数据点
2026-09-04 14:03:45,606 - DVPTest - INFO - [串口] cuff=0 mmHg
2026-09-04 14:03:45,707 - DVPTest - DEBUG - 发出 sig_data: t=2.925, p=0.00
2026-09-04 14:03:45,708 - DVPTest - DEBUG - process_data: t=2.93, p=0.0, v=0.000, a=0.0, phase=IDLE
2026-09-04 14:03:45,709 - DVPTest - DEBUG - 物理分类结果: STABLE
2026-09-04 14:03:45,709 - DVPTest - DEBUG - [UI] _on_plot_update 收到 30 个数据点
2026-09-04 14:03:45,712 - DVPTest - INFO - [串口] cuff=0 mmHg
2026-09-04 14:03:45,803 - DVPTest - DEBUG - 发出 sig_data: t=3.021, p=0.00
2026-09-04 14:03:45,805 - DVPTest - DEBUG - process_data: t=3.02, p=0.0, v=0.000, a=0.0, phase=IDLE
2026-09-04 14:03:45,806 - DVPTest - DEBUG - 物理分类结果: STABLE
2026-09-04 14:03:45,806 - DVPTest - DEBUG - [UI] _on_plot_update 收到 31 个数据点
2026-09-04 14:03:45,808 - DVPTest - INFO - [串口] cuff=0 mmHg
2026-09-04 14:03:45,900 - DVPTest - DEBUG - 发出 sig_data: t=3.118, p=213.00
2026-09-04 14:03:45,904 - DVPTest - DEBUG - process_data: t=3.12, p=213.0, v=2000.000, a=10000.0, phase=IDLE
2026-09-04 14:03:45,905 - DVPTest - DEBUG - 充气峰值更新: 213.0 @ 3.12s
2026-09-04 14:03:45,906 - DVPTest - DEBUG - 充气起始值 5.0 mmHg 到达 @ 3.12s
2026-09-04 14:03:45,907 - DVPTest - DEBUG - 充气中间值 200.0 mmHg 到达 @ 3.12s
2026-09-04 14:03:45,908 - DVPTest - DEBUG - 物理分类结果: INFLATING
2026-09-04 14:03:45,909 - DVPTest - INFO - IDLE → INFLATING @ 3.12s, p=213.0
2026-09-04 14:03:45,910 - DVPTest - DEBUG - [UI] _on_plot_update 收到 32 个数据点
2026-09-04 14:03:45,912 - DVPTest - INFO - [串口] cuff=213 mmHg
2026-09-04 14:03:46,011 - DVPTest - DEBUG - 发出 sig_data: t=3.229, p=346.00
2026-09-04 14:03:46,011 - DVPTest - DEBUG - process_data: t=3.23, p=346.0, v=1203.401, a=-7207.7, phase=INFLATING
2026-09-04 14:03:46,012 - DVPTest - DEBUG - 充气峰值更新: 346.0 @ 3.23s
2026-09-04 14:03:46,012 - DVPTest - DEBUG - 充气目标值 300.0 mmHg 到达 @ 3.23s
2026-09-04 14:03:46,012 - DVPTest - DEBUG - 物理分类结果: INFLATING
2026-09-04 14:03:46,013 - DVPTest - DEBUG - [UI] _on_plot_update 收到 33 个数据点
2026-09-04 14:03:46,015 - DVPTest - INFO - [串口] cuff=346 mmHg
2026-09-04 14:03:46,108 - DVPTest - DEBUG - 发出 sig_data: t=3.326, p=346.00
2026-09-04 14:03:46,109 - DVPTest - DEBUG - process_data: t=3.33, p=346.0, v=0.000, a=-10000.0, phase=INFLATING
2026-09-04 14:03:46,110 - DVPTest - DEBUG - 物理分类结果: STABLE
2026-09-04 14:03:46,111 - DVPTest - DEBUG - [UI] _on_plot_update 收到 34 个数据点
2026-09-04 14:03:46,113 - DVPTest - INFO - [串口] cuff=346 mmHg
2026-09-04 14:03:46,203 - DVPTest - DEBUG - 发出 sig_data: t=3.421, p=345.00
2026-09-04 14:03:46,204 - DVPTest - DEBUG - process_data: t=3.42, p=345.0, v=-10.482, a=-109.9, phase=INFLATING
2026-09-04 14:03:46,205 - DVPTest - DEBUG - 物理分类结果: DEFLATING
2026-09-04 14:03:46,205 - DVPTest - DEBUG - [UI] _on_plot_update 收到 35 个数据点
2026-09-04 14:03:46,206 - DVPTest - INFO - [串口] cuff=345 mmHg
2026-09-04 14:03:46,299 - DVPTest - DEBUG - 发出 sig_data: t=3.517, p=344.00
2026-09-04 14:03:46,299 - DVPTest - DEBUG - process_data: t=3.52, p=344.0, v=-10.475, a=0.1, phase=INFLATING
2026-09-04 14:03:46,300 - DVPTest - INFO - ★ 泄气拐点确认 [持续下降]: p=345.00 @ t=3.421s, rate=-10.48
2026-09-04 14:03:46,300 - DVPTest - SUCCESS - ★ 泄气拐点确认 [持续下降]: p=345.00 @ t=3.421s, rate=-10.48
2026-09-04 14:03:46,300 - DVPTest - INFO - 充气结果输出（由泄气拐点触发）: {'state': 'DONE', 'start': {'value': 5.0, 'time': 3.1182031999342144, 'reached': True}, 'mid': {'value': 200.0, 'time': 3.1182031999342144, 'reached': True}, 'target': {'value': 300.0, 'time': 3.228723300155252, 'reached': True}, 'peak': {'value': 346.0, 'time': 3.228723300155252}}
2026-09-04 14:03:46,301 - DVPTest - SUCCESS - ★ 充气结果已触发（拐点）
2026-09-04 14:03:46,301 - DVPTest - DEBUG - [UI] _on_result_text: key=inflate, text=起始值5→中间值200 时间0.00s 速率0.00mmHg/s  起始值5→目标值300 时间0.11s 速率2669.20mmHg/s
2026-09-04 14:03:46,301 - DVPTest - DEBUG - 物理分类结果: DEFLATING
2026-09-04 14:03:46,302 - DVPTest - DEBUG - [UI] _on_plot_update 收到 36 个数据点
2026-09-04 14:03:46,303 - DVPTest - INFO - [串口] cuff=344 mmHg
2026-09-04 14:03:46,410 - DVPTest - DEBUG - 发出 sig_data: t=3.628, p=344.00
2026-09-04 14:03:46,412 - DVPTest - DEBUG - process_data: t=3.63, p=344.0, v=0.000, a=93.7, phase=INFLATING
2026-09-04 14:03:46,414 - DVPTest - DEBUG - 物理分类结果: STABLE
2026-09-04 14:03:46,415 - DVPTest - DEBUG - [UI] _on_plot_update 收到 37 个数据点
2026-09-04 14:03:46,417 - DVPTest - INFO - [串口] cuff=344 mmHg
2026-09-04 14:03:46,507 - DVPTest - DEBUG - 发出 sig_data: t=3.726, p=344.00
2026-09-04 14:03:46,510 - DVPTest - DEBUG - process_data: t=3.73, p=344.0, v=0.000, a=0.0, phase=INFLATING
2026-09-04 14:03:46,510 - DVPTest - DEBUG - 物理分类结果: STABLE
2026-09-04 14:03:46,511 - DVPTest - DEBUG - [UI] _on_plot_update 收到 38 个数据点
2026-09-04 14:03:46,512 - DVPTest - INFO - [串口] cuff=344 mmHg
2026-09-04 14:03:46,603 - DVPTest - DEBUG - 发出 sig_data: t=3.821, p=343.00
2026-09-04 14:03:46,603 - DVPTest - DEBUG - process_data: t=3.82, p=343.0, v=-10.538, a=-111.1, phase=INFLATING
2026-09-04 14:03:46,604 - DVPTest - DEBUG - 物理分类结果: DEFLATING
2026-09-04 14:03:46,604 - DVPTest - DEBUG - [UI] _on_plot_update 收到 39 个数据点
2026-09-04 14:03:46,606 - DVPTest - INFO - [串口] cuff=343 mmHg
2026-09-04 14:03:46,698 - DVPTest - DEBUG - 发出 sig_data: t=3.916, p=343.00
2026-09-04 14:03:46,699 - DVPTest - DEBUG - process_data: t=3.92, p=343.0, v=0.000, a=110.1, phase=INFLATING
2026-09-04 14:03:46,700 - DVPTest - DEBUG - 物理分类结果: STABLE
2026-09-04 14:03:46,700 - DVPTest - DEBUG - [UI] _on_plot_update 收到 40 个数据点
2026-09-04 14:03:46,701 - DVPTest - INFO - [串口] cuff=343 mmHg
2026-09-04 14:03:46,809 - DVPTest - DEBUG - 发出 sig_data: t=4.028, p=342.00
2026-09-04 14:03:46,813 - DVPTest - DEBUG - process_data: t=4.03, p=342.0, v=-8.986, a=-80.8, phase=INFLATING
2026-09-04 14:03:46,814 - DVPTest - DEBUG - 物理分类结果: DEFLATING
2026-09-04 14:03:46,814 - DVPTest - DEBUG - [UI] _on_plot_update 收到 41 个数据点
2026-09-04 14:03:46,816 - DVPTest - INFO - [串口] cuff=342 mmHg
2026-09-04 14:03:46,906 - DVPTest - DEBUG - 发出 sig_data: t=4.124, p=342.00
2026-09-04 14:03:46,906 - DVPTest - DEBUG - process_data: t=4.12, p=342.0, v=0.000, a=93.2, phase=INFLATING
2026-09-04 14:03:46,906 - DVPTest - DEBUG - 物理分类结果: STABLE
2026-09-04 14:03:46,907 - DVPTest - DEBUG - [UI] _on_plot_update 收到 42 个数据点
2026-09-04 14:03:46,909 - DVPTest - INFO - [串口] cuff=342 mmHg
2026-09-04 14:03:47,002 - DVPTest - DEBUG - 发出 sig_data: t=4.220, p=341.00
2026-09-04 14:03:47,002 - DVPTest - DEBUG - process_data: t=4.22, p=341.0, v=-10.453, a=-109.3, phase=INFLATING
2026-09-04 14:03:47,002 - DVPTest - DEBUG - 物理分类结果: DEFLATING
2026-09-04 14:03:47,003 - DVPTest - DEBUG - 有效泄气迹象，下降 5.0 mmHg，计数 1/3
2026-09-04 14:03:47,003 - DVPTest - DEBUG - [UI] _on_plot_update 收到 43 个数据点
2026-09-04 14:03:47,005 - DVPTest - INFO - [串口] cuff=341 mmHg
2026-09-04 14:03:47,098 - DVPTest - DEBUG - 发出 sig_data: t=4.316, p=340.00
2026-09-04 14:03:47,098 - DVPTest - DEBUG - process_data: t=4.32, p=340.0, v=-10.430, a=0.2, phase=INFLATING
2026-09-04 14:03:47,098 - DVPTest - DEBUG - 物理分类结果: DEFLATING
2026-09-04 14:03:47,099 - DVPTest - DEBUG - 有效泄气迹象，下降 6.0 mmHg，计数 2/3
2026-09-04 14:03:47,099 - DVPTest - DEBUG - [UI] _on_plot_update 收到 44 个数据点
2026-09-04 14:03:47,101 - DVPTest - INFO - [串口] cuff=340 mmHg
2026-09-04 14:03:47,209 - DVPTest - DEBUG - 发出 sig_data: t=4.427, p=340.00
2026-09-04 14:03:47,210 - DVPTest - DEBUG - process_data: t=4.43, p=340.0, v=0.000, a=93.5, phase=INFLATING
2026-09-04 14:03:47,211 - DVPTest - DEBUG - 物理分类结果: STABLE
2026-09-04 14:03:47,211 - DVPTest - DEBUG - [UI] _on_plot_update 收到 45 个数据点
2026-09-04 14:03:47,212 - DVPTest - INFO - [串口] cuff=340 mmHg
2026-09-04 14:03:47,306 - DVPTest - DEBUG - 发出 sig_data: t=4.524, p=339.00
2026-09-04 14:03:47,306 - DVPTest - DEBUG - process_data: t=4.52, p=339.0, v=-10.377, a=-107.7, phase=INFLATING
2026-09-04 14:03:47,307 - DVPTest - DEBUG - 物理分类结果: DEFLATING
2026-09-04 14:03:47,307 - DVPTest - DEBUG - 有效泄气迹象，下降 7.0 mmHg，计数 1/3
2026-09-04 14:03:47,307 - DVPTest - DEBUG - [UI] _on_plot_update 收到 46 个数据点
2026-09-04 14:03:47,309 - DVPTest - INFO - [串口] cuff=339 mmHg
2026-09-04 14:03:47,402 - DVPTest - DEBUG - 发出 sig_data: t=4.620, p=338.00
2026-09-04 14:03:47,402 - DVPTest - DEBUG - process_data: t=4.62, p=338.0, v=-10.387, a=-0.1, phase=INFLATING
2026-09-04 14:03:47,403 - DVPTest - DEBUG - 物理分类结果: DEFLATING
2026-09-04 14:03:47,404 - DVPTest - DEBUG - 有效泄气迹象，下降 8.0 mmHg，计数 2/3
2026-09-04 14:03:47,404 - DVPTest - DEBUG - [UI] _on_plot_update 收到 47 个数据点
2026-09-04 14:03:47,405 - DVPTest - INFO - [串口] cuff=338 mmHg
2026-09-04 14:03:47,497 - DVPTest - DEBUG - 发出 sig_data: t=4.715, p=337.00
2026-09-04 14:03:47,497 - DVPTest - DEBUG - process_data: t=4.71, p=337.0, v=-10.519, a=-1.4, phase=INFLATING
2026-09-04 14:03:47,497 - DVPTest - DEBUG - 物理分类结果: DEFLATING
2026-09-04 14:03:47,498 - DVPTest - DEBUG - 有效泄气迹象，下降 9.0 mmHg，计数 3/3
2026-09-04 14:03:47,499 - DVPTest - WARNING - INFLATING → DEFLATING（保底），泄气开始，当前压力 337.0 @ 4.71s
2026-09-04 14:03:47,499 - DVPTest - DEBUG - [UI] _on_plot_update 收到 48 个数据点
2026-09-04 14:03:47,500 - DVPTest - INFO - [串口] cuff=337 mmHg
2026-09-04 14:03:47,609 - DVPTest - DEBUG - 发出 sig_data: t=4.827, p=329.00
2026-09-04 14:03:47,610 - DVPTest - DEBUG - process_data: t=4.83, p=329.0, v=-71.625, a=-547.1, phase=DEFLATING
2026-09-04 14:03:47,610 - DVPTest - DEBUG - 物理分类结果: DEFLATING
2026-09-04 14:03:47,610 - DVPTest - DEBUG - [UI] _on_plot_update 收到 49 个数据点
2026-09-04 14:03:47,611 - DVPTest - INFO - [串口] cuff=329 mmHg
2026-09-04 14:03:47,705 - DVPTest - DEBUG - 发出 sig_data: t=4.923, p=293.00
2026-09-04 14:03:47,705 - DVPTest - DEBUG - process_data: t=4.92, p=293.0, v=-373.657, a=-3134.9, phase=DEFLATING
2026-09-04 14:03:47,707 - DVPTest - SUCCESS - ★ 泄气起始值 300.0 mmHg 真实穿越 @ 4.92s
2026-09-04 14:03:47,707 - DVPTest - DEBUG - 物理分类结果: DEFLATING
2026-09-04 14:03:47,708 - DVPTest - DEBUG - [UI] _on_plot_update 收到 50 个数据点
2026-09-04 14:03:47,710 - DVPTest - INFO - [串口] cuff=293 mmHg
2026-09-04 14:03:47,800 - DVPTest - DEBUG - 发出 sig_data: t=5.019, p=281.00
2026-09-04 14:03:47,803 - DVPTest - DEBUG - process_data: t=5.02, p=281.0, v=-125.310, a=2593.4, phase=DEFLATING
2026-09-04 14:03:47,804 - DVPTest - DEBUG - 物理分类结果: DEFLATING
2026-09-04 14:03:47,805 - DVPTest - DEBUG - [UI] _on_plot_update 收到 51 个数据点
2026-09-04 14:03:47,808 - DVPTest - INFO - [串口] cuff=281 mmHg
2026-09-04 14:03:47,897 - DVPTest - DEBUG - 发出 sig_data: t=5.115, p=277.00
2026-09-04 14:03:47,899 - DVPTest - DEBUG - process_data: t=5.11, p=277.0, v=-41.607, a=870.7, phase=DEFLATING
2026-09-04 14:03:47,899 - DVPTest - DEBUG - 物理分类结果: DEFLATING
2026-09-04 14:03:47,901 - DVPTest - DEBUG - [UI] _on_plot_update 收到 52 个数据点
2026-09-04 14:03:47,903 - DVPTest - INFO - [串口] cuff=277 mmHg
2026-09-04 14:03:48,008 - DVPTest - DEBUG - 发出 sig_data: t=5.227, p=275.00
2026-09-04 14:03:48,010 - DVPTest - DEBUG - process_data: t=5.23, p=275.0, v=-17.893, a=212.2, phase=DEFLATING
2026-09-04 14:03:48,013 - DVPTest - DEBUG - 物理分类结果: DEFLATING
2026-09-04 14:03:48,014 - DVPTest - DEBUG - [UI] _on_plot_update 收到 53 个数据点
2026-09-04 14:03:48,016 - DVPTest - INFO - [串口] cuff=275 mmHg
2026-09-04 14:03:48,104 - DVPTest - DEBUG - 发出 sig_data: t=5.322, p=274.00
2026-09-04 14:03:48,106 - DVPTest - DEBUG - process_data: t=5.32, p=274.0, v=-10.435, a=77.8, phase=DEFLATING
2026-09-04 14:03:48,106 - DVPTest - DEBUG - 物理分类结果: DEFLATING
2026-09-04 14:03:48,107 - DVPTest - DEBUG - [UI] _on_plot_update 收到 54 个数据点
2026-09-04 14:03:48,109 - DVPTest - INFO - [串口] cuff=274 mmHg
2026-09-04 14:03:48,200 - DVPTest - DEBUG - 发出 sig_data: t=5.418, p=273.00
2026-09-04 14:03:48,201 - DVPTest - DEBUG - process_data: t=5.42, p=273.0, v=-10.446, a=-0.1, phase=DEFLATING
2026-09-04 14:03:48,202 - DVPTest - DEBUG - 物理分类结果: DEFLATING
2026-09-04 14:03:48,202 - DVPTest - DEBUG - [UI] _on_plot_update 收到 55 个数据点
2026-09-04 14:03:48,203 - DVPTest - INFO - [串口] cuff=273 mmHg
2026-09-04 14:03:48,296 - DVPTest - DEBUG - 发出 sig_data: t=5.514, p=273.00
2026-09-04 14:03:48,298 - DVPTest - DEBUG - process_data: t=5.51, p=273.0, v=0.000, a=109.2, phase=DEFLATING
2026-09-04 14:03:48,299 - DVPTest - DEBUG - 物理分类结果: STABLE
2026-09-04 14:03:48,300 - DVPTest - DEBUG - [UI] _on_plot_update 收到 56 个数据点
2026-09-04 14:03:48,303 - DVPTest - INFO - [串口] cuff=273 mmHg
2026-09-04 14:03:48,408 - DVPTest - DEBUG - 发出 sig_data: t=5.626, p=273.00
2026-09-04 14:03:48,410 - DVPTest - DEBUG - process_data: t=5.63, p=273.0, v=0.000, a=0.0, phase=DEFLATING
2026-09-04 14:03:48,412 - DVPTest - DEBUG - 物理分类结果: STABLE
2026-09-04 14:03:48,412 - DVPTest - DEBUG - [UI] _on_plot_update 收到 57 个数据点
2026-09-04 14:03:48,415 - DVPTest - INFO - [串口] cuff=273 mmHg
2026-09-04 14:03:48,504 - DVPTest - DEBUG - 发出 sig_data: t=5.722, p=272.00
2026-09-04 14:03:48,504 - DVPTest - DEBUG - process_data: t=5.72, p=272.0, v=-10.434, a=-108.9, phase=DEFLATING
2026-09-04 14:03:48,505 - DVPTest - DEBUG - 物理分类结果: DEFLATING
2026-09-04 14:03:48,505 - DVPTest - DEBUG - [UI] _on_plot_update 收到 58 个数据点
2026-09-04 14:03:48,507 - DVPTest - INFO - [串口] cuff=272 mmHg
2026-09-04 14:03:48,599 - DVPTest - DEBUG - 发出 sig_data: t=5.817, p=272.00
2026-09-04 14:03:48,601 - DVPTest - DEBUG - process_data: t=5.82, p=272.0, v=0.000, a=108.8, phase=DEFLATING
2026-09-04 14:03:48,603 - DVPTest - DEBUG - 物理分类结果: STABLE
2026-09-04 14:03:48,603 - DVPTest - DEBUG - [UI] _on_plot_update 收到 59 个数据点
2026-09-04 14:03:48,606 - DVPTest - INFO - [串口] cuff=272 mmHg
2026-09-04 14:03:48,710 - DVPTest - DEBUG - 发出 sig_data: t=5.929, p=272.00
2026-09-04 14:03:48,714 - DVPTest - DEBUG - process_data: t=5.93, p=272.0, v=0.000, a=0.0, phase=DEFLATING
2026-09-04 14:03:48,715 - DVPTest - DEBUG - 物理分类结果: STABLE
2026-09-04 14:03:48,717 - DVPTest - DEBUG - [UI] _on_plot_update 收到 60 个数据点
2026-09-04 14:03:48,719 - DVPTest - INFO - [串口] cuff=272 mmHg
2026-09-04 14:03:48,808 - DVPTest - DEBUG - 发出 sig_data: t=6.026, p=271.00
2026-09-04 14:03:48,809 - DVPTest - DEBUG - process_data: t=6.03, p=271.0, v=-10.329, a=-106.7, phase=DEFLATING
2026-09-04 14:03:48,809 - DVPTest - DEBUG - 物理分类结果: DEFLATING
2026-09-04 14:03:48,810 - DVPTest - DEBUG - [UI] _on_plot_update 收到 61 个数据点
2026-09-04 14:03:48,812 - DVPTest - INFO - [串口] cuff=271 mmHg
2026-09-04 14:03:48,904 - DVPTest - DEBUG - 发出 sig_data: t=6.122, p=271.00
2026-09-04 14:03:48,906 - DVPTest - DEBUG - process_data: t=6.12, p=271.0, v=0.000, a=107.4, phase=DEFLATING
2026-09-04 14:03:48,907 - DVPTest - DEBUG - 物理分类结果: STABLE
2026-09-04 14:03:48,909 - DVPTest - DEBUG - [UI] _on_plot_update 收到 62 个数据点
2026-09-04 14:03:48,911 - DVPTest - INFO - [串口] cuff=271 mmHg
2026-09-04 14:03:48,999 - DVPTest - DEBUG - 发出 sig_data: t=6.217, p=271.00
2026-09-04 14:03:49,001 - DVPTest - DEBUG - process_data: t=6.22, p=271.0, v=0.000, a=0.0, phase=DEFLATING
2026-09-04 14:03:49,002 - DVPTest - DEBUG - 物理分类结果: STABLE
2026-09-04 14:03:49,002 - DVPTest - DEBUG - [UI] _on_plot_update 收到 63 个数据点
2026-09-04 14:03:49,004 - DVPTest - INFO - [串口] cuff=271 mmHg
2026-09-04 14:03:49,110 - DVPTest - DEBUG - 发出 sig_data: t=6.328, p=270.00
2026-09-04 14:03:49,111 - DVPTest - DEBUG - process_data: t=6.33, p=270.0, v=-8.973, a=-80.5, phase=DEFLATING
2026-09-04 14:03:49,112 - DVPTest - DEBUG - 物理分类结果: DEFLATING
2026-09-04 14:03:49,112 - DVPTest - DEBUG - [UI] _on_plot_update 收到 64 个数据点
2026-09-04 14:03:49,114 - DVPTest - INFO - [串口] cuff=270 mmHg
2026-09-04 14:03:49,206 - DVPTest - DEBUG - 发出 sig_data: t=6.425, p=270.00
2026-09-04 14:03:49,209 - DVPTest - DEBUG - process_data: t=6.42, p=270.0, v=0.000, a=93.1, phase=DEFLATING
2026-09-04 14:03:49,210 - DVPTest - DEBUG - 物理分类结果: STABLE
2026-09-04 14:03:49,212 - DVPTest - DEBUG - [UI] _on_plot_update 收到 65 个数据点
2026-09-04 14:03:49,214 - DVPTest - INFO - [串口] cuff=270 mmHg
2026-09-04 14:03:49,303 - DVPTest - DEBUG - 发出 sig_data: t=6.521, p=270.00
2026-09-04 14:03:49,303 - DVPTest - DEBUG - process_data: t=6.52, p=270.0, v=0.000, a=0.0, phase=DEFLATING
2026-09-04 14:03:49,303 - DVPTest - DEBUG - 物理分类结果: STABLE
2026-09-04 14:03:49,304 - DVPTest - DEBUG - [UI] _on_plot_update 收到 66 个数据点
2026-09-04 14:03:49,306 - DVPTest - INFO - [串口] cuff=270 mmHg
2026-09-04 14:03:49,398 - DVPTest - DEBUG - 发出 sig_data: t=6.616, p=269.00
2026-09-04 14:03:49,401 - DVPTest - DEBUG - process_data: t=6.62, p=269.0, v=-10.463, a=-109.5, phase=DEFLATING
2026-09-04 14:03:49,402 - DVPTest - DEBUG - 物理分类结果: DEFLATING
2026-09-04 14:03:49,402 - DVPTest - DEBUG - [UI] _on_plot_update 收到 67 个数据点
2026-09-04 14:03:49,405 - DVPTest - INFO - [串口] cuff=269 mmHg
2026-09-04 14:03:49,510 - DVPTest - DEBUG - 发出 sig_data: t=6.728, p=269.00
2026-09-04 14:03:49,514 - DVPTest - DEBUG - process_data: t=6.73, p=269.0, v=0.000, a=93.5, phase=DEFLATING
2026-09-04 14:03:49,515 - DVPTest - DEBUG - 物理分类结果: STABLE
2026-09-04 14:03:49,517 - DVPTest - DEBUG - [UI] _on_plot_update 收到 68 个数据点
2026-09-04 14:03:49,519 - DVPTest - INFO - [串口] cuff=269 mmHg
2026-09-04 14:03:49,607 - DVPTest - DEBUG - 发出 sig_data: t=6.825, p=269.00
2026-09-04 14:03:49,608 - DVPTest - DEBUG - process_data: t=6.82, p=269.0, v=0.000, a=0.0, phase=DEFLATING
2026-09-04 14:03:49,609 - DVPTest - DEBUG - 物理分类结果: STABLE
2026-09-04 14:03:49,609 - DVPTest - DEBUG - [UI] _on_plot_update 收到 69 个数据点
2026-09-04 14:03:49,610 - DVPTest - INFO - [串口] cuff=269 mmHg
2026-09-04 14:03:49,702 - DVPTest - DEBUG - 发出 sig_data: t=6.920, p=269.00
2026-09-04 14:03:49,705 - DVPTest - DEBUG - process_data: t=6.92, p=269.0, v=0.000, a=0.0, phase=DEFLATING
2026-09-04 14:03:49,706 - DVPTest - DEBUG - 物理分类结果: STABLE
2026-09-04 14:03:49,707 - DVPTest - DEBUG - [UI] _on_plot_update 收到 70 个数据点
2026-09-04 14:03:49,710 - DVPTest - INFO - [串口] cuff=269 mmHg
2026-09-04 14:03:49,797 - DVPTest - DEBUG - 发出 sig_data: t=7.015, p=269.00
2026-09-04 14:03:49,798 - DVPTest - DEBUG - process_data: t=7.02, p=269.0, v=0.000, a=0.0, phase=DEFLATING
2026-09-04 14:03:49,799 - DVPTest - DEBUG - 物理分类结果: STABLE
2026-09-04 14:03:49,800 - DVPTest - DEBUG - [UI] _on_plot_update 收到 71 个数据点
2026-09-04 14:03:49,802 - DVPTest - INFO - [串口] cuff=269 mmHg
2026-09-04 14:03:49,910 - DVPTest - DEBUG - 发出 sig_data: t=7.128, p=269.00
2026-09-04 14:03:49,911 - DVPTest - DEBUG - process_data: t=7.13, p=269.0, v=0.000, a=0.0, phase=DEFLATING
2026-09-04 14:03:49,912 - DVPTest - DEBUG - 物理分类结果: STABLE
2026-09-04 14:03:49,913 - DVPTest - DEBUG - [UI] _on_plot_update 收到 72 个数据点
2026-09-04 14:03:49,915 - DVPTest - INFO - [串口] cuff=269 mmHg
2026-09-04 14:03:50,005 - DVPTest - DEBUG - 发出 sig_data: t=7.223, p=269.00
2026-09-04 14:03:50,007 - DVPTest - DEBUG - process_data: t=7.22, p=269.0, v=0.000, a=0.0, phase=DEFLATING
2026-09-04 14:03:50,008 - DVPTest - DEBUG - 物理分类结果: STABLE
2026-09-04 14:03:50,009 - DVPTest - DEBUG - [UI] _on_plot_update 收到 73 个数据点
2026-09-04 14:03:50,010 - DVPTest - INFO - [串口] cuff=269 mmHg
2026-09-04 14:03:50,102 - DVPTest - DEBUG - 发出 sig_data: t=7.320, p=270.00
2026-09-04 14:03:50,103 - DVPTest - DEBUG - process_data: t=7.32, p=270.0, v=10.375, a=107.6, phase=DEFLATING
2026-09-04 14:03:50,104 - DVPTest - DEBUG - 物理分类结果: INFLATING
2026-09-04 14:03:50,104 - DVPTest - DEBUG - [UI] _on_plot_update 收到 74 个数据点
2026-09-04 14:03:50,105 - DVPTest - INFO - [串口] cuff=270 mmHg
2026-09-04 14:03:50,197 - DVPTest - DEBUG - 发出 sig_data: t=7.415, p=269.00
2026-09-04 14:03:50,200 - DVPTest - DEBUG - process_data: t=7.42, p=269.0, v=-10.434, a=-217.1, phase=DEFLATING
2026-09-04 14:03:50,201 - DVPTest - DEBUG - 物理分类结果: DEFLATING
2026-09-04 14:03:50,202 - DVPTest - DEBUG - [UI] _on_plot_update 收到 75 个数据点
2026-09-04 14:03:50,205 - DVPTest - INFO - [串口] cuff=269 mmHg
2026-09-04 14:03:50,309 - DVPTest - DEBUG - 发出 sig_data: t=7.528, p=269.00
2026-09-04 14:03:50,313 - DVPTest - DEBUG - process_data: t=7.53, p=269.0, v=0.000, a=93.0, phase=DEFLATING
2026-09-04 14:03:50,314 - DVPTest - DEBUG - 物理分类结果: STABLE
2026-09-04 14:03:50,316 - DVPTest - DEBUG - [UI] _on_plot_update 收到 76 个数据点
2026-09-04 14:03:50,319 - DVPTest - INFO - [串口] cuff=269 mmHg
2026-09-04 14:03:50,405 - DVPTest - DEBUG - 发出 sig_data: t=7.623, p=269.00
2026-09-04 14:03:50,407 - DVPTest - DEBUG - process_data: t=7.62, p=269.0, v=0.000, a=0.0, phase=DEFLATING
2026-09-04 14:03:50,407 - DVPTest - DEBUG - 物理分类结果: STABLE
2026-09-04 14:03:50,408 - DVPTest - DEBUG - [UI] _on_plot_update 收到 77 个数据点
2026-09-04 14:03:50,410 - DVPTest - INFO - [串口] cuff=269 mmHg
2026-09-04 14:03:50,501 - DVPTest - DEBUG - 发出 sig_data: t=7.719, p=268.00
2026-09-04 14:03:50,501 - DVPTest - DEBUG - process_data: t=7.72, p=268.0, v=-10.465, a=-109.5, phase=DEFLATING
2026-09-04 14:03:50,502 - DVPTest - DEBUG - 物理分类结果: DEFLATING
2026-09-04 14:03:50,502 - DVPTest - DEBUG - [UI] _on_plot_update 收到 78 个数据点
2026-09-04 14:03:50,504 - DVPTest - INFO - [串口] cuff=268 mmHg
2026-09-04 14:03:50,597 - DVPTest - DEBUG - 发出 sig_data: t=7.815, p=268.00
2026-09-04 14:03:50,597 - DVPTest - DEBUG - process_data: t=7.81, p=268.0, v=0.000, a=108.8, phase=DEFLATING
2026-09-04 14:03:50,597 - DVPTest - DEBUG - 物理分类结果: STABLE
2026-09-04 14:03:50,598 - DVPTest - DEBUG - [UI] _on_plot_update 收到 79 个数据点
2026-09-04 14:03:50,600 - DVPTest - INFO - [串口] cuff=268 mmHg
2026-09-04 14:03:50,708 - DVPTest - DEBUG - 发出 sig_data: t=7.926, p=267.00
2026-09-04 14:03:50,709 - DVPTest - DEBUG - process_data: t=7.93, p=267.0, v=-8.958, a=-80.2, phase=DEFLATING
2026-09-04 14:03:50,710 - DVPTest - DEBUG - 物理分类结果: DEFLATING
2026-09-04 14:03:50,711 - DVPTest - DEBUG - [UI] _on_plot_update 收到 80 个数据点
2026-09-04 14:03:50,714 - DVPTest - INFO - [串口] cuff=267 mmHg
2026-09-04 14:03:50,805 - DVPTest - DEBUG - 发出 sig_data: t=8.023, p=267.00
2026-09-04 14:03:50,809 - DVPTest - DEBUG - process_data: t=8.02, p=267.0, v=0.000, a=92.7, phase=DEFLATING
2026-09-04 14:03:50,810 - DVPTest - DEBUG - 物理分类结果: STABLE
2026-09-04 14:03:50,811 - DVPTest - DEBUG - [UI] _on_plot_update 收到 81 个数据点
2026-09-04 14:03:50,815 - DVPTest - INFO - [串口] cuff=267 mmHg
2026-09-04 14:03:50,900 - DVPTest - DEBUG - 发出 sig_data: t=8.118, p=267.00
2026-09-04 14:03:50,902 - DVPTest - DEBUG - process_data: t=8.12, p=267.0, v=0.000, a=0.0, phase=DEFLATING
2026-09-04 14:03:50,903 - DVPTest - DEBUG - 物理分类结果: STABLE
2026-09-04 14:03:50,903 - DVPTest - DEBUG - [UI] _on_plot_update 收到 82 个数据点
2026-09-04 14:03:50,906 - DVPTest - INFO - [串口] cuff=267 mmHg
2026-09-04 14:03:50,996 - DVPTest - DEBUG - 发出 sig_data: t=8.214, p=267.00
2026-09-04 14:03:50,999 - DVPTest - DEBUG - process_data: t=8.21, p=267.0, v=0.000, a=0.0, phase=DEFLATING
2026-09-04 14:03:51,000 - DVPTest - DEBUG - 物理分类结果: STABLE
2026-09-04 14:03:51,000 - DVPTest - DEBUG - [UI] _on_plot_update 收到 83 个数据点
2026-09-04 14:03:51,003 - DVPTest - INFO - [串口] cuff=267 mmHg
2026-09-04 14:03:51,108 - DVPTest - DEBUG - 发出 sig_data: t=8.326, p=267.00
2026-09-04 14:03:51,109 - DVPTest - DEBUG - process_data: t=8.33, p=267.0, v=0.000, a=0.0, phase=DEFLATING
2026-09-04 14:03:51,110 - DVPTest - DEBUG - 物理分类结果: STABLE
2026-09-04 14:03:51,110 - DVPTest - DEBUG - [UI] _on_plot_update 收到 84 个数据点
2026-09-04 14:03:51,111 - DVPTest - INFO - [串口] cuff=267 mmHg
2026-09-04 14:03:51,203 - DVPTest - DEBUG - 发出 sig_data: t=8.421, p=266.00
2026-09-04 14:03:51,204 - DVPTest - DEBUG - process_data: t=8.42, p=266.0, v=-10.495, a=-110.2, phase=DEFLATING
2026-09-04 14:03:51,205 - DVPTest - DEBUG - 物理分类结果: DEFLATING
2026-09-04 14:03:51,205 - DVPTest - DEBUG - [UI] _on_plot_update 收到 85 个数据点
2026-09-04 14:03:51,207 - DVPTest - INFO - [串口] cuff=266 mmHg
2026-09-04 14:03:51,300 - DVPTest - DEBUG - 发出 sig_data: t=8.518, p=266.00
2026-09-04 14:03:51,302 - DVPTest - DEBUG - process_data: t=8.52, p=266.0, v=0.000, a=108.3, phase=DEFLATING
2026-09-04 14:03:51,303 - DVPTest - DEBUG - 物理分类结果: STABLE
2026-09-04 14:03:51,305 - DVPTest - DEBUG - [UI] _on_plot_update 收到 86 个数据点
2026-09-04 14:03:51,308 - DVPTest - INFO - [串口] cuff=266 mmHg
2026-09-04 14:03:51,411 - DVPTest - DEBUG - 发出 sig_data: t=8.629, p=266.00
2026-09-04 14:03:51,414 - DVPTest - DEBUG - process_data: t=8.63, p=266.0, v=0.000, a=0.0, phase=DEFLATING
2026-09-04 14:03:51,415 - DVPTest - DEBUG - 物理分类结果: STABLE
2026-09-04 14:03:51,416 - DVPTest - DEBUG - [UI] _on_plot_update 收到 87 个数据点
2026-09-04 14:03:51,420 - DVPTest - INFO - [串口] cuff=266 mmHg
2026-09-04 14:03:51,508 - DVPTest - DEBUG - 发出 sig_data: t=8.726, p=265.00
2026-09-04 14:03:51,508 - DVPTest - DEBUG - process_data: t=8.73, p=265.0, v=-10.344, a=-107.0, phase=DEFLATING
2026-09-04 14:03:51,509 - DVPTest - DEBUG - 物理分类结果: DEFLATING
2026-09-04 14:03:51,510 - DVPTest - DEBUG - [UI] _on_plot_update 收到 88 个数据点
2026-09-04 14:03:51,511 - DVPTest - INFO - [串口] cuff=265 mmHg
2026-09-04 14:03:51,603 - DVPTest - DEBUG - 发出 sig_data: t=8.821, p=265.00
2026-09-04 14:03:51,607 - DVPTest - DEBUG - process_data: t=8.82, p=265.0, v=0.000, a=108.0, phase=DEFLATING
2026-09-04 14:03:51,608 - DVPTest - DEBUG - 物理分类结果: STABLE
2026-09-04 14:03:51,609 - DVPTest - DEBUG - [UI] _on_plot_update 收到 89 个数据点
2026-09-04 14:03:51,611 - DVPTest - INFO - [串口] cuff=265 mmHg
2026-09-04 14:03:51,699 - DVPTest - DEBUG - 发出 sig_data: t=8.917, p=266.00
2026-09-04 14:03:51,702 - DVPTest - DEBUG - process_data: t=8.92, p=266.0, v=10.467, a=109.6, phase=DEFLATING
2026-09-04 14:03:51,703 - DVPTest - DEBUG - 物理分类结果: INFLATING
2026-09-04 14:03:51,705 - DVPTest - DEBUG - [UI] _on_plot_update 收到 90 个数据点
2026-09-04 14:03:51,708 - DVPTest - INFO - [串口] cuff=266 mmHg
2026-09-04 14:03:51,810 - DVPTest - DEBUG - 发出 sig_data: t=9.028, p=265.00
2026-09-04 14:03:51,812 - DVPTest - DEBUG - process_data: t=9.03, p=265.0, v=-8.981, a=-174.7, phase=DEFLATING
2026-09-04 14:03:51,812 - DVPTest - DEBUG - 物理分类结果: DEFLATING
2026-09-04 14:03:51,813 - DVPTest - DEBUG - [UI] _on_plot_update 收到 91 个数据点
2026-09-04 14:03:51,815 - DVPTest - INFO - [串口] cuff=265 mmHg
2026-09-04 14:03:51,907 - DVPTest - DEBUG - 发出 sig_data: t=9.125, p=263.00
2026-09-04 14:03:51,909 - DVPTest - DEBUG - process_data: t=9.12, p=263.0, v=-20.704, a=-121.4, phase=DEFLATING
2026-09-04 14:03:51,909 - DVPTest - DEBUG - 物理分类结果: DEFLATING
2026-09-04 14:03:51,910 - DVPTest - DEBUG - [UI] _on_plot_update 收到 92 个数据点
2026-09-04 14:03:51,913 - DVPTest - INFO - [串口] cuff=263 mmHg
2026-09-04 14:03:52,003 - DVPTest - DEBUG - 发出 sig_data: t=9.221, p=262.00
2026-09-04 14:03:52,005 - DVPTest - DEBUG - process_data: t=9.22, p=262.0, v=-10.402, a=107.2, phase=DEFLATING
2026-09-04 14:03:52,005 - DVPTest - DEBUG - 物理分类结果: DEFLATING
2026-09-04 14:03:52,006 - DVPTest - DEBUG - [UI] _on_plot_update 收到 93 个数据点
2026-09-04 14:03:52,008 - DVPTest - INFO - [串口] cuff=262 mmHg
2026-09-04 14:03:52,098 - DVPTest - DEBUG - 发出 sig_data: t=9.316, p=262.00
2026-09-04 14:03:52,100 - DVPTest - DEBUG - process_data: t=9.32, p=262.0, v=0.000, a=109.1, phase=DEFLATING
2026-09-04 14:03:52,101 - DVPTest - DEBUG - 物理分类结果: STABLE
2026-09-04 14:03:52,102 - DVPTest - DEBUG - [UI] _on_plot_update 收到 94 个数据点
2026-09-04 14:03:52,109 - DVPTest - INFO - [串口] cuff=262 mmHg
2026-09-04 14:03:52,211 - DVPTest - DEBUG - 发出 sig_data: t=9.429, p=261.00
2026-09-04 14:03:52,214 - DVPTest - DEBUG - process_data: t=9.43, p=261.0, v=-8.904, a=-79.3, phase=DEFLATING
2026-09-04 14:03:52,215 - DVPTest - DEBUG - 物理分类结果: DEFLATING
2026-09-04 14:03:52,216 - DVPTest - DEBUG - [UI] _on_plot_update 收到 95 个数据点
2026-09-04 14:03:52,218 - DVPTest - INFO - [串口] cuff=261 mmHg
2026-09-04 14:03:52,307 - DVPTest - DEBUG - 发出 sig_data: t=9.525, p=261.00
2026-09-04 14:03:52,309 - DVPTest - DEBUG - process_data: t=9.52, p=261.0, v=0.000, a=92.9, phase=DEFLATING
2026-09-04 14:03:52,309 - DVPTest - DEBUG - 物理分类结果: STABLE
2026-09-04 14:03:52,309 - DVPTest - DEBUG - [UI] _on_plot_update 收到 96 个数据点
2026-09-04 14:03:52,311 - DVPTest - INFO - [串口] cuff=261 mmHg
2026-09-04 14:03:52,403 - DVPTest - DEBUG - 发出 sig_data: t=9.621, p=261.00
2026-09-04 14:03:52,405 - DVPTest - DEBUG - process_data: t=9.62, p=261.0, v=0.000, a=0.0, phase=DEFLATING
2026-09-04 14:03:52,405 - DVPTest - DEBUG - 物理分类结果: STABLE
2026-09-04 14:03:52,406 - DVPTest - DEBUG - [UI] _on_plot_update 收到 97 个数据点
2026-09-04 14:03:52,408 - DVPTest - INFO - [串口] cuff=261 mmHg
2026-09-04 14:03:52,498 - DVPTest - DEBUG - 发出 sig_data: t=9.716, p=261.00
2026-09-04 14:03:52,499 - DVPTest - DEBUG - process_data: t=9.72, p=261.0, v=0.000, a=0.0, phase=DEFLATING
2026-09-04 14:03:52,500 - DVPTest - DEBUG - 物理分类结果: STABLE
2026-09-04 14:03:52,500 - DVPTest - DEBUG - [UI] _on_plot_update 收到 98 个数据点
2026-09-04 14:03:52,502 - DVPTest - INFO - [串口] cuff=261 mmHg
2026-09-04 14:03:52,609 - DVPTest - DEBUG - 发出 sig_data: t=9.827, p=260.00
2026-09-04 14:03:52,610 - DVPTest - DEBUG - process_data: t=9.83, p=260.0, v=-9.002, a=-81.0, phase=DEFLATING
2026-09-04 14:03:52,610 - DVPTest - DEBUG - 物理分类结果: DEFLATING
2026-09-04 14:03:52,610 - DVPTest - DEBUG - [UI] _on_plot_update 收到 99 个数据点
2026-09-04 14:03:52,612 - DVPTest - INFO - [串口] cuff=260 mmHg
2026-09-04 14:03:52,705 - DVPTest - DEBUG - 发出 sig_data: t=9.923, p=260.00
2026-09-04 14:03:52,706 - DVPTest - DEBUG - process_data: t=9.92, p=260.0, v=0.000, a=93.5, phase=DEFLATING
2026-09-04 14:03:52,707 - DVPTest - DEBUG - 物理分类结果: STABLE
2026-09-04 14:03:52,708 - DVPTest - DEBUG - [UI] _on_plot_update 收到 100 个数据点
2026-09-04 14:03:52,711 - DVPTest - INFO - [串口] cuff=260 mmHg
2026-09-04 14:03:52,802 - DVPTest - DEBUG - 发出 sig_data: t=10.020, p=260.00
2026-09-04 14:03:52,802 - DVPTest - DEBUG - process_data: t=10.02, p=260.0, v=0.000, a=0.0, phase=DEFLATING
2026-09-04 14:03:52,803 - DVPTest - DEBUG - 物理分类结果: STABLE
2026-09-04 14:03:52,803 - DVPTest - DEBUG - [UI] _on_plot_update 收到 101 个数据点
2026-09-04 14:03:52,805 - DVPTest - INFO - [串口] cuff=260 mmHg
2026-09-04 14:03:52,897 - DVPTest - DEBUG - 发出 sig_data: t=10.115, p=260.00
2026-09-04 14:03:52,899 - DVPTest - DEBUG - process_data: t=10.12, p=260.0, v=0.000, a=0.0, phase=DEFLATING
2026-09-04 14:03:52,899 - DVPTest - DEBUG - 物理分类结果: STABLE
2026-09-04 14:03:52,900 - DVPTest - DEBUG - [UI] _on_plot_update 收到 102 个数据点
2026-09-04 14:03:52,902 - DVPTest - INFO - [串口] cuff=260 mmHg
2026-09-04 14:03:53,009 - DVPTest - DEBUG - 发出 sig_data: t=10.227, p=259.00
2026-09-04 14:03:53,010 - DVPTest - DEBUG - process_data: t=10.23, p=259.0, v=-8.933, a=-79.8, phase=DEFLATING
2026-09-04 14:03:53,010 - DVPTest - DEBUG - 物理分类结果: DEFLATING
2026-09-04 14:03:53,010 - DVPTest - DEBUG - [UI] _on_plot_update 收到 103 个数据点
2026-09-04 14:03:53,012 - DVPTest - INFO - [串口] cuff=259 mmHg
2026-09-04 14:03:53,105 - DVPTest - DEBUG - 发出 sig_data: t=10.323, p=259.00
2026-09-04 14:03:53,106 - DVPTest - DEBUG - process_data: t=10.32, p=259.0, v=0.000, a=93.0, phase=DEFLATING
2026-09-04 14:03:53,107 - DVPTest - DEBUG - 物理分类结果: STABLE
2026-09-04 14:03:53,107 - DVPTest - DEBUG - [UI] _on_plot_update 收到 104 个数据点
2026-09-04 14:03:53,108 - DVPTest - INFO - [串口] cuff=259 mmHg
2026-09-04 14:03:53,200 - DVPTest - DEBUG - 发出 sig_data: t=10.418, p=259.00
2026-09-04 14:03:53,201 - DVPTest - DEBUG - process_data: t=10.42, p=259.0, v=0.000, a=0.0, phase=DEFLATING
2026-09-04 14:03:53,201 - DVPTest - DEBUG - 物理分类结果: STABLE
2026-09-04 14:03:53,201 - DVPTest - DEBUG - [UI] _on_plot_update 收到 105 个数据点
2026-09-04 14:03:53,203 - DVPTest - INFO - [串口] cuff=259 mmHg
2026-09-04 14:03:53,298 - DVPTest - DEBUG - 发出 sig_data: t=10.516, p=259.00
2026-09-04 14:03:53,300 - DVPTest - DEBUG - process_data: t=10.52, p=259.0, v=0.000, a=0.0, phase=DEFLATING
2026-09-04 14:03:53,300 - DVPTest - DEBUG - 物理分类结果: STABLE
2026-09-04 14:03:53,301 - DVPTest - DEBUG - [UI] _on_plot_update 收到 106 个数据点
2026-09-04 14:03:53,304 - DVPTest - INFO - [串口] cuff=259 mmHg
2026-09-04 14:03:53,409 - DVPTest - DEBUG - 发出 sig_data: t=10.626, p=258.00
2026-09-04 14:03:53,409 - DVPTest - DEBUG - process_data: t=10.63, p=258.0, v=-9.061, a=-82.1, phase=DEFLATING
2026-09-04 14:03:53,409 - DVPTest - DEBUG - 物理分类结果: DEFLATING
2026-09-04 14:03:53,409 - DVPTest - DEBUG - [UI] _on_plot_update 收到 107 个数据点
2026-09-04 14:03:53,412 - DVPTest - INFO - [串口] cuff=258 mmHg
2026-09-04 14:03:53,504 - DVPTest - DEBUG - 发出 sig_data: t=10.722, p=258.00
2026-09-04 14:03:53,507 - DVPTest - DEBUG - process_data: t=10.72, p=258.0, v=0.000, a=94.4, phase=DEFLATING
2026-09-04 14:03:53,508 - DVPTest - DEBUG - 物理分类结果: STABLE
2026-09-04 14:03:53,510 - DVPTest - DEBUG - [UI] _on_plot_update 收到 108 个数据点
2026-09-04 14:03:53,514 - DVPTest - INFO - [串口] cuff=258 mmHg
2026-09-04 14:03:53,600 - DVPTest - DEBUG - 发出 sig_data: t=10.818, p=258.00
2026-09-04 14:03:53,603 - DVPTest - DEBUG - process_data: t=10.82, p=258.0, v=0.000, a=0.0, phase=DEFLATING
2026-09-04 14:03:53,604 - DVPTest - DEBUG - 物理分类结果: STABLE
2026-09-04 14:03:53,605 - DVPTest - DEBUG - [UI] _on_plot_update 收到 109 个数据点
2026-09-04 14:03:53,611 - DVPTest - INFO - [串口] cuff=258 mmHg
2026-09-04 14:03:53,712 - DVPTest - DEBUG - 发出 sig_data: t=10.929, p=258.00
2026-09-04 14:03:53,715 - DVPTest - DEBUG - process_data: t=10.93, p=258.0, v=0.000, a=0.0, phase=DEFLATING
2026-09-04 14:03:53,716 - DVPTest - DEBUG - 物理分类结果: STABLE
2026-09-04 14:03:53,716 - DVPTest - DEBUG - [UI] _on_plot_update 收到 110 个数据点
2026-09-04 14:03:53,719 - DVPTest - INFO - [串口] cuff=258 mmHg
2026-09-04 14:03:53,808 - DVPTest - DEBUG - 发出 sig_data: t=11.027, p=259.00
2026-09-04 14:03:53,812 - DVPTest - DEBUG - process_data: t=11.03, p=259.0, v=10.302, a=106.1, phase=DEFLATING
2026-09-04 14:03:53,813 - DVPTest - DEBUG - 物理分类结果: INFLATING
2026-09-04 14:03:53,815 - DVPTest - DEBUG - [UI] _on_plot_update 收到 111 个数据点
2026-09-04 14:03:53,818 - DVPTest - INFO - [串口] cuff=259 mmHg
2026-09-04 14:03:53,904 - DVPTest - DEBUG - 发出 sig_data: t=11.122, p=259.00
2026-09-04 14:03:53,905 - DVPTest - DEBUG - process_data: t=11.12, p=259.0, v=0.000, a=-108.0, phase=DEFLATING
2026-09-04 14:03:53,906 - DVPTest - DEBUG - 物理分类结果: STABLE
2026-09-04 14:03:53,906 - DVPTest - DEBUG - [UI] _on_plot_update 收到 112 个数据点
2026-09-04 14:03:53,907 - DVPTest - INFO - [串口] cuff=259 mmHg
2026-09-04 14:03:54,000 - DVPTest - DEBUG - 发出 sig_data: t=11.218, p=259.00
2026-09-04 14:03:54,002 - DVPTest - DEBUG - process_data: t=11.22, p=259.0, v=0.000, a=0.0, phase=DEFLATING
2026-09-04 14:03:54,003 - DVPTest - DEBUG - 物理分类结果: STABLE
2026-09-04 14:03:54,005 - DVPTest - DEBUG - [UI] _on_plot_update 收到 113 个数据点
2026-09-04 14:03:54,008 - DVPTest - INFO - [串口] cuff=259 mmHg
2026-09-04 14:03:54,111 - DVPTest - DEBUG - 发出 sig_data: t=11.329, p=259.00
2026-09-04 14:03:54,113 - DVPTest - DEBUG - process_data: t=11.33, p=259.0, v=0.000, a=0.0, phase=DEFLATING
2026-09-04 14:03:54,114 - DVPTest - DEBUG - 物理分类结果: STABLE
2026-09-04 14:03:54,116 - DVPTest - DEBUG - [UI] _on_plot_update 收到 114 个数据点
2026-09-04 14:03:54,118 - DVPTest - INFO - [串口] cuff=259 mmHg
2026-09-04 14:03:54,208 - DVPTest - DEBUG - 发出 sig_data: t=11.426, p=258.00
2026-09-04 14:03:54,208 - DVPTest - DEBUG - process_data: t=11.43, p=258.0, v=-10.344, a=-107.0, phase=DEFLATING
2026-09-04 14:03:54,209 - DVPTest - DEBUG - 物理分类结果: DEFLATING
2026-09-04 14:03:54,210 - DVPTest - DEBUG - [UI] _on_plot_update 收到 115 个数据点
2026-09-04 14:03:54,211 - DVPTest - INFO - [串口] cuff=258 mmHg
2026-09-04 14:03:54,304 - DVPTest - DEBUG - 发出 sig_data: t=11.522, p=258.00
2026-09-04 14:03:54,306 - DVPTest - DEBUG - process_data: t=11.52, p=258.0, v=0.000, a=107.7, phase=DEFLATING
2026-09-04 14:03:54,306 - DVPTest - DEBUG - 物理分类结果: STABLE
2026-09-04 14:03:54,307 - DVPTest - DEBUG - [UI] _on_plot_update 收到 116 个数据点
2026-09-04 14:03:54,310 - DVPTest - INFO - [串口] cuff=258 mmHg
2026-09-04 14:03:54,400 - DVPTest - DEBUG - 发出 sig_data: t=11.618, p=257.00
2026-09-04 14:03:54,403 - DVPTest - DEBUG - process_data: t=11.62, p=257.0, v=-10.428, a=-108.7, phase=DEFLATING
2026-09-04 14:03:54,404 - DVPTest - DEBUG - 物理分类结果: DEFLATING
2026-09-04 14:03:54,406 - DVPTest - DEBUG - [UI] _on_plot_update 收到 117 个数据点
2026-09-04 14:03:54,408 - DVPTest - INFO - [串口] cuff=257 mmHg
2026-09-04 14:03:54,511 - DVPTest - DEBUG - 发出 sig_data: t=11.728, p=258.00
2026-09-04 14:03:54,511 - DVPTest - DEBUG - process_data: t=11.73, p=258.0, v=9.030, a=175.7, phase=DEFLATING
2026-09-04 14:03:54,512 - DVPTest - DEBUG - 物理分类结果: INFLATING
2026-09-04 14:03:54,512 - DVPTest - DEBUG - [UI] _on_plot_update 收到 118 个数据点
2026-09-04 14:03:54,514 - DVPTest - INFO - [串口] cuff=258 mmHg
2026-09-04 14:03:54,607 - DVPTest - DEBUG - 发出 sig_data: t=11.825, p=257.00
2026-09-04 14:03:54,609 - DVPTest - DEBUG - process_data: t=11.82, p=257.0, v=-10.357, a=-200.8, phase=DEFLATING
2026-09-04 14:03:54,610 - DVPTest - DEBUG - 物理分类结果: DEFLATING
2026-09-04 14:03:54,610 - DVPTest - DEBUG - [UI] _on_plot_update 收到 119 个数据点
2026-09-04 14:03:54,614 - DVPTest - INFO - [串口] cuff=257 mmHg
2026-09-04 14:03:54,703 - DVPTest - DEBUG - 发出 sig_data: t=11.921, p=257.00
2026-09-04 14:03:54,704 - DVPTest - DEBUG - process_data: t=11.92, p=257.0, v=0.000, a=108.0, phase=DEFLATING
2026-09-04 14:03:54,704 - DVPTest - DEBUG - 物理分类结果: STABLE
2026-09-04 14:03:54,706 - DVPTest - DEBUG - [UI] _on_plot_update 收到 120 个数据点
2026-09-04 14:03:54,707 - DVPTest - INFO - [串口] cuff=257 mmHg
2026-09-04 14:03:54,798 - DVPTest - DEBUG - 发出 sig_data: t=12.016, p=256.00
2026-09-04 14:03:54,800 - DVPTest - DEBUG - process_data: t=12.02, p=256.0, v=-10.493, a=-110.1, phase=DEFLATING
2026-09-04 14:03:54,801 - DVPTest - DEBUG - 物理分类结果: DEFLATING
2026-09-04 14:03:54,801 - DVPTest - DEBUG - [UI] _on_plot_update 收到 121 个数据点
2026-09-04 14:03:54,804 - DVPTest - INFO - [串口] cuff=256 mmHg
2026-09-04 14:03:54,910 - DVPTest - DEBUG - 发出 sig_data: t=12.128, p=256.00
2026-09-04 14:03:54,912 - DVPTest - DEBUG - process_data: t=12.13, p=256.0, v=0.000, a=93.8, phase=DEFLATING
2026-09-04 14:03:54,913 - DVPTest - DEBUG - 物理分类结果: STABLE
2026-09-04 14:03:54,914 - DVPTest - DEBUG - [UI] _on_plot_update 收到 122 个数据点
2026-09-04 14:03:54,917 - DVPTest - INFO - [串口] cuff=256 mmHg
2026-09-04 14:03:55,007 - DVPTest - DEBUG - 发出 sig_data: t=12.225, p=256.00
2026-09-04 14:03:55,008 - DVPTest - DEBUG - process_data: t=12.22, p=256.0, v=0.000, a=0.0, phase=DEFLATING
2026-09-04 14:03:55,008 - DVPTest - DEBUG - 物理分类结果: STABLE
2026-09-04 14:03:55,009 - DVPTest - DEBUG - [UI] _on_plot_update 收到 123 个数据点
2026-09-04 14:03:55,011 - DVPTest - INFO - [串口] cuff=256 mmHg
2026-09-04 14:03:55,102 - DVPTest - DEBUG - 发出 sig_data: t=12.320, p=256.00
2026-09-04 14:03:55,104 - DVPTest - DEBUG - process_data: t=12.32, p=256.0, v=0.000, a=0.0, phase=DEFLATING
2026-09-04 14:03:55,104 - DVPTest - DEBUG - 物理分类结果: STABLE
2026-09-04 14:03:55,105 - DVPTest - DEBUG - [UI] _on_plot_update 收到 124 个数据点
2026-09-04 14:03:55,106 - DVPTest - INFO - [串口] cuff=256 mmHg
2026-09-04 14:03:55,198 - DVPTest - DEBUG - 发出 sig_data: t=12.416, p=256.00
2026-09-04 14:03:55,201 - DVPTest - DEBUG - process_data: t=12.42, p=256.0, v=0.000, a=0.0, phase=DEFLATING
2026-09-04 14:03:55,202 - DVPTest - DEBUG - 物理分类结果: STABLE
2026-09-04 14:03:55,203 - DVPTest - DEBUG - [UI] _on_plot_update 收到 125 个数据点
2026-09-04 14:03:55,206 - DVPTest - INFO - [串口] cuff=256 mmHg
2026-09-04 14:03:55,310 - DVPTest - DEBUG - 发出 sig_data: t=12.528, p=255.00
2026-09-04 14:03:55,310 - DVPTest - DEBUG - process_data: t=12.53, p=255.0, v=-8.926, a=-79.7, phase=DEFLATING
2026-09-04 14:03:55,311 - DVPTest - DEBUG - 物理分类结果: DEFLATING
2026-09-04 14:03:55,312 - DVPTest - DEBUG - [UI] _on_plot_update 收到 126 个数据点
2026-09-04 14:03:55,313 - DVPTest - INFO - [串口] cuff=255 mmHg
2026-09-04 14:03:55,405 - DVPTest - DEBUG - 发出 sig_data: t=12.623, p=255.00
2026-09-04 14:03:55,407 - DVPTest - DEBUG - process_data: t=12.62, p=255.0, v=0.000, a=93.5, phase=DEFLATING
2026-09-04 14:03:55,407 - DVPTest - DEBUG - 物理分类结果: STABLE
2026-09-04 14:03:55,408 - DVPTest - DEBUG - [UI] _on_plot_update 收到 127 个数据点
2026-09-04 14:03:55,411 - DVPTest - INFO - [串口] cuff=255 mmHg
2026-09-04 14:03:55,502 - DVPTest - DEBUG - 发出 sig_data: t=12.720, p=255.00
2026-09-04 14:03:55,505 - DVPTest - DEBUG - process_data: t=12.72, p=255.0, v=0.000, a=0.0, phase=DEFLATING
2026-09-04 14:03:55,506 - DVPTest - DEBUG - 物理分类结果: STABLE
2026-09-04 14:03:55,507 - DVPTest - DEBUG - [UI] _on_plot_update 收到 128 个数据点
2026-09-04 14:03:55,512 - DVPTest - INFO - [串口] cuff=255 mmHg
2026-09-04 14:03:55,598 - DVPTest - DEBUG - 发出 sig_data: t=12.815, p=255.00
2026-09-04 14:03:55,598 - DVPTest - DEBUG - process_data: t=12.82, p=255.0, v=0.000, a=0.0, phase=DEFLATING
2026-09-04 14:03:55,598 - DVPTest - DEBUG - 物理分类结果: STABLE
2026-09-04 14:03:55,599 - DVPTest - DEBUG - [UI] _on_plot_update 收到 129 个数据点
2026-09-04 14:03:55,601 - DVPTest - INFO - [串口] cuff=255 mmHg
2026-09-04 14:03:55,709 - DVPTest - DEBUG - 发出 sig_data: t=12.927, p=254.00
2026-09-04 14:03:55,710 - DVPTest - DEBUG - process_data: t=12.93, p=254.0, v=-8.936, a=-79.8, phase=DEFLATING
2026-09-04 14:03:55,711 - DVPTest - DEBUG - 物理分类结果: DEFLATING
2026-09-04 14:03:55,712 - DVPTest - DEBUG - [UI] _on_plot_update 收到 130 个数据点
2026-09-04 14:03:55,715 - DVPTest - INFO - [串口] cuff=254 mmHg
2026-09-04 14:03:55,805 - DVPTest - DEBUG - 发出 sig_data: t=13.023, p=254.00
2026-09-04 14:03:55,807 - DVPTest - DEBUG - process_data: t=13.02, p=254.0, v=0.000, a=93.0, phase=DEFLATING
2026-09-04 14:03:55,807 - DVPTest - DEBUG - 物理分类结果: STABLE
2026-09-04 14:03:55,808 - DVPTest - DEBUG - [UI] _on_plot_update 收到 131 个数据点
2026-09-04 14:03:55,810 - DVPTest - INFO - [串口] cuff=254 mmHg
2026-09-04 14:03:55,866 - DVPTest - INFO - 视图已锁定，不再自动适配缩放
2026-09-04 14:03:55,901 - DVPTest - DEBUG - 发出 sig_data: t=13.119, p=254.00
2026-09-04 14:03:55,903 - DVPTest - DEBUG - process_data: t=13.12, p=254.0, v=0.000, a=0.0, phase=DEFLATING
2026-09-04 14:03:55,904 - DVPTest - DEBUG - 物理分类结果: STABLE
2026-09-04 14:03:55,906 - DVPTest - DEBUG - [UI] _on_plot_update 收到 132 个数据点
2026-09-04 14:03:55,908 - DVPTest - INFO - [串口] cuff=254 mmHg
2026-09-04 14:03:55,997 - DVPTest - DEBUG - 发出 sig_data: t=13.215, p=254.00
2026-09-04 14:03:56,001 - DVPTest - DEBUG - process_data: t=13.22, p=254.0, v=0.000, a=0.0, phase=DEFLATING
2026-09-04 14:03:56,002 - DVPTest - DEBUG - 物理分类结果: STABLE
2026-09-04 14:03:56,004 - DVPTest - DEBUG - [UI] _on_plot_update 收到 133 个数据点
2026-09-04 14:03:56,005 - DVPTest - INFO - [串口] cuff=254 mmHg
2026-09-04 14:03:56,108 - DVPTest - DEBUG - 发出 sig_data: t=13.326, p=254.00
2026-09-04 14:03:56,109 - DVPTest - DEBUG - process_data: t=13.33, p=254.0, v=0.000, a=0.0, phase=DEFLATING
2026-09-04 14:03:56,109 - DVPTest - DEBUG - 物理分类结果: STABLE
2026-09-04 14:03:56,109 - DVPTest - DEBUG - [UI] _on_plot_update 收到 134 个数据点
2026-09-04 14:03:56,111 - DVPTest - INFO - [串口] cuff=254 mmHg
2026-09-04 14:03:56,204 - DVPTest - DEBUG - 发出 sig_data: t=13.422, p=253.00
2026-09-04 14:03:56,206 - DVPTest - DEBUG - process_data: t=13.42, p=253.0, v=-10.450, a=-109.2, phase=DEFLATING
2026-09-04 14:03:56,206 - DVPTest - DEBUG - 物理分类结果: DEFLATING
2026-09-04 14:03:56,207 - DVPTest - DEBUG - [UI] _on_plot_update 收到 135 个数据点
2026-09-04 14:03:56,208 - DVPTest - INFO - [串口] cuff=253 mmHg
2026-09-04 14:03:56,300 - DVPTest - DEBUG - 发出 sig_data: t=13.518, p=253.00
2026-09-04 14:03:56,303 - DVPTest - DEBUG - process_data: t=13.52, p=253.0, v=0.000, a=108.3, phase=DEFLATING
2026-09-04 14:03:56,305 - DVPTest - DEBUG - 物理分类结果: STABLE
2026-09-04 14:03:56,307 - DVPTest - DEBUG - [UI] _on_plot_update 收到 136 个数据点
2026-09-04 14:03:56,309 - DVPTest - INFO - [串口] cuff=253 mmHg
2026-09-04 14:03:56,412 - DVPTest - DEBUG - 发出 sig_data: t=13.629, p=253.00
2026-09-04 14:03:56,414 - DVPTest - DEBUG - process_data: t=13.63, p=253.0, v=0.000, a=0.0, phase=DEFLATING
2026-09-04 14:03:56,414 - DVPTest - DEBUG - 物理分类结果: STABLE
2026-09-04 14:03:56,414 - DVPTest - DEBUG - [UI] _on_plot_update 收到 137 个数据点
2026-09-04 14:03:56,415 - DVPTest - INFO - [串口] cuff=253 mmHg
2026-09-04 14:03:56,509 - DVPTest - DEBUG - 发出 sig_data: t=13.727, p=253.00
2026-09-04 14:03:56,510 - DVPTest - DEBUG - process_data: t=13.73, p=253.0, v=0.000, a=0.0, phase=DEFLATING
2026-09-04 14:03:56,511 - DVPTest - DEBUG - 物理分类结果: STABLE
2026-09-04 14:03:56,511 - DVPTest - DEBUG - [UI] _on_plot_update 收到 138 个数据点
2026-09-04 14:03:56,512 - DVPTest - INFO - [串口] cuff=253 mmHg
2026-09-04 14:03:56,604 - DVPTest - DEBUG - 发出 sig_data: t=13.821, p=253.00
2026-09-04 14:03:56,605 - DVPTest - DEBUG - process_data: t=13.82, p=253.0, v=0.000, a=0.0, phase=DEFLATING
2026-09-04 14:03:56,605 - DVPTest - DEBUG - 物理分类结果: STABLE
2026-09-04 14:03:56,606 - DVPTest - DEBUG - [UI] _on_plot_update 收到 139 个数据点
2026-09-04 14:03:56,607 - DVPTest - INFO - [串口] cuff=253 mmHg
2026-09-04 14:03:56,700 - DVPTest - DEBUG - 发出 sig_data: t=13.918, p=253.00
2026-09-04 14:03:56,701 - DVPTest - DEBUG - process_data: t=13.92, p=253.0, v=0.000, a=0.0, phase=DEFLATING
2026-09-04 14:03:56,702 - DVPTest - DEBUG - 物理分类结果: STABLE
2026-09-04 14:03:56,702 - DVPTest - DEBUG - [UI] _on_plot_update 收到 140 个数据点
2026-09-04 14:03:56,704 - DVPTest - INFO - [串口] cuff=253 mmHg
2026-09-04 14:03:56,812 - DVPTest - DEBUG - 发出 sig_data: t=14.030, p=252.00
2026-09-04 14:03:56,814 - DVPTest - DEBUG - process_data: t=14.03, p=252.0, v=-8.941, a=-79.9, phase=DEFLATING
2026-09-04 14:03:56,814 - DVPTest - DEBUG - 物理分类结果: DEFLATING
2026-09-04 14:03:56,815 - DVPTest - DEBUG - [UI] _on_plot_update 收到 141 个数据点
2026-09-04 14:03:56,818 - DVPTest - INFO - [串口] cuff=252 mmHg
2026-09-04 14:03:56,908 - DVPTest - DEBUG - 发出 sig_data: t=14.125, p=252.00
2026-09-04 14:03:56,908 - DVPTest - DEBUG - process_data: t=14.13, p=252.0, v=0.000, a=93.5, phase=DEFLATING
2026-09-04 14:03:56,909 - DVPTest - DEBUG - 物理分类结果: STABLE
2026-09-04 14:03:56,910 - DVPTest - DEBUG - [UI] _on_plot_update 收到 142 个数据点
2026-09-04 14:03:56,910 - DVPTest - INFO - [串口] cuff=252 mmHg
2026-09-04 14:03:57,003 - DVPTest - DEBUG - 发出 sig_data: t=14.222, p=252.00
2026-09-04 14:03:57,007 - DVPTest - DEBUG - process_data: t=14.22, p=252.0, v=0.000, a=0.0, phase=DEFLATING
2026-09-04 14:03:57,008 - DVPTest - DEBUG - 物理分类结果: STABLE
2026-09-04 14:03:57,010 - DVPTest - DEBUG - [UI] _on_plot_update 收到 143 个数据点
2026-09-04 14:03:57,011 - DVPTest - INFO - [串口] cuff=252 mmHg
2026-09-04 14:03:57,099 - DVPTest - DEBUG - 发出 sig_data: t=14.318, p=252.00
2026-09-04 14:03:57,102 - DVPTest - DEBUG - process_data: t=14.32, p=252.0, v=0.000, a=0.0, phase=DEFLATING
2026-09-04 14:03:57,104 - DVPTest - DEBUG - 物理分类结果: STABLE
2026-09-04 14:03:57,105 - DVPTest - DEBUG - [UI] _on_plot_update 收到 144 个数据点
2026-09-04 14:03:57,107 - DVPTest - INFO - [串口] cuff=252 mmHg
2026-09-04 14:03:57,211 - DVPTest - DEBUG - 发出 sig_data: t=14.429, p=252.00
2026-09-04 14:03:57,212 - DVPTest - DEBUG - process_data: t=14.43, p=252.0, v=0.000, a=0.0, phase=DEFLATING
2026-09-04 14:03:57,212 - DVPTest - DEBUG - 物理分类结果: STABLE
2026-09-04 14:03:57,213 - DVPTest - DEBUG - [UI] _on_plot_update 收到 145 个数据点
2026-09-04 14:03:57,213 - DVPTest - INFO - [串口] cuff=252 mmHg
2026-09-04 14:03:57,306 - DVPTest - DEBUG - 发出 sig_data: t=14.524, p=252.00
2026-09-04 14:03:57,308 - DVPTest - DEBUG - process_data: t=14.52, p=252.0, v=0.000, a=0.0, phase=DEFLATING
2026-09-04 14:03:57,309 - DVPTest - DEBUG - 物理分类结果: STABLE
2026-09-04 14:03:57,310 - DVPTest - DEBUG - [UI] _on_plot_update 收到 146 个数据点
2026-09-04 14:03:57,311 - DVPTest - INFO - [串口] cuff=252 mmHg
2026-09-04 14:03:57,402 - DVPTest - DEBUG - 发出 sig_data: t=14.620, p=251.00
2026-09-04 14:03:57,405 - DVPTest - DEBUG - process_data: t=14.62, p=251.0, v=-10.442, a=-109.0, phase=DEFLATING
2026-09-04 14:03:57,406 - DVPTest - DEBUG - 物理分类结果: DEFLATING
2026-09-04 14:03:57,408 - DVPTest - DEBUG - [UI] _on_plot_update 收到 147 个数据点
2026-09-04 14:03:57,409 - DVPTest - INFO - [串口] cuff=251 mmHg
2026-09-04 14:03:57,514 - DVPTest - DEBUG - 发出 sig_data: t=14.732, p=251.00
2026-09-04 14:03:57,517 - DVPTest - DEBUG - process_data: t=14.73, p=251.0, v=0.000, a=93.7, phase=DEFLATING
2026-09-04 14:03:57,517 - DVPTest - DEBUG - 物理分类结果: STABLE
2026-09-04 14:03:57,519 - DVPTest - DEBUG - [UI] _on_plot_update 收到 148 个数据点
2026-09-04 14:03:57,521 - DVPTest - INFO - [串口] cuff=251 mmHg
2026-09-04 14:03:57,611 - DVPTest - DEBUG - 发出 sig_data: t=14.829, p=251.00
2026-09-04 14:03:57,614 - DVPTest - DEBUG - process_data: t=14.83, p=251.0, v=0.000, a=0.0, phase=DEFLATING
2026-09-04 14:03:57,615 - DVPTest - DEBUG - 物理分类结果: STABLE
2026-09-04 14:03:57,616 - DVPTest - DEBUG - [UI] _on_plot_update 收到 149 个数据点
2026-09-04 14:03:57,619 - DVPTest - INFO - [串口] cuff=251 mmHg
2026-09-04 14:03:57,707 - DVPTest - DEBUG - 发出 sig_data: t=14.924, p=251.00
2026-09-04 14:03:57,708 - DVPTest - DEBUG - process_data: t=14.92, p=251.0, v=0.000, a=0.0, phase=DEFLATING
2026-09-04 14:03:57,709 - DVPTest - DEBUG - 物理分类结果: STABLE
2026-09-04 14:03:57,709 - DVPTest - DEBUG - [UI] _on_plot_update 收到 150 个数据点
2026-09-04 14:03:57,711 - DVPTest - INFO - [串口] cuff=251 mmHg
2026-09-04 14:03:57,803 - DVPTest - DEBUG - 发出 sig_data: t=15.021, p=251.00
2026-09-04 14:03:57,806 - DVPTest - DEBUG - process_data: t=15.02, p=251.0, v=0.000, a=0.0, phase=DEFLATING
2026-09-04 14:03:57,807 - DVPTest - DEBUG - 物理分类结果: STABLE
2026-09-04 14:03:57,808 - DVPTest - DEBUG - [UI] _on_plot_update 收到 151 个数据点
2026-09-04 14:03:57,810 - DVPTest - INFO - [串口] cuff=251 mmHg
2026-09-04 14:03:57,913 - DVPTest - DEBUG - 发出 sig_data: t=15.131, p=251.00
2026-09-04 14:03:57,917 - DVPTest - DEBUG - process_data: t=15.13, p=251.0, v=0.000, a=0.0, phase=DEFLATING
2026-09-04 14:03:57,918 - DVPTest - DEBUG - 物理分类结果: STABLE
2026-09-04 14:03:57,920 - DVPTest - DEBUG - [UI] _on_plot_update 收到 152 个数据点
2026-09-04 14:03:57,921 - DVPTest - INFO - [串口] cuff=251 mmHg
2026-09-04 14:03:58,010 - DVPTest - DEBUG - 发出 sig_data: t=15.228, p=250.00
2026-09-04 14:03:58,011 - DVPTest - DEBUG - process_data: t=15.23, p=250.0, v=-10.406, a=-108.3, phase=DEFLATING
2026-09-04 14:03:58,012 - DVPTest - DEBUG - 物理分类结果: DEFLATING
2026-09-04 14:03:58,013 - DVPTest - DEBUG - [UI] _on_plot_update 收到 153 个数据点
2026-09-04 14:03:58,014 - DVPTest - INFO - [串口] cuff=250 mmHg
2026-09-04 14:03:58,106 - DVPTest - DEBUG - 发出 sig_data: t=15.324, p=250.00
2026-09-04 14:03:58,109 - DVPTest - DEBUG - process_data: t=15.32, p=250.0, v=0.000, a=108.0, phase=DEFLATING
2026-09-04 14:03:58,110 - DVPTest - DEBUG - 物理分类结果: STABLE
2026-09-04 14:03:58,112 - DVPTest - DEBUG - [UI] _on_plot_update 收到 154 个数据点
2026-09-04 14:03:58,114 - DVPTest - INFO - [串口] cuff=250 mmHg
2026-09-04 14:03:58,201 - DVPTest - DEBUG - 发出 sig_data: t=15.420, p=250.00
2026-09-04 14:03:58,205 - DVPTest - DEBUG - process_data: t=15.42, p=250.0, v=0.000, a=0.0, phase=DEFLATING
2026-09-04 14:03:58,206 - DVPTest - DEBUG - 物理分类结果: STABLE
2026-09-04 14:03:58,207 - DVPTest - DEBUG - [UI] _on_plot_update 收到 155 个数据点
2026-09-04 14:03:58,209 - DVPTest - INFO - [串口] cuff=250 mmHg
2026-09-04 14:03:58,313 - DVPTest - DEBUG - 发出 sig_data: t=15.531, p=250.00
2026-09-04 14:03:58,316 - DVPTest - DEBUG - process_data: t=15.53, p=250.0, v=0.000, a=0.0, phase=DEFLATING
2026-09-04 14:03:58,316 - DVPTest - DEBUG - 物理分类结果: STABLE
2026-09-04 14:03:58,317 - DVPTest - DEBUG - [UI] _on_plot_update 收到 156 个数据点
2026-09-04 14:03:58,317 - DVPTest - INFO - [串口] cuff=250 mmHg
2026-09-04 14:03:58,409 - DVPTest - DEBUG - 发出 sig_data: t=15.627, p=250.00
2026-09-04 14:03:58,410 - DVPTest - DEBUG - process_data: t=15.63, p=250.0, v=0.000, a=0.0, phase=DEFLATING
2026-09-04 14:03:58,411 - DVPTest - DEBUG - 物理分类结果: STABLE
2026-09-04 14:03:58,411 - DVPTest - DEBUG - [UI] _on_plot_update 收到 157 个数据点
2026-09-04 14:03:58,412 - DVPTest - INFO - [串口] cuff=250 mmHg
2026-09-04 14:03:58,505 - DVPTest - DEBUG - 发出 sig_data: t=15.723, p=250.00
2026-09-04 14:03:58,506 - DVPTest - DEBUG - process_data: t=15.72, p=250.0, v=0.000, a=0.0, phase=DEFLATING
2026-09-04 14:03:58,507 - DVPTest - DEBUG - 物理分类结果: STABLE
2026-09-04 14:03:58,508 - DVPTest - DEBUG - [UI] _on_plot_update 收到 158 个数据点
2026-09-04 14:03:58,508 - DVPTest - INFO - [串口] cuff=250 mmHg
2026-09-04 14:03:58,600 - DVPTest - DEBUG - 发出 sig_data: t=15.818, p=249.00
2026-09-04 14:03:58,601 - DVPTest - DEBUG - process_data: t=15.82, p=249.0, v=-10.465, a=-109.5, phase=DEFLATING
2026-09-04 14:03:58,601 - DVPTest - DEBUG - 物理分类结果: DEFLATING
2026-09-04 14:03:58,602 - DVPTest - DEBUG - [UI] _on_plot_update 收到 159 个数据点
2026-09-04 14:03:58,603 - DVPTest - INFO - [串口] cuff=249 mmHg
2026-09-04 14:03:58,713 - DVPTest - DEBUG - 发出 sig_data: t=15.931, p=249.00
2026-09-04 14:03:58,716 - DVPTest - DEBUG - process_data: t=15.93, p=249.0, v=0.000, a=93.3, phase=DEFLATING
2026-09-04 14:03:58,717 - DVPTest - DEBUG - 物理分类结果: STABLE
2026-09-04 14:03:58,718 - DVPTest - DEBUG - [UI] _on_plot_update 收到 160 个数据点
2026-09-04 14:03:58,721 - DVPTest - INFO - [串口] cuff=249 mmHg
2026-09-04 14:03:58,808 - DVPTest - DEBUG - 发出 sig_data: t=16.026, p=249.00
2026-09-04 14:03:58,810 - DVPTest - DEBUG - process_data: t=16.03, p=249.0, v=0.000, a=0.0, phase=DEFLATING
2026-09-04 14:03:58,810 - DVPTest - DEBUG - 物理分类结果: STABLE
2026-09-04 14:03:58,812 - DVPTest - DEBUG - [UI] _on_plot_update 收到 161 个数据点
2026-09-04 14:03:58,813 - DVPTest - INFO - [串口] cuff=249 mmHg
2026-09-04 14:03:58,904 - DVPTest - DEBUG - 发出 sig_data: t=16.122, p=249.00
2026-09-04 14:03:58,907 - DVPTest - DEBUG - process_data: t=16.12, p=249.0, v=0.000, a=0.0, phase=DEFLATING
2026-09-04 14:03:58,907 - DVPTest - DEBUG - 物理分类结果: STABLE
2026-09-04 14:03:58,908 - DVPTest - DEBUG - [UI] _on_plot_update 收到 162 个数据点
2026-09-04 14:03:58,908 - DVPTest - INFO - [串口] cuff=249 mmHg
2026-09-04 14:03:58,940 - DVPTest - INFO - 视图已解锁，恢复自动适配
2026-09-04 14:03:59,001 - DVPTest - DEBUG - 发出 sig_data: t=16.219, p=249.00
2026-09-04 14:03:59,002 - DVPTest - DEBUG - process_data: t=16.22, p=249.0, v=0.000, a=0.0, phase=DEFLATING
2026-09-04 14:03:59,002 - DVPTest - DEBUG - 物理分类结果: STABLE
2026-09-04 14:03:59,003 - DVPTest - DEBUG - [UI] _on_plot_update 收到 163 个数据点
2026-09-04 14:03:59,004 - DVPTest - INFO - [串口] cuff=249 mmHg
2026-09-04 14:03:59,112 - DVPTest - DEBUG - 发出 sig_data: t=16.330, p=249.00
2026-09-04 14:03:59,113 - DVPTest - DEBUG - process_data: t=16.33, p=249.0, v=0.000, a=0.0, phase=DEFLATING
2026-09-04 14:03:59,113 - DVPTest - DEBUG - 物理分类结果: STABLE
2026-09-04 14:03:59,114 - DVPTest - DEBUG - [UI] _on_plot_update 收到 164 个数据点
2026-09-04 14:03:59,116 - DVPTest - INFO - [串口] cuff=249 mmHg
2026-09-04 14:03:59,208 - DVPTest - DEBUG - 发出 sig_data: t=16.426, p=248.00
2026-09-04 14:03:59,210 - DVPTest - DEBUG - process_data: t=16.43, p=248.0, v=-10.425, a=-108.7, phase=DEFLATING
2026-09-04 14:03:59,211 - DVPTest - DEBUG - 物理分类结果: DEFLATING
2026-09-04 14:03:59,213 - DVPTest - DEBUG - [UI] _on_plot_update 收到 165 个数据点
2026-09-04 14:03:59,216 - DVPTest - INFO - [串口] cuff=248 mmHg
2026-09-04 14:03:59,304 - DVPTest - DEBUG - 发出 sig_data: t=16.522, p=248.00
2026-09-04 14:03:59,307 - DVPTest - DEBUG - process_data: t=16.52, p=248.0, v=0.000, a=108.0, phase=DEFLATING
2026-09-04 14:03:59,308 - DVPTest - DEBUG - 物理分类结果: STABLE
2026-09-04 14:03:59,310 - DVPTest - DEBUG - [UI] _on_plot_update 收到 166 个数据点
2026-09-04 14:03:59,313 - DVPTest - INFO - [串口] cuff=248 mmHg
2026-09-04 14:03:59,400 - DVPTest - DEBUG - 发出 sig_data: t=16.617, p=248.00
2026-09-04 14:03:59,400 - DVPTest - DEBUG - process_data: t=16.62, p=248.0, v=0.000, a=0.0, phase=DEFLATING
2026-09-04 14:03:59,401 - DVPTest - DEBUG - 物理分类结果: STABLE
2026-09-04 14:03:59,401 - DVPTest - DEBUG - [UI] _on_plot_update 收到 167 个数据点
2026-09-04 14:03:59,403 - DVPTest - INFO - [串口] cuff=248 mmHg
2026-09-04 14:03:59,512 - DVPTest - DEBUG - 发出 sig_data: t=16.730, p=248.00
2026-09-04 14:03:59,515 - DVPTest - DEBUG - process_data: t=16.73, p=248.0, v=0.000, a=0.0, phase=DEFLATING
2026-09-04 14:03:59,516 - DVPTest - DEBUG - 物理分类结果: STABLE
2026-09-04 14:03:59,518 - DVPTest - DEBUG - [UI] _on_plot_update 收到 168 个数据点
2026-09-04 14:03:59,521 - DVPTest - INFO - [串口] cuff=248 mmHg
2026-09-04 14:03:59,607 - DVPTest - DEBUG - 发出 sig_data: t=16.825, p=248.00
2026-09-04 14:03:59,609 - DVPTest - DEBUG - process_data: t=16.82, p=248.0, v=0.000, a=0.0, phase=DEFLATING
2026-09-04 14:03:59,609 - DVPTest - DEBUG - 物理分类结果: STABLE
2026-09-04 14:03:59,610 - DVPTest - DEBUG - [UI] _on_plot_update 收到 169 个数据点
2026-09-04 14:03:59,613 - DVPTest - INFO - [串口] cuff=248 mmHg
2026-09-04 14:03:59,703 - DVPTest - DEBUG - 发出 sig_data: t=16.921, p=247.00
2026-09-04 14:03:59,705 - DVPTest - DEBUG - process_data: t=16.92, p=247.0, v=-10.358, a=-107.3, phase=DEFLATING
2026-09-04 14:03:59,706 - DVPTest - DEBUG - 物理分类结果: DEFLATING
2026-09-04 14:03:59,707 - DVPTest - DEBUG - [UI] _on_plot_update 收到 170 个数据点
2026-09-04 14:03:59,710 - DVPTest - INFO - [串口] cuff=247 mmHg
2026-09-04 14:03:59,799 - DVPTest - DEBUG - 发出 sig_data: t=17.017, p=247.00
2026-09-04 14:03:59,800 - DVPTest - DEBUG - process_data: t=17.02, p=247.0, v=0.000, a=108.4, phase=DEFLATING
2026-09-04 14:03:59,801 - DVPTest - DEBUG - 物理分类结果: STABLE
2026-09-04 14:03:59,802 - DVPTest - DEBUG - [UI] _on_plot_update 收到 171 个数据点
2026-09-04 14:03:59,805 - DVPTest - INFO - [串口] cuff=247 mmHg
2026-09-04 14:03:59,910 - DVPTest - DEBUG - 发出 sig_data: t=17.128, p=247.00
2026-09-04 14:03:59,911 - DVPTest - DEBUG - process_data: t=17.13, p=247.0, v=0.000, a=0.0, phase=DEFLATING
2026-09-04 14:03:59,912 - DVPTest - DEBUG - 物理分类结果: STABLE
2026-09-04 14:03:59,912 - DVPTest - DEBUG - [UI] _on_plot_update 收到 172 个数据点
2026-09-04 14:03:59,914 - DVPTest - INFO - [串口] cuff=247 mmHg
2026-09-04 14:04:00,007 - DVPTest - DEBUG - 发出 sig_data: t=17.225, p=247.00
2026-09-04 14:04:00,009 - DVPTest - DEBUG - process_data: t=17.23, p=247.0, v=0.000, a=0.0, phase=DEFLATING
2026-09-04 14:04:00,009 - DVPTest - DEBUG - 物理分类结果: STABLE
2026-09-04 14:04:00,011 - DVPTest - DEBUG - [UI] _on_plot_update 收到 173 个数据点
2026-09-04 14:04:00,015 - DVPTest - INFO - [串口] cuff=247 mmHg
2026-09-04 14:04:00,103 - DVPTest - DEBUG - 发出 sig_data: t=17.321, p=247.00
2026-09-04 14:04:00,103 - DVPTest - DEBUG - process_data: t=17.32, p=247.0, v=0.000, a=0.0, phase=DEFLATING
2026-09-04 14:04:00,104 - DVPTest - DEBUG - 物理分类结果: STABLE
2026-09-04 14:04:00,105 - DVPTest - DEBUG - [UI] _on_plot_update 收到 174 个数据点
2026-09-04 14:04:00,107 - DVPTest - INFO - [串口] cuff=247 mmHg
2026-09-04 14:04:00,214 - DVPTest - DEBUG - 发出 sig_data: t=17.432, p=247.00
2026-09-04 14:04:00,217 - DVPTest - DEBUG - process_data: t=17.43, p=247.0, v=0.000, a=0.0, phase=DEFLATING
2026-09-04 14:04:00,217 - DVPTest - DEBUG - 物理分类结果: STABLE
2026-09-04 14:04:00,218 - DVPTest - DEBUG - [UI] _on_plot_update 收到 175 个数据点
2026-09-04 14:04:00,220 - DVPTest - INFO - [串口] cuff=247 mmHg
2026-09-04 14:04:00,310 - DVPTest - DEBUG - 发出 sig_data: t=17.528, p=246.00
2026-09-04 14:04:00,313 - DVPTest - DEBUG - process_data: t=17.53, p=246.0, v=-10.351, a=-107.1, phase=DEFLATING
2026-09-04 14:04:00,314 - DVPTest - DEBUG - 物理分类结果: DEFLATING
2026-09-04 14:04:00,315 - DVPTest - DEBUG - [UI] _on_plot_update 收到 176 个数据点
2026-09-04 14:04:00,319 - DVPTest - INFO - [串口] cuff=246 mmHg
2026-09-04 14:04:00,406 - DVPTest - DEBUG - 发出 sig_data: t=17.624, p=246.00
2026-09-04 14:04:00,409 - DVPTest - DEBUG - process_data: t=17.62, p=246.0, v=0.000, a=107.8, phase=DEFLATING
2026-09-04 14:04:00,410 - DVPTest - DEBUG - 物理分类结果: STABLE
2026-09-04 14:04:00,412 - DVPTest - DEBUG - [UI] _on_plot_update 收到 177 个数据点
2026-09-04 14:04:00,415 - DVPTest - INFO - [串口] cuff=246 mmHg
2026-09-04 14:04:00,502 - DVPTest - DEBUG - 发出 sig_data: t=17.720, p=246.00
2026-09-04 14:04:00,502 - DVPTest - DEBUG - process_data: t=17.72, p=246.0, v=0.000, a=0.0, phase=DEFLATING
2026-09-04 14:04:00,503 - DVPTest - DEBUG - 物理分类结果: STABLE
2026-09-04 14:04:00,504 - DVPTest - DEBUG - [UI] _on_plot_update 收到 178 个数据点
2026-09-04 14:04:00,505 - DVPTest - INFO - [串口] cuff=246 mmHg
2026-09-04 14:04:00,614 - DVPTest - DEBUG - 发出 sig_data: t=17.832, p=246.00
2026-09-04 14:04:00,616 - DVPTest - DEBUG - process_data: t=17.83, p=246.0, v=0.000, a=0.0, phase=DEFLATING
2026-09-04 14:04:00,617 - DVPTest - DEBUG - 物理分类结果: STABLE
2026-09-04 14:04:00,619 - DVPTest - DEBUG - [UI] _on_plot_update 收到 179 个数据点
2026-09-04 14:04:00,623 - DVPTest - INFO - [串口] cuff=246 mmHg
2026-09-04 14:04:00,710 - DVPTest - DEBUG - 发出 sig_data: t=17.928, p=246.00
2026-09-04 14:04:00,712 - DVPTest - DEBUG - process_data: t=17.93, p=246.0, v=0.000, a=0.0, phase=DEFLATING
2026-09-04 14:04:00,713 - DVPTest - DEBUG - 物理分类结果: STABLE
2026-09-04 14:04:00,715 - DVPTest - DEBUG - [UI] _on_plot_update 收到 180 个数据点
2026-09-04 14:04:00,717 - DVPTest - INFO - [串口] cuff=246 mmHg
2026-09-04 14:04:00,806 - DVPTest - DEBUG - 发出 sig_data: t=18.023, p=246.00
2026-09-04 14:04:00,807 - DVPTest - DEBUG - process_data: t=18.02, p=246.0, v=0.000, a=0.0, phase=DEFLATING
2026-09-04 14:04:00,808 - DVPTest - DEBUG - 物理分类结果: STABLE
2026-09-04 14:04:00,809 - DVPTest - DEBUG - [UI] _on_plot_update 收到 181 个数据点
2026-09-04 14:04:00,811 - DVPTest - INFO - [串口] cuff=246 mmHg
2026-09-04 14:04:00,901 - DVPTest - DEBUG - 发出 sig_data: t=18.119, p=245.00
2026-09-04 14:04:00,905 - DVPTest - DEBUG - process_data: t=18.12, p=245.0, v=-10.439, a=-109.0, phase=DEFLATING
2026-09-04 14:04:00,906 - DVPTest - DEBUG - 物理分类结果: DEFLATING
2026-09-04 14:04:00,908 - DVPTest - DEBUG - [UI] _on_plot_update 收到 182 个数据点
2026-09-04 14:04:00,910 - DVPTest - INFO - [串口] cuff=245 mmHg
2026-09-04 14:04:01,013 - DVPTest - DEBUG - 发出 sig_data: t=18.231, p=245.00
2026-09-04 14:04:01,015 - DVPTest - DEBUG - process_data: t=18.23, p=245.0, v=0.000, a=93.5, phase=DEFLATING
2026-09-04 14:04:01,015 - DVPTest - DEBUG - 物理分类结果: STABLE
2026-09-04 14:04:01,016 - DVPTest - DEBUG - [UI] _on_plot_update 收到 183 个数据点
2026-09-04 14:04:01,018 - DVPTest - INFO - [串口] cuff=245 mmHg
2026-09-04 14:04:01,109 - DVPTest - DEBUG - 发出 sig_data: t=18.327, p=245.00
2026-09-04 14:04:01,111 - DVPTest - DEBUG - process_data: t=18.33, p=245.0, v=0.000, a=0.0, phase=DEFLATING
2026-09-04 14:04:01,112 - DVPTest - DEBUG - 物理分类结果: STABLE
2026-09-04 14:04:01,114 - DVPTest - DEBUG - [UI] _on_plot_update 收到 184 个数据点
2026-09-04 14:04:01,117 - DVPTest - INFO - [串口] cuff=245 mmHg
2026-09-04 14:04:01,205 - DVPTest - DEBUG - 发出 sig_data: t=18.422, p=245.00
2026-09-04 14:04:01,207 - DVPTest - DEBUG - process_data: t=18.42, p=245.0, v=0.000, a=0.0, phase=DEFLATING
2026-09-04 14:04:01,208 - DVPTest - DEBUG - 物理分类结果: STABLE
2026-09-04 14:04:01,209 - DVPTest - DEBUG - [UI] _on_plot_update 收到 185 个数据点
2026-09-04 14:04:01,212 - DVPTest - INFO - [串口] cuff=245 mmHg
2026-09-04 14:04:01,301 - DVPTest - DEBUG - 发出 sig_data: t=18.519, p=245.00
2026-09-04 14:04:01,301 - DVPTest - DEBUG - process_data: t=18.52, p=245.0, v=0.000, a=0.0, phase=DEFLATING
2026-09-04 14:04:01,301 - DVPTest - DEBUG - 物理分类结果: STABLE
2026-09-04 14:04:01,302 - DVPTest - DEBUG - [UI] _on_plot_update 收到 186 个数据点
2026-09-04 14:04:01,304 - DVPTest - INFO - [串口] cuff=245 mmHg
2026-09-04 14:04:01,413 - DVPTest - DEBUG - 发出 sig_data: t=18.631, p=245.00
2026-09-04 14:04:01,414 - DVPTest - DEBUG - process_data: t=18.63, p=245.0, v=0.000, a=0.0, phase=DEFLATING
2026-09-04 14:04:01,415 - DVPTest - DEBUG - 物理分类结果: STABLE
2026-09-04 14:04:01,415 - DVPTest - DEBUG - [UI] _on_plot_update 收到 187 个数据点
2026-09-04 14:04:01,418 - DVPTest - INFO - [串口] cuff=245 mmHg
2026-09-04 14:04:01,509 - DVPTest - DEBUG - 发出 sig_data: t=18.727, p=245.00
2026-09-04 14:04:01,512 - DVPTest - DEBUG - process_data: t=18.73, p=245.0, v=0.000, a=0.0, phase=DEFLATING
2026-09-04 14:04:01,512 - DVPTest - DEBUG - 物理分类结果: STABLE
2026-09-04 14:04:01,513 - DVPTest - DEBUG - [UI] _on_plot_update 收到 188 个数据点
2026-09-04 14:04:01,515 - DVPTest - INFO - [串口] cuff=245 mmHg
2026-09-04 14:04:01,604 - DVPTest - DEBUG - 发出 sig_data: t=18.822, p=244.00
2026-09-04 14:04:01,605 - DVPTest - DEBUG - process_data: t=18.82, p=244.0, v=-10.522, a=-110.7, phase=DEFLATING
2026-09-04 14:04:01,605 - DVPTest - DEBUG - 物理分类结果: DEFLATING
2026-09-04 14:04:01,605 - DVPTest - DEBUG - [UI] _on_plot_update 收到 189 个数据点
2026-09-04 14:04:01,607 - DVPTest - INFO - [串口] cuff=244 mmHg
2026-09-04 14:04:01,701 - DVPTest - DEBUG - 发出 sig_data: t=18.919, p=244.00
2026-09-04 14:04:01,703 - DVPTest - DEBUG - process_data: t=18.92, p=244.0, v=0.000, a=108.7, phase=DEFLATING
2026-09-04 14:04:01,704 - DVPTest - DEBUG - 物理分类结果: STABLE
2026-09-04 14:04:01,705 - DVPTest - DEBUG - [UI] _on_plot_update 收到 190 个数据点
2026-09-04 14:04:01,709 - DVPTest - INFO - [串口] cuff=244 mmHg
2026-09-04 14:04:01,812 - DVPTest - DEBUG - 发出 sig_data: t=19.030, p=244.00
2026-09-04 14:04:01,813 - DVPTest - DEBUG - process_data: t=19.03, p=244.0, v=0.000, a=0.0, phase=DEFLATING
2026-09-04 14:04:01,813 - DVPTest - DEBUG - 物理分类结果: STABLE
2026-09-04 14:04:01,814 - DVPTest - DEBUG - [UI] _on_plot_update 收到 191 个数据点
2026-09-04 14:04:01,816 - DVPTest - INFO - [串口] cuff=244 mmHg
2026-09-04 14:04:01,908 - DVPTest - DEBUG - 发出 sig_data: t=19.126, p=244.00
2026-09-04 14:04:01,910 - DVPTest - DEBUG - process_data: t=19.13, p=244.0, v=0.000, a=0.0, phase=DEFLATING
2026-09-04 14:04:01,910 - DVPTest - DEBUG - 物理分类结果: STABLE
2026-09-04 14:04:01,912 - DVPTest - DEBUG - [UI] _on_plot_update 收到 192 个数据点
2026-09-04 14:04:01,915 - DVPTest - INFO - [串口] cuff=244 mmHg
2026-09-04 14:04:02,004 - DVPTest - DEBUG - 发出 sig_data: t=19.221, p=244.00
2026-09-04 14:04:02,004 - DVPTest - DEBUG - process_data: t=19.22, p=244.0, v=0.000, a=0.0, phase=DEFLATING
2026-09-04 14:04:02,005 - DVPTest - DEBUG - 物理分类结果: STABLE
2026-09-04 14:04:02,005 - DVPTest - DEBUG - [UI] _on_plot_update 收到 193 个数据点
2026-09-04 14:04:02,006 - DVPTest - INFO - [串口] cuff=244 mmHg
2026-09-04 14:04:02,115 - DVPTest - DEBUG - 发出 sig_data: t=19.333, p=244.00
2026-09-04 14:04:02,116 - DVPTest - DEBUG - process_data: t=19.33, p=244.0, v=0.000, a=0.0, phase=DEFLATING
2026-09-04 14:04:02,117 - DVPTest - DEBUG - 物理分类结果: STABLE
2026-09-04 14:04:02,117 - DVPTest - DEBUG - [UI] _on_plot_update 收到 194 个数据点
2026-09-04 14:04:02,119 - DVPTest - INFO - [串口] cuff=244 mmHg
2026-09-04 14:04:02,212 - DVPTest - DEBUG - 发出 sig_data: t=19.430, p=243.00
2026-09-04 14:04:02,214 - DVPTest - DEBUG - process_data: t=19.43, p=243.0, v=-10.322, a=-106.5, phase=DEFLATING
2026-09-04 14:04:02,214 - DVPTest - DEBUG - 物理分类结果: DEFLATING
2026-09-04 14:04:02,215 - DVPTest - DEBUG - [UI] _on_plot_update 收到 195 个数据点
2026-09-04 14:04:02,217 - DVPTest - INFO - [串口] cuff=243 mmHg
2026-09-04 14:04:02,308 - DVPTest - DEBUG - 发出 sig_data: t=19.525, p=243.00
2026-09-04 14:04:02,310 - DVPTest - DEBUG - process_data: t=19.53, p=243.0, v=0.000, a=107.8, phase=DEFLATING
2026-09-04 14:04:02,310 - DVPTest - DEBUG - 物理分类结果: STABLE
2026-09-04 14:04:02,311 - DVPTest - DEBUG - [UI] _on_plot_update 收到 196 个数据点
2026-09-04 14:04:02,314 - DVPTest - INFO - [串口] cuff=243 mmHg
2026-09-04 14:04:02,403 - DVPTest - DEBUG - 发出 sig_data: t=19.621, p=243.00
2026-09-04 14:04:02,406 - DVPTest - DEBUG - process_data: t=19.62, p=243.0, v=0.000, a=0.0, phase=DEFLATING
2026-09-04 14:04:02,406 - DVPTest - DEBUG - 物理分类结果: STABLE
2026-09-04 14:04:02,407 - DVPTest - DEBUG - [UI] _on_plot_update 收到 197 个数据点
2026-09-04 14:04:02,408 - DVPTest - INFO - [串口] cuff=243 mmHg
2026-09-04 14:04:02,515 - DVPTest - DEBUG - 发出 sig_data: t=19.733, p=243.00
2026-09-04 14:04:02,517 - DVPTest - DEBUG - process_data: t=19.73, p=243.0, v=0.000, a=0.0, phase=DEFLATING
2026-09-04 14:04:02,518 - DVPTest - DEBUG - 物理分类结果: STABLE
2026-09-04 14:04:02,519 - DVPTest - DEBUG - [UI] _on_plot_update 收到 198 个数据点
2026-09-04 14:04:02,521 - DVPTest - INFO - [串口] cuff=243 mmHg
2026-09-04 14:04:02,611 - DVPTest - DEBUG - 发出 sig_data: t=19.829, p=243.00
2026-09-04 14:04:02,613 - DVPTest - DEBUG - process_data: t=19.83, p=243.0, v=0.000, a=0.0, phase=DEFLATING
2026-09-04 14:04:02,614 - DVPTest - DEBUG - 物理分类结果: STABLE
2026-09-04 14:04:02,616 - DVPTest - DEBUG - [UI] _on_plot_update 收到 199 个数据点
2026-09-04 14:04:02,618 - DVPTest - INFO - [串口] cuff=243 mmHg
2026-09-04 14:04:02,707 - DVPTest - DEBUG - 发出 sig_data: t=19.924, p=242.00
2026-09-04 14:04:02,707 - DVPTest - DEBUG - process_data: t=19.92, p=242.0, v=-10.496, a=-110.2, phase=DEFLATING
2026-09-04 14:04:02,708 - DVPTest - DEBUG - 物理分类结果: DEFLATING
2026-09-04 14:04:02,708 - DVPTest - DEBUG - [UI] _on_plot_update 收到 200 个数据点
2026-09-04 14:04:02,710 - DVPTest - INFO - [串口] cuff=242 mmHg
2026-09-04 14:04:02,803 - DVPTest - DEBUG - 发出 sig_data: t=20.021, p=242.00
2026-09-04 14:04:02,805 - DVPTest - DEBUG - process_data: t=20.02, p=242.0, v=0.000, a=109.0, phase=DEFLATING
2026-09-04 14:04:02,806 - DVPTest - DEBUG - 物理分类结果: STABLE
2026-09-04 14:04:02,807 - DVPTest - DEBUG - [UI] _on_plot_update 收到 201 个数据点
2026-09-04 14:04:02,810 - DVPTest - INFO - [串口] cuff=242 mmHg
2026-09-04 14:04:02,914 - DVPTest - DEBUG - 发出 sig_data: t=20.132, p=242.00
2026-09-04 14:04:02,915 - DVPTest - DEBUG - process_data: t=20.13, p=242.0, v=0.000, a=0.0, phase=DEFLATING
2026-09-04 14:04:02,916 - DVPTest - DEBUG - 物理分类结果: STABLE
2026-09-04 14:04:02,916 - DVPTest - DEBUG - [UI] _on_plot_update 收到 202 个数据点
2026-09-04 14:04:02,918 - DVPTest - INFO - [串口] cuff=242 mmHg
2026-09-04 14:04:03,010 - DVPTest - DEBUG - 发出 sig_data: t=20.228, p=242.00
2026-09-04 14:04:03,011 - DVPTest - DEBUG - process_data: t=20.23, p=242.0, v=0.000, a=0.0, phase=DEFLATING
2026-09-04 14:04:03,012 - DVPTest - DEBUG - 物理分类结果: STABLE
2026-09-04 14:04:03,013 - DVPTest - DEBUG - [UI] _on_plot_update 收到 203 个数据点
2026-09-04 14:04:03,015 - DVPTest - INFO - [串口] cuff=242 mmHg
2026-09-04 14:04:03,106 - DVPTest - DEBUG - 发出 sig_data: t=20.324, p=242.00
2026-09-04 14:04:03,108 - DVPTest - DEBUG - process_data: t=20.32, p=242.0, v=0.000, a=0.0, phase=DEFLATING
2026-09-04 14:04:03,108 - DVPTest - DEBUG - 物理分类结果: STABLE
2026-09-04 14:04:03,109 - DVPTest - DEBUG - [UI] _on_plot_update 收到 204 个数据点
2026-09-04 14:04:03,111 - DVPTest - INFO - [串口] cuff=242 mmHg
2026-09-04 14:04:03,202 - DVPTest - DEBUG - 发出 sig_data: t=20.420, p=242.00
2026-09-04 14:04:03,202 - DVPTest - DEBUG - process_data: t=20.42, p=242.0, v=0.000, a=0.0, phase=DEFLATING
2026-09-04 14:04:03,203 - DVPTest - DEBUG - 物理分类结果: STABLE
2026-09-04 14:04:03,203 - DVPTest - DEBUG - [UI] _on_plot_update 收到 205 个数据点
2026-09-04 14:04:03,205 - DVPTest - INFO - [串口] cuff=242 mmHg
2026-09-04 14:04:03,314 - DVPTest - DEBUG - 发出 sig_data: t=20.532, p=241.00
2026-09-04 14:04:03,317 - DVPTest - DEBUG - process_data: t=20.53, p=241.0, v=-8.893, a=-79.1, phase=DEFLATING
2026-09-04 14:04:03,318 - DVPTest - DEBUG - 物理分类结果: DEFLATING
2026-09-04 14:04:03,319 - DVPTest - DEBUG - [UI] _on_plot_update 收到 206 个数据点
2026-09-04 14:04:03,322 - DVPTest - INFO - [串口] cuff=241 mmHg
2026-09-04 14:04:03,409 - DVPTest - DEBUG - 发出 sig_data: t=20.627, p=241.00
2026-09-04 14:04:03,411 - DVPTest - DEBUG - process_data: t=20.63, p=241.0, v=0.000, a=93.2, phase=DEFLATING
2026-09-04 14:04:03,412 - DVPTest - DEBUG - 物理分类结果: STABLE
2026-09-04 14:04:03,414 - DVPTest - DEBUG - [UI] _on_plot_update 收到 207 个数据点
2026-09-04 14:04:03,417 - DVPTest - INFO - [串口] cuff=241 mmHg
2026-09-04 14:04:03,505 - DVPTest - DEBUG - 发出 sig_data: t=20.723, p=241.00
2026-09-04 14:04:03,510 - DVPTest - DEBUG - process_data: t=20.72, p=241.0, v=0.000, a=0.0, phase=DEFLATING
2026-09-04 14:04:03,511 - DVPTest - DEBUG - 物理分类结果: STABLE
2026-09-04 14:04:03,513 - DVPTest - DEBUG - [UI] _on_plot_update 收到 208 个数据点
2026-09-04 14:04:03,515 - DVPTest - INFO - [串口] cuff=241 mmHg
2026-09-04 14:04:03,602 - DVPTest - DEBUG - 发出 sig_data: t=20.820, p=241.00
2026-09-04 14:04:03,604 - DVPTest - DEBUG - process_data: t=20.82, p=241.0, v=0.000, a=0.0, phase=DEFLATING
2026-09-04 14:04:03,605 - DVPTest - DEBUG - 物理分类结果: STABLE
2026-09-04 14:04:03,607 - DVPTest - DEBUG - [UI] _on_plot_update 收到 209 个数据点
2026-09-04 14:04:03,611 - DVPTest - INFO - [串口] cuff=241 mmHg
2026-09-04 14:04:03,713 - DVPTest - DEBUG - 发出 sig_data: t=20.931, p=241.00
2026-09-04 14:04:03,716 - DVPTest - DEBUG - process_data: t=20.93, p=241.0, v=0.000, a=0.0, phase=DEFLATING
2026-09-04 14:04:03,717 - DVPTest - DEBUG - 物理分类结果: STABLE
2026-09-04 14:04:03,719 - DVPTest - DEBUG - [UI] _on_plot_update 收到 210 个数据点
2026-09-04 14:04:03,722 - DVPTest - INFO - [串口] cuff=241 mmHg
2026-09-04 14:04:03,809 - DVPTest - DEBUG - 发出 sig_data: t=21.027, p=241.00
2026-09-04 14:04:03,811 - DVPTest - DEBUG - process_data: t=21.03, p=241.0, v=0.000, a=0.0, phase=DEFLATING
2026-09-04 14:04:03,812 - DVPTest - DEBUG - 物理分类结果: STABLE
2026-09-04 14:04:03,812 - DVPTest - DEBUG - [UI] _on_plot_update 收到 211 个数据点
2026-09-04 14:04:03,814 - DVPTest - INFO - [串口] cuff=241 mmHg
2026-09-04 14:04:03,904 - DVPTest - DEBUG - 发出 sig_data: t=21.122, p=240.00
2026-09-04 14:04:03,908 - DVPTest - DEBUG - process_data: t=21.12, p=240.0, v=-10.457, a=-109.4, phase=DEFLATING
2026-09-04 14:04:03,909 - DVPTest - DEBUG - 物理分类结果: DEFLATING
2026-09-04 14:04:03,910 - DVPTest - DEBUG - [UI] _on_plot_update 收到 212 个数据点
2026-09-04 14:04:03,913 - DVPTest - INFO - [串口] cuff=240 mmHg
2026-09-04 14:04:04,015 - DVPTest - DEBUG - 发出 sig_data: t=21.233, p=240.00
2026-09-04 14:04:04,018 - DVPTest - DEBUG - process_data: t=21.23, p=240.0, v=0.000, a=94.0, phase=DEFLATING
2026-09-04 14:04:04,018 - DVPTest - DEBUG - 物理分类结果: STABLE
2026-09-04 14:04:04,019 - DVPTest - DEBUG - [UI] _on_plot_update 收到 213 个数据点
2026-09-04 14:04:04,021 - DVPTest - INFO - [串口] cuff=240 mmHg
2026-09-04 14:04:04,112 - DVPTest - DEBUG - 发出 sig_data: t=21.330, p=240.00
2026-09-04 14:04:04,113 - DVPTest - DEBUG - process_data: t=21.33, p=240.0, v=0.000, a=0.0, phase=DEFLATING
2026-09-04 14:04:04,114 - DVPTest - DEBUG - 物理分类结果: STABLE
2026-09-04 14:04:04,114 - DVPTest - DEBUG - [UI] _on_plot_update 收到 214 个数据点
2026-09-04 14:04:04,117 - DVPTest - INFO - [串口] cuff=240 mmHg
2026-09-04 14:04:04,208 - DVPTest - DEBUG - 发出 sig_data: t=21.426, p=240.00
2026-09-04 14:04:04,210 - DVPTest - DEBUG - process_data: t=21.43, p=240.0, v=0.000, a=0.0, phase=DEFLATING
2026-09-04 14:04:04,211 - DVPTest - DEBUG - 物理分类结果: STABLE
2026-09-04 14:04:04,213 - DVPTest - DEBUG - [UI] _on_plot_update 收到 215 个数据点
2026-09-04 14:04:04,216 - DVPTest - INFO - [串口] cuff=240 mmHg
2026-09-04 14:04:04,304 - DVPTest - DEBUG - 发出 sig_data: t=21.521, p=240.00
2026-09-04 14:04:04,304 - DVPTest - DEBUG - process_data: t=21.52, p=240.0, v=0.000, a=0.0, phase=DEFLATING
2026-09-04 14:04:04,304 - DVPTest - DEBUG - 物理分类结果: STABLE
2026-09-04 14:04:04,305 - DVPTest - DEBUG - [UI] _on_plot_update 收到 216 个数据点
2026-09-04 14:04:04,307 - DVPTest - INFO - [串口] cuff=240 mmHg
2026-09-04 14:04:04,415 - DVPTest - DEBUG - 发出 sig_data: t=21.633, p=239.00
2026-09-04 14:04:04,418 - DVPTest - DEBUG - process_data: t=21.63, p=239.0, v=-8.955, a=-80.2, phase=DEFLATING
2026-09-04 14:04:04,419 - DVPTest - DEBUG - 物理分类结果: DEFLATING
2026-09-04 14:04:04,420 - DVPTest - DEBUG - [UI] _on_plot_update 收到 217 个数据点
2026-09-04 14:04:04,423 - DVPTest - INFO - [串口] cuff=239 mmHg
2026-09-04 14:04:04,512 - DVPTest - DEBUG - 发出 sig_data: t=21.730, p=239.00
2026-09-04 14:04:04,515 - DVPTest - DEBUG - process_data: t=21.73, p=239.0, v=0.000, a=92.5, phase=DEFLATING
2026-09-04 14:04:04,516 - DVPTest - DEBUG - 物理分类结果: STABLE
2026-09-04 14:04:04,518 - DVPTest - DEBUG - [UI] _on_plot_update 收到 218 个数据点
2026-09-04 14:04:04,521 - DVPTest - INFO - [串口] cuff=239 mmHg
2026-09-04 14:04:04,607 - DVPTest - DEBUG - 发出 sig_data: t=21.825, p=239.00
2026-09-04 14:04:04,609 - DVPTest - DEBUG - process_data: t=21.83, p=239.0, v=0.000, a=0.0, phase=DEFLATING
2026-09-04 14:04:04,609 - DVPTest - DEBUG - 物理分类结果: STABLE
2026-09-04 14:04:04,610 - DVPTest - DEBUG - [UI] _on_plot_update 收到 219 个数据点
2026-09-04 14:04:04,613 - DVPTest - INFO - [串口] cuff=239 mmHg
2026-09-04 14:04:04,703 - DVPTest - DEBUG - 发出 sig_data: t=21.921, p=239.00
2026-09-04 14:04:04,706 - DVPTest - DEBUG - process_data: t=21.92, p=239.0, v=0.000, a=0.0, phase=DEFLATING
2026-09-04 14:04:04,707 - DVPTest - DEBUG - 物理分类结果: STABLE
2026-09-04 14:04:04,708 - DVPTest - DEBUG - [UI] _on_plot_update 收到 220 个数据点
2026-09-04 14:04:04,711 - DVPTest - INFO - [串口] cuff=239 mmHg
2026-09-04 14:04:04,815 - DVPTest - DEBUG - 发出 sig_data: t=22.033, p=239.00
2026-09-04 14:04:04,816 - DVPTest - DEBUG - process_data: t=22.03, p=239.0, v=0.000, a=0.0, phase=DEFLATING
2026-09-04 14:04:04,816 - DVPTest - DEBUG - 物理分类结果: STABLE
2026-09-04 14:04:04,817 - DVPTest - DEBUG - [UI] _on_plot_update 收到 221 个数据点
2026-09-04 14:04:04,819 - DVPTest - INFO - [串口] cuff=239 mmHg
2026-09-04 14:04:04,911 - DVPTest - DEBUG - 发出 sig_data: t=22.129, p=239.00
2026-09-04 14:04:04,913 - DVPTest - DEBUG - process_data: t=22.13, p=239.0, v=0.000, a=0.0, phase=DEFLATING
2026-09-04 14:04:04,914 - DVPTest - DEBUG - 物理分类结果: STABLE
2026-09-04 14:04:04,915 - DVPTest - DEBUG - [UI] _on_plot_update 收到 222 个数据点
2026-09-04 14:04:04,918 - DVPTest - INFO - [串口] cuff=239 mmHg
2026-09-04 14:04:05,007 - DVPTest - DEBUG - 发出 sig_data: t=22.225, p=238.00
2026-09-04 14:04:05,009 - DVPTest - DEBUG - process_data: t=22.22, p=238.0, v=-10.443, a=-109.0, phase=DEFLATING
2026-09-04 14:04:05,010 - DVPTest - DEBUG - 物理分类结果: DEFLATING
2026-09-04 14:04:05,012 - DVPTest - DEBUG - [UI] _on_plot_update 收到 223 个数据点
2026-09-04 14:04:05,017 - DVPTest - INFO - [串口] cuff=238 mmHg
2026-09-04 14:04:05,102 - DVPTest - DEBUG - 发出 sig_data: t=22.320, p=238.00
2026-09-04 14:04:05,104 - DVPTest - DEBUG - process_data: t=22.32, p=238.0, v=0.000, a=109.7, phase=DEFLATING
2026-09-04 14:04:05,104 - DVPTest - DEBUG - 物理分类结果: STABLE
2026-09-04 14:04:05,105 - DVPTest - DEBUG - [UI] _on_plot_update 收到 224 个数据点
2026-09-04 14:04:05,107 - DVPTest - INFO - [串口] cuff=238 mmHg
2026-09-04 14:04:05,214 - DVPTest - DEBUG - 发出 sig_data: t=22.432, p=238.00
2026-09-04 14:04:05,217 - DVPTest - DEBUG - process_data: t=22.43, p=238.0, v=0.000, a=0.0, phase=DEFLATING
2026-09-04 14:04:05,218 - DVPTest - DEBUG - 物理分类结果: STABLE
2026-09-04 14:04:05,220 - DVPTest - DEBUG - [UI] _on_plot_update 收到 225 个数据点
2026-09-04 14:04:05,224 - DVPTest - INFO - [串口] cuff=238 mmHg
2026-09-04 14:04:05,310 - DVPTest - DEBUG - 发出 sig_data: t=22.528, p=238.00
2026-09-04 14:04:05,313 - DVPTest - DEBUG - process_data: t=22.53, p=238.0, v=0.000, a=0.0, phase=DEFLATING
2026-09-04 14:04:05,314 - DVPTest - DEBUG - 物理分类结果: STABLE
2026-09-04 14:04:05,315 - DVPTest - DEBUG - [UI] _on_plot_update 收到 226 个数据点
2026-09-04 14:04:05,318 - DVPTest - INFO - [串口] cuff=238 mmHg
2026-09-04 14:04:05,407 - DVPTest - DEBUG - 发出 sig_data: t=22.625, p=238.00
2026-09-04 14:04:05,407 - DVPTest - DEBUG - process_data: t=22.62, p=238.0, v=0.000, a=0.0, phase=DEFLATING
2026-09-04 14:04:05,408 - DVPTest - DEBUG - 物理分类结果: STABLE
2026-09-04 14:04:05,409 - DVPTest - DEBUG - [UI] _on_plot_update 收到 227 个数据点
2026-09-04 14:04:05,410 - DVPTest - INFO - [串口] cuff=238 mmHg
2026-09-04 14:04:05,502 - DVPTest - DEBUG - 发出 sig_data: t=22.720, p=238.00
2026-09-04 14:04:05,504 - DVPTest - DEBUG - process_data: t=22.72, p=238.0, v=0.000, a=0.0, phase=DEFLATING
2026-09-04 14:04:05,505 - DVPTest - DEBUG - 物理分类结果: STABLE
2026-09-04 14:04:05,507 - DVPTest - DEBUG - [UI] _on_plot_update 收到 228 个数据点
2026-09-04 14:04:05,511 - DVPTest - INFO - [串口] cuff=238 mmHg
2026-09-04 14:04:05,614 - DVPTest - DEBUG - 发出 sig_data: t=22.831, p=238.00
2026-09-04 14:04:05,616 - DVPTest - DEBUG - process_data: t=22.83, p=238.0, v=0.000, a=0.0, phase=DEFLATING
2026-09-04 14:04:05,617 - DVPTest - DEBUG - 物理分类结果: STABLE
2026-09-04 14:04:05,618 - DVPTest - DEBUG - [UI] _on_plot_update 收到 229 个数据点
2026-09-04 14:04:05,623 - DVPTest - INFO - [串口] cuff=238 mmHg
2026-09-04 14:04:05,710 - DVPTest - DEBUG - 发出 sig_data: t=22.928, p=237.00
2026-09-04 14:04:05,711 - DVPTest - DEBUG - process_data: t=22.93, p=237.0, v=-10.395, a=-108.1, phase=DEFLATING
2026-09-04 14:04:05,712 - DVPTest - DEBUG - 物理分类结果: DEFLATING
2026-09-04 14:04:05,712 - DVPTest - DEBUG - [UI] _on_plot_update 收到 230 个数据点
2026-09-04 14:04:05,714 - DVPTest - INFO - [串口] cuff=237 mmHg
2026-09-04 14:04:05,805 - DVPTest - DEBUG - 发出 sig_data: t=23.023, p=237.00
2026-09-04 14:04:05,808 - DVPTest - DEBUG - process_data: t=23.02, p=237.0, v=0.000, a=108.6, phase=DEFLATING
2026-09-04 14:04:05,808 - DVPTest - DEBUG - 物理分类结果: STABLE
2026-09-04 14:04:05,809 - DVPTest - DEBUG - [UI] _on_plot_update 收到 231 个数据点
2026-09-04 14:04:05,811 - DVPTest - INFO - [串口] cuff=237 mmHg
2026-09-04 14:04:05,901 - DVPTest - DEBUG - 发出 sig_data: t=23.119, p=237.00
2026-09-04 14:04:05,903 - DVPTest - DEBUG - process_data: t=23.12, p=237.0, v=0.000, a=0.0, phase=DEFLATING
2026-09-04 14:04:05,904 - DVPTest - DEBUG - 物理分类结果: STABLE
2026-09-04 14:04:05,905 - DVPTest - DEBUG - [UI] _on_plot_update 收到 232 个数据点
2026-09-04 14:04:05,907 - DVPTest - INFO - [串口] cuff=237 mmHg
2026-09-04 14:04:06,013 - DVPTest - DEBUG - 发出 sig_data: t=23.231, p=237.00
2026-09-04 14:04:06,015 - DVPTest - DEBUG - process_data: t=23.23, p=237.0, v=0.000, a=0.0, phase=DEFLATING
2026-09-04 14:04:06,015 - DVPTest - DEBUG - 物理分类结果: STABLE
2026-09-04 14:04:06,016 - DVPTest - DEBUG - [UI] _on_plot_update 收到 233 个数据点
2026-09-04 14:04:06,018 - DVPTest - INFO - [串口] cuff=237 mmHg
2026-09-04 14:04:06,109 - DVPTest - DEBUG - 发出 sig_data: t=23.327, p=237.00
2026-09-04 14:04:06,112 - DVPTest - DEBUG - process_data: t=23.33, p=237.0, v=0.000, a=0.0, phase=DEFLATING
2026-09-04 14:04:06,114 - DVPTest - DEBUG - 物理分类结果: STABLE
2026-09-04 14:04:06,115 - DVPTest - DEBUG - [UI] _on_plot_update 收到 234 个数据点
2026-09-04 14:04:06,118 - DVPTest - INFO - [串口] cuff=237 mmHg
2026-09-04 14:04:06,205 - DVPTest - DEBUG - 发出 sig_data: t=23.422, p=237.00
2026-09-04 14:04:06,205 - DVPTest - DEBUG - process_data: t=23.42, p=237.0, v=0.000, a=0.0, phase=DEFLATING
2026-09-04 14:04:06,205 - DVPTest - DEBUG - 物理分类结果: STABLE
2026-09-04 14:04:06,206 - DVPTest - DEBUG - [UI] _on_plot_update 收到 235 个数据点
2026-09-04 14:04:06,208 - DVPTest - INFO - [串口] cuff=237 mmHg
2026-09-04 14:04:06,301 - DVPTest - DEBUG - 发出 sig_data: t=23.518, p=236.00
2026-09-04 14:04:06,303 - DVPTest - DEBUG - process_data: t=23.52, p=236.0, v=-10.416, a=-108.5, phase=DEFLATING
2026-09-04 14:04:06,304 - DVPTest - DEBUG - 物理分类结果: DEFLATING
2026-09-04 14:04:06,305 - DVPTest - DEBUG - [UI] _on_plot_update 收到 236 个数据点
2026-09-04 14:04:06,308 - DVPTest - INFO - [串口] cuff=236 mmHg
2026-09-04 14:04:06,413 - DVPTest - DEBUG - 发出 sig_data: t=23.631, p=236.00
2026-09-04 14:04:06,415 - DVPTest - DEBUG - process_data: t=23.63, p=236.0, v=0.000, a=92.8, phase=DEFLATING
2026-09-04 14:04:06,416 - DVPTest - DEBUG - 物理分类结果: STABLE
2026-09-04 14:04:06,418 - DVPTest - DEBUG - [UI] _on_plot_update 收到 237 个数据点
2026-09-04 14:04:06,421 - DVPTest - INFO - [串口] cuff=236 mmHg
2026-09-04 14:04:06,508 - DVPTest - DEBUG - 发出 sig_data: t=23.726, p=236.00
2026-09-04 14:04:06,509 - DVPTest - DEBUG - process_data: t=23.73, p=236.0, v=0.000, a=0.0, phase=DEFLATING
2026-09-04 14:04:06,510 - DVPTest - DEBUG - 物理分类结果: STABLE
2026-09-04 14:04:06,510 - DVPTest - DEBUG - [UI] _on_plot_update 收到 238 个数据点
2026-09-04 14:04:06,512 - DVPTest - INFO - [串口] cuff=236 mmHg
2026-09-04 14:04:06,605 - DVPTest - DEBUG - 发出 sig_data: t=23.823, p=236.00
2026-09-04 14:04:06,607 - DVPTest - DEBUG - process_data: t=23.82, p=236.0, v=0.000, a=0.0, phase=DEFLATING
2026-09-04 14:04:06,609 - DVPTest - DEBUG - 物理分类结果: STABLE
2026-09-04 14:04:06,610 - DVPTest - DEBUG - [UI] _on_plot_update 收到 239 个数据点
2026-09-04 14:04:06,612 - DVPTest - INFO - [串口] cuff=236 mmHg
2026-09-04 14:04:06,716 - DVPTest - DEBUG - 发出 sig_data: t=23.934, p=236.00
2026-09-04 14:04:06,718 - DVPTest - DEBUG - process_data: t=23.93, p=236.0, v=0.000, a=0.0, phase=DEFLATING
2026-09-04 14:04:06,719 - DVPTest - DEBUG - 物理分类结果: STABLE
2026-09-04 14:04:06,721 - DVPTest - DEBUG - [UI] _on_plot_update 收到 240 个数据点
2026-09-04 14:04:06,724 - DVPTest - INFO - [串口] cuff=236 mmHg
2026-09-04 14:04:06,813 - DVPTest - DEBUG - 发出 sig_data: t=24.031, p=236.00
2026-09-04 14:04:06,820 - DVPTest - DEBUG - process_data: t=24.03, p=236.0, v=0.000, a=0.0, phase=DEFLATING
2026-09-04 14:04:06,821 - DVPTest - DEBUG - 物理分类结果: STABLE
2026-09-04 14:04:06,821 - DVPTest - DEBUG - [UI] _on_plot_update 收到 241 个数据点
2026-09-04 14:04:06,823 - DVPTest - INFO - [串口] cuff=236 mmHg
2026-09-04 14:04:06,909 - DVPTest - DEBUG - 发出 sig_data: t=24.127, p=235.00
2026-09-04 14:04:06,979 - DVPTest - DEBUG - process_data: t=24.13, p=235.0, v=-10.421, a=-108.6, phase=DEFLATING
2026-09-04 14:04:06,979 - DVPTest - DEBUG - 物理分类结果: DEFLATING
2026-09-04 14:04:06,980 - DVPTest - DEBUG - [UI] _on_plot_update 收到 242 个数据点
2026-09-04 14:04:06,981 - DVPTest - INFO - [串口] cuff=235 mmHg
2026-09-04 14:04:07,004 - DVPTest - DEBUG - 发出 sig_data: t=24.221, p=235.00
2026-09-04 14:04:07,085 - DVPTest - DEBUG - process_data: t=24.22, p=235.0, v=0.000, a=109.8, phase=DEFLATING
2026-09-04 14:04:07,086 - DVPTest - DEBUG - 物理分类结果: STABLE
2026-09-04 14:04:07,086 - DVPTest - DEBUG - [UI] _on_plot_update 收到 243 个数据点
2026-09-04 14:04:07,088 - DVPTest - INFO - [串口] cuff=235 mmHg
2026-09-04 14:04:07,115 - DVPTest - DEBUG - 发出 sig_data: t=24.333, p=235.00
2026-09-04 14:04:07,116 - DVPTest - DEBUG - process_data: t=24.33, p=235.0, v=0.000, a=0.0, phase=DEFLATING
2026-09-04 14:04:07,116 - DVPTest - DEBUG - 物理分类结果: STABLE
2026-09-04 14:04:07,116 - DVPTest - INFO - [串口] cuff=235 mmHg
2026-09-04 14:04:07,211 - DVPTest - DEBUG - 发出 sig_data: t=24.429, p=235.00
2026-09-04 14:04:07,213 - DVPTest - DEBUG - process_data: t=24.43, p=235.0, v=0.000, a=0.0, phase=DEFLATING
2026-09-04 14:04:07,214 - DVPTest - DEBUG - 物理分类结果: STABLE
2026-09-04 14:04:07,216 - DVPTest - DEBUG - [UI] _on_plot_update 收到 245 个数据点
2026-09-04 14:04:07,217 - DVPTest - INFO - [串口] cuff=235 mmHg
2026-09-04 14:04:07,307 - DVPTest - DEBUG - 发出 sig_data: t=24.525, p=235.00
2026-09-04 14:04:07,308 - DVPTest - DEBUG - process_data: t=24.52, p=235.0, v=0.000, a=0.0, phase=DEFLATING
2026-09-04 14:04:07,309 - DVPTest - DEBUG - 物理分类结果: STABLE
2026-09-04 14:04:07,309 - DVPTest - DEBUG - [UI] _on_plot_update 收到 246 个数据点
2026-09-04 14:04:07,310 - DVPTest - INFO - [串口] cuff=235 mmHg
2026-09-04 14:04:07,404 - DVPTest - DEBUG - 发出 sig_data: t=24.621, p=234.00
2026-09-04 14:04:07,515 - DVPTest - DEBUG - 发出 sig_data: t=24.733, p=234.00
2026-09-04 14:04:07,551 - DVPTest - DEBUG - process_data: t=24.62, p=234.0, v=-10.367, a=-107.5, phase=DEFLATING
2026-09-04 14:04:07,552 - DVPTest - DEBUG - 物理分类结果: DEFLATING
2026-09-04 14:04:07,552 - DVPTest - DEBUG - [UI] _on_plot_update 收到 247 个数据点
2026-09-04 14:04:07,554 - DVPTest - INFO - [串口] cuff=234 mmHg
2026-09-04 14:04:07,555 - DVPTest - DEBUG - process_data: t=24.73, p=234.0, v=0.000, a=92.8, phase=DEFLATING
2026-09-04 14:04:07,555 - DVPTest - DEBUG - 物理分类结果: STABLE
2026-09-04 14:04:07,555 - DVPTest - INFO - [串口] cuff=234 mmHg
2026-09-04 14:04:07,611 - DVPTest - DEBUG - 发出 sig_data: t=24.829, p=234.00
2026-09-04 14:04:07,660 - DVPTest - DEBUG - process_data: t=24.83, p=234.0, v=0.000, a=0.0, phase=DEFLATING
2026-09-04 14:04:07,661 - DVPTest - DEBUG - 物理分类结果: STABLE
2026-09-04 14:04:07,661 - DVPTest - DEBUG - [UI] _on_plot_update 收到 249 个数据点
2026-09-04 14:04:07,664 - DVPTest - INFO - [串口] cuff=234 mmHg
2026-09-04 14:04:07,707 - DVPTest - DEBUG - 发出 sig_data: t=24.925, p=234.00
2026-09-04 14:04:07,779 - DVPTest - DEBUG - process_data: t=24.93, p=234.0, v=0.000, a=0.0, phase=DEFLATING
2026-09-04 14:04:07,780 - DVPTest - DEBUG - 物理分类结果: STABLE
2026-09-04 14:04:07,780 - DVPTest - DEBUG - [UI] _on_plot_update 收到 250 个数据点
2026-09-04 14:04:07,781 - DVPTest - INFO - [串口] cuff=234 mmHg
2026-09-04 14:04:07,803 - DVPTest - DEBUG - 发出 sig_data: t=25.021, p=234.00
2026-09-04 14:04:07,804 - DVPTest - DEBUG - process_data: t=25.02, p=234.0, v=0.000, a=0.0, phase=DEFLATING
2026-09-04 14:04:07,805 - DVPTest - DEBUG - 物理分类结果: STABLE
2026-09-04 14:04:07,805 - DVPTest - INFO - [串口] cuff=234 mmHg
2026-09-04 14:04:07,915 - DVPTest - DEBUG - 发出 sig_data: t=25.132, p=233.00
2026-09-04 14:04:07,916 - DVPTest - DEBUG - process_data: t=25.13, p=233.0, v=-8.981, a=-80.7, phase=DEFLATING
2026-09-04 14:04:07,916 - DVPTest - DEBUG - 物理分类结果: DEFLATING
2026-09-04 14:04:07,917 - DVPTest - DEBUG - [UI] _on_plot_update 收到 252 个数据点
2026-09-04 14:04:07,918 - DVPTest - INFO - [串口] cuff=233 mmHg
2026-09-04 14:04:08,011 - DVPTest - DEBUG - 发出 sig_data: t=25.229, p=233.00
2026-09-04 14:04:08,013 - DVPTest - DEBUG - process_data: t=25.23, p=233.0, v=0.000, a=92.9, phase=DEFLATING
2026-09-04 14:04:08,014 - DVPTest - DEBUG - 物理分类结果: STABLE
2026-09-04 14:04:08,016 - DVPTest - DEBUG - [UI] _on_plot_update 收到 253 个数据点
2026-09-04 14:04:08,018 - DVPTest - INFO - [串口] cuff=233 mmHg
2026-09-04 14:04:08,106 - DVPTest - DEBUG - 发出 sig_data: t=25.324, p=233.00
2026-09-04 14:04:08,108 - DVPTest - DEBUG - process_data: t=25.32, p=233.0, v=0.000, a=0.0, phase=DEFLATING
2026-09-04 14:04:08,108 - DVPTest - DEBUG - 物理分类结果: STABLE
2026-09-04 14:04:08,109 - DVPTest - DEBUG - [UI] _on_plot_update 收到 254 个数据点
2026-09-04 14:04:08,112 - DVPTest - INFO - [串口] cuff=233 mmHg
2026-09-04 14:04:08,202 - DVPTest - DEBUG - 发出 sig_data: t=25.420, p=233.00
2026-09-04 14:04:08,203 - DVPTest - DEBUG - process_data: t=25.42, p=233.0, v=0.000, a=0.0, phase=DEFLATING
2026-09-04 14:04:08,203 - DVPTest - DEBUG - 物理分类结果: STABLE
2026-09-04 14:04:08,204 - DVPTest - DEBUG - [UI] _on_plot_update 收到 255 个数据点
2026-09-04 14:04:08,205 - DVPTest - INFO - [串口] cuff=233 mmHg
2026-09-04 14:04:08,314 - DVPTest - DEBUG - 发出 sig_data: t=25.533, p=233.00
2026-09-04 14:04:08,318 - DVPTest - DEBUG - process_data: t=25.53, p=233.0, v=0.000, a=0.0, phase=DEFLATING
2026-09-04 14:04:08,319 - DVPTest - DEBUG - 物理分类结果: STABLE
2026-09-04 14:04:08,321 - DVPTest - DEBUG - [UI] _on_plot_update 收到 256 个数据点
2026-09-04 14:04:08,324 - DVPTest - INFO - [串口] cuff=233 mmHg
2026-09-04 14:04:08,409 - DVPTest - DEBUG - 发出 sig_data: t=25.627, p=233.00
2026-09-04 14:04:08,411 - DVPTest - DEBUG - process_data: t=25.63, p=233.0, v=0.000, a=0.0, phase=DEFLATING
2026-09-04 14:04:08,412 - DVPTest - DEBUG - 物理分类结果: STABLE
2026-09-04 14:04:08,412 - DVPTest - DEBUG - [UI] _on_plot_update 收到 257 个数据点
2026-09-04 14:04:08,416 - DVPTest - INFO - [串口] cuff=233 mmHg
2026-09-04 14:04:08,506 - DVPTest - DEBUG - 发出 sig_data: t=25.723, p=232.00
2026-09-04 14:04:08,508 - DVPTest - DEBUG - process_data: t=25.72, p=232.0, v=-10.382, a=-107.8, phase=DEFLATING
2026-09-04 14:04:08,508 - DVPTest - DEBUG - 物理分类结果: DEFLATING
2026-09-04 14:04:08,508 - DVPTest - DEBUG - [UI] _on_plot_update 收到 258 个数据点
2026-09-04 14:04:08,511 - DVPTest - INFO - [串口] cuff=232 mmHg
2026-09-04 14:04:08,601 - DVPTest - DEBUG - 发出 sig_data: t=25.819, p=232.00
2026-09-04 14:04:08,602 - DVPTest - DEBUG - process_data: t=25.82, p=232.0, v=0.000, a=108.5, phase=DEFLATING
2026-09-04 14:04:08,603 - DVPTest - DEBUG - 物理分类结果: STABLE
2026-09-04 14:04:08,605 - DVPTest - DEBUG - [UI] _on_plot_update 收到 259 个数据点
2026-09-04 14:04:08,606 - DVPTest - INFO - [串口] cuff=232 mmHg
2026-09-04 14:04:08,713 - DVPTest - DEBUG - 发出 sig_data: t=25.931, p=232.00
2026-09-04 14:04:08,716 - DVPTest - DEBUG - process_data: t=25.93, p=232.0, v=0.000, a=0.0, phase=DEFLATING
2026-09-04 14:04:08,716 - DVPTest - DEBUG - 物理分类结果: STABLE
2026-09-04 14:04:08,717 - DVPTest - DEBUG - [UI] _on_plot_update 收到 260 个数据点
2026-09-04 14:04:08,720 - DVPTest - INFO - [串口] cuff=232 mmHg
2026-09-04 14:04:08,809 - DVPTest - DEBUG - 发出 sig_data: t=26.027, p=232.00
2026-09-04 14:04:08,811 - DVPTest - DEBUG - process_data: t=26.03, p=232.0, v=0.000, a=0.0, phase=DEFLATING
2026-09-04 14:04:08,811 - DVPTest - DEBUG - 物理分类结果: STABLE
2026-09-04 14:04:08,812 - DVPTest - DEBUG - [UI] _on_plot_update 收到 261 个数据点
2026-09-04 14:04:08,813 - DVPTest - INFO - [串口] cuff=232 mmHg
2026-09-04 14:04:08,905 - DVPTest - DEBUG - 发出 sig_data: t=26.123, p=232.00
2026-09-04 14:04:08,907 - DVPTest - DEBUG - process_data: t=26.12, p=232.0, v=0.000, a=0.0, phase=DEFLATING
2026-09-04 14:04:08,908 - DVPTest - DEBUG - 物理分类结果: STABLE
2026-09-04 14:04:08,910 - DVPTest - DEBUG - [UI] _on_plot_update 收到 262 个数据点
2026-09-04 14:04:08,915 - DVPTest - INFO - [串口] cuff=232 mmHg
2026-09-04 14:04:09,016 - DVPTest - DEBUG - 发出 sig_data: t=26.234, p=231.00
2026-09-04 14:04:09,017 - DVPTest - DEBUG - process_data: t=26.23, p=231.0, v=-9.018, a=-81.3, phase=DEFLATING
2026-09-04 14:04:09,018 - DVPTest - DEBUG - 物理分类结果: DEFLATING
2026-09-04 14:04:09,018 - DVPTest - DEBUG - [UI] _on_plot_update 收到 263 个数据点
2026-09-04 14:04:09,020 - DVPTest - INFO - [串口] cuff=231 mmHg
2026-09-04 14:04:09,113 - DVPTest - DEBUG - 发出 sig_data: t=26.330, p=231.00
2026-09-04 14:04:09,115 - DVPTest - DEBUG - process_data: t=26.33, p=231.0, v=0.000, a=93.4, phase=DEFLATING
2026-09-04 14:04:09,115 - DVPTest - DEBUG - 物理分类结果: STABLE
2026-09-04 14:04:09,117 - DVPTest - DEBUG - [UI] _on_plot_update 收到 264 个数据点
2026-09-04 14:04:09,119 - DVPTest - INFO - [串口] cuff=231 mmHg
2026-09-04 14:04:09,208 - DVPTest - DEBUG - 发出 sig_data: t=26.426, p=231.00
2026-09-04 14:04:09,210 - DVPTest - DEBUG - process_data: t=26.43, p=231.0, v=0.000, a=0.0, phase=DEFLATING
2026-09-04 14:04:09,212 - DVPTest - DEBUG - 物理分类结果: STABLE
2026-09-04 14:04:09,214 - DVPTest - DEBUG - [UI] _on_plot_update 收到 265 个数据点
2026-09-04 14:04:09,216 - DVPTest - INFO - [串口] cuff=231 mmHg
2026-09-04 14:04:09,304 - DVPTest - DEBUG - 发出 sig_data: t=26.522, p=231.00
2026-09-04 14:04:09,305 - DVPTest - DEBUG - process_data: t=26.52, p=231.0, v=0.000, a=0.0, phase=DEFLATING
2026-09-04 14:04:09,305 - DVPTest - DEBUG - 物理分类结果: STABLE
2026-09-04 14:04:09,307 - DVPTest - DEBUG - [UI] _on_plot_update 收到 266 个数据点
2026-09-04 14:04:09,310 - DVPTest - INFO - [串口] cuff=231 mmHg
2026-09-04 14:04:09,417 - DVPTest - DEBUG - 发出 sig_data: t=26.634, p=231.00
2026-09-04 14:04:09,419 - DVPTest - DEBUG - process_data: t=26.63, p=231.0, v=0.000, a=0.0, phase=DEFLATING
2026-09-04 14:04:09,419 - DVPTest - DEBUG - 物理分类结果: STABLE
2026-09-04 14:04:09,420 - DVPTest - DEBUG - [UI] _on_plot_update 收到 267 个数据点
2026-09-04 14:04:09,423 - DVPTest - INFO - [串口] cuff=231 mmHg
2026-09-04 14:04:09,512 - DVPTest - DEBUG - 发出 sig_data: t=26.729, p=231.00
2026-09-04 14:04:09,517 - DVPTest - DEBUG - process_data: t=26.73, p=231.0, v=0.000, a=0.0, phase=DEFLATING
2026-09-04 14:04:09,518 - DVPTest - DEBUG - 物理分类结果: STABLE
2026-09-04 14:04:09,520 - DVPTest - DEBUG - [UI] _on_plot_update 收到 268 个数据点
2026-09-04 14:04:09,523 - DVPTest - INFO - [串口] cuff=231 mmHg
2026-09-04 14:04:09,608 - DVPTest - DEBUG - 发出 sig_data: t=26.825, p=231.00
2026-09-04 14:04:09,608 - DVPTest - DEBUG - process_data: t=26.83, p=231.0, v=0.000, a=0.0, phase=DEFLATING
2026-09-04 14:04:09,609 - DVPTest - DEBUG - 物理分类结果: STABLE
2026-09-04 14:04:09,609 - DVPTest - DEBUG - [UI] _on_plot_update 收到 269 个数据点
2026-09-04 14:04:09,611 - DVPTest - INFO - [串口] cuff=231 mmHg
2026-09-04 14:04:09,704 - DVPTest - DEBUG - 发出 sig_data: t=26.922, p=230.00
2026-09-04 14:04:09,707 - DVPTest - DEBUG - process_data: t=26.92, p=230.0, v=-10.358, a=-107.3, phase=DEFLATING
2026-09-04 14:04:09,708 - DVPTest - DEBUG - 物理分类结果: DEFLATING
2026-09-04 14:04:09,710 - DVPTest - DEBUG - [UI] _on_plot_update 收到 270 个数据点
2026-09-04 14:04:09,713 - DVPTest - INFO - [串口] cuff=230 mmHg
2026-09-04 14:04:09,816 - DVPTest - DEBUG - 发出 sig_data: t=27.033, p=230.00
2026-09-04 14:04:09,817 - DVPTest - DEBUG - process_data: t=27.03, p=230.0, v=0.000, a=92.7, phase=DEFLATING
2026-09-04 14:04:09,817 - DVPTest - DEBUG - 物理分类结果: STABLE
2026-09-04 14:04:09,817 - DVPTest - DEBUG - [UI] _on_plot_update 收到 271 个数据点
2026-09-04 14:04:09,819 - DVPTest - INFO - [串口] cuff=230 mmHg
2026-09-04 14:04:09,912 - DVPTest - DEBUG - 发出 sig_data: t=27.129, p=230.00
2026-09-04 14:04:09,914 - DVPTest - DEBUG - process_data: t=27.13, p=230.0, v=0.000, a=0.0, phase=DEFLATING
2026-09-04 14:04:09,915 - DVPTest - DEBUG - 物理分类结果: STABLE
2026-09-04 14:04:09,916 - DVPTest - DEBUG - [UI] _on_plot_update 收到 272 个数据点
2026-09-04 14:04:09,919 - DVPTest - INFO - [串口] cuff=230 mmHg
2026-09-04 14:04:10,007 - DVPTest - DEBUG - 发出 sig_data: t=27.225, p=230.00
2026-09-04 14:04:10,009 - DVPTest - DEBUG - process_data: t=27.22, p=230.0, v=0.000, a=0.0, phase=DEFLATING
2026-09-04 14:04:10,010 - DVPTest - DEBUG - 物理分类结果: STABLE
2026-09-04 14:04:10,012 - DVPTest - DEBUG - [UI] _on_plot_update 收到 273 个数据点
2026-09-04 14:04:10,015 - DVPTest - INFO - [串口] cuff=230 mmHg
2026-09-04 14:04:10,103 - DVPTest - DEBUG - 发出 sig_data: t=27.321, p=230.00
2026-09-04 14:04:10,104 - DVPTest - DEBUG - process_data: t=27.32, p=230.0, v=0.000, a=0.0, phase=DEFLATING
2026-09-04 14:04:10,105 - DVPTest - DEBUG - 物理分类结果: STABLE
2026-09-04 14:04:10,105 - DVPTest - DEBUG - [UI] _on_plot_update 收到 274 个数据点
2026-09-04 14:04:10,107 - DVPTest - INFO - [串口] cuff=230 mmHg
2026-09-04 14:04:10,215 - DVPTest - DEBUG - 发出 sig_data: t=27.433, p=229.00
2026-09-04 14:04:10,221 - DVPTest - DEBUG - process_data: t=27.43, p=229.0, v=-8.891, a=-79.1, phase=DEFLATING
2026-09-04 14:04:10,222 - DVPTest - DEBUG - 物理分类结果: DEFLATING
2026-09-04 14:04:10,224 - DVPTest - DEBUG - [UI] _on_plot_update 收到 275 个数据点
2026-09-04 14:04:10,226 - DVPTest - INFO - [串口] cuff=229 mmHg
2026-09-04 14:04:10,311 - DVPTest - DEBUG - 发出 sig_data: t=27.529, p=229.00
2026-09-04 14:04:10,315 - DVPTest - DEBUG - process_data: t=27.53, p=229.0, v=0.000, a=92.5, phase=DEFLATING
2026-09-04 14:04:10,316 - DVPTest - DEBUG - 物理分类结果: STABLE
2026-09-04 14:04:10,318 - DVPTest - DEBUG - [UI] _on_plot_update 收到 276 个数据点
2026-09-04 14:04:10,321 - DVPTest - INFO - [串口] cuff=229 mmHg
2026-09-04 14:04:10,407 - DVPTest - DEBUG - 发出 sig_data: t=27.624, p=229.00
2026-09-04 14:04:10,407 - DVPTest - DEBUG - process_data: t=27.62, p=229.0, v=0.000, a=0.0, phase=DEFLATING
2026-09-04 14:04:10,408 - DVPTest - DEBUG - 物理分类结果: STABLE
2026-09-04 14:04:10,409 - DVPTest - DEBUG - [UI] _on_plot_update 收到 277 个数据点
2026-09-04 14:04:10,410 - DVPTest - INFO - [串口] cuff=229 mmHg
2026-09-04 14:04:10,503 - DVPTest - DEBUG - 发出 sig_data: t=27.721, p=229.00
2026-09-04 14:04:10,505 - DVPTest - DEBUG - process_data: t=27.72, p=229.0, v=0.000, a=0.0, phase=DEFLATING
2026-09-04 14:04:10,506 - DVPTest - DEBUG - 物理分类结果: STABLE
2026-09-04 14:04:10,508 - DVPTest - DEBUG - [UI] _on_plot_update 收到 278 个数据点
2026-09-04 14:04:10,510 - DVPTest - INFO - [串口] cuff=229 mmHg
2026-09-04 14:04:10,615 - DVPTest - DEBUG - 发出 sig_data: t=27.832, p=229.00
2026-09-04 14:04:10,617 - DVPTest - DEBUG - process_data: t=27.83, p=229.0, v=0.000, a=0.0, phase=DEFLATING
2026-09-04 14:04:10,618 - DVPTest - DEBUG - 物理分类结果: STABLE
2026-09-04 14:04:10,619 - DVPTest - DEBUG - [UI] _on_plot_update 收到 279 个数据点
2026-09-04 14:04:10,621 - DVPTest - INFO - [串口] cuff=229 mmHg
2026-09-04 14:04:10,710 - DVPTest - DEBUG - 发出 sig_data: t=27.928, p=229.00
2026-09-04 14:04:10,712 - DVPTest - DEBUG - process_data: t=27.93, p=229.0, v=0.000, a=0.0, phase=DEFLATING
2026-09-04 14:04:10,712 - DVPTest - DEBUG - 物理分类结果: STABLE
2026-09-04 14:04:10,713 - DVPTest - DEBUG - [UI] _on_plot_update 收到 280 个数据点
2026-09-04 14:04:10,715 - DVPTest - INFO - [串口] cuff=229 mmHg
2026-09-04 14:04:10,806 - DVPTest - DEBUG - 发出 sig_data: t=28.024, p=228.00
2026-09-04 14:04:10,809 - DVPTest - DEBUG - process_data: t=28.02, p=228.0, v=-10.398, a=-108.1, phase=DEFLATING
2026-09-04 14:04:10,810 - DVPTest - DEBUG - 物理分类结果: DEFLATING
2026-09-04 14:04:10,812 - DVPTest - DEBUG - [UI] _on_plot_update 收到 281 个数据点
2026-09-04 14:04:10,814 - DVPTest - INFO - [串口] cuff=228 mmHg
2026-09-04 14:04:10,902 - DVPTest - DEBUG - 发出 sig_data: t=28.119, p=228.00
2026-09-04 14:04:10,903 - DVPTest - DEBUG - process_data: t=28.12, p=228.0, v=0.000, a=109.3, phase=DEFLATING
2026-09-04 14:04:10,903 - DVPTest - DEBUG - 物理分类结果: STABLE
2026-09-04 14:04:10,904 - DVPTest - DEBUG - [UI] _on_plot_update 收到 282 个数据点
2026-09-04 14:04:10,907 - DVPTest - INFO - [串口] cuff=228 mmHg
2026-09-04 14:04:11,013 - DVPTest - DEBUG - 发出 sig_data: t=28.231, p=228.00
2026-09-04 14:04:11,017 - DVPTest - DEBUG - process_data: t=28.23, p=228.0, v=0.000, a=0.0, phase=DEFLATING
2026-09-04 14:04:11,018 - DVPTest - DEBUG - 物理分类结果: STABLE
2026-09-04 14:04:11,019 - DVPTest - DEBUG - [UI] _on_plot_update 收到 283 个数据点
2026-09-04 14:04:11,022 - DVPTest - INFO - [串口] cuff=228 mmHg
2026-09-04 14:04:11,110 - DVPTest - DEBUG - 发出 sig_data: t=28.327, p=228.00
2026-09-04 14:04:11,111 - DVPTest - DEBUG - process_data: t=28.33, p=228.0, v=0.000, a=0.0, phase=DEFLATING
2026-09-04 14:04:11,111 - DVPTest - DEBUG - 物理分类结果: STABLE
2026-09-04 14:04:11,113 - DVPTest - DEBUG - [UI] _on_plot_update 收到 284 个数据点
2026-09-04 14:04:11,115 - DVPTest - INFO - [串口] cuff=228 mmHg
2026-09-04 14:04:11,206 - DVPTest - DEBUG - 发出 sig_data: t=28.423, p=228.00
2026-09-04 14:04:11,206 - DVPTest - DEBUG - process_data: t=28.42, p=228.0, v=0.000, a=0.0, phase=DEFLATING
2026-09-04 14:04:11,207 - DVPTest - DEBUG - 物理分类结果: STABLE
2026-09-04 14:04:11,208 - DVPTest - DEBUG - [UI] _on_plot_update 收到 285 个数据点
2026-09-04 14:04:11,209 - DVPTest - INFO - [串口] cuff=228 mmHg
2026-09-04 14:04:11,317 - DVPTest - DEBUG - 发出 sig_data: t=28.534, p=227.00
2026-09-04 14:04:11,319 - DVPTest - DEBUG - process_data: t=28.53, p=227.0, v=-8.985, a=-80.7, phase=DEFLATING
2026-09-04 14:04:11,320 - DVPTest - DEBUG - 物理分类结果: DEFLATING
2026-09-04 14:04:11,321 - DVPTest - DEBUG - [UI] _on_plot_update 收到 286 个数据点
2026-09-04 14:04:11,325 - DVPTest - INFO - [串口] cuff=227 mmHg
2026-09-04 14:04:11,413 - DVPTest - DEBUG - 发出 sig_data: t=28.631, p=227.00
2026-09-04 14:04:11,416 - DVPTest - DEBUG - process_data: t=28.63, p=227.0, v=0.000, a=93.3, phase=DEFLATING
2026-09-04 14:04:11,417 - DVPTest - DEBUG - 物理分类结果: STABLE
2026-09-04 14:04:11,419 - DVPTest - DEBUG - [UI] _on_plot_update 收到 287 个数据点
2026-09-04 14:04:11,423 - DVPTest - INFO - [串口] cuff=227 mmHg
2026-09-04 14:04:11,509 - DVPTest - DEBUG - 发出 sig_data: t=28.727, p=227.00
2026-09-04 14:04:11,510 - DVPTest - DEBUG - process_data: t=28.73, p=227.0, v=0.000, a=0.0, phase=DEFLATING
2026-09-04 14:04:11,511 - DVPTest - DEBUG - 物理分类结果: STABLE
2026-09-04 14:04:11,511 - DVPTest - DEBUG - [UI] _on_plot_update 收到 288 个数据点
2026-09-04 14:04:11,512 - DVPTest - INFO - [串口] cuff=227 mmHg
2026-09-04 14:04:11,605 - DVPTest - DEBUG - 发出 sig_data: t=28.823, p=227.00
2026-09-04 14:04:11,607 - DVPTest - DEBUG - process_data: t=28.82, p=227.0, v=0.000, a=0.0, phase=DEFLATING
2026-09-04 14:04:11,607 - DVPTest - DEBUG - 物理分类结果: STABLE
2026-09-04 14:04:11,608 - DVPTest - DEBUG - [UI] _on_plot_update 收到 289 个数据点
2026-09-04 14:04:11,611 - DVPTest - INFO - [串口] cuff=227 mmHg
2026-09-04 14:04:11,716 - DVPTest - DEBUG - 发出 sig_data: t=28.934, p=227.00
2026-09-04 14:04:11,717 - DVPTest - DEBUG - process_data: t=28.93, p=227.0, v=0.000, a=0.0, phase=DEFLATING
2026-09-04 14:04:11,718 - DVPTest - DEBUG - 物理分类结果: STABLE
2026-09-04 14:04:11,718 - DVPTest - DEBUG - [UI] _on_plot_update 收到 290 个数据点
2026-09-04 14:04:11,720 - DVPTest - INFO - [串口] cuff=227 mmHg
2026-09-04 14:04:11,812 - DVPTest - DEBUG - 发出 sig_data: t=29.030, p=226.00
2026-09-04 14:04:11,813 - DVPTest - DEBUG - process_data: t=29.03, p=226.0, v=-10.393, a=-108.0, phase=DEFLATING
2026-09-04 14:04:11,814 - DVPTest - DEBUG - 物理分类结果: DEFLATING
2026-09-04 14:04:11,814 - DVPTest - DEBUG - [UI] _on_plot_update 收到 291 个数据点
2026-09-04 14:04:11,816 - DVPTest - INFO - [串口] cuff=226 mmHg
2026-09-04 14:04:11,908 - DVPTest - DEBUG - 发出 sig_data: t=29.126, p=226.00
2026-09-04 14:04:11,911 - DVPTest - DEBUG - process_data: t=29.13, p=226.0, v=0.000, a=107.9, phase=DEFLATING
2026-09-04 14:04:11,913 - DVPTest - DEBUG - 物理分类结果: STABLE
2026-09-04 14:04:11,915 - DVPTest - DEBUG - [UI] _on_plot_update 收到 292 个数据点
2026-09-04 14:04:11,921 - DVPTest - INFO - [串口] cuff=226 mmHg
2026-09-04 14:04:12,004 - DVPTest - DEBUG - 发出 sig_data: t=29.222, p=226.00
2026-09-04 14:04:12,005 - DVPTest - DEBUG - process_data: t=29.22, p=226.0, v=0.000, a=0.0, phase=DEFLATING
2026-09-04 14:04:12,006 - DVPTest - DEBUG - 物理分类结果: STABLE
2026-09-04 14:04:12,007 - DVPTest - DEBUG - [UI] _on_plot_update 收到 293 个数据点
2026-09-04 14:04:12,009 - DVPTest - INFO - [串口] cuff=226 mmHg
2026-09-04 14:04:12,116 - DVPTest - DEBUG - 发出 sig_data: t=29.333, p=226.00
2026-09-04 14:04:12,116 - DVPTest - DEBUG - process_data: t=29.33, p=226.0, v=0.000, a=0.0, phase=DEFLATING
2026-09-04 14:04:12,116 - DVPTest - DEBUG - 物理分类结果: STABLE
2026-09-04 14:04:12,117 - DVPTest - DEBUG - [UI] _on_plot_update 收到 294 个数据点
2026-09-04 14:04:12,119 - DVPTest - INFO - [串口] cuff=226 mmHg
2026-09-04 14:04:12,212 - DVPTest - DEBUG - 发出 sig_data: t=29.430, p=226.00
2026-09-04 14:04:12,215 - DVPTest - DEBUG - process_data: t=29.43, p=226.0, v=0.000, a=0.0, phase=DEFLATING
2026-09-04 14:04:12,216 - DVPTest - DEBUG - 物理分类结果: STABLE
2026-09-04 14:04:12,218 - DVPTest - DEBUG - [UI] _on_plot_update 收到 295 个数据点
2026-09-04 14:04:12,220 - DVPTest - INFO - [串口] cuff=226 mmHg
2026-09-04 14:04:12,308 - DVPTest - DEBUG - 发出 sig_data: t=29.526, p=226.00
2026-09-04 14:04:12,309 - DVPTest - DEBUG - process_data: t=29.53, p=226.0, v=0.000, a=0.0, phase=DEFLATING
2026-09-04 14:04:12,310 - DVPTest - DEBUG - 物理分类结果: STABLE
2026-09-04 14:04:12,310 - DVPTest - DEBUG - [UI] _on_plot_update 收到 296 个数据点
2026-09-04 14:04:12,313 - DVPTest - INFO - [串口] cuff=226 mmHg
2026-09-04 14:04:12,404 - DVPTest - DEBUG - 发出 sig_data: t=29.622, p=225.00
2026-09-04 14:04:12,407 - DVPTest - DEBUG - process_data: t=29.62, p=225.0, v=-10.440, a=-109.0, phase=DEFLATING
2026-09-04 14:04:12,408 - DVPTest - DEBUG - 物理分类结果: DEFLATING
2026-09-04 14:04:12,408 - DVPTest - DEBUG - [UI] _on_plot_update 收到 297 个数据点
2026-09-04 14:04:12,410 - DVPTest - INFO - [串口] cuff=225 mmHg
2026-09-04 14:04:12,516 - DVPTest - DEBUG - 发出 sig_data: t=29.734, p=225.00
2026-09-04 14:04:12,520 - DVPTest - DEBUG - process_data: t=29.73, p=225.0, v=0.000, a=92.9, phase=DEFLATING
2026-09-04 14:04:12,521 - DVPTest - DEBUG - 物理分类结果: STABLE
2026-09-04 14:04:12,522 - DVPTest - DEBUG - [UI] _on_plot_update 收到 298 个数据点
2026-09-04 14:04:12,525 - DVPTest - INFO - [串口] cuff=225 mmHg
2026-09-04 14:04:12,611 - DVPTest - DEBUG - 发出 sig_data: t=29.829, p=225.00
2026-09-04 14:04:12,614 - DVPTest - DEBUG - process_data: t=29.83, p=225.0, v=0.000, a=0.0, phase=DEFLATING
2026-09-04 14:04:12,614 - DVPTest - DEBUG - 物理分类结果: STABLE
2026-09-04 14:04:12,614 - DVPTest - DEBUG - [UI] _on_plot_update 收到 299 个数据点
2026-09-04 14:04:12,616 - DVPTest - INFO - [串口] cuff=225 mmHg
2026-09-04 14:04:12,707 - DVPTest - DEBUG - 发出 sig_data: t=29.925, p=225.00
2026-09-04 14:04:12,710 - DVPTest - DEBUG - process_data: t=29.93, p=225.0, v=0.000, a=0.0, phase=DEFLATING
2026-09-04 14:04:12,711 - DVPTest - DEBUG - 物理分类结果: STABLE
2026-09-04 14:04:12,712 - DVPTest - DEBUG - [UI] _on_plot_update 收到 300 个数据点
2026-09-04 14:04:12,716 - DVPTest - INFO - [串口] cuff=225 mmHg
2026-09-04 14:04:12,803 - DVPTest - DEBUG - 发出 sig_data: t=30.021, p=225.00
2026-09-04 14:04:12,804 - DVPTest - DEBUG - process_data: t=30.02, p=225.0, v=0.000, a=0.0, phase=DEFLATING
2026-09-04 14:04:12,805 - DVPTest - DEBUG - 物理分类结果: STABLE
2026-09-04 14:04:12,805 - DVPTest - DEBUG - [UI] _on_plot_update 收到 301 个数据点
2026-09-04 14:04:12,806 - DVPTest - INFO - [串口] cuff=225 mmHg
2026-09-04 14:04:12,915 - DVPTest - DEBUG - 发出 sig_data: t=30.133, p=224.00
2026-09-04 14:04:12,918 - DVPTest - DEBUG - process_data: t=30.13, p=224.0, v=-8.894, a=-79.1, phase=DEFLATING
2026-09-04 14:04:12,919 - DVPTest - DEBUG - 物理分类结果: DEFLATING
2026-09-04 14:04:12,921 - DVPTest - DEBUG - [UI] _on_plot_update 收到 302 个数据点
2026-09-04 14:04:12,924 - DVPTest - INFO - [串口] cuff=224 mmHg
2026-09-04 14:04:13,011 - DVPTest - DEBUG - 发出 sig_data: t=30.229, p=224.00
2026-09-04 14:04:13,017 - DVPTest - DEBUG - process_data: t=30.23, p=224.0, v=0.000, a=92.9, phase=DEFLATING
2026-09-04 14:04:13,018 - DVPTest - DEBUG - 物理分类结果: STABLE
2026-09-04 14:04:13,019 - DVPTest - DEBUG - [UI] _on_plot_update 收到 303 个数据点
2026-09-04 14:04:13,021 - DVPTest - INFO - [串口] cuff=224 mmHg
2026-09-04 14:04:13,106 - DVPTest - DEBUG - 发出 sig_data: t=30.324, p=224.00
2026-09-04 14:04:13,108 - DVPTest - DEBUG - process_data: t=30.32, p=224.0, v=0.000, a=0.0, phase=DEFLATING
2026-09-04 14:04:13,108 - DVPTest - DEBUG - 物理分类结果: STABLE
2026-09-04 14:04:13,109 - DVPTest - DEBUG - [UI] _on_plot_update 收到 304 个数据点
2026-09-04 14:04:13,110 - DVPTest - INFO - [串口] cuff=224 mmHg
2026-09-04 14:04:13,202 - DVPTest - DEBUG - 发出 sig_data: t=30.420, p=224.00
2026-09-04 14:04:13,206 - DVPTest - DEBUG - process_data: t=30.42, p=224.0, v=0.000, a=0.0, phase=DEFLATING
2026-09-04 14:04:13,207 - DVPTest - DEBUG - 物理分类结果: STABLE
2026-09-04 14:04:13,208 - DVPTest - DEBUG - [UI] _on_plot_update 收到 305 个数据点
2026-09-04 14:04:13,211 - DVPTest - INFO - [串口] cuff=224 mmHg
2026-09-04 14:04:13,314 - DVPTest - DEBUG - 发出 sig_data: t=30.532, p=224.00
2026-09-04 14:04:13,317 - DVPTest - DEBUG - process_data: t=30.53, p=224.0, v=0.000, a=0.0, phase=DEFLATING
2026-09-04 14:04:13,318 - DVPTest - DEBUG - 物理分类结果: STABLE
2026-09-04 14:04:13,319 - DVPTest - DEBUG - [UI] _on_plot_update 收到 306 个数据点
2026-09-04 14:04:13,323 - DVPTest - INFO - [串口] cuff=224 mmHg
2026-09-04 14:04:13,411 - DVPTest - DEBUG - 发出 sig_data: t=30.628, p=224.00
2026-09-04 14:04:13,411 - DVPTest - DEBUG - process_data: t=30.63, p=224.0, v=0.000, a=0.0, phase=DEFLATING
2026-09-04 14:04:13,411 - DVPTest - DEBUG - 物理分类结果: STABLE
2026-09-04 14:04:13,412 - DVPTest - DEBUG - [UI] _on_plot_update 收到 307 个数据点
2026-09-04 14:04:13,413 - DVPTest - INFO - [串口] cuff=224 mmHg
2026-09-04 14:04:13,506 - DVPTest - DEBUG - 发出 sig_data: t=30.724, p=223.00
2026-09-04 14:04:13,509 - DVPTest - DEBUG - process_data: t=30.72, p=223.0, v=-10.400, a=-108.2, phase=DEFLATING
2026-09-04 14:04:13,510 - DVPTest - DEBUG - 物理分类结果: DEFLATING
2026-09-04 14:04:13,512 - DVPTest - DEBUG - [UI] _on_plot_update 收到 308 个数据点
2026-09-04 14:04:13,516 - DVPTest - INFO - [串口] cuff=223 mmHg
2026-09-04 14:04:13,602 - DVPTest - DEBUG - 发出 sig_data: t=30.820, p=223.00
2026-09-04 14:04:13,603 - DVPTest - DEBUG - process_data: t=30.82, p=223.0, v=0.000, a=109.0, phase=DEFLATING
2026-09-04 14:04:13,604 - DVPTest - DEBUG - 物理分类结果: STABLE
2026-09-04 14:04:13,605 - DVPTest - DEBUG - [UI] _on_plot_update 收到 309 个数据点
2026-09-04 14:04:13,608 - DVPTest - INFO - [串口] cuff=223 mmHg
2026-09-04 14:04:13,713 - DVPTest - DEBUG - 发出 sig_data: t=30.931, p=223.00
2026-09-04 14:04:13,715 - DVPTest - DEBUG - process_data: t=30.93, p=223.0, v=0.000, a=0.0, phase=DEFLATING
2026-09-04 14:04:13,715 - DVPTest - DEBUG - 物理分类结果: STABLE
2026-09-04 14:04:13,716 - DVPTest - DEBUG - [UI] _on_plot_update 收到 310 个数据点
2026-09-04 14:04:13,718 - DVPTest - INFO - [串口] cuff=223 mmHg
2026-09-04 14:04:13,809 - DVPTest - DEBUG - 发出 sig_data: t=31.027, p=223.00
2026-09-04 14:04:13,813 - DVPTest - DEBUG - process_data: t=31.03, p=223.0, v=0.000, a=0.0, phase=DEFLATING
2026-09-04 14:04:13,814 - DVPTest - DEBUG - 物理分类结果: STABLE
2026-09-04 14:04:13,816 - DVPTest - DEBUG - [UI] _on_plot_update 收到 311 个数据点
2026-09-04 14:04:13,818 - DVPTest - INFO - [串口] cuff=223 mmHg
2026-09-04 14:04:13,905 - DVPTest - DEBUG - 发出 sig_data: t=31.123, p=223.00
2026-09-04 14:04:13,909 - DVPTest - DEBUG - process_data: t=31.12, p=223.0, v=0.000, a=0.0, phase=DEFLATING
2026-09-04 14:04:13,909 - DVPTest - DEBUG - 物理分类结果: STABLE
2026-09-04 14:04:13,911 - DVPTest - DEBUG - [UI] _on_plot_update 收到 312 个数据点
2026-09-04 14:04:13,914 - DVPTest - INFO - [串口] cuff=223 mmHg
2026-09-04 14:04:14,017 - DVPTest - DEBUG - 发出 sig_data: t=31.234, p=223.00
2026-09-04 14:04:14,018 - DVPTest - DEBUG - process_data: t=31.23, p=223.0, v=0.000, a=0.0, phase=DEFLATING
2026-09-04 14:04:14,019 - DVPTest - DEBUG - 物理分类结果: STABLE
2026-09-04 14:04:14,020 - DVPTest - DEBUG - [UI] _on_plot_update 收到 313 个数据点
2026-09-04 14:04:14,024 - DVPTest - INFO - [串口] cuff=223 mmHg
2026-09-04 14:04:14,113 - DVPTest - DEBUG - 发出 sig_data: t=31.331, p=222.00
2026-09-04 14:04:14,116 - DVPTest - DEBUG - process_data: t=31.33, p=222.0, v=-10.312, a=-106.3, phase=DEFLATING
2026-09-04 14:04:14,117 - DVPTest - DEBUG - 物理分类结果: DEFLATING
2026-09-04 14:04:14,118 - DVPTest - DEBUG - [UI] _on_plot_update 收到 314 个数据点
2026-09-04 14:04:14,122 - DVPTest - INFO - [串口] cuff=222 mmHg
2026-09-04 14:04:14,209 - DVPTest - DEBUG - 发出 sig_data: t=31.427, p=222.00
2026-09-04 14:04:14,210 - DVPTest - DEBUG - process_data: t=31.43, p=222.0, v=0.000, a=108.0, phase=DEFLATING
2026-09-04 14:04:14,211 - DVPTest - DEBUG - 物理分类结果: STABLE
2026-09-04 14:04:14,211 - DVPTest - DEBUG - [UI] _on_plot_update 收到 315 个数据点
2026-09-04 14:04:14,213 - DVPTest - INFO - [串口] cuff=222 mmHg
2026-09-04 14:04:14,304 - DVPTest - DEBUG - 发出 sig_data: t=31.522, p=222.00
2026-09-04 14:04:14,307 - DVPTest - DEBUG - process_data: t=31.52, p=222.0, v=0.000, a=0.0, phase=DEFLATING
2026-09-04 14:04:14,307 - DVPTest - DEBUG - 物理分类结果: STABLE
2026-09-04 14:04:14,308 - DVPTest - DEBUG - [UI] _on_plot_update 收到 316 个数据点
2026-09-04 14:04:14,311 - DVPTest - INFO - [串口] cuff=222 mmHg
2026-09-04 14:04:14,416 - DVPTest - DEBUG - 发出 sig_data: t=31.634, p=222.00
2026-09-04 14:04:14,420 - DVPTest - DEBUG - process_data: t=31.63, p=222.0, v=0.000, a=0.0, phase=DEFLATING
2026-09-04 14:04:14,421 - DVPTest - DEBUG - 物理分类结果: STABLE
2026-09-04 14:04:14,423 - DVPTest - DEBUG - [UI] _on_plot_update 收到 317 个数据点
2026-09-04 14:04:14,426 - DVPTest - INFO - [串口] cuff=222 mmHg
2026-09-04 14:04:14,512 - DVPTest - DEBUG - 发出 sig_data: t=31.730, p=222.00
2026-09-04 14:04:14,514 - DVPTest - DEBUG - process_data: t=31.73, p=222.0, v=0.000, a=0.0, phase=DEFLATING
2026-09-04 14:04:14,514 - DVPTest - DEBUG - 物理分类结果: STABLE
2026-09-04 14:04:14,515 - DVPTest - DEBUG - [UI] _on_plot_update 收到 318 个数据点
2026-09-04 14:04:14,516 - DVPTest - INFO - [串口] cuff=222 mmHg
2026-09-04 14:04:14,608 - DVPTest - DEBUG - 发出 sig_data: t=31.826, p=221.00
2026-09-04 14:04:14,611 - DVPTest - DEBUG - process_data: t=31.83, p=221.0, v=-10.392, a=-108.0, phase=DEFLATING
2026-09-04 14:04:14,612 - DVPTest - DEBUG - 物理分类结果: DEFLATING
2026-09-04 14:04:14,614 - DVPTest - DEBUG - [UI] _on_plot_update 收到 319 个数据点
2026-09-04 14:04:14,618 - DVPTest - INFO - [串口] cuff=221 mmHg
2026-09-04 14:04:14,704 - DVPTest - DEBUG - 发出 sig_data: t=31.922, p=221.00
2026-09-04 14:04:14,707 - DVPTest - DEBUG - process_data: t=31.92, p=221.0, v=0.000, a=108.5, phase=DEFLATING
2026-09-04 14:04:14,708 - DVPTest - DEBUG - 物理分类结果: STABLE
2026-09-04 14:04:14,709 - DVPTest - DEBUG - [UI] _on_plot_update 收到 320 个数据点
2026-09-04 14:04:14,712 - DVPTest - INFO - [串口] cuff=221 mmHg
2026-09-04 14:04:14,816 - DVPTest - DEBUG - 发出 sig_data: t=32.034, p=221.00
2026-09-04 14:04:14,817 - DVPTest - DEBUG - process_data: t=32.03, p=221.0, v=0.000, a=0.0, phase=DEFLATING
2026-09-04 14:04:14,817 - DVPTest - DEBUG - 物理分类结果: STABLE
2026-09-04 14:04:14,818 - DVPTest - DEBUG - [UI] _on_plot_update 收到 321 个数据点
2026-09-04 14:04:14,819 - DVPTest - INFO - [串口] cuff=221 mmHg
2026-09-04 14:04:14,912 - DVPTest - DEBUG - 发出 sig_data: t=32.130, p=221.00
2026-09-04 14:04:14,914 - DVPTest - DEBUG - process_data: t=32.13, p=221.0, v=0.000, a=0.0, phase=DEFLATING
2026-09-04 14:04:14,915 - DVPTest - DEBUG - 物理分类结果: STABLE
2026-09-04 14:04:14,917 - DVPTest - DEBUG - [UI] _on_plot_update 收到 322 个数据点
2026-09-04 14:04:14,921 - DVPTest - INFO - [串口] cuff=221 mmHg
2026-09-04 14:04:15,008 - DVPTest - DEBUG - 发出 sig_data: t=32.226, p=221.00
2026-09-04 14:04:15,010 - DVPTest - DEBUG - process_data: t=32.23, p=221.0, v=0.000, a=0.0, phase=DEFLATING
2026-09-04 14:04:15,011 - DVPTest - DEBUG - 物理分类结果: STABLE
2026-09-04 14:04:15,013 - DVPTest - DEBUG - [UI] _on_plot_update 收到 323 个数据点
2026-09-04 14:04:15,016 - DVPTest - INFO - [串口] cuff=221 mmHg
2026-09-04 14:04:15,103 - DVPTest - DEBUG - 发出 sig_data: t=32.321, p=220.00
2026-09-04 14:04:15,104 - DVPTest - DEBUG - process_data: t=32.32, p=220.0, v=-10.508, a=-110.4, phase=DEFLATING
2026-09-04 14:04:15,105 - DVPTest - DEBUG - 物理分类结果: DEFLATING
2026-09-04 14:04:15,106 - DVPTest - DEBUG - [UI] _on_plot_update 收到 324 个数据点
2026-09-04 14:04:15,107 - DVPTest - INFO - [串口] cuff=220 mmHg
2026-09-04 14:04:15,215 - DVPTest - DEBUG - 发出 sig_data: t=32.433, p=220.00
2026-09-04 14:04:15,221 - DVPTest - DEBUG - process_data: t=32.43, p=220.0, v=0.000, a=93.8, phase=DEFLATING
2026-09-04 14:04:15,222 - DVPTest - DEBUG - 物理分类结果: STABLE
2026-09-04 14:04:15,223 - DVPTest - DEBUG - [UI] _on_plot_update 收到 325 个数据点
2026-09-04 14:04:15,226 - DVPTest - INFO - [串口] cuff=220 mmHg
2026-09-04 14:04:15,311 - DVPTest - DEBUG - 发出 sig_data: t=32.529, p=220.00
2026-09-04 14:04:15,312 - DVPTest - DEBUG - process_data: t=32.53, p=220.0, v=0.000, a=0.0, phase=DEFLATING
2026-09-04 14:04:15,313 - DVPTest - DEBUG - 物理分类结果: STABLE
2026-09-04 14:04:15,314 - DVPTest - DEBUG - [UI] _on_plot_update 收到 326 个数据点
2026-09-04 14:04:15,318 - DVPTest - INFO - [串口] cuff=220 mmHg
2026-09-04 14:04:15,407 - DVPTest - DEBUG - 发出 sig_data: t=32.625, p=220.00
2026-09-04 14:04:15,408 - DVPTest - DEBUG - process_data: t=32.62, p=220.0, v=0.000, a=0.0, phase=DEFLATING
2026-09-04 14:04:15,409 - DVPTest - DEBUG - 物理分类结果: STABLE
2026-09-04 14:04:15,409 - DVPTest - DEBUG - [UI] _on_plot_update 收到 327 个数据点
2026-09-04 14:04:15,412 - DVPTest - INFO - [串口] cuff=220 mmHg
2026-09-04 14:04:15,503 - DVPTest - DEBUG - 发出 sig_data: t=32.721, p=220.00
2026-09-04 14:04:15,507 - DVPTest - DEBUG - process_data: t=32.72, p=220.0, v=0.000, a=0.0, phase=DEFLATING
2026-09-04 14:04:15,509 - DVPTest - DEBUG - 物理分类结果: STABLE
2026-09-04 14:04:15,511 - DVPTest - DEBUG - [UI] _on_plot_update 收到 328 个数据点
2026-09-04 14:04:15,515 - DVPTest - INFO - [串口] cuff=220 mmHg
2026-09-04 14:04:15,615 - DVPTest - DEBUG - 发出 sig_data: t=32.833, p=219.00
2026-09-04 14:04:15,617 - DVPTest - DEBUG - process_data: t=32.83, p=219.0, v=-8.961, a=-80.3, phase=DEFLATING
2026-09-04 14:04:15,618 - DVPTest - DEBUG - 物理分类结果: DEFLATING
2026-09-04 14:04:15,619 - DVPTest - DEBUG - [UI] _on_plot_update 收到 329 个数据点
2026-09-04 14:04:15,622 - DVPTest - INFO - [串口] cuff=219 mmHg
2026-09-04 14:04:15,711 - DVPTest - DEBUG - 发出 sig_data: t=32.928, p=219.00
2026-09-04 14:04:15,713 - DVPTest - DEBUG - process_data: t=32.93, p=219.0, v=0.000, a=93.4, phase=DEFLATING
2026-09-04 14:04:15,714 - DVPTest - DEBUG - 物理分类结果: STABLE
2026-09-04 14:04:15,715 - DVPTest - DEBUG - [UI] _on_plot_update 收到 330 个数据点
2026-09-04 14:04:15,717 - DVPTest - INFO - [串口] cuff=219 mmHg
2026-09-04 14:04:15,806 - DVPTest - DEBUG - 发出 sig_data: t=33.024, p=219.00
2026-09-04 14:04:15,808 - DVPTest - DEBUG - process_data: t=33.02, p=219.0, v=0.000, a=0.0, phase=DEFLATING
2026-09-04 14:04:15,809 - DVPTest - DEBUG - 物理分类结果: STABLE
2026-09-04 14:04:15,811 - DVPTest - DEBUG - [UI] _on_plot_update 收到 331 个数据点
2026-09-04 14:04:15,814 - DVPTest - INFO - [串口] cuff=219 mmHg
2026-09-04 14:04:15,903 - DVPTest - DEBUG - 发出 sig_data: t=33.120, p=219.00
2026-09-04 14:04:15,903 - DVPTest - DEBUG - process_data: t=33.12, p=219.0, v=0.000, a=0.0, phase=DEFLATING
2026-09-04 14:04:15,903 - DVPTest - DEBUG - 物理分类结果: STABLE
2026-09-04 14:04:15,904 - DVPTest - DEBUG - [UI] _on_plot_update 收到 332 个数据点
2026-09-04 14:04:15,905 - DVPTest - INFO - [串口] cuff=219 mmHg
2026-09-04 14:04:16,015 - DVPTest - DEBUG - 发出 sig_data: t=33.232, p=219.00
2026-09-04 14:04:16,017 - DVPTest - DEBUG - process_data: t=33.23, p=219.0, v=0.000, a=0.0, phase=DEFLATING
2026-09-04 14:04:16,018 - DVPTest - DEBUG - 物理分类结果: STABLE
2026-09-04 14:04:16,019 - DVPTest - DEBUG - [UI] _on_plot_update 收到 333 个数据点
2026-09-04 14:04:16,023 - DVPTest - INFO - [串口] cuff=219 mmHg
2026-09-04 14:04:16,109 - DVPTest - DEBUG - 发出 sig_data: t=33.327, p=218.00
2026-09-04 14:04:16,110 - DVPTest - DEBUG - process_data: t=33.33, p=218.0, v=-10.547, a=-111.2, phase=DEFLATING
2026-09-04 14:04:16,112 - DVPTest - DEBUG - 物理分类结果: DEFLATING
2026-09-04 14:04:16,113 - DVPTest - DEBUG - [UI] _on_plot_update 收到 334 个数据点
2026-09-04 14:04:16,116 - DVPTest - INFO - [串口] cuff=218 mmHg
2026-09-04 14:04:16,206 - DVPTest - DEBUG - 发出 sig_data: t=33.423, p=218.00
2026-09-04 14:04:16,208 - DVPTest - DEBUG - process_data: t=33.42, p=218.0, v=0.000, a=109.7, phase=DEFLATING
2026-09-04 14:04:16,208 - DVPTest - DEBUG - 物理分类结果: STABLE
2026-09-04 14:04:16,209 - DVPTest - DEBUG - [UI] _on_plot_update 收到 335 个数据点
2026-09-04 14:04:16,210 - DVPTest - INFO - [串口] cuff=218 mmHg
2026-09-04 14:04:16,317 - DVPTest - DEBUG - 发出 sig_data: t=33.535, p=218.00
2026-09-04 14:04:16,319 - DVPTest - DEBUG - process_data: t=33.53, p=218.0, v=0.000, a=0.0, phase=DEFLATING
2026-09-04 14:04:16,321 - DVPTest - DEBUG - 物理分类结果: STABLE
2026-09-04 14:04:16,322 - DVPTest - DEBUG - [UI] _on_plot_update 收到 336 个数据点
2026-09-04 14:04:16,328 - DVPTest - INFO - [串口] cuff=218 mmHg
2026-09-04 14:04:16,414 - DVPTest - DEBUG - 发出 sig_data: t=33.631, p=218.00
2026-09-04 14:04:16,416 - DVPTest - DEBUG - process_data: t=33.63, p=218.0, v=0.000, a=0.0, phase=DEFLATING
2026-09-04 14:04:16,417 - DVPTest - DEBUG - 物理分类结果: STABLE
2026-09-04 14:04:16,418 - DVPTest - DEBUG - [UI] _on_plot_update 收到 337 个数据点
2026-09-04 14:04:16,422 - DVPTest - INFO - [串口] cuff=218 mmHg
2026-09-04 14:04:16,509 - DVPTest - DEBUG - 发出 sig_data: t=33.727, p=218.00
2026-09-04 14:04:16,510 - DVPTest - DEBUG - process_data: t=33.73, p=218.0, v=0.000, a=0.0, phase=DEFLATING
2026-09-04 14:04:16,512 - DVPTest - DEBUG - 物理分类结果: STABLE
2026-09-04 14:04:16,512 - DVPTest - DEBUG - [UI] _on_plot_update 收到 338 个数据点
2026-09-04 14:04:16,514 - DVPTest - INFO - [串口] cuff=218 mmHg
2026-09-04 14:04:16,606 - DVPTest - DEBUG - 发出 sig_data: t=33.824, p=217.00
2026-09-04 14:04:16,608 - DVPTest - DEBUG - process_data: t=33.82, p=217.0, v=-10.328, a=-106.7, phase=DEFLATING
2026-09-04 14:04:16,610 - DVPTest - DEBUG - 物理分类结果: DEFLATING
2026-09-04 14:04:16,611 - DVPTest - DEBUG - [UI] _on_plot_update 收到 339 个数据点
2026-09-04 14:04:16,615 - DVPTest - INFO - [串口] cuff=217 mmHg
2026-09-04 14:04:16,717 - DVPTest - DEBUG - 发出 sig_data: t=33.934, p=217.00
2026-09-04 14:04:16,719 - DVPTest - DEBUG - process_data: t=33.93, p=217.0, v=0.000, a=93.5, phase=DEFLATING
2026-09-04 14:04:16,719 - DVPTest - DEBUG - 物理分类结果: STABLE
2026-09-04 14:04:16,721 - DVPTest - DEBUG - [UI] _on_plot_update 收到 340 个数据点
2026-09-04 14:04:16,724 - DVPTest - INFO - [串口] cuff=217 mmHg
2026-09-04 14:04:16,813 - DVPTest - DEBUG - 发出 sig_data: t=34.030, p=217.00
2026-09-04 14:04:16,813 - DVPTest - DEBUG - process_data: t=34.03, p=217.0, v=0.000, a=0.0, phase=DEFLATING
2026-09-04 14:04:16,814 - DVPTest - DEBUG - 物理分类结果: STABLE
2026-09-04 14:04:16,815 - DVPTest - DEBUG - [UI] _on_plot_update 收到 341 个数据点
2026-09-04 14:04:16,817 - DVPTest - INFO - [串口] cuff=217 mmHg
2026-09-04 14:04:16,908 - DVPTest - DEBUG - 发出 sig_data: t=34.126, p=217.00
2026-09-04 14:04:16,909 - DVPTest - DEBUG - process_data: t=34.13, p=217.0, v=0.000, a=0.0, phase=DEFLATING
2026-09-04 14:04:16,910 - DVPTest - DEBUG - 物理分类结果: STABLE
2026-09-04 14:04:16,911 - DVPTest - DEBUG - [UI] _on_plot_update 收到 342 个数据点
2026-09-04 14:04:16,912 - DVPTest - INFO - [串口] cuff=217 mmHg
2026-09-04 14:04:17,005 - DVPTest - DEBUG - 发出 sig_data: t=34.222, p=217.00
2026-09-04 14:04:17,007 - DVPTest - DEBUG - process_data: t=34.22, p=217.0, v=0.000, a=0.0, phase=DEFLATING
2026-09-04 14:04:17,007 - DVPTest - DEBUG - 物理分类结果: STABLE
2026-09-04 14:04:17,008 - DVPTest - DEBUG - [UI] _on_plot_update 收到 343 个数据点
2026-09-04 14:04:17,010 - DVPTest - INFO - [串口] cuff=217 mmHg
2026-09-04 14:04:17,116 - DVPTest - DEBUG - 发出 sig_data: t=34.334, p=217.00
2026-09-04 14:04:17,117 - DVPTest - DEBUG - process_data: t=34.33, p=217.0, v=0.000, a=0.0, phase=DEFLATING
2026-09-04 14:04:17,117 - DVPTest - DEBUG - 物理分类结果: STABLE
2026-09-04 14:04:17,118 - DVPTest - DEBUG - [UI] _on_plot_update 收到 344 个数据点
2026-09-04 14:04:17,119 - DVPTest - INFO - [串口] cuff=217 mmHg
2026-09-04 14:04:17,212 - DVPTest - DEBUG - 发出 sig_data: t=34.429, p=216.00
2026-09-04 14:04:17,214 - DVPTest - DEBUG - process_data: t=34.43, p=216.0, v=-10.451, a=-109.2, phase=DEFLATING
2026-09-04 14:04:17,214 - DVPTest - DEBUG - 物理分类结果: DEFLATING
2026-09-04 14:04:17,215 - DVPTest - DEBUG - [UI] _on_plot_update 收到 345 个数据点
2026-09-04 14:04:17,217 - DVPTest - INFO - [串口] cuff=216 mmHg
2026-09-04 14:04:17,308 - DVPTest - DEBUG - 发出 sig_data: t=34.526, p=216.00
2026-09-04 14:04:17,310 - DVPTest - DEBUG - process_data: t=34.53, p=216.0, v=0.000, a=108.3, phase=DEFLATING
2026-09-04 14:04:17,310 - DVPTest - DEBUG - 物理分类结果: STABLE
2026-09-04 14:04:17,311 - DVPTest - DEBUG - [UI] _on_plot_update 收到 346 个数据点
2026-09-04 14:04:17,313 - DVPTest - INFO - [串口] cuff=216 mmHg
2026-09-04 14:04:17,404 - DVPTest - DEBUG - 发出 sig_data: t=34.622, p=216.00
2026-09-04 14:04:17,407 - DVPTest - DEBUG - process_data: t=34.62, p=216.0, v=0.000, a=0.0, phase=DEFLATING
2026-09-04 14:04:17,408 - DVPTest - DEBUG - 物理分类结果: STABLE
2026-09-04 14:04:17,411 - DVPTest - DEBUG - [UI] _on_plot_update 收到 347 个数据点
2026-09-04 14:04:17,413 - DVPTest - INFO - [串口] cuff=216 mmHg
2026-09-04 14:04:17,516 - DVPTest - DEBUG - 发出 sig_data: t=34.734, p=216.00
2026-09-04 14:04:17,520 - DVPTest - DEBUG - process_data: t=34.73, p=216.0, v=0.000, a=0.0, phase=DEFLATING
2026-09-04 14:04:17,521 - DVPTest - DEBUG - 物理分类结果: STABLE
2026-09-04 14:04:17,522 - DVPTest - DEBUG - [UI] _on_plot_update 收到 348 个数据点
2026-09-04 14:04:17,526 - DVPTest - INFO - [串口] cuff=216 mmHg
2026-09-04 14:04:17,611 - DVPTest - DEBUG - 发出 sig_data: t=34.829, p=216.00
2026-09-04 14:04:17,612 - DVPTest - DEBUG - process_data: t=34.83, p=216.0, v=0.000, a=0.0, phase=DEFLATING
2026-09-04 14:04:17,613 - DVPTest - DEBUG - 物理分类结果: STABLE
2026-09-04 14:04:17,613 - DVPTest - DEBUG - [UI] _on_plot_update 收到 349 个数据点
2026-09-04 14:04:17,614 - DVPTest - INFO - [串口] cuff=216 mmHg
2026-09-04 14:04:17,707 - DVPTest - DEBUG - 发出 sig_data: t=34.925, p=215.00
2026-09-04 14:04:17,710 - DVPTest - DEBUG - process_data: t=34.93, p=215.0, v=-10.359, a=-107.3, phase=DEFLATING
2026-09-04 14:04:17,711 - DVPTest - DEBUG - 物理分类结果: DEFLATING
2026-09-04 14:04:17,713 - DVPTest - DEBUG - [UI] _on_plot_update 收到 350 个数据点
2026-09-04 14:04:17,716 - DVPTest - INFO - [串口] cuff=215 mmHg
2026-09-04 14:04:17,803 - DVPTest - DEBUG - 发出 sig_data: t=35.021, p=215.00
2026-09-04 14:04:17,804 - DVPTest - DEBUG - process_data: t=35.02, p=215.0, v=0.000, a=108.5, phase=DEFLATING
2026-09-04 14:04:17,805 - DVPTest - DEBUG - 物理分类结果: STABLE
2026-09-04 14:04:17,805 - DVPTest - DEBUG - [UI] _on_plot_update 收到 351 个数据点
2026-09-04 14:04:17,807 - DVPTest - INFO - [串口] cuff=215 mmHg
2026-09-04 14:04:17,915 - DVPTest - DEBUG - 发出 sig_data: t=35.132, p=215.00
2026-09-04 14:04:17,917 - DVPTest - DEBUG - process_data: t=35.13, p=215.0, v=0.000, a=0.0, phase=DEFLATING
2026-09-04 14:04:17,918 - DVPTest - DEBUG - 物理分类结果: STABLE
2026-09-04 14:04:17,919 - DVPTest - DEBUG - [UI] _on_plot_update 收到 352 个数据点
2026-09-04 14:04:17,922 - DVPTest - INFO - [串口] cuff=215 mmHg
2026-09-04 14:04:18,011 - DVPTest - DEBUG - 发出 sig_data: t=35.229, p=215.00
2026-09-04 14:04:18,014 - DVPTest - DEBUG - process_data: t=35.23, p=215.0, v=0.000, a=0.0, phase=DEFLATING
2026-09-04 14:04:18,015 - DVPTest - DEBUG - 物理分类结果: STABLE
2026-09-04 14:04:18,016 - DVPTest - DEBUG - [UI] _on_plot_update 收到 353 个数据点
2026-09-04 14:04:18,020 - DVPTest - INFO - [串口] cuff=215 mmHg
2026-09-04 14:04:18,107 - DVPTest - DEBUG - 发出 sig_data: t=35.324, p=215.00
2026-09-04 14:04:18,107 - DVPTest - DEBUG - process_data: t=35.32, p=215.0, v=0.000, a=0.0, phase=DEFLATING
2026-09-04 14:04:18,108 - DVPTest - DEBUG - 物理分类结果: STABLE
2026-09-04 14:04:18,109 - DVPTest - DEBUG - [UI] _on_plot_update 收到 354 个数据点
2026-09-04 14:04:18,110 - DVPTest - INFO - [串口] cuff=215 mmHg
2026-09-04 14:04:18,203 - DVPTest - DEBUG - 发出 sig_data: t=35.421, p=214.00
2026-09-04 14:04:18,208 - DVPTest - DEBUG - process_data: t=35.42, p=214.0, v=-10.331, a=-106.7, phase=DEFLATING
2026-09-04 14:04:18,209 - DVPTest - DEBUG - 物理分类结果: DEFLATING
2026-09-04 14:04:18,211 - DVPTest - DEBUG - [UI] _on_plot_update 收到 355 个数据点
2026-09-04 14:04:18,214 - DVPTest - INFO - [串口] cuff=214 mmHg
2026-09-04 14:04:18,315 - DVPTest - DEBUG - 发出 sig_data: t=35.533, p=214.00
2026-09-04 14:04:18,318 - DVPTest - DEBUG - process_data: t=35.53, p=214.0, v=0.000, a=92.6, phase=DEFLATING
2026-09-04 14:04:18,319 - DVPTest - DEBUG - 物理分类结果: STABLE
2026-09-04 14:04:18,321 - DVPTest - DEBUG - [UI] _on_plot_update 收到 356 个数据点
2026-09-04 14:04:18,322 - DVPTest - INFO - [串口] cuff=214 mmHg
2026-09-04 14:04:18,410 - DVPTest - DEBUG - 发出 sig_data: t=35.628, p=214.00
2026-09-04 14:04:18,411 - DVPTest - DEBUG - process_data: t=35.63, p=214.0, v=0.000, a=0.0, phase=DEFLATING
2026-09-04 14:04:18,412 - DVPTest - DEBUG - 物理分类结果: STABLE
2026-09-04 14:04:18,412 - DVPTest - DEBUG - [UI] _on_plot_update 收到 357 个数据点
2026-09-04 14:04:18,414 - DVPTest - INFO - [串口] cuff=214 mmHg
2026-09-04 14:04:18,506 - DVPTest - DEBUG - 发出 sig_data: t=35.724, p=214.00
2026-09-04 14:04:18,510 - DVPTest - DEBUG - process_data: t=35.72, p=214.0, v=0.000, a=0.0, phase=DEFLATING
2026-09-04 14:04:18,511 - DVPTest - DEBUG - 物理分类结果: STABLE
2026-09-04 14:04:18,512 - DVPTest - DEBUG - [UI] _on_plot_update 收到 358 个数据点
2026-09-04 14:04:18,515 - DVPTest - INFO - [串口] cuff=214 mmHg
2026-09-04 14:04:18,618 - DVPTest - DEBUG - 发出 sig_data: t=35.836, p=213.00
2026-09-04 14:04:18,619 - DVPTest - DEBUG - process_data: t=35.84, p=213.0, v=-8.957, a=-80.2, phase=DEFLATING
2026-09-04 14:04:18,620 - DVPTest - DEBUG - 物理分类结果: DEFLATING
2026-09-04 14:04:18,621 - DVPTest - DEBUG - [UI] _on_plot_update 收到 359 个数据点
2026-09-04 14:04:18,622 - DVPTest - INFO - [串口] cuff=213 mmHg
2026-09-04 14:04:18,714 - DVPTest - DEBUG - 发出 sig_data: t=35.931, p=213.00
2026-09-04 14:04:18,715 - DVPTest - DEBUG - process_data: t=35.93, p=213.0, v=0.000, a=93.8, phase=DEFLATING
2026-09-04 14:04:18,716 - DVPTest - DEBUG - 物理分类结果: STABLE
2026-09-04 14:04:18,718 - DVPTest - DEBUG - [UI] _on_plot_update 收到 360 个数据点
2026-09-04 14:04:18,719 - DVPTest - INFO - [串口] cuff=213 mmHg
2026-09-04 14:04:18,809 - DVPTest - DEBUG - 发出 sig_data: t=36.027, p=213.00
2026-09-04 14:04:18,812 - DVPTest - DEBUG - process_data: t=36.03, p=213.0, v=0.000, a=0.0, phase=DEFLATING
2026-09-04 14:04:18,813 - DVPTest - DEBUG - 物理分类结果: STABLE
2026-09-04 14:04:18,814 - DVPTest - DEBUG - [UI] _on_plot_update 收到 361 个数据点
2026-09-04 14:04:18,817 - DVPTest - INFO - [串口] cuff=213 mmHg
2026-09-04 14:04:18,906 - DVPTest - DEBUG - 发出 sig_data: t=36.124, p=213.00
2026-09-04 14:04:18,907 - DVPTest - DEBUG - process_data: t=36.12, p=213.0, v=0.000, a=0.0, phase=DEFLATING
2026-09-04 14:04:18,908 - DVPTest - DEBUG - 物理分类结果: STABLE
2026-09-04 14:04:18,908 - DVPTest - DEBUG - [UI] _on_plot_update 收到 362 个数据点
2026-09-04 14:04:18,909 - DVPTest - INFO - [串口] cuff=213 mmHg
2026-09-04 14:04:19,017 - DVPTest - DEBUG - 发出 sig_data: t=36.235, p=213.00
2026-09-04 14:04:19,021 - DVPTest - DEBUG - process_data: t=36.24, p=213.0, v=0.000, a=0.0, phase=DEFLATING
2026-09-04 14:04:19,022 - DVPTest - DEBUG - 物理分类结果: STABLE
2026-09-04 14:04:19,023 - DVPTest - DEBUG - [UI] _on_plot_update 收到 363 个数据点
2026-09-04 14:04:19,026 - DVPTest - INFO - [串口] cuff=213 mmHg
2026-09-04 14:04:19,114 - DVPTest - DEBUG - 发出 sig_data: t=36.331, p=212.00
2026-09-04 14:04:19,116 - DVPTest - DEBUG - process_data: t=36.33, p=212.0, v=-10.387, a=-107.9, phase=DEFLATING
2026-09-04 14:04:19,117 - DVPTest - DEBUG - 物理分类结果: DEFLATING
2026-09-04 14:04:19,119 - DVPTest - DEBUG - [UI] _on_plot_update 收到 364 个数据点
2026-09-04 14:04:19,122 - DVPTest - INFO - [串口] cuff=212 mmHg
2026-09-04 14:04:19,210 - DVPTest - DEBUG - 发出 sig_data: t=36.427, p=212.00
2026-09-04 14:04:19,210 - DVPTest - DEBUG - process_data: t=36.43, p=212.0, v=0.000, a=108.5, phase=DEFLATING
2026-09-04 14:04:19,210 - DVPTest - DEBUG - 物理分类结果: STABLE
2026-09-04 14:04:19,211 - DVPTest - DEBUG - [UI] _on_plot_update 收到 365 个数据点
2026-09-04 14:04:19,213 - DVPTest - INFO - [串口] cuff=212 mmHg
2026-09-04 14:04:19,306 - DVPTest - DEBUG - 发出 sig_data: t=36.523, p=212.00
2026-09-04 14:04:19,308 - DVPTest - DEBUG - process_data: t=36.52, p=212.0, v=0.000, a=0.0, phase=DEFLATING
2026-09-04 14:04:19,309 - DVPTest - DEBUG - 物理分类结果: STABLE
2026-09-04 14:04:19,311 - DVPTest - DEBUG - [UI] _on_plot_update 收到 366 个数据点
2026-09-04 14:04:19,313 - DVPTest - INFO - [串口] cuff=212 mmHg
2026-09-04 14:04:19,417 - DVPTest - DEBUG - 发出 sig_data: t=36.634, p=212.00
2026-09-04 14:04:19,419 - DVPTest - DEBUG - process_data: t=36.63, p=212.0, v=0.000, a=0.0, phase=DEFLATING
2026-09-04 14:04:19,421 - DVPTest - DEBUG - 物理分类结果: STABLE
2026-09-04 14:04:19,422 - DVPTest - DEBUG - [UI] _on_plot_update 收到 367 个数据点
2026-09-04 14:04:19,425 - DVPTest - INFO - [串口] cuff=212 mmHg
2026-09-04 14:04:19,513 - DVPTest - DEBUG - 发出 sig_data: t=36.731, p=211.00
2026-09-04 14:04:19,514 - DVPTest - DEBUG - process_data: t=36.73, p=211.0, v=-10.408, a=-108.3, phase=DEFLATING
2026-09-04 14:04:19,515 - DVPTest - DEBUG - 物理分类结果: DEFLATING
2026-09-04 14:04:19,515 - DVPTest - DEBUG - [UI] _on_plot_update 收到 368 个数据点
2026-09-04 14:04:19,517 - DVPTest - INFO - [串口] cuff=211 mmHg
2026-09-04 14:04:19,608 - DVPTest - DEBUG - 发出 sig_data: t=36.826, p=211.00
2026-09-04 14:04:19,610 - DVPTest - DEBUG - process_data: t=36.83, p=211.0, v=0.000, a=109.1, phase=DEFLATING
2026-09-04 14:04:19,610 - DVPTest - DEBUG - 物理分类结果: STABLE
2026-09-04 14:04:19,611 - DVPTest - DEBUG - [UI] _on_plot_update 收到 369 个数据点
2026-09-04 14:04:19,613 - DVPTest - INFO - [串口] cuff=211 mmHg
2026-09-04 14:04:19,705 - DVPTest - DEBUG - 发出 sig_data: t=36.922, p=211.00
2026-09-04 14:04:19,706 - DVPTest - DEBUG - process_data: t=36.92, p=211.0, v=0.000, a=0.0, phase=DEFLATING
2026-09-04 14:04:19,708 - DVPTest - DEBUG - 物理分类结果: STABLE
2026-09-04 14:04:19,708 - DVPTest - DEBUG - [UI] _on_plot_update 收到 370 个数据点
2026-09-04 14:04:19,711 - DVPTest - INFO - [串口] cuff=211 mmHg
2026-09-04 14:04:19,817 - DVPTest - DEBUG - 发出 sig_data: t=37.034, p=211.00
2026-09-04 14:04:19,819 - DVPTest - DEBUG - process_data: t=37.03, p=211.0, v=0.000, a=0.0, phase=DEFLATING
2026-09-04 14:04:19,820 - DVPTest - DEBUG - 物理分类结果: STABLE
2026-09-04 14:04:19,821 - DVPTest - DEBUG - [UI] _on_plot_update 收到 371 个数据点
2026-09-04 14:04:19,824 - DVPTest - INFO - [串口] cuff=211 mmHg
2026-09-04 14:04:19,912 - DVPTest - DEBUG - 发出 sig_data: t=37.130, p=211.00
2026-09-04 14:04:19,916 - DVPTest - DEBUG - process_data: t=37.13, p=211.0, v=0.000, a=0.0, phase=DEFLATING
2026-09-04 14:04:19,916 - DVPTest - DEBUG - 物理分类结果: STABLE
2026-09-04 14:04:19,919 - DVPTest - DEBUG - [UI] _on_plot_update 收到 372 个数据点
2026-09-04 14:04:19,921 - DVPTest - INFO - [串口] cuff=211 mmHg
2026-09-04 14:04:20,008 - DVPTest - DEBUG - 发出 sig_data: t=37.226, p=210.00
2026-09-04 14:04:20,009 - DVPTest - DEBUG - process_data: t=37.23, p=210.0, v=-10.474, a=-109.7, phase=DEFLATING
2026-09-04 14:04:20,010 - DVPTest - DEBUG - 物理分类结果: DEFLATING
2026-09-04 14:04:20,010 - DVPTest - DEBUG - [UI] _on_plot_update 收到 373 个数据点
2026-09-04 14:04:20,011 - DVPTest - INFO - [串口] cuff=210 mmHg
2026-09-04 14:04:20,119 - DVPTest - DEBUG - 发出 sig_data: t=37.337, p=210.00
2026-09-04 14:04:20,122 - DVPTest - DEBUG - process_data: t=37.34, p=210.0, v=0.000, a=94.2, phase=DEFLATING
2026-09-04 14:04:20,122 - DVPTest - DEBUG - 物理分类结果: STABLE
2026-09-04 14:04:20,124 - DVPTest - DEBUG - [UI] _on_plot_update 收到 374 个数据点
2026-09-04 14:04:20,126 - DVPTest - INFO - [串口] cuff=210 mmHg
2026-09-04 14:04:20,216 - DVPTest - DEBUG - 发出 sig_data: t=37.434, p=210.00
2026-09-04 14:04:20,222 - DVPTest - DEBUG - process_data: t=37.43, p=210.0, v=0.000, a=0.0, phase=DEFLATING
2026-09-04 14:04:20,223 - DVPTest - DEBUG - 物理分类结果: STABLE
2026-09-04 14:04:20,225 - DVPTest - DEBUG - [UI] _on_plot_update 收到 375 个数据点
2026-09-04 14:04:20,228 - DVPTest - INFO - [串口] cuff=210 mmHg
2026-09-04 14:04:20,312 - DVPTest - DEBUG - 发出 sig_data: t=37.529, p=210.00
2026-09-04 14:04:20,313 - DVPTest - DEBUG - process_data: t=37.53, p=210.0, v=0.000, a=0.0, phase=DEFLATING
2026-09-04 14:04:20,314 - DVPTest - DEBUG - 物理分类结果: STABLE
2026-09-04 14:04:20,314 - DVPTest - DEBUG - [UI] _on_plot_update 收到 376 个数据点
2026-09-04 14:04:20,315 - DVPTest - INFO - [串口] cuff=210 mmHg
2026-09-04 14:04:20,407 - DVPTest - DEBUG - 发出 sig_data: t=37.625, p=210.00
2026-09-04 14:04:20,410 - DVPTest - DEBUG - process_data: t=37.63, p=210.0, v=0.000, a=0.0, phase=DEFLATING
2026-09-04 14:04:20,411 - DVPTest - DEBUG - 物理分类结果: STABLE
2026-09-04 14:04:20,412 - DVPTest - DEBUG - [UI] _on_plot_update 收到 377 个数据点
2026-09-04 14:04:20,416 - DVPTest - INFO - [串口] cuff=210 mmHg
2026-09-04 14:04:20,520 - DVPTest - DEBUG - 发出 sig_data: t=37.737, p=209.00
2026-09-04 14:04:20,522 - DVPTest - DEBUG - process_data: t=37.74, p=209.0, v=-8.927, a=-79.7, phase=DEFLATING
2026-09-04 14:04:20,523 - DVPTest - DEBUG - 物理分类结果: DEFLATING
2026-09-04 14:04:20,525 - DVPTest - DEBUG - [UI] _on_plot_update 收到 378 个数据点
2026-09-04 14:04:20,527 - DVPTest - INFO - [串口] cuff=209 mmHg
2026-09-04 14:04:20,616 - DVPTest - DEBUG - 发出 sig_data: t=37.833, p=209.00
2026-09-04 14:04:20,616 - DVPTest - DEBUG - process_data: t=37.83, p=209.0, v=0.000, a=93.2, phase=DEFLATING
2026-09-04 14:04:20,616 - DVPTest - DEBUG - 物理分类结果: STABLE
2026-09-04 14:04:20,617 - DVPTest - DEBUG - [UI] _on_plot_update 收到 379 个数据点
2026-09-04 14:04:20,618 - DVPTest - INFO - [串口] cuff=209 mmHg
2026-09-04 14:04:20,711 - DVPTest - DEBUG - 发出 sig_data: t=37.928, p=209.00
2026-09-04 14:04:20,712 - DVPTest - DEBUG - process_data: t=37.93, p=209.0, v=0.000, a=0.0, phase=DEFLATING
2026-09-04 14:04:20,713 - DVPTest - DEBUG - 物理分类结果: STABLE
2026-09-04 14:04:20,714 - DVPTest - DEBUG - [UI] _on_plot_update 收到 380 个数据点
2026-09-04 14:04:20,717 - DVPTest - INFO - [串口] cuff=209 mmHg
2026-09-04 14:04:20,807 - DVPTest - DEBUG - 发出 sig_data: t=38.024, p=209.00
2026-09-04 14:04:20,808 - DVPTest - DEBUG - process_data: t=38.02, p=209.0, v=0.000, a=0.0, phase=DEFLATING
2026-09-04 14:04:20,809 - DVPTest - DEBUG - 物理分类结果: STABLE
2026-09-04 14:04:20,810 - DVPTest - DEBUG - [UI] _on_plot_update 收到 381 个数据点
2026-09-04 14:04:20,811 - DVPTest - INFO - [串口] cuff=209 mmHg
2026-09-04 14:04:20,918 - DVPTest - DEBUG - 发出 sig_data: t=38.136, p=209.00
2026-09-04 14:04:20,923 - DVPTest - DEBUG - process_data: t=38.14, p=209.0, v=0.000, a=0.0, phase=DEFLATING
2026-09-04 14:04:20,924 - DVPTest - DEBUG - 物理分类结果: STABLE
2026-09-04 14:04:20,926 - DVPTest - DEBUG - [UI] _on_plot_update 收到 382 个数据点
2026-09-04 14:04:20,930 - DVPTest - INFO - [串口] cuff=209 mmHg
2026-09-04 14:04:21,015 - DVPTest - DEBUG - 发出 sig_data: t=38.233, p=208.00
2026-09-04 14:04:21,017 - DVPTest - DEBUG - process_data: t=38.23, p=208.0, v=-10.369, a=-107.5, phase=DEFLATING
2026-09-04 14:04:21,018 - DVPTest - DEBUG - 物理分类结果: DEFLATING
2026-09-04 14:04:21,020 - DVPTest - DEBUG - [UI] _on_plot_update 收到 383 个数据点
2026-09-04 14:04:21,023 - DVPTest - INFO - [串口] cuff=208 mmHg
2026-09-04 14:04:21,111 - DVPTest - DEBUG - 发出 sig_data: t=38.328, p=208.00
2026-09-04 14:04:21,111 - DVPTest - DEBUG - process_data: t=38.33, p=208.0, v=0.000, a=108.6, phase=DEFLATING
2026-09-04 14:04:21,112 - DVPTest - DEBUG - 物理分类结果: STABLE
2026-09-04 14:04:21,112 - DVPTest - DEBUG - [UI] _on_plot_update 收到 384 个数据点
2026-09-04 14:04:21,114 - DVPTest - INFO - [串口] cuff=208 mmHg
2026-09-04 14:04:21,206 - DVPTest - DEBUG - 发出 sig_data: t=38.424, p=208.00
2026-09-04 14:04:21,209 - DVPTest - DEBUG - process_data: t=38.42, p=208.0, v=0.000, a=0.0, phase=DEFLATING
2026-09-04 14:04:21,210 - DVPTest - DEBUG - 物理分类结果: STABLE
2026-09-04 14:04:21,212 - DVPTest - DEBUG - [UI] _on_plot_update 收到 385 个数据点
2026-09-04 14:04:21,215 - DVPTest - INFO - [串口] cuff=208 mmHg
2026-09-04 14:04:21,318 - DVPTest - DEBUG - 发出 sig_data: t=38.535, p=208.00
2026-09-04 14:04:21,318 - DVPTest - DEBUG - process_data: t=38.54, p=208.0, v=0.000, a=0.0, phase=DEFLATING
2026-09-04 14:04:21,319 - DVPTest - DEBUG - 物理分类结果: STABLE
2026-09-04 14:04:21,319 - DVPTest - DEBUG - [UI] _on_plot_update 收到 386 个数据点
2026-09-04 14:04:21,321 - DVPTest - INFO - [串口] cuff=208 mmHg
2026-09-04 14:04:21,414 - DVPTest - DEBUG - 发出 sig_data: t=38.632, p=207.00
2026-09-04 14:04:21,417 - DVPTest - DEBUG - process_data: t=38.63, p=207.0, v=-10.352, a=-107.2, phase=DEFLATING
2026-09-04 14:04:21,419 - DVPTest - DEBUG - 物理分类结果: DEFLATING
2026-09-04 14:04:21,421 - DVPTest - DEBUG - [UI] _on_plot_update 收到 387 个数据点
2026-09-04 14:04:21,425 - DVPTest - INFO - [串口] cuff=207 mmHg
2026-09-04 14:04:21,510 - DVPTest - DEBUG - 发出 sig_data: t=38.728, p=207.00
2026-09-04 14:04:21,511 - DVPTest - DEBUG - process_data: t=38.73, p=207.0, v=0.000, a=108.1, phase=DEFLATING
2026-09-04 14:04:21,512 - DVPTest - DEBUG - 物理分类结果: STABLE
2026-09-04 14:04:21,512 - DVPTest - DEBUG - [UI] _on_plot_update 收到 388 个数据点
2026-09-04 14:04:21,513 - DVPTest - INFO - [串口] cuff=207 mmHg
2026-09-04 14:04:21,606 - DVPTest - DEBUG - 发出 sig_data: t=38.824, p=207.00
2026-09-04 14:04:21,607 - DVPTest - DEBUG - process_data: t=38.82, p=207.0, v=0.000, a=0.0, phase=DEFLATING
2026-09-04 14:04:21,607 - DVPTest - DEBUG - 物理分类结果: STABLE
2026-09-04 14:04:21,608 - DVPTest - DEBUG - [UI] _on_plot_update 收到 389 个数据点
2026-09-04 14:04:21,610 - DVPTest - INFO - [串口] cuff=207 mmHg
2026-09-04 14:04:21,717 - DVPTest - DEBUG - 发出 sig_data: t=38.935, p=207.00
2026-09-04 14:04:21,720 - DVPTest - DEBUG - process_data: t=38.93, p=207.0, v=0.000, a=0.0, phase=DEFLATING
2026-09-04 14:04:21,721 - DVPTest - DEBUG - 物理分类结果: STABLE
2026-09-04 14:04:21,722 - DVPTest - DEBUG - [UI] _on_plot_update 收到 390 个数据点
2026-09-04 14:04:21,725 - DVPTest - INFO - [串口] cuff=207 mmHg
2026-09-04 14:04:21,814 - DVPTest - DEBUG - 发出 sig_data: t=39.031, p=207.00
2026-09-04 14:04:21,814 - DVPTest - DEBUG - process_data: t=39.03, p=207.0, v=0.000, a=0.0, phase=DEFLATING
2026-09-04 14:04:21,815 - DVPTest - DEBUG - 物理分类结果: STABLE
2026-09-04 14:04:21,816 - DVPTest - DEBUG - [UI] _on_plot_update 收到 391 个数据点
2026-09-04 14:04:21,817 - DVPTest - INFO - [串口] cuff=207 mmHg
2026-09-04 14:04:21,909 - DVPTest - DEBUG - 发出 sig_data: t=39.127, p=206.00
2026-09-04 14:04:21,912 - DVPTest - DEBUG - process_data: t=39.13, p=206.0, v=-10.450, a=-109.2, phase=DEFLATING
2026-09-04 14:04:21,913 - DVPTest - DEBUG - 物理分类结果: DEFLATING
2026-09-04 14:04:21,914 - DVPTest - DEBUG - [UI] _on_plot_update 收到 392 个数据点
2026-09-04 14:04:21,918 - DVPTest - INFO - [串口] cuff=206 mmHg
2026-09-04 14:04:22,005 - DVPTest - DEBUG - 发出 sig_data: t=39.222, p=206.00
2026-09-04 14:04:22,007 - DVPTest - DEBUG - process_data: t=39.22, p=206.0, v=0.000, a=109.4, phase=DEFLATING
2026-09-04 14:04:22,008 - DVPTest - DEBUG - 物理分类结果: STABLE
2026-09-04 14:04:22,010 - DVPTest - DEBUG - [UI] _on_plot_update 收到 393 个数据点
2026-09-04 14:04:22,014 - DVPTest - INFO - [串口] cuff=206 mmHg
2026-09-04 14:04:22,117 - DVPTest - DEBUG - 发出 sig_data: t=39.334, p=206.00
2026-09-04 14:04:22,117 - DVPTest - DEBUG - process_data: t=39.33, p=206.0, v=0.000, a=0.0, phase=DEFLATING
2026-09-04 14:04:22,118 - DVPTest - DEBUG - 物理分类结果: STABLE
2026-09-04 14:04:22,120 - DVPTest - DEBUG - [UI] _on_plot_update 收到 394 个数据点
2026-09-04 14:04:22,122 - DVPTest - INFO - [串口] cuff=206 mmHg
2026-09-04 14:04:22,213 - DVPTest - DEBUG - 发出 sig_data: t=39.431, p=206.00
2026-09-04 14:04:22,216 - DVPTest - DEBUG - process_data: t=39.43, p=206.0, v=0.000, a=0.0, phase=DEFLATING
2026-09-04 14:04:22,217 - DVPTest - DEBUG - 物理分类结果: STABLE
2026-09-04 14:04:22,219 - DVPTest - DEBUG - [UI] _on_plot_update 收到 395 个数据点
2026-09-04 14:04:22,222 - DVPTest - INFO - [串口] cuff=206 mmHg
2026-09-04 14:04:22,308 - DVPTest - DEBUG - 发出 sig_data: t=39.526, p=206.00
2026-09-04 14:04:22,311 - DVPTest - DEBUG - process_data: t=39.53, p=206.0, v=0.000, a=0.0, phase=DEFLATING
2026-09-04 14:04:22,312 - DVPTest - DEBUG - 物理分类结果: STABLE
2026-09-04 14:04:22,313 - DVPTest - DEBUG - [UI] _on_plot_update 收到 396 个数据点
2026-09-04 14:04:22,317 - DVPTest - INFO - [串口] cuff=206 mmHg
2026-09-04 14:04:22,420 - DVPTest - DEBUG - 发出 sig_data: t=39.637, p=205.00
2026-09-04 14:04:22,422 - DVPTest - DEBUG - process_data: t=39.64, p=205.0, v=-8.982, a=-80.7, phase=DEFLATING
2026-09-04 14:04:22,423 - DVPTest - DEBUG - 物理分类结果: DEFLATING
2026-09-04 14:04:22,425 - DVPTest - DEBUG - [UI] _on_plot_update 收到 397 个数据点
2026-09-04 14:04:22,427 - DVPTest - INFO - [串口] cuff=205 mmHg
2026-09-04 14:04:22,517 - DVPTest - DEBUG - 发出 sig_data: t=39.734, p=205.00
2026-09-04 14:04:22,520 - DVPTest - DEBUG - process_data: t=39.73, p=205.0, v=0.000, a=92.5, phase=DEFLATING
2026-09-04 14:04:22,521 - DVPTest - DEBUG - 物理分类结果: STABLE
2026-09-04 14:04:22,523 - DVPTest - DEBUG - [UI] _on_plot_update 收到 398 个数据点
2026-09-04 14:04:22,528 - DVPTest - INFO - [串口] cuff=205 mmHg
2026-09-04 14:04:22,612 - DVPTest - DEBUG - 发出 sig_data: t=39.829, p=205.00
2026-09-04 14:04:22,613 - DVPTest - DEBUG - process_data: t=39.83, p=205.0, v=0.000, a=0.0, phase=DEFLATING
2026-09-04 14:04:22,613 - DVPTest - DEBUG - 物理分类结果: STABLE
2026-09-04 14:04:22,614 - DVPTest - DEBUG - [UI] _on_plot_update 收到 399 个数据点
2026-09-04 14:04:22,616 - DVPTest - INFO - [串口] cuff=205 mmHg
2026-09-04 14:04:22,708 - DVPTest - DEBUG - 发出 sig_data: t=39.926, p=205.00
2026-09-04 14:04:22,711 - DVPTest - DEBUG - process_data: t=39.93, p=205.0, v=0.000, a=0.0, phase=DEFLATING
2026-09-04 14:04:22,712 - DVPTest - DEBUG - 物理分类结果: STABLE
2026-09-04 14:04:22,713 - DVPTest - DEBUG - [UI] _on_plot_update 收到 400 个数据点
2026-09-04 14:04:22,716 - DVPTest - INFO - [串口] cuff=205 mmHg
2026-09-04 14:04:22,819 - DVPTest - DEBUG - 发出 sig_data: t=40.037, p=204.00
2026-09-04 14:04:22,822 - DVPTest - DEBUG - process_data: t=40.04, p=204.0, v=-9.010, a=-81.2, phase=DEFLATING
2026-09-04 14:04:22,824 - DVPTest - DEBUG - 物理分类结果: DEFLATING
2026-09-04 14:04:22,826 - DVPTest - DEBUG - [UI] _on_plot_update 收到 401 个数据点
2026-09-04 14:04:22,828 - DVPTest - INFO - [串口] cuff=204 mmHg
2026-09-04 14:04:22,915 - DVPTest - DEBUG - 发出 sig_data: t=40.133, p=204.00
2026-09-04 14:04:22,916 - DVPTest - DEBUG - process_data: t=40.13, p=204.0, v=0.000, a=94.0, phase=DEFLATING
2026-09-04 14:04:22,917 - DVPTest - DEBUG - 物理分类结果: STABLE
2026-09-04 14:04:22,917 - DVPTest - DEBUG - [UI] _on_plot_update 收到 402 个数据点
2026-09-04 14:04:22,919 - DVPTest - INFO - [串口] cuff=204 mmHg
2026-09-04 14:04:23,012 - DVPTest - DEBUG - 发出 sig_data: t=40.229, p=204.00
2026-09-04 14:04:23,015 - DVPTest - DEBUG - process_data: t=40.23, p=204.0, v=0.000, a=0.0, phase=DEFLATING
2026-09-04 14:04:23,016 - DVPTest - DEBUG - 物理分类结果: STABLE
2026-09-04 14:04:23,018 - DVPTest - DEBUG - [UI] _on_plot_update 收到 403 个数据点
2026-09-04 14:04:23,020 - DVPTest - INFO - [串口] cuff=204 mmHg
2026-09-04 14:04:23,107 - DVPTest - DEBUG - 发出 sig_data: t=40.325, p=204.00
2026-09-04 14:04:23,110 - DVPTest - DEBUG - process_data: t=40.33, p=204.0, v=0.000, a=0.0, phase=DEFLATING
2026-09-04 14:04:23,111 - DVPTest - DEBUG - 物理分类结果: STABLE
2026-09-04 14:04:23,112 - DVPTest - DEBUG - [UI] _on_plot_update 收到 404 个数据点
2026-09-04 14:04:23,115 - DVPTest - INFO - [串口] cuff=204 mmHg
2026-09-04 14:04:23,219 - DVPTest - DEBUG - 发出 sig_data: t=40.436, p=203.00
2026-09-04 14:04:23,223 - DVPTest - DEBUG - process_data: t=40.44, p=203.0, v=-9.000, a=-81.0, phase=DEFLATING
2026-09-04 14:04:23,223 - DVPTest - DEBUG - 物理分类结果: DEFLATING
2026-09-04 14:04:23,224 - DVPTest - DEBUG - [UI] _on_plot_update 收到 405 个数据点
2026-09-04 14:04:23,225 - DVPTest - INFO - [串口] cuff=203 mmHg
2026-09-04 14:04:23,315 - DVPTest - DEBUG - 发出 sig_data: t=40.532, p=203.00
2026-09-04 14:04:23,316 - DVPTest - DEBUG - process_data: t=40.53, p=203.0, v=0.000, a=93.7, phase=DEFLATING
2026-09-04 14:04:23,317 - DVPTest - DEBUG - 物理分类结果: STABLE
2026-09-04 14:04:23,318 - DVPTest - DEBUG - [UI] _on_plot_update 收到 406 个数据点
2026-09-04 14:04:23,320 - DVPTest - INFO - [串口] cuff=203 mmHg
2026-09-04 14:04:23,410 - DVPTest - DEBUG - 发出 sig_data: t=40.628, p=203.00
2026-09-04 14:04:23,415 - DVPTest - DEBUG - process_data: t=40.63, p=203.0, v=0.000, a=0.0, phase=DEFLATING
2026-09-04 14:04:23,417 - DVPTest - DEBUG - 物理分类结果: STABLE
2026-09-04 14:04:23,419 - DVPTest - DEBUG - [UI] _on_plot_update 收到 407 个数据点
2026-09-04 14:04:23,420 - DVPTest - INFO - [串口] cuff=203 mmHg
2026-09-04 14:04:23,506 - DVPTest - DEBUG - 发出 sig_data: t=40.724, p=203.00
2026-09-04 14:04:23,508 - DVPTest - DEBUG - process_data: t=40.72, p=203.0, v=0.000, a=0.0, phase=DEFLATING
2026-09-04 14:04:23,509 - DVPTest - DEBUG - 物理分类结果: STABLE
2026-09-04 14:04:23,510 - DVPTest - DEBUG - [UI] _on_plot_update 收到 408 个数据点
2026-09-04 14:04:23,512 - DVPTest - INFO - [串口] cuff=203 mmHg
2026-09-04 14:04:23,618 - DVPTest - DEBUG - 发出 sig_data: t=40.836, p=203.00
2026-09-04 14:04:23,624 - DVPTest - DEBUG - process_data: t=40.84, p=203.0, v=0.000, a=0.0, phase=DEFLATING
2026-09-04 14:04:23,625 - DVPTest - DEBUG - 物理分类结果: STABLE
2026-09-04 14:04:23,627 - DVPTest - DEBUG - [UI] _on_plot_update 收到 409 个数据点
2026-09-04 14:04:23,629 - DVPTest - INFO - [串口] cuff=203 mmHg
2026-09-04 14:04:23,714 - DVPTest - DEBUG - 发出 sig_data: t=40.932, p=202.00
2026-09-04 14:04:23,716 - DVPTest - DEBUG - process_data: t=40.93, p=202.0, v=-10.473, a=-109.7, phase=DEFLATING
2026-09-04 14:04:23,717 - DVPTest - DEBUG - 物理分类结果: DEFLATING
2026-09-04 14:04:23,717 - DVPTest - DEBUG - [UI] _on_plot_update 收到 410 个数据点
2026-09-04 14:04:23,719 - DVPTest - INFO - [串口] cuff=202 mmHg
2026-09-04 14:04:23,811 - DVPTest - DEBUG - 发出 sig_data: t=41.028, p=202.00
2026-09-04 14:04:23,812 - DVPTest - DEBUG - process_data: t=41.03, p=202.0, v=0.000, a=108.8, phase=DEFLATING
2026-09-04 14:04:23,812 - DVPTest - DEBUG - 物理分类结果: STABLE
2026-09-04 14:04:23,813 - DVPTest - DEBUG - [UI] _on_plot_update 收到 411 个数据点
2026-09-04 14:04:23,815 - DVPTest - INFO - [串口] cuff=202 mmHg
2026-09-04 14:04:23,906 - DVPTest - DEBUG - 发出 sig_data: t=41.124, p=202.00
2026-09-04 14:04:23,909 - DVPTest - DEBUG - process_data: t=41.12, p=202.0, v=0.000, a=0.0, phase=DEFLATING
2026-09-04 14:04:23,910 - DVPTest - DEBUG - 物理分类结果: STABLE
2026-09-04 14:04:23,911 - DVPTest - DEBUG - [UI] _on_plot_update 收到 412 个数据点
2026-09-04 14:04:23,913 - DVPTest - INFO - [串口] cuff=202 mmHg
2026-09-04 14:04:24,017 - DVPTest - DEBUG - 发出 sig_data: t=41.235, p=202.00
2026-09-04 14:04:24,019 - DVPTest - DEBUG - process_data: t=41.23, p=202.0, v=0.000, a=0.0, phase=DEFLATING
2026-09-04 14:04:24,019 - DVPTest - DEBUG - 物理分类结果: STABLE
2026-09-04 14:04:24,020 - DVPTest - DEBUG - [UI] _on_plot_update 收到 413 个数据点
2026-09-04 14:04:24,022 - DVPTest - INFO - [串口] cuff=202 mmHg
2026-09-04 14:04:24,114 - DVPTest - DEBUG - 发出 sig_data: t=41.331, p=201.00
2026-09-04 14:04:24,117 - DVPTest - DEBUG - process_data: t=41.33, p=201.0, v=-10.369, a=-107.5, phase=DEFLATING
2026-09-04 14:04:24,118 - DVPTest - DEBUG - 物理分类结果: DEFLATING
2026-09-04 14:04:24,119 - DVPTest - DEBUG - [UI] _on_plot_update 收到 414 个数据点
2026-09-04 14:04:24,123 - DVPTest - INFO - [串口] cuff=201 mmHg
2026-09-04 14:04:24,209 - DVPTest - DEBUG - 发出 sig_data: t=41.427, p=201.00
2026-09-04 14:04:24,211 - DVPTest - DEBUG - process_data: t=41.43, p=201.0, v=0.000, a=108.6, phase=DEFLATING
2026-09-04 14:04:24,212 - DVPTest - DEBUG - 物理分类结果: STABLE
2026-09-04 14:04:24,214 - DVPTest - DEBUG - [UI] _on_plot_update 收到 415 个数据点
2026-09-04 14:04:24,217 - DVPTest - INFO - [串口] cuff=201 mmHg
2026-09-04 14:04:24,305 - DVPTest - DEBUG - 发出 sig_data: t=41.523, p=201.00
2026-09-04 14:04:24,307 - DVPTest - DEBUG - process_data: t=41.52, p=201.0, v=0.000, a=0.0, phase=DEFLATING
2026-09-04 14:04:24,307 - DVPTest - DEBUG - 物理分类结果: STABLE
2026-09-04 14:04:24,309 - DVPTest - DEBUG - [UI] _on_plot_update 收到 416 个数据点
2026-09-04 14:04:24,310 - DVPTest - INFO - [串口] cuff=201 mmHg
2026-09-04 14:04:24,417 - DVPTest - DEBUG - 发出 sig_data: t=41.635, p=201.00
2026-09-04 14:04:24,419 - DVPTest - DEBUG - process_data: t=41.63, p=201.0, v=0.000, a=0.0, phase=DEFLATING
2026-09-04 14:04:24,420 - DVPTest - DEBUG - 物理分类结果: STABLE
2026-09-04 14:04:24,422 - DVPTest - DEBUG - [UI] _on_plot_update 收到 417 个数据点
2026-09-04 14:04:24,426 - DVPTest - INFO - [串口] cuff=201 mmHg
2026-09-04 14:04:24,513 - DVPTest - DEBUG - 发出 sig_data: t=41.731, p=200.00
2026-09-04 14:04:24,517 - DVPTest - DEBUG - process_data: t=41.73, p=200.0, v=-10.382, a=-107.8, phase=DEFLATING
2026-09-04 14:04:24,518 - DVPTest - SUCCESS - ★ 泄气中间值 200.0 mmHg 真实穿越 @ 41.73s
2026-09-04 14:04:24,519 - DVPTest - DEBUG - 物理分类结果: DEFLATING
2026-09-04 14:04:24,521 - DVPTest - DEBUG - [UI] _on_plot_update 收到 418 个数据点
2026-09-04 14:04:24,525 - DVPTest - INFO - [串口] cuff=200 mmHg
2026-09-04 14:04:24,609 - DVPTest - DEBUG - 发出 sig_data: t=41.827, p=200.00
2026-09-04 14:04:24,610 - DVPTest - DEBUG - process_data: t=41.83, p=200.0, v=0.000, a=108.6, phase=DEFLATING
2026-09-04 14:04:24,611 - DVPTest - DEBUG - 物理分类结果: STABLE
2026-09-04 14:04:24,612 - DVPTest - DEBUG - [UI] _on_plot_update 收到 419 个数据点
2026-09-04 14:04:24,613 - DVPTest - INFO - [串口] cuff=200 mmHg
2026-09-04 14:04:24,720 - DVPTest - DEBUG - 发出 sig_data: t=41.938, p=200.00
2026-09-04 14:04:24,725 - DVPTest - DEBUG - process_data: t=41.94, p=200.0, v=0.000, a=0.0, phase=DEFLATING
2026-09-04 14:04:24,726 - DVPTest - DEBUG - 物理分类结果: STABLE
2026-09-04 14:04:24,728 - DVPTest - DEBUG - [UI] _on_plot_update 收到 420 个数据点
2026-09-04 14:04:24,732 - DVPTest - INFO - [串口] cuff=200 mmHg
2026-09-04 14:04:24,816 - DVPTest - DEBUG - 发出 sig_data: t=42.034, p=200.00
2026-09-04 14:04:24,817 - DVPTest - DEBUG - process_data: t=42.03, p=200.0, v=0.000, a=0.0, phase=DEFLATING
2026-09-04 14:04:24,818 - DVPTest - DEBUG - 物理分类结果: STABLE
2026-09-04 14:04:24,818 - DVPTest - DEBUG - [UI] _on_plot_update 收到 421 个数据点
2026-09-04 14:04:24,820 - DVPTest - INFO - [串口] cuff=200 mmHg
2026-09-04 14:04:24,913 - DVPTest - DEBUG - 发出 sig_data: t=42.130, p=200.00
2026-09-04 14:04:24,916 - DVPTest - DEBUG - process_data: t=42.13, p=200.0, v=0.000, a=0.0, phase=DEFLATING
2026-09-04 14:04:24,917 - DVPTest - DEBUG - 物理分类结果: STABLE
2026-09-04 14:04:24,918 - DVPTest - DEBUG - [UI] _on_plot_update 收到 422 个数据点
2026-09-04 14:04:24,922 - DVPTest - INFO - [串口] cuff=200 mmHg
2026-09-04 14:04:25,008 - DVPTest - DEBUG - 发出 sig_data: t=42.225, p=199.00
2026-09-04 14:04:25,010 - DVPTest - DEBUG - process_data: t=42.23, p=199.0, v=-10.539, a=-111.1, phase=DEFLATING
2026-09-04 14:04:25,011 - DVPTest - DEBUG - 物理分类结果: DEFLATING
2026-09-04 14:04:25,011 - DVPTest - DEBUG - [UI] _on_plot_update 收到 423 个数据点
2026-09-04 14:04:25,014 - DVPTest - INFO - [串口] cuff=199 mmHg
2026-09-04 14:04:25,120 - DVPTest - DEBUG - 发出 sig_data: t=42.338, p=199.00
2026-09-04 14:04:25,121 - DVPTest - DEBUG - process_data: t=42.34, p=199.0, v=0.000, a=93.9, phase=DEFLATING
2026-09-04 14:04:25,122 - DVPTest - DEBUG - 物理分类结果: STABLE
2026-09-04 14:04:25,122 - DVPTest - DEBUG - [UI] _on_plot_update 收到 424 个数据点
2026-09-04 14:04:25,124 - DVPTest - INFO - [串口] cuff=199 mmHg
2026-09-04 14:04:25,216 - DVPTest - DEBUG - 发出 sig_data: t=42.434, p=199.00
2026-09-04 14:04:25,219 - DVPTest - DEBUG - process_data: t=42.43, p=199.0, v=0.000, a=0.0, phase=DEFLATING
2026-09-04 14:04:25,221 - DVPTest - DEBUG - 物理分类结果: STABLE
2026-09-04 14:04:25,222 - DVPTest - DEBUG - [UI] _on_plot_update 收到 425 个数据点
2026-09-04 14:04:25,225 - DVPTest - INFO - [串口] cuff=199 mmHg
2026-09-04 14:04:25,312 - DVPTest - DEBUG - 发出 sig_data: t=42.530, p=199.00
2026-09-04 14:04:25,316 - DVPTest - DEBUG - process_data: t=42.53, p=199.0, v=0.000, a=0.0, phase=DEFLATING
2026-09-04 14:04:25,316 - DVPTest - DEBUG - 物理分类结果: STABLE
2026-09-04 14:04:25,319 - DVPTest - DEBUG - [UI] _on_plot_update 收到 426 个数据点
2026-09-04 14:04:25,321 - DVPTest - INFO - [串口] cuff=199 mmHg
2026-09-04 14:04:25,408 - DVPTest - DEBUG - 发出 sig_data: t=42.625, p=199.00
2026-09-04 14:04:25,408 - DVPTest - DEBUG - process_data: t=42.63, p=199.0, v=0.000, a=0.0, phase=DEFLATING
2026-09-04 14:04:25,409 - DVPTest - DEBUG - 物理分类结果: STABLE
2026-09-04 14:04:25,409 - DVPTest - DEBUG - [UI] _on_plot_update 收到 427 个数据点
2026-09-04 14:04:25,411 - DVPTest - INFO - [串口] cuff=199 mmHg
2026-09-04 14:04:25,519 - DVPTest - DEBUG - 发出 sig_data: t=42.737, p=198.00
2026-09-04 14:04:25,523 - DVPTest - DEBUG - process_data: t=42.74, p=198.0, v=-8.934, a=-79.8, phase=DEFLATING
2026-09-04 14:04:25,524 - DVPTest - DEBUG - 物理分类结果: DEFLATING
2026-09-04 14:04:25,526 - DVPTest - DEBUG - [UI] _on_plot_update 收到 428 个数据点
2026-09-04 14:04:25,530 - DVPTest - INFO - [串口] cuff=198 mmHg
2026-09-04 14:04:25,615 - DVPTest - DEBUG - 发出 sig_data: t=42.833, p=198.00
2026-09-04 14:04:25,617 - DVPTest - DEBUG - process_data: t=42.83, p=198.0, v=0.000, a=93.5, phase=DEFLATING
2026-09-04 14:04:25,618 - DVPTest - DEBUG - 物理分类结果: STABLE
2026-09-04 14:04:25,620 - DVPTest - DEBUG - [UI] _on_plot_update 收到 429 个数据点
2026-09-04 14:04:25,624 - DVPTest - INFO - [串口] cuff=198 mmHg
2026-09-04 14:04:25,711 - DVPTest - DEBUG - 发出 sig_data: t=42.929, p=198.00
2026-09-04 14:04:25,714 - DVPTest - DEBUG - process_data: t=42.93, p=198.0, v=0.000, a=0.0, phase=DEFLATING
2026-09-04 14:04:25,714 - DVPTest - DEBUG - 物理分类结果: STABLE
2026-09-04 14:04:25,715 - DVPTest - DEBUG - [UI] _on_plot_update 收到 430 个数据点
2026-09-04 14:04:25,716 - DVPTest - INFO - [串口] cuff=198 mmHg
2026-09-04 14:04:25,807 - DVPTest - DEBUG - 发出 sig_data: t=43.025, p=198.00
2026-09-04 14:04:25,810 - DVPTest - DEBUG - process_data: t=43.02, p=198.0, v=0.000, a=0.0, phase=DEFLATING
2026-09-04 14:04:25,811 - DVPTest - DEBUG - 物理分类结果: STABLE
2026-09-04 14:04:25,813 - DVPTest - DEBUG - [UI] _on_plot_update 收到 431 个数据点
2026-09-04 14:04:25,816 - DVPTest - INFO - [串口] cuff=198 mmHg
2026-09-04 14:04:25,919 - DVPTest - DEBUG - 发出 sig_data: t=43.137, p=197.00
2026-09-04 14:04:25,920 - DVPTest - DEBUG - process_data: t=43.14, p=197.0, v=-8.913, a=-79.4, phase=DEFLATING
2026-09-04 14:04:25,921 - DVPTest - DEBUG - 物理分类结果: DEFLATING
2026-09-04 14:04:25,922 - DVPTest - DEBUG - [UI] _on_plot_update 收到 432 个数据点
2026-09-04 14:04:25,924 - DVPTest - INFO - [串口] cuff=197 mmHg
2026-09-04 14:04:26,015 - DVPTest - DEBUG - 发出 sig_data: t=43.232, p=197.00
2026-09-04 14:04:26,017 - DVPTest - DEBUG - process_data: t=43.23, p=197.0, v=0.000, a=93.4, phase=DEFLATING
2026-09-04 14:04:26,017 - DVPTest - DEBUG - 物理分类结果: STABLE
2026-09-04 14:04:26,018 - DVPTest - DEBUG - [UI] _on_plot_update 收到 433 个数据点
2026-09-04 14:04:26,021 - DVPTest - INFO - [串口] cuff=197 mmHg
2026-09-04 14:04:26,111 - DVPTest - DEBUG - 发出 sig_data: t=43.328, p=197.00
2026-09-04 14:04:26,112 - DVPTest - DEBUG - process_data: t=43.33, p=197.0, v=0.000, a=0.0, phase=DEFLATING
2026-09-04 14:04:26,113 - DVPTest - DEBUG - 物理分类结果: STABLE
2026-09-04 14:04:26,115 - DVPTest - DEBUG - [UI] _on_plot_update 收到 434 个数据点
2026-09-04 14:04:26,117 - DVPTest - INFO - [串口] cuff=197 mmHg
2026-09-04 14:04:26,207 - DVPTest - DEBUG - 发出 sig_data: t=43.424, p=197.00
2026-09-04 14:04:26,208 - DVPTest - DEBUG - process_data: t=43.42, p=197.0, v=0.000, a=0.0, phase=DEFLATING
2026-09-04 14:04:26,209 - DVPTest - DEBUG - 物理分类结果: STABLE
2026-09-04 14:04:26,209 - DVPTest - DEBUG - [UI] _on_plot_update 收到 435 个数据点
2026-09-04 14:04:26,211 - DVPTest - INFO - [串口] cuff=197 mmHg
2026-09-04 14:04:26,318 - DVPTest - DEBUG - 发出 sig_data: t=43.536, p=196.00
2026-09-04 14:04:26,321 - DVPTest - DEBUG - process_data: t=43.54, p=196.0, v=-8.988, a=-80.8, phase=DEFLATING
2026-09-04 14:04:26,322 - DVPTest - DEBUG - 物理分类结果: DEFLATING
2026-09-04 14:04:26,324 - DVPTest - DEBUG - [UI] _on_plot_update 收到 436 个数据点
2026-09-04 14:04:26,327 - DVPTest - INFO - [串口] cuff=196 mmHg
2026-09-04 14:04:26,415 - DVPTest - DEBUG - 发出 sig_data: t=43.632, p=196.00
2026-09-04 14:04:26,417 - DVPTest - DEBUG - process_data: t=43.63, p=196.0, v=0.000, a=93.0, phase=DEFLATING
2026-09-04 14:04:26,418 - DVPTest - DEBUG - 物理分类结果: STABLE
2026-09-04 14:04:26,420 - DVPTest - DEBUG - [UI] _on_plot_update 收到 437 个数据点
2026-09-04 14:04:26,423 - DVPTest - INFO - [串口] cuff=196 mmHg
2026-09-04 14:04:26,509 - DVPTest - DEBUG - 发出 sig_data: t=43.727, p=196.00
2026-09-04 14:04:26,511 - DVPTest - DEBUG - process_data: t=43.73, p=196.0, v=0.000, a=0.0, phase=DEFLATING
2026-09-04 14:04:26,511 - DVPTest - DEBUG - 物理分类结果: STABLE
2026-09-04 14:04:26,512 - DVPTest - DEBUG - [UI] _on_plot_update 收到 438 个数据点
2026-09-04 14:04:26,514 - DVPTest - INFO - [串口] cuff=196 mmHg
2026-09-04 14:04:26,621 - DVPTest - DEBUG - 发出 sig_data: t=43.839, p=196.00
2026-09-04 14:04:26,624 - DVPTest - DEBUG - process_data: t=43.84, p=196.0, v=0.000, a=0.0, phase=DEFLATING
2026-09-04 14:04:26,625 - DVPTest - DEBUG - 物理分类结果: STABLE
2026-09-04 14:04:26,626 - DVPTest - DEBUG - [UI] _on_plot_update 收到 439 个数据点
2026-09-04 14:04:26,628 - DVPTest - INFO - [串口] cuff=196 mmHg
2026-09-04 14:04:26,717 - DVPTest - DEBUG - 发出 sig_data: t=43.935, p=195.00
2026-09-04 14:04:26,719 - DVPTest - DEBUG - process_data: t=43.93, p=195.0, v=-10.419, a=-108.5, phase=DEFLATING
2026-09-04 14:04:26,720 - DVPTest - DEBUG - 物理分类结果: DEFLATING
2026-09-04 14:04:26,721 - DVPTest - DEBUG - [UI] _on_plot_update 收到 440 个数据点
2026-09-04 14:04:26,722 - DVPTest - INFO - [串口] cuff=195 mmHg
2026-09-04 14:04:26,814 - DVPTest - DEBUG - 发出 sig_data: t=44.031, p=195.00
2026-09-04 14:04:26,814 - DVPTest - DEBUG - process_data: t=44.03, p=195.0, v=0.000, a=108.3, phase=DEFLATING
2026-09-04 14:04:26,815 - DVPTest - DEBUG - 物理分类结果: STABLE
2026-09-04 14:04:26,816 - DVPTest - DEBUG - [UI] _on_plot_update 收到 441 个数据点
2026-09-04 14:04:26,818 - DVPTest - INFO - [串口] cuff=195 mmHg
2026-09-04 14:04:26,910 - DVPTest - DEBUG - 发出 sig_data: t=44.127, p=195.00
2026-09-04 14:04:26,914 - DVPTest - DEBUG - process_data: t=44.13, p=195.0, v=0.000, a=0.0, phase=DEFLATING
2026-09-04 14:04:26,915 - DVPTest - DEBUG - 物理分类结果: STABLE
2026-09-04 14:04:26,917 - DVPTest - DEBUG - [UI] _on_plot_update 收到 442 个数据点
2026-09-04 14:04:26,920 - DVPTest - INFO - [串口] cuff=195 mmHg
2026-09-04 14:04:27,020 - DVPTest - DEBUG - 发出 sig_data: t=44.238, p=195.00
2026-09-04 14:04:27,022 - DVPTest - DEBUG - process_data: t=44.24, p=195.0, v=0.000, a=0.0, phase=DEFLATING
2026-09-04 14:04:27,022 - DVPTest - DEBUG - 物理分类结果: STABLE
2026-09-04 14:04:27,023 - DVPTest - DEBUG - [UI] _on_plot_update 收到 443 个数据点
2026-09-04 14:04:27,024 - DVPTest - INFO - [串口] cuff=195 mmHg
2026-09-04 14:04:27,117 - DVPTest - DEBUG - 发出 sig_data: t=44.334, p=194.00
2026-09-04 14:04:27,119 - DVPTest - DEBUG - process_data: t=44.33, p=194.0, v=-10.396, a=-108.1, phase=DEFLATING
2026-09-04 14:04:27,120 - DVPTest - DEBUG - 物理分类结果: DEFLATING
2026-09-04 14:04:27,121 - DVPTest - DEBUG - [UI] _on_plot_update 收到 444 个数据点
2026-09-04 14:04:27,126 - DVPTest - INFO - [串口] cuff=194 mmHg
2026-09-04 14:04:27,213 - DVPTest - DEBUG - 发出 sig_data: t=44.431, p=194.00
2026-09-04 14:04:27,216 - DVPTest - DEBUG - process_data: t=44.43, p=194.0, v=0.000, a=107.7, phase=DEFLATING
2026-09-04 14:04:27,217 - DVPTest - DEBUG - 物理分类结果: STABLE
2026-09-04 14:04:27,218 - DVPTest - DEBUG - [UI] _on_plot_update 收到 445 个数据点
2026-09-04 14:04:27,221 - DVPTest - INFO - [串口] cuff=194 mmHg
2026-09-04 14:04:27,309 - DVPTest - DEBUG - 发出 sig_data: t=44.526, p=194.00
2026-09-04 14:04:27,310 - DVPTest - DEBUG - process_data: t=44.53, p=194.0, v=0.000, a=0.0, phase=DEFLATING
2026-09-04 14:04:27,311 - DVPTest - DEBUG - 物理分类结果: STABLE
2026-09-04 14:04:27,311 - DVPTest - DEBUG - [UI] _on_plot_update 收到 446 个数据点
2026-09-04 14:04:27,313 - DVPTest - INFO - [串口] cuff=194 mmHg
2026-09-04 14:04:27,421 - DVPTest - DEBUG - 发出 sig_data: t=44.639, p=193.00
2026-09-04 14:04:27,424 - DVPTest - DEBUG - process_data: t=44.64, p=193.0, v=-8.918, a=-79.5, phase=DEFLATING
2026-09-04 14:04:27,425 - DVPTest - DEBUG - 物理分类结果: DEFLATING
2026-09-04 14:04:27,427 - DVPTest - DEBUG - [UI] _on_plot_update 收到 447 个数据点
2026-09-04 14:04:27,429 - DVPTest - INFO - [串口] cuff=193 mmHg
2026-09-04 14:04:27,517 - DVPTest - DEBUG - 发出 sig_data: t=44.734, p=193.00
2026-09-04 14:04:27,520 - DVPTest - DEBUG - process_data: t=44.73, p=193.0, v=0.000, a=93.2, phase=DEFLATING
2026-09-04 14:04:27,521 - DVPTest - DEBUG - 物理分类结果: STABLE
2026-09-04 14:04:27,523 - DVPTest - DEBUG - [UI] _on_plot_update 收到 448 个数据点
2026-09-04 14:04:27,526 - DVPTest - INFO - [串口] cuff=193 mmHg
2026-09-04 14:04:27,612 - DVPTest - DEBUG - 发出 sig_data: t=44.830, p=193.00
2026-09-04 14:04:27,613 - DVPTest - DEBUG - process_data: t=44.83, p=193.0, v=0.000, a=0.0, phase=DEFLATING
2026-09-04 14:04:27,614 - DVPTest - DEBUG - 物理分类结果: STABLE
2026-09-04 14:04:27,615 - DVPTest - DEBUG - [UI] _on_plot_update 收到 449 个数据点
2026-09-04 14:04:27,617 - DVPTest - INFO - [串口] cuff=193 mmHg
2026-09-04 14:04:27,708 - DVPTest - DEBUG - 发出 sig_data: t=44.926, p=193.00
2026-09-04 14:04:27,711 - DVPTest - DEBUG - process_data: t=44.93, p=193.0, v=0.000, a=0.0, phase=DEFLATING
2026-09-04 14:04:27,712 - DVPTest - DEBUG - 物理分类结果: STABLE
2026-09-04 14:04:27,713 - DVPTest - DEBUG - [UI] _on_plot_update 收到 450 个数据点
2026-09-04 14:04:27,716 - DVPTest - INFO - [串口] cuff=193 mmHg
2026-09-04 14:04:27,820 - DVPTest - DEBUG - 发出 sig_data: t=45.037, p=192.00
2026-09-04 14:04:27,821 - DVPTest - DEBUG - process_data: t=45.04, p=192.0, v=-8.994, a=-80.9, phase=DEFLATING
2026-09-04 14:04:27,821 - DVPTest - DEBUG - 物理分类结果: DEFLATING
2026-09-04 14:04:27,821 - DVPTest - DEBUG - [UI] _on_plot_update 收到 451 个数据点
2026-09-04 14:04:27,823 - DVPTest - INFO - [串口] cuff=192 mmHg
2026-09-04 14:04:27,915 - DVPTest - DEBUG - 发出 sig_data: t=45.133, p=192.00
2026-09-04 14:04:27,918 - DVPTest - DEBUG - process_data: t=45.13, p=192.0, v=0.000, a=94.0, phase=DEFLATING
2026-09-04 14:04:27,918 - DVPTest - DEBUG - 物理分类结果: STABLE
2026-09-04 14:04:27,920 - DVPTest - DEBUG - [UI] _on_plot_update 收到 452 个数据点
2026-09-04 14:04:27,921 - DVPTest - INFO - [串口] cuff=192 mmHg
2026-09-04 14:04:28,011 - DVPTest - DEBUG - 发出 sig_data: t=45.228, p=192.00
2026-09-04 14:04:28,013 - DVPTest - DEBUG - process_data: t=45.23, p=192.0, v=0.000, a=0.0, phase=DEFLATING
2026-09-04 14:04:28,013 - DVPTest - DEBUG - 物理分类结果: STABLE
2026-09-04 14:04:28,014 - DVPTest - DEBUG - [UI] _on_plot_update 收到 453 个数据点
2026-09-04 14:04:28,016 - DVPTest - INFO - [串口] cuff=192 mmHg
2026-09-04 14:04:28,108 - DVPTest - DEBUG - 发出 sig_data: t=45.325, p=192.00
2026-09-04 14:04:28,109 - DVPTest - DEBUG - process_data: t=45.32, p=192.0, v=0.000, a=0.0, phase=DEFLATING
2026-09-04 14:04:28,109 - DVPTest - DEBUG - 物理分类结果: STABLE
2026-09-04 14:04:28,110 - DVPTest - DEBUG - [UI] _on_plot_update 收到 454 个数据点
2026-09-04 14:04:28,111 - DVPTest - INFO - [串口] cuff=192 mmHg
2026-09-04 14:04:28,219 - DVPTest - DEBUG - 发出 sig_data: t=45.437, p=191.00
2026-09-04 14:04:28,227 - DVPTest - DEBUG - process_data: t=45.44, p=191.0, v=-8.927, a=-79.7, phase=DEFLATING
2026-09-04 14:04:28,228 - DVPTest - DEBUG - 物理分类结果: DEFLATING
2026-09-04 14:04:28,230 - DVPTest - DEBUG - [UI] _on_plot_update 收到 455 个数据点
2026-09-04 14:04:28,234 - DVPTest - INFO - [串口] cuff=191 mmHg
2026-09-04 14:04:28,316 - DVPTest - DEBUG - 发出 sig_data: t=45.533, p=191.00
2026-09-04 14:04:28,317 - DVPTest - DEBUG - process_data: t=45.53, p=191.0, v=0.000, a=93.2, phase=DEFLATING
2026-09-04 14:04:28,318 - DVPTest - DEBUG - 物理分类结果: STABLE
2026-09-04 14:04:28,318 - DVPTest - DEBUG - [UI] _on_plot_update 收到 456 个数据点
2026-09-04 14:04:28,319 - DVPTest - INFO - [串口] cuff=191 mmHg
2026-09-04 14:04:28,411 - DVPTest - DEBUG - 发出 sig_data: t=45.629, p=191.00
2026-09-04 14:04:28,413 - DVPTest - DEBUG - process_data: t=45.63, p=191.0, v=0.000, a=0.0, phase=DEFLATING
2026-09-04 14:04:28,414 - DVPTest - DEBUG - 物理分类结果: STABLE
2026-09-04 14:04:28,416 - DVPTest - DEBUG - [UI] _on_plot_update 收到 457 个数据点
2026-09-04 14:04:28,420 - DVPTest - INFO - [串口] cuff=191 mmHg
2026-09-04 14:04:28,523 - DVPTest - DEBUG - 发出 sig_data: t=45.740, p=191.00
2026-09-04 14:04:28,524 - DVPTest - DEBUG - process_data: t=45.74, p=191.0, v=0.000, a=0.0, phase=DEFLATING
2026-09-04 14:04:28,524 - DVPTest - DEBUG - 物理分类结果: STABLE
2026-09-04 14:04:28,526 - DVPTest - DEBUG - [UI] _on_plot_update 收到 458 个数据点
2026-09-04 14:04:28,528 - DVPTest - INFO - [串口] cuff=191 mmHg
2026-09-04 14:04:28,619 - DVPTest - DEBUG - 发出 sig_data: t=45.836, p=190.00
2026-09-04 14:04:28,620 - DVPTest - DEBUG - process_data: t=45.84, p=190.0, v=-10.338, a=-106.9, phase=DEFLATING
2026-09-04 14:04:28,621 - DVPTest - DEBUG - 物理分类结果: DEFLATING
2026-09-04 14:04:28,621 - DVPTest - DEBUG - [UI] _on_plot_update 收到 459 个数据点
2026-09-04 14:04:28,623 - DVPTest - INFO - [串口] cuff=190 mmHg
2026-09-04 14:04:28,714 - DVPTest - DEBUG - 发出 sig_data: t=45.932, p=190.00
2026-09-04 14:04:28,718 - DVPTest - DEBUG - process_data: t=45.93, p=190.0, v=0.000, a=108.3, phase=DEFLATING
2026-09-04 14:04:28,719 - DVPTest - DEBUG - 物理分类结果: STABLE
2026-09-04 14:04:28,721 - DVPTest - DEBUG - [UI] _on_plot_update 收到 460 个数据点
2026-09-04 14:04:28,725 - DVPTest - INFO - [串口] cuff=190 mmHg
2026-09-04 14:04:28,811 - DVPTest - DEBUG - 发出 sig_data: t=46.028, p=190.00
2026-09-04 14:04:28,813 - DVPTest - DEBUG - process_data: t=46.03, p=190.0, v=0.000, a=0.0, phase=DEFLATING
2026-09-04 14:04:28,814 - DVPTest - DEBUG - 物理分类结果: STABLE
2026-09-04 14:04:28,815 - DVPTest - DEBUG - [UI] _on_plot_update 收到 461 个数据点
2026-09-04 14:04:28,819 - DVPTest - INFO - [串口] cuff=190 mmHg
2026-09-04 14:04:28,922 - DVPTest - DEBUG - 发出 sig_data: t=46.139, p=190.00
2026-09-04 14:04:28,922 - DVPTest - DEBUG - process_data: t=46.14, p=190.0, v=0.000, a=0.0, phase=DEFLATING
2026-09-04 14:04:28,923 - DVPTest - DEBUG - 物理分类结果: STABLE
2026-09-04 14:04:28,924 - DVPTest - DEBUG - [UI] _on_plot_update 收到 462 个数据点
2026-09-04 14:04:28,925 - DVPTest - INFO - [串口] cuff=190 mmHg
2026-09-04 14:04:29,018 - DVPTest - DEBUG - 发出 sig_data: t=46.236, p=189.00
2026-09-04 14:04:29,021 - DVPTest - DEBUG - process_data: t=46.24, p=189.0, v=-10.317, a=-106.4, phase=DEFLATING
2026-09-04 14:04:29,022 - DVPTest - DEBUG - 物理分类结果: DEFLATING
2026-09-04 14:04:29,023 - DVPTest - DEBUG - [UI] _on_plot_update 收到 463 个数据点
2026-09-04 14:04:29,027 - DVPTest - INFO - [串口] cuff=189 mmHg
2026-09-04 14:04:29,114 - DVPTest - DEBUG - 发出 sig_data: t=46.331, p=189.00
2026-09-04 14:04:29,115 - DVPTest - DEBUG - process_data: t=46.33, p=189.0, v=0.000, a=107.9, phase=DEFLATING
2026-09-04 14:04:29,116 - DVPTest - DEBUG - 物理分类结果: STABLE
2026-09-04 14:04:29,118 - DVPTest - DEBUG - [UI] _on_plot_update 收到 464 个数据点
2026-09-04 14:04:29,120 - DVPTest - INFO - [串口] cuff=189 mmHg
2026-09-04 14:04:29,210 - DVPTest - DEBUG - 发出 sig_data: t=46.427, p=189.00
2026-09-04 14:04:29,211 - DVPTest - DEBUG - process_data: t=46.43, p=189.0, v=0.000, a=0.0, phase=DEFLATING
2026-09-04 14:04:29,212 - DVPTest - DEBUG - 物理分类结果: STABLE
2026-09-04 14:04:29,214 - DVPTest - DEBUG - [UI] _on_plot_update 收到 465 个数据点
2026-09-04 14:04:29,217 - DVPTest - INFO - [串口] cuff=189 mmHg
2026-09-04 14:04:29,321 - DVPTest - DEBUG - 发出 sig_data: t=46.538, p=189.00
2026-09-04 14:04:29,322 - DVPTest - DEBUG - process_data: t=46.54, p=189.0, v=0.000, a=0.0, phase=DEFLATING
2026-09-04 14:04:29,323 - DVPTest - DEBUG - 物理分类结果: STABLE
2026-09-04 14:04:29,323 - DVPTest - DEBUG - [UI] _on_plot_update 收到 466 个数据点
2026-09-04 14:04:29,324 - DVPTest - INFO - [串口] cuff=189 mmHg
2026-09-04 14:04:29,418 - DVPTest - DEBUG - 发出 sig_data: t=46.635, p=188.00
2026-09-04 14:04:29,420 - DVPTest - DEBUG - process_data: t=46.64, p=188.0, v=-10.326, a=-106.6, phase=DEFLATING
2026-09-04 14:04:29,421 - DVPTest - DEBUG - 物理分类结果: DEFLATING
2026-09-04 14:04:29,421 - DVPTest - DEBUG - [UI] _on_plot_update 收到 467 个数据点
2026-09-04 14:04:29,423 - DVPTest - INFO - [串口] cuff=188 mmHg
2026-09-04 14:04:29,513 - DVPTest - DEBUG - 发出 sig_data: t=46.730, p=188.00
2026-09-04 14:04:29,515 - DVPTest - DEBUG - process_data: t=46.73, p=188.0, v=0.000, a=108.4, phase=DEFLATING
2026-09-04 14:04:29,516 - DVPTest - DEBUG - 物理分类结果: STABLE
2026-09-04 14:04:29,516 - DVPTest - DEBUG - [UI] _on_plot_update 收到 468 个数据点
2026-09-04 14:04:29,518 - DVPTest - INFO - [串口] cuff=188 mmHg
2026-09-04 14:04:29,609 - DVPTest - DEBUG - 发出 sig_data: t=46.826, p=188.00
2026-09-04 14:04:29,611 - DVPTest - DEBUG - process_data: t=46.83, p=188.0, v=0.000, a=0.0, phase=DEFLATING
2026-09-04 14:04:29,612 - DVPTest - DEBUG - 物理分类结果: STABLE
2026-09-04 14:04:29,614 - DVPTest - DEBUG - [UI] _on_plot_update 收到 469 个数据点
2026-09-04 14:04:29,617 - DVPTest - INFO - [串口] cuff=188 mmHg
2026-09-04 14:04:29,721 - DVPTest - DEBUG - 发出 sig_data: t=46.938, p=188.00
2026-09-04 14:04:29,723 - DVPTest - DEBUG - process_data: t=46.94, p=188.0, v=0.000, a=0.0, phase=DEFLATING
2026-09-04 14:04:29,723 - DVPTest - DEBUG - 物理分类结果: STABLE
2026-09-04 14:04:29,724 - DVPTest - DEBUG - [UI] _on_plot_update 收到 470 个数据点
2026-09-04 14:04:29,725 - DVPTest - INFO - [串口] cuff=188 mmHg
2026-09-04 14:04:29,817 - DVPTest - DEBUG - 发出 sig_data: t=47.035, p=187.00
2026-09-04 14:04:29,819 - DVPTest - DEBUG - process_data: t=47.03, p=187.0, v=-10.363, a=-107.4, phase=DEFLATING
2026-09-04 14:04:29,820 - DVPTest - DEBUG - 物理分类结果: DEFLATING
2026-09-04 14:04:29,822 - DVPTest - DEBUG - [UI] _on_plot_update 收到 471 个数据点
2026-09-04 14:04:29,825 - DVPTest - INFO - [串口] cuff=187 mmHg
2026-09-04 14:04:29,913 - DVPTest - DEBUG - 发出 sig_data: t=47.130, p=187.00
2026-09-04 14:04:29,917 - DVPTest - DEBUG - process_data: t=47.13, p=187.0, v=0.000, a=108.3, phase=DEFLATING
2026-09-04 14:04:29,918 - DVPTest - DEBUG - 物理分类结果: STABLE
2026-09-04 14:04:29,920 - DVPTest - DEBUG - [UI] _on_plot_update 收到 472 个数据点
2026-09-04 14:04:29,922 - DVPTest - INFO - [串口] cuff=187 mmHg
2026-09-04 14:04:30,009 - DVPTest - DEBUG - 发出 sig_data: t=47.226, p=187.00
2026-09-04 14:04:30,009 - DVPTest - DEBUG - process_data: t=47.23, p=187.0, v=0.000, a=0.0, phase=DEFLATING
2026-09-04 14:04:30,010 - DVPTest - DEBUG - 物理分类结果: STABLE
2026-09-04 14:04:30,011 - DVPTest - DEBUG - [UI] _on_plot_update 收到 473 个数据点
2026-09-04 14:04:30,013 - DVPTest - INFO - [串口] cuff=187 mmHg
2026-09-04 14:04:30,120 - DVPTest - DEBUG - 发出 sig_data: t=47.338, p=187.00
2026-09-04 14:04:30,123 - DVPTest - DEBUG - process_data: t=47.34, p=187.0, v=0.000, a=0.0, phase=DEFLATING
2026-09-04 14:04:30,125 - DVPTest - DEBUG - 物理分类结果: STABLE
2026-09-04 14:04:30,127 - DVPTest - DEBUG - [UI] _on_plot_update 收到 474 个数据点
2026-09-04 14:04:30,130 - DVPTest - INFO - [串口] cuff=187 mmHg
2026-09-04 14:04:30,217 - DVPTest - DEBUG - 发出 sig_data: t=47.434, p=186.00
2026-09-04 14:04:30,219 - DVPTest - DEBUG - process_data: t=47.43, p=186.0, v=-10.389, a=-107.9, phase=DEFLATING
2026-09-04 14:04:30,220 - DVPTest - DEBUG - 物理分类结果: DEFLATING
2026-09-04 14:04:30,221 - DVPTest - DEBUG - [UI] _on_plot_update 收到 475 个数据点
2026-09-04 14:04:30,224 - DVPTest - INFO - [串口] cuff=186 mmHg
2026-09-04 14:04:30,312 - DVPTest - DEBUG - 发出 sig_data: t=47.529, p=186.00
2026-09-04 14:04:30,314 - DVPTest - DEBUG - process_data: t=47.53, p=186.0, v=0.000, a=109.1, phase=DEFLATING
2026-09-04 14:04:30,314 - DVPTest - DEBUG - 物理分类结果: STABLE
2026-09-04 14:04:30,315 - DVPTest - DEBUG - [UI] _on_plot_update 收到 476 个数据点
2026-09-04 14:04:30,316 - DVPTest - INFO - [串口] cuff=186 mmHg
2026-09-04 14:04:30,408 - DVPTest - DEBUG - 发出 sig_data: t=47.626, p=186.00
2026-09-04 14:04:30,409 - DVPTest - DEBUG - process_data: t=47.63, p=186.0, v=0.000, a=0.0, phase=DEFLATING
2026-09-04 14:04:30,410 - DVPTest - DEBUG - 物理分类结果: STABLE
2026-09-04 14:04:30,410 - DVPTest - DEBUG - [UI] _on_plot_update 收到 477 个数据点
2026-09-04 14:04:30,412 - DVPTest - INFO - [串口] cuff=186 mmHg
2026-09-04 14:04:30,520 - DVPTest - DEBUG - 发出 sig_data: t=47.737, p=185.00
2026-09-04 14:04:30,521 - DVPTest - DEBUG - process_data: t=47.74, p=185.0, v=-8.971, a=-80.5, phase=DEFLATING
2026-09-04 14:04:30,521 - DVPTest - DEBUG - 物理分类结果: DEFLATING
2026-09-04 14:04:30,523 - DVPTest - DEBUG - [UI] _on_plot_update 收到 478 个数据点
2026-09-04 14:04:30,527 - DVPTest - INFO - [串口] cuff=185 mmHg
2026-09-04 14:04:30,616 - DVPTest - DEBUG - 发出 sig_data: t=47.833, p=185.00
2026-09-04 14:04:30,618 - DVPTest - DEBUG - process_data: t=47.83, p=185.0, v=0.000, a=93.1, phase=DEFLATING
2026-09-04 14:04:30,618 - DVPTest - DEBUG - 物理分类结果: STABLE
2026-09-04 14:04:30,620 - DVPTest - DEBUG - [UI] _on_plot_update 收到 479 个数据点
2026-09-04 14:04:30,624 - DVPTest - INFO - [串口] cuff=185 mmHg
2026-09-04 14:04:30,711 - DVPTest - DEBUG - 发出 sig_data: t=47.929, p=185.00
2026-09-04 14:04:30,712 - DVPTest - DEBUG - process_data: t=47.93, p=185.0, v=0.000, a=0.0, phase=DEFLATING
2026-09-04 14:04:30,713 - DVPTest - DEBUG - 物理分类结果: STABLE
2026-09-04 14:04:30,715 - DVPTest - DEBUG - [UI] _on_plot_update 收到 480 个数据点
2026-09-04 14:04:30,716 - DVPTest - INFO - [串口] cuff=185 mmHg
2026-09-04 14:04:30,807 - DVPTest - DEBUG - 发出 sig_data: t=48.025, p=185.00
2026-09-04 14:04:30,808 - DVPTest - DEBUG - process_data: t=48.02, p=185.0, v=0.000, a=0.0, phase=DEFLATING
2026-09-04 14:04:30,809 - DVPTest - DEBUG - 物理分类结果: STABLE
2026-09-04 14:04:30,810 - DVPTest - DEBUG - [UI] _on_plot_update 收到 481 个数据点
2026-09-04 14:04:30,812 - DVPTest - INFO - [串口] cuff=185 mmHg
2026-09-04 14:04:30,919 - DVPTest - DEBUG - 发出 sig_data: t=48.136, p=184.00
2026-09-04 14:04:30,923 - DVPTest - DEBUG - process_data: t=48.14, p=184.0, v=-8.952, a=-80.1, phase=DEFLATING
2026-09-04 14:04:30,924 - DVPTest - DEBUG - 物理分类结果: DEFLATING
2026-09-04 14:04:30,925 - DVPTest - DEBUG - [UI] _on_plot_update 收到 482 个数据点
2026-09-04 14:04:30,928 - DVPTest - INFO - [串口] cuff=184 mmHg
2026-09-04 14:04:31,015 - DVPTest - DEBUG - 发出 sig_data: t=48.232, p=184.00
2026-09-04 14:04:31,017 - DVPTest - DEBUG - process_data: t=48.23, p=184.0, v=0.000, a=93.6, phase=DEFLATING
2026-09-04 14:04:31,018 - DVPTest - DEBUG - 物理分类结果: STABLE
2026-09-04 14:04:31,020 - DVPTest - DEBUG - [UI] _on_plot_update 收到 483 个数据点
2026-09-04 14:04:31,023 - DVPTest - INFO - [串口] cuff=184 mmHg
2026-09-04 14:04:31,110 - DVPTest - DEBUG - 发出 sig_data: t=48.328, p=184.00
2026-09-04 14:04:31,113 - DVPTest - DEBUG - process_data: t=48.33, p=184.0, v=0.000, a=0.0, phase=DEFLATING
2026-09-04 14:04:31,113 - DVPTest - DEBUG - 物理分类结果: STABLE
2026-09-04 14:04:31,114 - DVPTest - DEBUG - [UI] _on_plot_update 收到 484 个数据点
2026-09-04 14:04:31,115 - DVPTest - INFO - [串口] cuff=184 mmHg
2026-09-04 14:04:31,222 - DVPTest - DEBUG - 发出 sig_data: t=48.439, p=184.00
2026-09-04 14:04:31,224 - DVPTest - DEBUG - process_data: t=48.44, p=184.0, v=0.000, a=0.0, phase=DEFLATING
2026-09-04 14:04:31,225 - DVPTest - DEBUG - 物理分类结果: STABLE
2026-09-04 14:04:31,227 - DVPTest - DEBUG - [UI] _on_plot_update 收到 485 个数据点
2026-09-04 14:04:31,231 - DVPTest - INFO - [串口] cuff=184 mmHg
2026-09-04 14:04:31,319 - DVPTest - DEBUG - 发出 sig_data: t=48.536, p=183.00
2026-09-04 14:04:31,320 - DVPTest - DEBUG - process_data: t=48.54, p=183.0, v=-10.337, a=-106.8, phase=DEFLATING
2026-09-04 14:04:31,320 - DVPTest - DEBUG - 物理分类结果: DEFLATING
2026-09-04 14:04:31,321 - DVPTest - DEBUG - [UI] _on_plot_update 收到 486 个数据点
2026-09-04 14:04:31,323 - DVPTest - INFO - [串口] cuff=183 mmHg
2026-09-04 14:04:31,415 - DVPTest - DEBUG - 发出 sig_data: t=48.632, p=183.00
2026-09-04 14:04:31,417 - DVPTest - DEBUG - process_data: t=48.63, p=183.0, v=0.000, a=107.7, phase=DEFLATING
2026-09-04 14:04:31,417 - DVPTest - DEBUG - 物理分类结果: STABLE
2026-09-04 14:04:31,418 - DVPTest - DEBUG - [UI] _on_plot_update 收到 487 个数据点
2026-09-04 14:04:31,421 - DVPTest - INFO - [串口] cuff=183 mmHg
2026-09-04 14:04:31,510 - DVPTest - DEBUG - 发出 sig_data: t=48.727, p=183.00
2026-09-04 14:04:31,513 - DVPTest - DEBUG - process_data: t=48.73, p=183.0, v=0.000, a=0.0, phase=DEFLATING
2026-09-04 14:04:31,513 - DVPTest - DEBUG - 物理分类结果: STABLE
2026-09-04 14:04:31,514 - DVPTest - DEBUG - [UI] _on_plot_update 收到 488 个数据点
2026-09-04 14:04:31,515 - DVPTest - INFO - [串口] cuff=183 mmHg
2026-09-04 14:04:31,622 - DVPTest - DEBUG - 发出 sig_data: t=48.840, p=182.00
2026-09-04 14:04:31,624 - DVPTest - DEBUG - process_data: t=48.84, p=182.0, v=-8.896, a=-79.1, phase=DEFLATING
2026-09-04 14:04:31,625 - DVPTest - DEBUG - 物理分类结果: DEFLATING
2026-09-04 14:04:31,626 - DVPTest - DEBUG - [UI] _on_plot_update 收到 489 个数据点
2026-09-04 14:04:31,627 - DVPTest - INFO - [串口] cuff=182 mmHg
2026-09-04 14:04:31,718 - DVPTest - DEBUG - 发出 sig_data: t=48.935, p=182.00
2026-09-04 14:04:31,720 - DVPTest - DEBUG - process_data: t=48.94, p=182.0, v=0.000, a=93.1, phase=DEFLATING
2026-09-04 14:04:31,721 - DVPTest - DEBUG - 物理分类结果: STABLE
2026-09-04 14:04:31,722 - DVPTest - DEBUG - [UI] _on_plot_update 收到 490 个数据点
2026-09-04 14:04:31,725 - DVPTest - INFO - [串口] cuff=182 mmHg
2026-09-04 14:04:31,814 - DVPTest - DEBUG - 发出 sig_data: t=49.031, p=182.00
2026-09-04 14:04:31,817 - DVPTest - DEBUG - process_data: t=49.03, p=182.0, v=0.000, a=0.0, phase=DEFLATING
2026-09-04 14:04:31,818 - DVPTest - DEBUG - 物理分类结果: STABLE
2026-09-04 14:04:31,820 - DVPTest - DEBUG - [UI] _on_plot_update 收到 491 个数据点
2026-09-04 14:04:31,823 - DVPTest - INFO - [串口] cuff=182 mmHg
2026-09-04 14:04:31,910 - DVPTest - DEBUG - 发出 sig_data: t=49.127, p=181.00
2026-09-04 14:04:31,910 - DVPTest - DEBUG - process_data: t=49.13, p=181.0, v=-10.458, a=-109.4, phase=DEFLATING
2026-09-04 14:04:31,911 - DVPTest - DEBUG - 物理分类结果: DEFLATING
2026-09-04 14:04:31,912 - DVPTest - DEBUG - [UI] _on_plot_update 收到 492 个数据点
2026-09-04 14:04:31,913 - DVPTest - INFO - [串口] cuff=181 mmHg
2026-09-04 14:04:32,022 - DVPTest - DEBUG - 发出 sig_data: t=49.239, p=181.00
2026-09-04 14:04:32,024 - DVPTest - DEBUG - process_data: t=49.24, p=181.0, v=0.000, a=93.2, phase=DEFLATING
2026-09-04 14:04:32,025 - DVPTest - DEBUG - 物理分类结果: STABLE
2026-09-04 14:04:32,027 - DVPTest - DEBUG - [UI] _on_plot_update 收到 493 个数据点
2026-09-04 14:04:32,031 - DVPTest - INFO - [串口] cuff=181 mmHg
2026-09-04 14:04:32,117 - DVPTest - DEBUG - 发出 sig_data: t=49.334, p=181.00
2026-09-04 14:04:32,118 - DVPTest - DEBUG - process_data: t=49.33, p=181.0, v=0.000, a=0.0, phase=DEFLATING
2026-09-04 14:04:32,119 - DVPTest - DEBUG - 物理分类结果: STABLE
2026-09-04 14:04:32,120 - DVPTest - DEBUG - [UI] _on_plot_update 收到 494 个数据点
2026-09-04 14:04:32,124 - DVPTest - INFO - [串口] cuff=181 mmHg
2026-09-04 14:04:32,214 - DVPTest - DEBUG - 发出 sig_data: t=49.431, p=181.00
2026-09-04 14:04:32,216 - DVPTest - DEBUG - process_data: t=49.43, p=181.0, v=0.000, a=0.0, phase=DEFLATING
2026-09-04 14:04:32,216 - DVPTest - DEBUG - 物理分类结果: STABLE
2026-09-04 14:04:32,217 - DVPTest - DEBUG - [UI] _on_plot_update 收到 495 个数据点
2026-09-04 14:04:32,218 - DVPTest - INFO - [串口] cuff=181 mmHg
2026-09-04 14:04:32,309 - DVPTest - DEBUG - 发出 sig_data: t=49.526, p=180.00
2026-09-04 14:04:32,311 - DVPTest - DEBUG - process_data: t=49.53, p=180.0, v=-10.450, a=-109.2, phase=DEFLATING
2026-09-04 14:04:32,311 - DVPTest - DEBUG - 物理分类结果: DEFLATING
2026-09-04 14:04:32,312 - DVPTest - DEBUG - [UI] _on_plot_update 收到 496 个数据点
2026-09-04 14:04:32,314 - DVPTest - INFO - [串口] cuff=180 mmHg
2026-09-04 14:04:32,421 - DVPTest - DEBUG - 发出 sig_data: t=49.638, p=180.00
2026-09-04 14:04:32,422 - DVPTest - DEBUG - process_data: t=49.64, p=180.0, v=0.000, a=93.5, phase=DEFLATING
2026-09-04 14:04:32,423 - DVPTest - DEBUG - 物理分类结果: STABLE
2026-09-04 14:04:32,423 - DVPTest - DEBUG - [UI] _on_plot_update 收到 497 个数据点
2026-09-04 14:04:32,425 - DVPTest - INFO - [串口] cuff=180 mmHg
2026-09-04 14:04:32,517 - DVPTest - DEBUG - 发出 sig_data: t=49.735, p=180.00
2026-09-04 14:04:32,518 - DVPTest - DEBUG - process_data: t=49.73, p=180.0, v=0.000, a=0.0, phase=DEFLATING
2026-09-04 14:04:32,519 - DVPTest - DEBUG - 物理分类结果: STABLE
2026-09-04 14:04:32,519 - DVPTest - DEBUG - [UI] _on_plot_update 收到 498 个数据点
2026-09-04 14:04:32,520 - DVPTest - INFO - [串口] cuff=180 mmHg
2026-09-04 14:04:32,613 - DVPTest - DEBUG - 发出 sig_data: t=49.830, p=180.00
2026-09-04 14:04:32,615 - DVPTest - DEBUG - process_data: t=49.83, p=180.0, v=0.000, a=0.0, phase=DEFLATING
2026-09-04 14:04:32,616 - DVPTest - DEBUG - 物理分类结果: STABLE
2026-09-04 14:04:32,617 - DVPTest - DEBUG - [UI] _on_plot_update 收到 499 个数据点
2026-09-04 14:04:32,620 - DVPTest - INFO - [串口] cuff=180 mmHg
2026-09-04 14:04:32,709 - DVPTest - DEBUG - 发出 sig_data: t=49.926, p=179.00
2026-09-04 14:04:32,710 - DVPTest - DEBUG - process_data: t=49.93, p=179.0, v=-10.405, a=-108.3, phase=DEFLATING
2026-09-04 14:04:32,711 - DVPTest - DEBUG - 物理分类结果: DEFLATING
2026-09-04 14:04:32,711 - DVPTest - DEBUG - [UI] _on_plot_update 收到 500 个数据点
2026-09-04 14:04:32,712 - DVPTest - INFO - [串口] cuff=179 mmHg
2026-09-04 14:04:32,821 - DVPTest - DEBUG - 发出 sig_data: t=50.038, p=179.00
2026-09-04 14:04:32,823 - DVPTest - DEBUG - process_data: t=50.04, p=179.0, v=0.000, a=93.0, phase=DEFLATING
2026-09-04 14:04:32,823 - DVPTest - DEBUG - 物理分类结果: STABLE
2026-09-04 14:04:32,824 - DVPTest - DEBUG - [UI] _on_plot_update 收到 501 个数据点
2026-09-04 14:04:32,825 - DVPTest - INFO - [串口] cuff=179 mmHg
2026-09-04 14:04:32,917 - DVPTest - DEBUG - 发出 sig_data: t=50.134, p=179.00
2026-09-04 14:04:32,920 - DVPTest - DEBUG - process_data: t=50.13, p=179.0, v=0.000, a=0.0, phase=DEFLATING
2026-09-04 14:04:32,921 - DVPTest - DEBUG - 物理分类结果: STABLE
2026-09-04 14:04:32,923 - DVPTest - DEBUG - [UI] _on_plot_update 收到 502 个数据点
2026-09-04 14:04:32,926 - DVPTest - INFO - [串口] cuff=179 mmHg
2026-09-04 14:04:33,013 - DVPTest - DEBUG - 发出 sig_data: t=50.230, p=178.00
2026-09-04 14:04:33,015 - DVPTest - DEBUG - process_data: t=50.23, p=178.0, v=-10.397, a=-108.1, phase=DEFLATING
2026-09-04 14:04:33,016 - DVPTest - DEBUG - 物理分类结果: DEFLATING
2026-09-04 14:04:33,018 - DVPTest - DEBUG - [UI] _on_plot_update 收到 503 个数据点
2026-09-04 14:04:33,020 - DVPTest - INFO - [串口] cuff=178 mmHg
2026-09-04 14:04:33,123 - DVPTest - DEBUG - 发出 sig_data: t=50.341, p=178.00
2026-09-04 14:04:33,125 - DVPTest - DEBUG - process_data: t=50.34, p=178.0, v=0.000, a=94.4, phase=DEFLATING
2026-09-04 14:04:33,125 - DVPTest - DEBUG - 物理分类结果: STABLE
2026-09-04 14:04:33,127 - DVPTest - DEBUG - [UI] _on_plot_update 收到 504 个数据点
2026-09-04 14:04:33,130 - DVPTest - INFO - [串口] cuff=178 mmHg
2026-09-04 14:04:33,220 - DVPTest - DEBUG - 发出 sig_data: t=50.437, p=178.00
2026-09-04 14:04:33,222 - DVPTest - DEBUG - process_data: t=50.44, p=178.0, v=0.000, a=0.0, phase=DEFLATING
2026-09-04 14:04:33,223 - DVPTest - DEBUG - 物理分类结果: STABLE
2026-09-04 14:04:33,224 - DVPTest - DEBUG - [UI] _on_plot_update 收到 505 个数据点
2026-09-04 14:04:33,225 - DVPTest - INFO - [串口] cuff=178 mmHg
2026-09-04 14:04:33,315 - DVPTest - DEBUG - 发出 sig_data: t=50.533, p=178.00
2026-09-04 14:04:33,316 - DVPTest - DEBUG - process_data: t=50.53, p=178.0, v=0.000, a=0.0, phase=DEFLATING
2026-09-04 14:04:33,317 - DVPTest - DEBUG - 物理分类结果: STABLE
2026-09-04 14:04:33,318 - DVPTest - DEBUG - [UI] _on_plot_update 收到 506 个数据点
2026-09-04 14:04:33,320 - DVPTest - INFO - [串口] cuff=178 mmHg
2026-09-04 14:04:33,411 - DVPTest - DEBUG - 发出 sig_data: t=50.629, p=177.00
2026-09-04 14:04:33,412 - DVPTest - DEBUG - process_data: t=50.63, p=177.0, v=-10.419, a=-108.5, phase=DEFLATING
2026-09-04 14:04:33,413 - DVPTest - DEBUG - 物理分类结果: DEFLATING
2026-09-04 14:04:33,414 - DVPTest - DEBUG - [UI] _on_plot_update 收到 507 个数据点
2026-09-04 14:04:33,416 - DVPTest - INFO - [串口] cuff=177 mmHg
2026-09-04 14:04:33,523 - DVPTest - DEBUG - 发出 sig_data: t=50.741, p=177.00
2026-09-04 14:04:33,526 - DVPTest - DEBUG - process_data: t=50.74, p=177.0, v=0.000, a=92.7, phase=DEFLATING
2026-09-04 14:04:33,527 - DVPTest - DEBUG - 物理分类结果: STABLE
2026-09-04 14:04:33,529 - DVPTest - DEBUG - [UI] _on_plot_update 收到 508 个数据点
2026-09-04 14:04:33,532 - DVPTest - INFO - [串口] cuff=177 mmHg
2026-09-04 14:04:33,619 - DVPTest - DEBUG - 发出 sig_data: t=50.836, p=177.00
2026-09-04 14:04:33,619 - DVPTest - DEBUG - process_data: t=50.84, p=177.0, v=0.000, a=0.0, phase=DEFLATING
2026-09-04 14:04:33,620 - DVPTest - DEBUG - 物理分类结果: STABLE
2026-09-04 14:04:33,620 - DVPTest - DEBUG - [UI] _on_plot_update 收到 509 个数据点
2026-09-04 14:04:33,621 - DVPTest - INFO - [串口] cuff=177 mmHg
2026-09-04 14:04:33,715 - DVPTest - DEBUG - 发出 sig_data: t=50.932, p=176.00
2026-09-04 14:04:33,717 - DVPTest - DEBUG - process_data: t=50.93, p=176.0, v=-10.347, a=-107.1, phase=DEFLATING
2026-09-04 14:04:33,718 - DVPTest - DEBUG - 物理分类结果: DEFLATING
2026-09-04 14:04:33,720 - DVPTest - DEBUG - [UI] _on_plot_update 收到 510 个数据点
2026-09-04 14:04:33,723 - DVPTest - INFO - [串口] cuff=176 mmHg
2026-09-04 14:04:33,811 - DVPTest - DEBUG - 发出 sig_data: t=51.029, p=176.00
2026-09-04 14:04:33,813 - DVPTest - DEBUG - process_data: t=51.03, p=176.0, v=0.000, a=107.5, phase=DEFLATING
2026-09-04 14:04:33,814 - DVPTest - DEBUG - 物理分类结果: STABLE
2026-09-04 14:04:33,816 - DVPTest - DEBUG - [UI] _on_plot_update 收到 511 个数据点
2026-09-04 14:04:33,819 - DVPTest - INFO - [串口] cuff=176 mmHg
2026-09-04 14:04:33,922 - DVPTest - DEBUG - 发出 sig_data: t=51.139, p=176.00
2026-09-04 14:04:33,923 - DVPTest - DEBUG - process_data: t=51.14, p=176.0, v=0.000, a=0.0, phase=DEFLATING
2026-09-04 14:04:33,924 - DVPTest - DEBUG - 物理分类结果: STABLE
2026-09-04 14:04:33,924 - DVPTest - DEBUG - [UI] _on_plot_update 收到 512 个数据点
2026-09-04 14:04:33,926 - DVPTest - INFO - [串口] cuff=176 mmHg
2026-09-04 14:04:34,019 - DVPTest - DEBUG - 发出 sig_data: t=51.236, p=175.00
2026-09-04 14:04:34,021 - DVPTest - DEBUG - process_data: t=51.24, p=175.0, v=-10.350, a=-107.1, phase=DEFLATING
2026-09-04 14:04:34,022 - DVPTest - DEBUG - 物理分类结果: DEFLATING
2026-09-04 14:04:34,023 - DVPTest - DEBUG - [UI] _on_plot_update 收到 513 个数据点
2026-09-04 14:04:34,027 - DVPTest - INFO - [串口] cuff=175 mmHg
2026-09-04 14:04:34,114 - DVPTest - DEBUG - 发出 sig_data: t=51.331, p=175.00
2026-09-04 14:04:34,116 - DVPTest - DEBUG - process_data: t=51.33, p=175.0, v=0.000, a=108.7, phase=DEFLATING
2026-09-04 14:04:34,117 - DVPTest - DEBUG - 物理分类结果: STABLE
2026-09-04 14:04:34,119 - DVPTest - DEBUG - [UI] _on_plot_update 收到 514 个数据点
2026-09-04 14:04:34,124 - DVPTest - INFO - [串口] cuff=175 mmHg
2026-09-04 14:04:34,211 - DVPTest - DEBUG - 发出 sig_data: t=51.428, p=175.00
2026-09-04 14:04:34,212 - DVPTest - DEBUG - process_data: t=51.43, p=175.0, v=0.000, a=0.0, phase=DEFLATING
2026-09-04 14:04:34,213 - DVPTest - DEBUG - 物理分类结果: STABLE
2026-09-04 14:04:34,214 - DVPTest - DEBUG - [UI] _on_plot_update 收到 515 个数据点
2026-09-04 14:04:34,215 - DVPTest - INFO - [串口] cuff=175 mmHg
2026-09-04 14:04:34,322 - DVPTest - DEBUG - 发出 sig_data: t=51.540, p=174.00
2026-09-04 14:04:34,325 - DVPTest - DEBUG - process_data: t=51.54, p=174.0, v=-8.931, a=-79.8, phase=DEFLATING
2026-09-04 14:04:34,326 - DVPTest - DEBUG - 物理分类结果: DEFLATING
2026-09-04 14:04:34,328 - DVPTest - DEBUG - [UI] _on_plot_update 收到 516 个数据点
2026-09-04 14:04:34,331 - DVPTest - INFO - [串口] cuff=174 mmHg
2026-09-04 14:04:34,418 - DVPTest - DEBUG - 发出 sig_data: t=51.635, p=174.00
2026-09-04 14:04:34,419 - DVPTest - DEBUG - process_data: t=51.63, p=174.0, v=0.000, a=93.9, phase=DEFLATING
2026-09-04 14:04:34,420 - DVPTest - DEBUG - 物理分类结果: STABLE
2026-09-04 14:04:34,421 - DVPTest - DEBUG - [UI] _on_plot_update 收到 517 个数据点
2026-09-04 14:04:34,422 - DVPTest - INFO - [串口] cuff=174 mmHg
2026-09-04 14:04:34,514 - DVPTest - DEBUG - 发出 sig_data: t=51.732, p=174.00
2026-09-04 14:04:34,517 - DVPTest - DEBUG - process_data: t=51.73, p=174.0, v=0.000, a=0.0, phase=DEFLATING
2026-09-04 14:04:34,518 - DVPTest - DEBUG - 物理分类结果: STABLE
2026-09-04 14:04:34,519 - DVPTest - DEBUG - [UI] _on_plot_update 收到 518 个数据点
2026-09-04 14:04:34,521 - DVPTest - INFO - [串口] cuff=174 mmHg
2026-09-04 14:04:34,609 - DVPTest - DEBUG - 发出 sig_data: t=51.827, p=174.00
2026-09-04 14:04:34,612 - DVPTest - DEBUG - process_data: t=51.83, p=174.0, v=0.000, a=0.0, phase=DEFLATING
2026-09-04 14:04:34,613 - DVPTest - DEBUG - 物理分类结果: STABLE
2026-09-04 14:04:34,614 - DVPTest - DEBUG - [UI] _on_plot_update 收到 519 个数据点
2026-09-04 14:04:34,618 - DVPTest - INFO - [串口] cuff=174 mmHg
2026-09-04 14:04:34,722 - DVPTest - DEBUG - 发出 sig_data: t=51.939, p=173.00
2026-09-04 14:04:34,722 - DVPTest - DEBUG - process_data: t=51.94, p=173.0, v=-8.924, a=-79.6, phase=DEFLATING
2026-09-04 14:04:34,722 - DVPTest - DEBUG - 物理分类结果: DEFLATING
2026-09-04 14:04:34,723 - DVPTest - DEBUG - [UI] _on_plot_update 收到 520 个数据点
2026-09-04 14:04:34,725 - DVPTest - INFO - [串口] cuff=173 mmHg
2026-09-04 14:04:34,817 - DVPTest - DEBUG - 发出 sig_data: t=52.034, p=173.00
2026-09-04 14:04:34,819 - DVPTest - DEBUG - process_data: t=52.03, p=173.0, v=0.000, a=93.4, phase=DEFLATING
2026-09-04 14:04:34,820 - DVPTest - DEBUG - 物理分类结果: STABLE
2026-09-04 14:04:34,822 - DVPTest - DEBUG - [UI] _on_plot_update 收到 521 个数据点
2026-09-04 14:04:34,827 - DVPTest - INFO - [串口] cuff=173 mmHg
2026-09-04 14:04:34,913 - DVPTest - DEBUG - 发出 sig_data: t=52.130, p=173.00
2026-09-04 14:04:34,915 - DVPTest - DEBUG - process_data: t=52.13, p=173.0, v=0.000, a=0.0, phase=DEFLATING
2026-09-04 14:04:34,916 - DVPTest - DEBUG - 物理分类结果: STABLE
2026-09-04 14:04:34,919 - DVPTest - DEBUG - [UI] _on_plot_update 收到 522 个数据点
2026-09-04 14:04:34,923 - DVPTest - INFO - [串口] cuff=173 mmHg
2026-09-04 14:04:35,009 - DVPTest - DEBUG - 发出 sig_data: t=52.226, p=172.00
2026-09-04 14:04:35,011 - DVPTest - DEBUG - process_data: t=52.23, p=172.0, v=-10.404, a=-108.2, phase=DEFLATING
2026-09-04 14:04:35,011 - DVPTest - DEBUG - 物理分类结果: DEFLATING
2026-09-04 14:04:35,012 - DVPTest - DEBUG - [UI] _on_plot_update 收到 523 个数据点
2026-09-04 14:04:35,014 - DVPTest - INFO - [串口] cuff=172 mmHg
2026-09-04 14:04:35,121 - DVPTest - DEBUG - 发出 sig_data: t=52.338, p=172.00
2026-09-04 14:04:35,124 - DVPTest - DEBUG - process_data: t=52.34, p=172.0, v=0.000, a=93.0, phase=DEFLATING
2026-09-04 14:04:35,125 - DVPTest - DEBUG - 物理分类结果: STABLE
2026-09-04 14:04:35,127 - DVPTest - DEBUG - [UI] _on_plot_update 收到 524 个数据点
2026-09-04 14:04:35,130 - DVPTest - INFO - [串口] cuff=172 mmHg
2026-09-04 14:04:35,216 - DVPTest - DEBUG - 发出 sig_data: t=52.434, p=172.00
2026-09-04 14:04:35,219 - DVPTest - DEBUG - process_data: t=52.43, p=172.0, v=0.000, a=0.0, phase=DEFLATING
2026-09-04 14:04:35,219 - DVPTest - DEBUG - 物理分类结果: STABLE
2026-09-04 14:04:35,221 - DVPTest - DEBUG - [UI] _on_plot_update 收到 525 个数据点
2026-09-04 14:04:35,224 - DVPTest - INFO - [串口] cuff=172 mmHg
2026-09-04 14:04:35,313 - DVPTest - DEBUG - 发出 sig_data: t=52.530, p=171.00
2026-09-04 14:04:35,314 - DVPTest - DEBUG - process_data: t=52.53, p=171.0, v=-10.400, a=-108.2, phase=DEFLATING
2026-09-04 14:04:35,314 - DVPTest - DEBUG - 物理分类结果: DEFLATING
2026-09-04 14:04:35,315 - DVPTest - DEBUG - [UI] _on_plot_update 收到 526 个数据点
2026-09-04 14:04:35,317 - DVPTest - INFO - [串口] cuff=171 mmHg
2026-09-04 14:04:35,409 - DVPTest - DEBUG - 发出 sig_data: t=52.626, p=171.00
2026-09-04 14:04:35,409 - DVPTest - DEBUG - process_data: t=52.63, p=171.0, v=0.000, a=108.4, phase=DEFLATING
2026-09-04 14:04:35,410 - DVPTest - DEBUG - 物理分类结果: STABLE
2026-09-04 14:04:35,412 - DVPTest - DEBUG - [UI] _on_plot_update 收到 527 个数据点
2026-09-04 14:04:35,414 - DVPTest - INFO - [串口] cuff=171 mmHg
2026-09-04 14:04:35,520 - DVPTest - DEBUG - 发出 sig_data: t=52.738, p=171.00
2026-09-04 14:04:35,562 - DVPTest - DEBUG - process_data: t=52.74, p=171.0, v=0.000, a=0.0, phase=DEFLATING
2026-09-04 14:04:35,563 - DVPTest - DEBUG - 物理分类结果: STABLE
2026-09-04 14:04:35,564 - DVPTest - DEBUG - [UI] _on_plot_update 收到 528 个数据点
2026-09-04 14:04:35,565 - DVPTest - INFO - [串口] cuff=171 mmHg
2026-09-04 14:04:35,566 - DVPTest - INFO - 退出程序：结束测试...
2026-09-04 14:04:35,877 - DVPTest - INFO - run() 结束
2026-09-04 14:04:35,879 - DVPTest - DEBUG - [TestManager] reset 完成
2026-09-04 14:04:35,880 - DVPTest - INFO - 数据已重置，绘图恢复
2026-09-04 14:04:35,880 - DVPTest - SUCCESS - 已断开串口
