2026-09-04 11:22:02,045 - DVPTest - INFO - === test_managers.py 已加载（新版本）===
2026-09-04 11:22:02,045 - DVPTest - INFO - [TestManager] 初始化完成（完全解耦 + InflectionDetector 版）
2026-09-04 11:22:03,069 - DVPTest - DEBUG - 已恢复分割器布局
2026-09-04 11:22:03,071 - DVPTest - DEBUG - [UI] MainWindow 初始化完成
2026-09-04 11:22:07,971 - DVPTest - INFO - 切换主题为: dark
2026-09-04 11:22:09,849 - DVPTest - INFO - 切换主题为: light
2026-09-04 11:22:10,866 - DVPTest - INFO - 切换主题为: dark
2026-09-04 11:23:47,103 - DVPTest - INFO - 切换主题为: light
2026-09-04 11:23:47,866 - DVPTest - INFO - 视图已锁定，不再自动适配缩放
2026-09-04 11:23:49,712 - DVPTest - INFO - 切换主题为: dark
2026-09-04 11:23:53,030 - DVPTest - INFO - 设备识别: unknown
2026-09-04 11:23:53,031 - DVPTest - SUCCESS - 已连接到串口 COM25 @ 115200 bps
2026-09-04 11:23:53,032 - DVPTest - INFO - 正在打开串口 COM25 @ 115200
2026-09-04 11:23:53,033 - DVPTest - ERROR - run() 异常: could not open port 'COM25': PermissionError(13, '拒绝访问。', None, 5)
2026-09-04 11:23:53,033 - DVPTest - INFO - run() 结束
2026-09-04 11:23:53,033 - DVPTest - SUCCESS - 开始记录数据，文件: ./logs/csv\pressure_data_20260904_112353.csv
2026-09-04 11:23:53,034 - DVPTest - DEBUG - [TestManager] reset 完成
2026-09-04 11:23:53,034 - DVPTest - DEBUG - 充气参数更新: start=5.0, mid=200.0, target=300.0
2026-09-04 11:23:53,036 - DVPTest - ERROR - 串口错误: could not open port 'COM25': PermissionError(13, '拒绝访问。', None, 5)
2026-09-04 11:23:53,851 - DVPTest - INFO - 退出程序：测试未运行，直接断开
2026-09-04 11:23:53,852 - DVPTest - DEBUG - [TestManager] reset 完成
2026-09-04 11:23:53,853 - DVPTest - INFO - 数据已重置，绘图恢复
2026-09-04 11:23:53,854 - DVPTest - SUCCESS - 已断开串口
2026-09-04 11:23:53,855 - DVPTest - INFO - 停止记录数据
2026-09-04 11:23:53,856 - DVPTest - INFO - 已断开连接，自动连接已暂停（如需重新启用，请手动连接一次）
2026-09-04 11:23:55,222 - DVPTest - INFO - 设备识别: unknown
2026-09-04 11:23:55,223 - DVPTest - SUCCESS - 已连接到串口 COM25 @ 115200 bps
2026-09-04 11:23:55,224 - DVPTest - INFO - 正在打开串口 COM25 @ 115200
2026-09-04 11:23:55,224 - DVPTest - ERROR - run() 异常: could not open port 'COM25': PermissionError(13, '拒绝访问。', None, 5)
2026-09-04 11:23:55,224 - DVPTest - SUCCESS - 开始记录数据，文件: ./logs/csv\pressure_data_20260904_112355.csv
2026-09-04 11:23:55,224 - DVPTest - INFO - run() 结束
2026-09-04 11:23:55,225 - DVPTest - DEBUG - [TestManager] reset 完成
2026-09-04 11:23:55,226 - DVPTest - DEBUG - 充气参数更新: start=5.0, mid=200.0, target=300.0
2026-09-04 11:23:55,227 - DVPTest - ERROR - 串口错误: could not open port 'COM25': PermissionError(13, '拒绝访问。', None, 5)
2026-09-04 11:23:55,995 - DVPTest - INFO - 绘图已暂停
2026-09-04 11:23:56,696 - DVPTest - DEBUG - [UI] _on_plot_update 收到 0 个数据点
2026-09-04 11:23:56,697 - DVPTest - INFO - 绘图已恢复
2026-09-04 11:23:59,083 - DVPTest - INFO - 退出程序：测试未运行，直接断开
2026-09-04 11:23:59,084 - DVPTest - DEBUG - [TestManager] reset 完成
2026-09-04 11:23:59,085 - DVPTest - INFO - 数据已重置，绘图恢复
2026-09-04 11:23:59,086 - DVPTest - SUCCESS - 已断开串口
2026-09-04 11:23:59,086 - DVPTest - INFO - 停止记录数据
2026-09-04 11:23:59,088 - DVPTest - INFO - 已断开连接，自动连接已暂停（如需重新启用，请手动连接一次）
2026-09-04 11:24:01,303 - DVPTest - INFO - 设备识别: unknown
2026-09-04 11:24:01,303 - DVPTest - SUCCESS - 已连接到串口 COM25 @ 115200 bps
2026-09-04 11:24:01,305 - DVPTest - INFO - 正在打开串口 COM25 @ 115200
2026-09-04 11:24:01,305 - DVPTest - ERROR - run() 异常: could not open port 'COM25': PermissionError(13, '拒绝访问。', None, 5)
2026-09-04 11:24:01,305 - DVPTest - SUCCESS - 开始记录数据，文件: ./logs/csv\pressure_data_20260904_112401.csv
2026-09-04 11:24:01,305 - DVPTest - INFO - run() 结束
2026-09-04 11:24:01,306 - DVPTest - DEBUG - [TestManager] reset 完成
2026-09-04 11:24:01,306 - DVPTest - DEBUG - 充气参数更新: start=5.0, mid=200.0, target=300.0
2026-09-04 11:24:01,307 - DVPTest - ERROR - 串口错误: could not open port 'COM25': PermissionError(13, '拒绝访问。', None, 5)
2026-09-04 11:24:03,403 - DVPTest - INFO - 视图已锁定，不再自动适配缩放
2026-09-04 11:24:03,755 - DVPTest - INFO - 视图已解锁，恢复自动适配
2026-09-04 11:24:05,156 - DVPTest - INFO - 视图已锁定，不再自动适配缩放
2026-09-04 11:24:06,155 - DVPTest - INFO - 尝试进入 PC 模式...
2026-09-04 11:24:06,156 - DVPTest - ERROR - 进入 PC 模式失败，压力表测试无法继续
2026-09-04 11:24:07,467 - DVPTest - DEBUG - [TestManager] reset 完成
2026-09-04 11:24:07,468 - DVPTest - DEBUG - 充气参数更新: start=5.0, mid=200.0, target=300.0
2026-09-04 11:24:07,469 - DVPTest - DEBUG - [TestManager] reset 完成
2026-09-04 11:24:07,469 - DVPTest - INFO - 数据已重置，绘图恢复
2026-09-04 11:24:07,470 - DVPTest - ERROR - AT#AG 发送失败
2026-09-04 11:24:11,419 - DVPTest - INFO - 尝试进入 PC 模式...
2026-09-04 11:24:11,420 - DVPTest - ERROR - 进入 PC 模式失败，压力表测试无法继续
2026-09-04 11:24:12,131 - DVPTest - DEBUG - [TestManager] reset 完成
2026-09-04 11:24:12,132 - DVPTest - DEBUG - 充气参数更新: start=5.0, mid=200.0, target=300.0
2026-09-04 11:24:12,133 - DVPTest - DEBUG - [TestManager] reset 完成
2026-09-04 11:24:12,133 - DVPTest - INFO - 数据已重置，绘图恢复
2026-09-04 11:24:12,134 - DVPTest - ERROR - AT#AG 发送失败
2026-09-04 11:24:13,206 - DVPTest - INFO - 光标 C1 已添加 (x=17.85, y=246.32)
2026-09-04 11:24:14,190 - DVPTest - INFO - 光标 C2 已添加 (x=6.81, y=132.85)
2026-09-04 11:24:14,566 - DVPTest - INFO - 光标 B1 已添加 (x=30.88, y=140.48)
2026-09-04 11:24:15,350 - DVPTest - INFO - 光标 B2 已添加 (x=31.64, y=277.79)
2026-09-04 11:24:16,493 - DVPTest - INFO - 切换主题为: light
2026-09-04 11:24:18,253 - DVPTest - INFO - 切换主题为: dark
2026-09-04 11:24:18,845 - DVPTest - INFO - 切换主题为: light
2026-09-04 11:24:19,710 - DVPTest - INFO - 切换主题为: dark
2026-09-04 11:24:20,459 - DVPTest - INFO - 切换主题为: light
2026-09-04 11:24:23,837 - DVPTest - INFO - 切换主题为: dark
2026-09-04 11:24:29,910 - DVPTest - INFO - 切换主题为: light
2026-09-04 11:24:47,026 - DVPTest - INFO - 光标 C1 已添加 (x=1.49, y=60.39)
2026-09-04 11:24:47,407 - DVPTest - INFO - 光标 C2 已添加 (x=13.77, y=65.15)
2026-09-04 11:24:47,869 - DVPTest - INFO - 光标 B1 已添加 (x=15.05, y=139.53)
2026-09-04 11:24:48,623 - DVPTest - INFO - 光标 B2 已添加 (x=28.29, y=222.49)
2026-09-04 11:24:49,241 - DVPTest - INFO - 光标 C1 已添加 (x=10.58, y=157.65)
2026-09-04 11:24:50,055 - DVPTest - INFO - 光标 C2 已添加 (x=10.50, y=109.02)
2026-09-04 11:24:58,175 - DVPTest - INFO - 切换主题为: dark
2026-09-04 11:25:48,374 - DVPTest - INFO - 退出程序：测试未运行，直接断开
2026-09-04 11:25:48,375 - DVPTest - DEBUG - [TestManager] reset 完成
2026-09-04 11:25:48,376 - DVPTest - INFO - 数据已重置，绘图恢复
2026-09-04 11:25:48,377 - DVPTest - SUCCESS - 已断开串口
2026-09-04 11:25:48,378 - DVPTest - INFO - 停止记录数据
2026-09-04 11:25:48,380 - DVPTest - INFO - 已断开连接，自动连接已暂停（如需重新启用，请手动连接一次）
2026-09-04 11:25:48,950 - DVPTest - INFO - 设备识别: unknown
2026-09-04 11:25:48,951 - DVPTest - SUCCESS - 已连接到串口 COM25 @ 115200 bps
2026-09-04 11:25:48,952 - DVPTest - INFO - 正在打开串口 COM25 @ 115200
2026-09-04 11:25:48,953 - DVPTest - ERROR - run() 异常: could not open port 'COM25': PermissionError(13, '拒绝访问。', None, 5)
2026-09-04 11:25:48,953 - DVPTest - INFO - run() 结束
2026-09-04 11:25:48,953 - DVPTest - SUCCESS - 开始记录数据，文件: ./logs/csv\pressure_data_20260904_112548.csv
2026-09-04 11:25:48,958 - DVPTest - DEBUG - [TestManager] reset 完成
2026-09-04 11:25:48,958 - DVPTest - DEBUG - 充气参数更新: start=5.0, mid=200.0, target=300.0
2026-09-04 11:25:48,961 - DVPTest - ERROR - 串口错误: could not open port 'COM25': PermissionError(13, '拒绝访问。', None, 5)
2026-09-04 11:25:49,878 - DVPTest - DEBUG - [TestManager] reset 完成
2026-09-04 11:25:49,879 - DVPTest - DEBUG - 充气参数更新: start=5.0, mid=200.0, target=300.0
2026-09-04 11:25:49,880 - DVPTest - DEBUG - [TestManager] reset 完成
2026-09-04 11:25:49,880 - DVPTest - INFO - 数据已重置，绘图恢复
2026-09-04 11:25:49,881 - DVPTest - ERROR - AT#AG 发送失败
2026-09-04 11:25:51,061 - DVPTest - DEBUG - [TestManager] reset 完成
2026-09-04 11:25:51,062 - DVPTest - DEBUG - 充气参数更新: start=5.0, mid=200.0, target=300.0
2026-09-04 11:25:51,063 - DVPTest - DEBUG - [TestManager] reset 完成
2026-09-04 11:25:51,063 - DVPTest - INFO - 数据已重置，绘图恢复
2026-09-04 11:25:51,064 - DVPTest - ERROR - AT#AG 发送失败
2026-09-04 11:26:09,287 - DVPTest - DEBUG - [TestManager] reset 完成
2026-09-04 11:26:09,288 - DVPTest - DEBUG - 充气参数更新: start=5.0, mid=200.0, target=300.0
2026-09-04 11:26:09,288 - DVPTest - DEBUG - [TestManager] reset 完成
2026-09-04 11:26:09,289 - DVPTest - INFO - 数据已重置，绘图恢复
2026-09-04 11:26:09,290 - DVPTest - ERROR - AT#AG 发送失败
2026-09-04 11:26:10,637 - DVPTest - DEBUG - [TestManager] reset 完成
2026-09-04 11:26:10,638 - DVPTest - DEBUG - 充气参数更新: start=5.0, mid=200.0, target=300.0
2026-09-04 11:26:10,639 - DVPTest - DEBUG - [TestManager] reset 完成
2026-09-04 11:26:10,640 - DVPTest - INFO - 数据已重置，绘图恢复
2026-09-04 11:26:10,640 - DVPTest - ERROR - AT#AG 发送失败
2026-09-04 11:26:15,230 - DVPTest - DEBUG - [TestManager] reset 完成
2026-09-04 11:26:15,230 - DVPTest - DEBUG - 充气参数更新: start=5.0, mid=200.0, target=300.0
2026-09-04 11:26:15,230 - DVPTest - DEBUG - [TestManager] reset 完成
2026-09-04 11:26:15,231 - DVPTest - INFO - 数据已重置，绘图恢复
2026-09-04 11:26:15,231 - DVPTest - ERROR - AT#AG 发送失败
2026-09-04 11:26:16,046 - DVPTest - DEBUG - [TestManager] reset 完成
2026-09-04 11:26:16,046 - DVPTest - DEBUG - 充气参数更新: start=5.0, mid=200.0, target=300.0
2026-09-04 11:26:16,047 - DVPTest - DEBUG - [TestManager] reset 完成
2026-09-04 11:26:16,047 - DVPTest - INFO - 数据已重置，绘图恢复
2026-09-04 11:26:16,048 - DVPTest - ERROR - AT#AG 发送失败
2026-09-04 11:26:16,493 - DVPTest - DEBUG - [TestManager] reset 完成
2026-09-04 11:26:16,494 - DVPTest - DEBUG - 充气参数更新: start=5.0, mid=200.0, target=300.0
2026-09-04 11:26:16,494 - DVPTest - DEBUG - [TestManager] reset 完成
2026-09-04 11:26:16,494 - DVPTest - INFO - 数据已重置，绘图恢复
2026-09-04 11:26:16,494 - DVPTest - ERROR - AT#AG 发送失败
2026-09-04 11:26:16,822 - DVPTest - DEBUG - [TestManager] reset 完成
2026-09-04 11:26:16,822 - DVPTest - DEBUG - 充气参数更新: start=5.0, mid=200.0, target=300.0
2026-09-04 11:26:16,822 - DVPTest - DEBUG - [TestManager] reset 完成
2026-09-04 11:26:16,822 - DVPTest - INFO - 数据已重置，绘图恢复
2026-09-04 11:26:16,823 - DVPTest - ERROR - AT#AG 发送失败
2026-09-04 11:26:17,367 - DVPTest - DEBUG - [TestManager] reset 完成
2026-09-04 11:26:17,368 - DVPTest - DEBUG - 充气参数更新: start=5.0, mid=200.0, target=300.0
2026-09-04 11:26:17,368 - DVPTest - DEBUG - [TestManager] reset 完成
2026-09-04 11:26:17,368 - DVPTest - INFO - 数据已重置，绘图恢复
2026-09-04 11:26:17,369 - DVPTest - ERROR - AT#AG 发送失败
2026-09-04 11:26:18,565 - DVPTest - DEBUG - [TestManager] reset 完成
2026-09-04 11:26:18,566 - DVPTest - DEBUG - 充气参数更新: start=5.0, mid=200.0, target=300.0
2026-09-04 11:26:18,566 - DVPTest - DEBUG - [TestManager] reset 完成
2026-09-04 11:26:18,566 - DVPTest - INFO - 数据已重置，绘图恢复
2026-09-04 11:26:18,567 - DVPTest - ERROR - AT#AG 发送失败
2026-09-04 11:26:25,238 - DVPTest - INFO - 退出程序：测试未运行，直接断开
2026-09-04 11:26:25,239 - DVPTest - DEBUG - [TestManager] reset 完成
2026-09-04 11:26:25,239 - DVPTest - INFO - 数据已重置，绘图恢复
2026-09-04 11:26:25,240 - DVPTest - SUCCESS - 已断开串口
2026-09-04 11:26:25,241 - DVPTest - INFO - 停止记录数据
2026-09-04 11:26:25,242 - DVPTest - INFO - 已断开连接，自动连接已暂停（如需重新启用，请手动连接一次）
2026-09-04 11:26:34,244 - DVPTest - INFO - 设备识别: unknown
2026-09-04 11:26:34,244 - DVPTest - SUCCESS - 已连接到串口 COM25 @ 115200 bps
2026-09-04 11:26:34,246 - DVPTest - INFO - 正在打开串口 COM25 @ 115200
2026-09-04 11:26:34,246 - DVPTest - SUCCESS - 开始记录数据，文件: ./logs/csv\pressure_data_20260904_112634.csv
2026-09-04 11:26:34,246 - DVPTest - DEBUG - [TestManager] reset 完成
2026-09-04 11:26:34,246 - DVPTest - DEBUG - 充气参数更新: start=5.0, mid=200.0, target=300.0
2026-09-04 11:26:34,264 - DVPTest - DEBUG - 设备类型 unknown，开始嗅探
2026-09-04 11:26:34,366 - DVPTest - DEBUG - 嗅探到 13 字节: b'cuff=0 mmHg\r\n'
2026-09-04 11:26:34,366 - DVPTest - DEBUG - 嗅探到文本协议特征
2026-09-04 11:26:34,367 - DVPTest - INFO - 协议检测完成: device_type=unknown, mode=text
2026-09-04 11:26:34,369 - DVPTest - INFO - [串口] [协议选择] device_type=unknown, mode=text
2026-09-04 11:26:34,370 - DVPTest - INFO - 进入文本模式
2026-09-04 11:26:34,391 - DVPTest - DEBUG - 发出 sig_data: t=0.126, p=0.00
2026-09-04 11:26:34,392 - DVPTest - DEBUG - process_data: t=0.13, p=0.0, v=0.000, a=0.0, phase=IDLE
2026-09-04 11:26:34,392 - DVPTest - DEBUG - 充气峰值更新: 0.0 @ 0.13s
2026-09-04 11:26:34,393 - DVPTest - DEBUG - 物理分类结果: STABLE
2026-09-04 11:26:34,393 - DVPTest - DEBUG - [UI] _on_plot_update 收到 1 个数据点
2026-09-04 11:26:34,395 - DVPTest - INFO - [串口] cuff=0 mmHg
2026-09-04 11:26:34,487 - DVPTest - DEBUG - 发出 sig_data: t=0.222, p=0.00
2026-09-04 11:26:34,488 - DVPTest - DEBUG - process_data: t=0.22, p=0.0, v=0.000, a=0.0, phase=IDLE
2026-09-04 11:26:34,489 - DVPTest - DEBUG - 物理分类结果: STABLE
2026-09-04 11:26:34,489 - DVPTest - DEBUG - [UI] _on_plot_update 收到 2 个数据点
2026-09-04 11:26:34,493 - DVPTest - INFO - [串口] cuff=0 mmHg
2026-09-04 11:26:34,582 - DVPTest - DEBUG - 发出 sig_data: t=0.318, p=0.00
2026-09-04 11:26:34,583 - DVPTest - DEBUG - process_data: t=0.32, p=0.0, v=0.000, a=0.0, phase=IDLE
2026-09-04 11:26:34,583 - DVPTest - DEBUG - 物理分类结果: STABLE
2026-09-04 11:26:34,583 - DVPTest - DEBUG - [UI] _on_plot_update 收到 3 个数据点
2026-09-04 11:26:34,585 - DVPTest - INFO - [串口] cuff=0 mmHg
2026-09-04 11:26:34,694 - DVPTest - DEBUG - 发出 sig_data: t=0.430, p=0.00
2026-09-04 11:26:34,696 - DVPTest - DEBUG - process_data: t=0.43, p=0.0, v=0.000, a=0.0, phase=IDLE
2026-09-04 11:26:34,697 - DVPTest - DEBUG - 物理分类结果: STABLE
2026-09-04 11:26:34,698 - DVPTest - DEBUG - [UI] _on_plot_update 收到 4 个数据点
2026-09-04 11:26:34,700 - DVPTest - INFO - [串口] cuff=0 mmHg
2026-09-04 11:26:34,791 - DVPTest - DEBUG - 发出 sig_data: t=0.526, p=0.00
2026-09-04 11:26:34,792 - DVPTest - DEBUG - process_data: t=0.53, p=0.0, v=0.000, a=0.0, phase=IDLE
2026-09-04 11:26:34,792 - DVPTest - DEBUG - 物理分类结果: STABLE
2026-09-04 11:26:34,793 - DVPTest - DEBUG - [UI] _on_plot_update 收到 5 个数据点
2026-09-04 11:26:34,795 - DVPTest - INFO - [串口] cuff=0 mmHg
2026-09-04 11:26:34,886 - DVPTest - DEBUG - 发出 sig_data: t=0.622, p=0.00
2026-09-04 11:26:34,888 - DVPTest - DEBUG - process_data: t=0.62, p=0.0, v=0.000, a=0.0, phase=IDLE
2026-09-04 11:26:34,889 - DVPTest - DEBUG - 物理分类结果: STABLE
2026-09-04 11:26:34,890 - DVPTest - DEBUG - [UI] _on_plot_update 收到 6 个数据点
2026-09-04 11:26:34,892 - DVPTest - INFO - [串口] cuff=0 mmHg
2026-09-04 11:26:34,982 - DVPTest - DEBUG - 发出 sig_data: t=0.717, p=0.00
2026-09-04 11:26:34,983 - DVPTest - DEBUG - process_data: t=0.72, p=0.0, v=0.000, a=0.0, phase=IDLE
2026-09-04 11:26:34,984 - DVPTest - DEBUG - 物理分类结果: STABLE
2026-09-04 11:26:34,985 - DVPTest - DEBUG - [UI] _on_plot_update 收到 7 个数据点
2026-09-04 11:26:34,988 - DVPTest - INFO - [串口] cuff=0 mmHg
2026-09-04 11:26:35,094 - DVPTest - DEBUG - 发出 sig_data: t=0.829, p=0.00
2026-09-04 11:26:35,095 - DVPTest - DEBUG - process_data: t=0.83, p=0.0, v=0.000, a=0.0, phase=IDLE
2026-09-04 11:26:35,096 - DVPTest - DEBUG - 物理分类结果: STABLE
2026-09-04 11:26:35,096 - DVPTest - DEBUG - [UI] _on_plot_update 收到 8 个数据点
2026-09-04 11:26:35,099 - DVPTest - INFO - [串口] cuff=0 mmHg
2026-09-04 11:26:35,190 - DVPTest - DEBUG - 发出 sig_data: t=0.925, p=0.00
2026-09-04 11:26:35,191 - DVPTest - DEBUG - process_data: t=0.93, p=0.0, v=0.000, a=0.0, phase=IDLE
2026-09-04 11:26:35,191 - DVPTest - DEBUG - 物理分类结果: STABLE
2026-09-04 11:26:35,191 - DVPTest - DEBUG - [UI] _on_plot_update 收到 9 个数据点
2026-09-04 11:26:35,193 - DVPTest - INFO - [串口] cuff=0 mmHg
2026-09-04 11:26:35,286 - DVPTest - DEBUG - 发出 sig_data: t=1.021, p=0.00
2026-09-04 11:26:35,286 - DVPTest - DEBUG - process_data: t=1.02, p=0.0, v=0.000, a=0.0, phase=IDLE
2026-09-04 11:26:35,286 - DVPTest - DEBUG - 物理分类结果: STABLE
2026-09-04 11:26:35,286 - DVPTest - DEBUG - [UI] _on_plot_update 收到 10 个数据点
2026-09-04 11:26:35,288 - DVPTest - INFO - [串口] cuff=0 mmHg
2026-09-04 11:26:35,384 - DVPTest - DEBUG - 发出 sig_data: t=1.119, p=0.00
2026-09-04 11:26:35,385 - DVPTest - DEBUG - process_data: t=1.12, p=0.0, v=0.000, a=0.0, phase=IDLE
2026-09-04 11:26:35,385 - DVPTest - DEBUG - 物理分类结果: STABLE
2026-09-04 11:26:35,386 - DVPTest - DEBUG - [UI] _on_plot_update 收到 11 个数据点
2026-09-04 11:26:35,388 - DVPTest - INFO - [串口] cuff=0 mmHg
2026-09-04 11:26:35,493 - DVPTest - DEBUG - 发出 sig_data: t=1.229, p=0.00
2026-09-04 11:26:35,494 - DVPTest - DEBUG - process_data: t=1.23, p=0.0, v=0.000, a=0.0, phase=IDLE
2026-09-04 11:26:35,494 - DVPTest - DEBUG - 物理分类结果: STABLE
2026-09-04 11:26:35,494 - DVPTest - DEBUG - [UI] _on_plot_update 收到 12 个数据点
2026-09-04 11:26:35,496 - DVPTest - INFO - [串口] cuff=0 mmHg
2026-09-04 11:26:35,589 - DVPTest - DEBUG - 发出 sig_data: t=1.324, p=0.00
2026-09-04 11:26:35,591 - DVPTest - DEBUG - process_data: t=1.32, p=0.0, v=0.000, a=0.0, phase=IDLE
2026-09-04 11:26:35,591 - DVPTest - DEBUG - 物理分类结果: STABLE
2026-09-04 11:26:35,592 - DVPTest - DEBUG - [UI] _on_plot_update 收到 13 个数据点
2026-09-04 11:26:35,595 - DVPTest - INFO - [串口] cuff=0 mmHg
2026-09-04 11:26:35,685 - DVPTest - DEBUG - 发出 sig_data: t=1.420, p=0.00
2026-09-04 11:26:35,686 - DVPTest - DEBUG - process_data: t=1.42, p=0.0, v=0.000, a=0.0, phase=IDLE
2026-09-04 11:26:35,687 - DVPTest - DEBUG - 物理分类结果: STABLE
2026-09-04 11:26:35,687 - DVPTest - DEBUG - [UI] _on_plot_update 收到 14 个数据点
2026-09-04 11:26:35,690 - DVPTest - INFO - [串口] cuff=0 mmHg
2026-09-04 11:26:35,797 - DVPTest - DEBUG - 发出 sig_data: t=1.532, p=0.00
2026-09-04 11:26:35,798 - DVPTest - DEBUG - process_data: t=1.53, p=0.0, v=0.000, a=0.0, phase=IDLE
2026-09-04 11:26:35,798 - DVPTest - DEBUG - 物理分类结果: STABLE
2026-09-04 11:26:35,798 - DVPTest - DEBUG - [UI] _on_plot_update 收到 15 个数据点
2026-09-04 11:26:35,799 - DVPTest - INFO - [串口] cuff=0 mmHg
2026-09-04 11:26:35,893 - DVPTest - DEBUG - 发出 sig_data: t=1.629, p=0.00
2026-09-04 11:26:35,896 - DVPTest - DEBUG - process_data: t=1.63, p=0.0, v=0.000, a=0.0, phase=IDLE
2026-09-04 11:26:35,896 - DVPTest - DEBUG - 物理分类结果: STABLE
2026-09-04 11:26:35,897 - DVPTest - DEBUG - [UI] _on_plot_update 收到 16 个数据点
2026-09-04 11:26:35,899 - DVPTest - INFO - [串口] cuff=0 mmHg
2026-09-04 11:26:35,989 - DVPTest - DEBUG - 发出 sig_data: t=1.724, p=0.00
2026-09-04 11:26:35,990 - DVPTest - DEBUG - process_data: t=1.72, p=0.0, v=0.000, a=0.0, phase=IDLE
2026-09-04 11:26:35,991 - DVPTest - DEBUG - 物理分类结果: STABLE
2026-09-04 11:26:35,992 - DVPTest - DEBUG - [UI] _on_plot_update 收到 17 个数据点
2026-09-04 11:26:35,995 - DVPTest - INFO - [串口] cuff=0 mmHg
2026-09-04 11:26:36,084 - DVPTest - DEBUG - 发出 sig_data: t=1.819, p=0.00
2026-09-04 11:26:36,085 - DVPTest - DEBUG - process_data: t=1.82, p=0.0, v=0.000, a=0.0, phase=IDLE
2026-09-04 11:26:36,085 - DVPTest - DEBUG - 物理分类结果: STABLE
2026-09-04 11:26:36,085 - DVPTest - DEBUG - [UI] _on_plot_update 收到 18 个数据点
2026-09-04 11:26:36,086 - DVPTest - INFO - [串口] cuff=0 mmHg
2026-09-04 11:26:36,196 - DVPTest - DEBUG - 发出 sig_data: t=1.931, p=0.00
2026-09-04 11:26:36,197 - DVPTest - DEBUG - process_data: t=1.93, p=0.0, v=0.000, a=0.0, phase=IDLE
2026-09-04 11:26:36,197 - DVPTest - DEBUG - 物理分类结果: STABLE
2026-09-04 11:26:36,197 - DVPTest - DEBUG - [UI] _on_plot_update 收到 19 个数据点
2026-09-04 11:26:36,198 - DVPTest - INFO - [串口] cuff=0 mmHg
2026-09-04 11:26:36,292 - DVPTest - DEBUG - 发出 sig_data: t=2.028, p=0.00
2026-09-04 11:26:36,293 - DVPTest - DEBUG - process_data: t=2.03, p=0.0, v=0.000, a=0.0, phase=IDLE
2026-09-04 11:26:36,293 - DVPTest - DEBUG - 物理分类结果: STABLE
2026-09-04 11:26:36,294 - DVPTest - DEBUG - [UI] _on_plot_update 收到 20 个数据点
2026-09-04 11:26:36,296 - DVPTest - INFO - [串口] cuff=0 mmHg
2026-09-04 11:26:36,388 - DVPTest - DEBUG - 发出 sig_data: t=2.123, p=0.00
2026-09-04 11:26:36,389 - DVPTest - DEBUG - process_data: t=2.12, p=0.0, v=0.000, a=0.0, phase=IDLE
2026-09-04 11:26:36,389 - DVPTest - DEBUG - 物理分类结果: STABLE
2026-09-04 11:26:36,389 - DVPTest - DEBUG - [UI] _on_plot_update 收到 21 个数据点
2026-09-04 11:26:36,390 - DVPTest - INFO - [串口] cuff=0 mmHg
2026-09-04 11:26:36,484 - DVPTest - DEBUG - 发出 sig_data: t=2.219, p=0.00
2026-09-04 11:26:36,485 - DVPTest - DEBUG - process_data: t=2.22, p=0.0, v=0.000, a=0.0, phase=IDLE
2026-09-04 11:26:36,485 - DVPTest - DEBUG - 物理分类结果: STABLE
2026-09-04 11:26:36,486 - DVPTest - DEBUG - [UI] _on_plot_update 收到 22 个数据点
2026-09-04 11:26:36,487 - DVPTest - INFO - [串口] cuff=0 mmHg
2026-09-04 11:26:36,595 - DVPTest - DEBUG - 发出 sig_data: t=2.331, p=0.00
2026-09-04 11:26:36,596 - DVPTest - DEBUG - process_data: t=2.33, p=0.0, v=0.000, a=0.0, phase=IDLE
2026-09-04 11:26:36,596 - DVPTest - DEBUG - 物理分类结果: STABLE
2026-09-04 11:26:36,596 - DVPTest - DEBUG - [UI] _on_plot_update 收到 23 个数据点
2026-09-04 11:26:36,598 - DVPTest - INFO - [串口] cuff=0 mmHg
2026-09-04 11:26:36,692 - DVPTest - DEBUG - 发出 sig_data: t=2.427, p=0.00
2026-09-04 11:26:36,693 - DVPTest - DEBUG - process_data: t=2.43, p=0.0, v=0.000, a=0.0, phase=IDLE
2026-09-04 11:26:36,693 - DVPTest - DEBUG - 物理分类结果: STABLE
2026-09-04 11:26:36,693 - DVPTest - DEBUG - [UI] _on_plot_update 收到 24 个数据点
2026-09-04 11:26:36,694 - DVPTest - INFO - [串口] cuff=0 mmHg
2026-09-04 11:26:36,787 - DVPTest - DEBUG - 发出 sig_data: t=2.522, p=0.00
2026-09-04 11:26:36,788 - DVPTest - DEBUG - process_data: t=2.52, p=0.0, v=0.000, a=0.0, phase=IDLE
2026-09-04 11:26:36,788 - DVPTest - DEBUG - 物理分类结果: STABLE
2026-09-04 11:26:36,788 - DVPTest - DEBUG - [UI] _on_plot_update 收到 25 个数据点
2026-09-04 11:26:36,790 - DVPTest - INFO - [串口] cuff=0 mmHg
2026-09-04 11:26:36,883 - DVPTest - DEBUG - 发出 sig_data: t=2.618, p=0.00
2026-09-04 11:26:36,883 - DVPTest - DEBUG - process_data: t=2.62, p=0.0, v=0.000, a=0.0, phase=IDLE
2026-09-04 11:26:36,883 - DVPTest - DEBUG - 物理分类结果: STABLE
2026-09-04 11:26:36,883 - DVPTest - DEBUG - [UI] _on_plot_update 收到 26 个数据点
2026-09-04 11:26:36,884 - DVPTest - INFO - [串口] cuff=0 mmHg
2026-09-04 11:26:36,995 - DVPTest - DEBUG - 发出 sig_data: t=2.730, p=0.00
2026-09-04 11:26:36,996 - DVPTest - DEBUG - process_data: t=2.73, p=0.0, v=0.000, a=0.0, phase=IDLE
2026-09-04 11:26:36,996 - DVPTest - DEBUG - 物理分类结果: STABLE
2026-09-04 11:26:36,996 - DVPTest - DEBUG - [UI] _on_plot_update 收到 27 个数据点
2026-09-04 11:26:36,997 - DVPTest - INFO - [串口] cuff=0 mmHg
2026-09-04 11:26:37,091 - DVPTest - DEBUG - 发出 sig_data: t=2.826, p=0.00
2026-09-04 11:26:37,092 - DVPTest - DEBUG - process_data: t=2.83, p=0.0, v=0.000, a=0.0, phase=IDLE
2026-09-04 11:26:37,092 - DVPTest - DEBUG - 物理分类结果: STABLE
2026-09-04 11:26:37,093 - DVPTest - DEBUG - [UI] _on_plot_update 收到 28 个数据点
2026-09-04 11:26:37,095 - DVPTest - INFO - [串口] cuff=0 mmHg
2026-09-04 11:26:37,186 - DVPTest - DEBUG - 发出 sig_data: t=2.921, p=0.00
2026-09-04 11:26:37,187 - DVPTest - DEBUG - process_data: t=2.92, p=0.0, v=0.000, a=0.0, phase=IDLE
2026-09-04 11:26:37,187 - DVPTest - DEBUG - 物理分类结果: STABLE
2026-09-04 11:26:37,187 - DVPTest - DEBUG - [UI] _on_plot_update 收到 29 个数据点
2026-09-04 11:26:37,189 - DVPTest - INFO - [串口] cuff=0 mmHg
2026-09-04 11:26:37,282 - DVPTest - DEBUG - 发出 sig_data: t=3.018, p=0.00
2026-09-04 11:26:37,284 - DVPTest - DEBUG - process_data: t=3.02, p=0.0, v=0.000, a=0.0, phase=IDLE
2026-09-04 11:26:37,285 - DVPTest - DEBUG - 物理分类结果: STABLE
2026-09-04 11:26:37,285 - DVPTest - DEBUG - [UI] _on_plot_update 收到 30 个数据点
2026-09-04 11:26:37,288 - DVPTest - INFO - [串口] cuff=0 mmHg
2026-09-04 11:26:37,394 - DVPTest - DEBUG - 发出 sig_data: t=3.129, p=0.00
2026-09-04 11:26:37,396 - DVPTest - DEBUG - process_data: t=3.13, p=0.0, v=0.000, a=0.0, phase=IDLE
2026-09-04 11:26:37,397 - DVPTest - DEBUG - 物理分类结果: STABLE
2026-09-04 11:26:37,398 - DVPTest - DEBUG - [UI] _on_plot_update 收到 31 个数据点
2026-09-04 11:26:37,400 - DVPTest - INFO - [串口] cuff=0 mmHg
2026-09-04 11:26:37,490 - DVPTest - DEBUG - 发出 sig_data: t=3.225, p=0.00
2026-09-04 11:26:37,491 - DVPTest - DEBUG - process_data: t=3.23, p=0.0, v=0.000, a=0.0, phase=IDLE
2026-09-04 11:26:37,491 - DVPTest - DEBUG - 物理分类结果: STABLE
2026-09-04 11:26:37,492 - DVPTest - DEBUG - [UI] _on_plot_update 收到 32 个数据点
2026-09-04 11:26:37,494 - DVPTest - INFO - [串口] cuff=0 mmHg
2026-09-04 11:26:37,586 - DVPTest - DEBUG - 发出 sig_data: t=3.321, p=0.00
2026-09-04 11:26:37,588 - DVPTest - DEBUG - process_data: t=3.32, p=0.0, v=0.000, a=0.0, phase=IDLE
2026-09-04 11:26:37,589 - DVPTest - DEBUG - 物理分类结果: STABLE
2026-09-04 11:26:37,591 - DVPTest - DEBUG - [UI] _on_plot_update 收到 33 个数据点
2026-09-04 11:26:37,594 - DVPTest - INFO - [串口] cuff=0 mmHg
2026-09-04 11:26:37,698 - DVPTest - DEBUG - 发出 sig_data: t=3.433, p=0.00
2026-09-04 11:26:37,698 - DVPTest - DEBUG - process_data: t=3.43, p=0.0, v=0.000, a=0.0, phase=IDLE
2026-09-04 11:26:37,698 - DVPTest - DEBUG - 物理分类结果: STABLE
2026-09-04 11:26:37,698 - DVPTest - DEBUG - [UI] _on_plot_update 收到 34 个数据点
2026-09-04 11:26:37,700 - DVPTest - INFO - [串口] cuff=0 mmHg
2026-09-04 11:26:37,793 - DVPTest - DEBUG - 发出 sig_data: t=3.528, p=0.00
2026-09-04 11:26:37,794 - DVPTest - DEBUG - process_data: t=3.53, p=0.0, v=0.000, a=0.0, phase=IDLE
2026-09-04 11:26:37,794 - DVPTest - DEBUG - 物理分类结果: STABLE
2026-09-04 11:26:37,795 - DVPTest - DEBUG - [UI] _on_plot_update 收到 35 个数据点
2026-09-04 11:26:37,797 - DVPTest - INFO - [串口] cuff=0 mmHg
2026-09-04 11:26:37,889 - DVPTest - DEBUG - 发出 sig_data: t=3.625, p=0.00
2026-09-04 11:26:37,891 - DVPTest - DEBUG - process_data: t=3.62, p=0.0, v=0.000, a=0.0, phase=IDLE
2026-09-04 11:26:37,891 - DVPTest - DEBUG - 物理分类结果: STABLE
2026-09-04 11:26:37,892 - DVPTest - DEBUG - [UI] _on_plot_update 收到 36 个数据点
2026-09-04 11:26:37,893 - DVPTest - INFO - [串口] cuff=0 mmHg
2026-09-04 11:26:37,985 - DVPTest - DEBUG - 发出 sig_data: t=3.721, p=0.00
2026-09-04 11:26:37,986 - DVPTest - DEBUG - process_data: t=3.72, p=0.0, v=0.000, a=0.0, phase=IDLE
2026-09-04 11:26:37,986 - DVPTest - DEBUG - 物理分类结果: STABLE
2026-09-04 11:26:37,986 - DVPTest - DEBUG - [UI] _on_plot_update 收到 37 个数据点
2026-09-04 11:26:37,989 - DVPTest - INFO - [串口] cuff=0 mmHg
2026-09-04 11:26:38,098 - DVPTest - DEBUG - 发出 sig_data: t=3.833, p=0.00
2026-09-04 11:26:38,099 - DVPTest - DEBUG - process_data: t=3.83, p=0.0, v=0.000, a=0.0, phase=IDLE
2026-09-04 11:26:38,099 - DVPTest - DEBUG - 物理分类结果: STABLE
2026-09-04 11:26:38,099 - DVPTest - DEBUG - [UI] _on_plot_update 收到 38 个数据点
2026-09-04 11:26:38,101 - DVPTest - INFO - [串口] cuff=0 mmHg
2026-09-04 11:26:38,193 - DVPTest - DEBUG - 发出 sig_data: t=3.928, p=0.00
2026-09-04 11:26:38,194 - DVPTest - DEBUG - process_data: t=3.93, p=0.0, v=0.000, a=0.0, phase=IDLE
2026-09-04 11:26:38,194 - DVPTest - DEBUG - 物理分类结果: STABLE
2026-09-04 11:26:38,195 - DVPTest - DEBUG - [UI] _on_plot_update 收到 39 个数据点
2026-09-04 11:26:38,197 - DVPTest - INFO - [串口] cuff=0 mmHg
2026-09-04 11:26:38,289 - DVPTest - DEBUG - 发出 sig_data: t=4.024, p=0.00
2026-09-04 11:26:38,290 - DVPTest - DEBUG - process_data: t=4.02, p=0.0, v=0.000, a=0.0, phase=IDLE
2026-09-04 11:26:38,290 - DVPTest - DEBUG - 物理分类结果: STABLE
2026-09-04 11:26:38,290 - DVPTest - DEBUG - [UI] _on_plot_update 收到 40 个数据点
2026-09-04 11:26:38,291 - DVPTest - INFO - [串口] cuff=0 mmHg
2026-09-04 11:26:38,385 - DVPTest - DEBUG - 发出 sig_data: t=4.120, p=0.00
2026-09-04 11:26:38,385 - DVPTest - DEBUG - process_data: t=4.12, p=0.0, v=0.000, a=0.0, phase=IDLE
2026-09-04 11:26:38,385 - DVPTest - DEBUG - 物理分类结果: STABLE
2026-09-04 11:26:38,385 - DVPTest - DEBUG - [UI] _on_plot_update 收到 41 个数据点
2026-09-04 11:26:38,387 - DVPTest - INFO - [串口] cuff=0 mmHg
2026-09-04 11:26:38,498 - DVPTest - DEBUG - 发出 sig_data: t=4.233, p=0.00
2026-09-04 11:26:38,499 - DVPTest - DEBUG - process_data: t=4.23, p=0.0, v=0.000, a=0.0, phase=IDLE
2026-09-04 11:26:38,500 - DVPTest - DEBUG - 物理分类结果: STABLE
2026-09-04 11:26:38,500 - DVPTest - DEBUG - [UI] _on_plot_update 收到 42 个数据点
2026-09-04 11:26:38,503 - DVPTest - INFO - [串口] cuff=0 mmHg
2026-09-04 11:26:38,593 - DVPTest - DEBUG - 发出 sig_data: t=4.328, p=0.00
2026-09-04 11:26:38,593 - DVPTest - DEBUG - process_data: t=4.33, p=0.0, v=0.000, a=0.0, phase=IDLE
2026-09-04 11:26:38,593 - DVPTest - DEBUG - 物理分类结果: STABLE
2026-09-04 11:26:38,593 - DVPTest - DEBUG - [UI] _on_plot_update 收到 43 个数据点
2026-09-04 11:26:38,595 - DVPTest - INFO - [串口] cuff=0 mmHg
2026-09-04 11:26:38,688 - DVPTest - DEBUG - 发出 sig_data: t=4.423, p=0.00
2026-09-04 11:26:38,689 - DVPTest - DEBUG - process_data: t=4.42, p=0.0, v=0.000, a=0.0, phase=IDLE
2026-09-04 11:26:38,689 - DVPTest - DEBUG - 物理分类结果: STABLE
2026-09-04 11:26:38,689 - DVPTest - DEBUG - [UI] _on_plot_update 收到 44 个数据点
2026-09-04 11:26:38,691 - DVPTest - INFO - [串口] cuff=0 mmHg
2026-09-04 11:26:38,784 - DVPTest - DEBUG - 发出 sig_data: t=4.519, p=0.00
2026-09-04 11:26:38,785 - DVPTest - DEBUG - process_data: t=4.52, p=0.0, v=0.000, a=0.0, phase=IDLE
2026-09-04 11:26:38,785 - DVPTest - DEBUG - 物理分类结果: STABLE
2026-09-04 11:26:38,785 - DVPTest - DEBUG - [UI] _on_plot_update 收到 45 个数据点
2026-09-04 11:26:38,788 - DVPTest - INFO - [串口] cuff=0 mmHg
2026-09-04 11:26:38,897 - DVPTest - DEBUG - 发出 sig_data: t=4.632, p=0.00
2026-09-04 11:26:38,900 - DVPTest - DEBUG - process_data: t=4.63, p=0.0, v=0.000, a=0.0, phase=IDLE
2026-09-04 11:26:38,900 - DVPTest - DEBUG - 物理分类结果: STABLE
2026-09-04 11:26:38,901 - DVPTest - DEBUG - [UI] _on_plot_update 收到 46 个数据点
2026-09-04 11:26:38,903 - DVPTest - INFO - [串口] cuff=0 mmHg
2026-09-04 11:26:38,992 - DVPTest - DEBUG - 发出 sig_data: t=4.727, p=0.00
2026-09-04 11:26:38,994 - DVPTest - DEBUG - process_data: t=4.73, p=0.0, v=0.000, a=0.0, phase=IDLE
2026-09-04 11:26:38,996 - DVPTest - DEBUG - 物理分类结果: STABLE
2026-09-04 11:26:38,997 - DVPTest - DEBUG - [UI] _on_plot_update 收到 47 个数据点
2026-09-04 11:26:38,999 - DVPTest - INFO - [串口] cuff=0 mmHg
2026-09-04 11:26:39,088 - DVPTest - DEBUG - 发出 sig_data: t=4.823, p=0.00
2026-09-04 11:26:39,089 - DVPTest - DEBUG - process_data: t=4.82, p=0.0, v=0.000, a=0.0, phase=IDLE
2026-09-04 11:26:39,089 - DVPTest - DEBUG - 物理分类结果: STABLE
2026-09-04 11:26:39,090 - DVPTest - DEBUG - [UI] _on_plot_update 收到 48 个数据点
2026-09-04 11:26:39,092 - DVPTest - INFO - [串口] cuff=0 mmHg
2026-09-04 11:26:39,199 - DVPTest - DEBUG - 发出 sig_data: t=4.935, p=0.00
2026-09-04 11:26:39,201 - DVPTest - DEBUG - process_data: t=4.93, p=0.0, v=0.000, a=0.0, phase=IDLE
2026-09-04 11:26:39,202 - DVPTest - DEBUG - 物理分类结果: STABLE
2026-09-04 11:26:39,202 - DVPTest - DEBUG - [UI] _on_plot_update 收到 49 个数据点
2026-09-04 11:26:39,205 - DVPTest - INFO - [串口] cuff=0 mmHg
2026-09-04 11:26:39,296 - DVPTest - DEBUG - 发出 sig_data: t=5.031, p=0.00
2026-09-04 11:26:39,297 - DVPTest - DEBUG - process_data: t=5.03, p=0.0, v=0.000, a=0.0, phase=IDLE
2026-09-04 11:26:39,297 - DVPTest - DEBUG - 物理分类结果: STABLE
2026-09-04 11:26:39,297 - DVPTest - DEBUG - [UI] _on_plot_update 收到 50 个数据点
2026-09-04 11:26:39,299 - DVPTest - INFO - [串口] cuff=0 mmHg
2026-09-04 11:26:39,392 - DVPTest - DEBUG - 发出 sig_data: t=5.127, p=0.00
2026-09-04 11:26:39,392 - DVPTest - DEBUG - process_data: t=5.13, p=0.0, v=0.000, a=0.0, phase=IDLE
2026-09-04 11:26:39,392 - DVPTest - DEBUG - 物理分类结果: STABLE
2026-09-04 11:26:39,392 - DVPTest - DEBUG - [UI] _on_plot_update 收到 51 个数据点
2026-09-04 11:26:39,395 - DVPTest - INFO - [串口] cuff=0 mmHg
2026-09-04 11:26:39,487 - DVPTest - DEBUG - 发出 sig_data: t=5.222, p=0.00
2026-09-04 11:26:39,488 - DVPTest - DEBUG - process_data: t=5.22, p=0.0, v=0.000, a=0.0, phase=IDLE
2026-09-04 11:26:39,488 - DVPTest - DEBUG - 物理分类结果: STABLE
2026-09-04 11:26:39,489 - DVPTest - DEBUG - [UI] _on_plot_update 收到 52 个数据点
2026-09-04 11:26:39,492 - DVPTest - INFO - [串口] cuff=0 mmHg
2026-09-04 11:26:39,598 - DVPTest - DEBUG - 发出 sig_data: t=5.334, p=0.00
2026-09-04 11:26:39,599 - DVPTest - DEBUG - process_data: t=5.33, p=0.0, v=0.000, a=0.0, phase=IDLE
2026-09-04 11:26:39,599 - DVPTest - DEBUG - 物理分类结果: STABLE
2026-09-04 11:26:39,599 - DVPTest - DEBUG - [UI] _on_plot_update 收到 53 个数据点
2026-09-04 11:26:39,601 - DVPTest - INFO - [串口] cuff=0 mmHg
2026-09-04 11:26:39,695 - DVPTest - DEBUG - 发出 sig_data: t=5.431, p=0.00
2026-09-04 11:26:39,696 - DVPTest - DEBUG - process_data: t=5.43, p=0.0, v=0.000, a=0.0, phase=IDLE
2026-09-04 11:26:39,696 - DVPTest - DEBUG - 物理分类结果: STABLE
2026-09-04 11:26:39,696 - DVPTest - DEBUG - [UI] _on_plot_update 收到 54 个数据点
2026-09-04 11:26:39,698 - DVPTest - INFO - [串口] cuff=0 mmHg
2026-09-04 11:26:39,791 - DVPTest - DEBUG - 发出 sig_data: t=5.526, p=0.00
2026-09-04 11:26:39,793 - DVPTest - DEBUG - process_data: t=5.53, p=0.0, v=0.000, a=0.0, phase=IDLE
2026-09-04 11:26:39,793 - DVPTest - DEBUG - 物理分类结果: STABLE
2026-09-04 11:26:39,793 - DVPTest - DEBUG - [UI] _on_plot_update 收到 55 个数据点
2026-09-04 11:26:39,794 - DVPTest - INFO - [串口] cuff=0 mmHg
2026-09-04 11:26:39,887 - DVPTest - DEBUG - 发出 sig_data: t=5.622, p=0.00
2026-09-04 11:26:39,888 - DVPTest - DEBUG - process_data: t=5.62, p=0.0, v=0.000, a=0.0, phase=IDLE
2026-09-04 11:26:39,888 - DVPTest - DEBUG - 物理分类结果: STABLE
2026-09-04 11:26:39,889 - DVPTest - DEBUG - [UI] _on_plot_update 收到 56 个数据点
2026-09-04 11:26:39,892 - DVPTest - INFO - [串口] cuff=0 mmHg
2026-09-04 11:26:39,999 - DVPTest - DEBUG - 发出 sig_data: t=5.734, p=0.00
2026-09-04 11:26:40,000 - DVPTest - DEBUG - process_data: t=5.73, p=0.0, v=0.000, a=0.0, phase=IDLE
2026-09-04 11:26:40,000 - DVPTest - DEBUG - 物理分类结果: STABLE
2026-09-04 11:26:40,001 - DVPTest - DEBUG - [UI] _on_plot_update 收到 57 个数据点
2026-09-04 11:26:40,003 - DVPTest - INFO - [串口] cuff=0 mmHg
2026-09-04 11:26:40,094 - DVPTest - DEBUG - 发出 sig_data: t=5.829, p=0.00
2026-09-04 11:26:40,095 - DVPTest - DEBUG - process_data: t=5.83, p=0.0, v=0.000, a=0.0, phase=IDLE
2026-09-04 11:26:40,095 - DVPTest - DEBUG - 物理分类结果: STABLE
2026-09-04 11:26:40,095 - DVPTest - DEBUG - [UI] _on_plot_update 收到 58 个数据点
2026-09-04 11:26:40,097 - DVPTest - INFO - [串口] cuff=0 mmHg
2026-09-04 11:26:40,190 - DVPTest - DEBUG - 发出 sig_data: t=5.926, p=0.00
2026-09-04 11:26:40,192 - DVPTest - DEBUG - process_data: t=5.93, p=0.0, v=0.000, a=0.0, phase=IDLE
2026-09-04 11:26:40,193 - DVPTest - DEBUG - 物理分类结果: STABLE
2026-09-04 11:26:40,193 - DVPTest - DEBUG - [UI] _on_plot_update 收到 59 个数据点
2026-09-04 11:26:40,196 - DVPTest - INFO - [串口] cuff=0 mmHg
2026-09-04 11:26:40,301 - DVPTest - DEBUG - 发出 sig_data: t=6.037, p=0.00
2026-09-04 11:26:40,303 - DVPTest - DEBUG - process_data: t=6.04, p=0.0, v=0.000, a=0.0, phase=IDLE
2026-09-04 11:26:40,303 - DVPTest - DEBUG - 物理分类结果: STABLE
2026-09-04 11:26:40,304 - DVPTest - DEBUG - [UI] _on_plot_update 收到 60 个数据点
2026-09-04 11:26:40,306 - DVPTest - INFO - [串口] cuff=0 mmHg
2026-09-04 11:26:40,398 - DVPTest - DEBUG - 发出 sig_data: t=6.133, p=0.00
2026-09-04 11:26:40,398 - DVPTest - DEBUG - process_data: t=6.13, p=0.0, v=0.000, a=0.0, phase=IDLE
2026-09-04 11:26:40,398 - DVPTest - DEBUG - 物理分类结果: STABLE
2026-09-04 11:26:40,398 - DVPTest - DEBUG - [UI] _on_plot_update 收到 61 个数据点
2026-09-04 11:26:40,400 - DVPTest - INFO - [串口] cuff=0 mmHg
2026-09-04 11:26:40,495 - DVPTest - DEBUG - 发出 sig_data: t=6.230, p=0.00
2026-09-04 11:26:40,496 - DVPTest - DEBUG - process_data: t=6.23, p=0.0, v=0.000, a=0.0, phase=IDLE
2026-09-04 11:26:40,497 - DVPTest - DEBUG - 物理分类结果: STABLE
2026-09-04 11:26:40,497 - DVPTest - DEBUG - [UI] _on_plot_update 收到 62 个数据点
2026-09-04 11:26:40,499 - DVPTest - INFO - [串口] cuff=0 mmHg
2026-09-04 11:26:40,590 - DVPTest - DEBUG - 发出 sig_data: t=6.325, p=0.00
2026-09-04 11:26:40,591 - DVPTest - DEBUG - process_data: t=6.33, p=0.0, v=0.000, a=0.0, phase=IDLE
2026-09-04 11:26:40,591 - DVPTest - DEBUG - 物理分类结果: STABLE
2026-09-04 11:26:40,593 - DVPTest - DEBUG - [UI] _on_plot_update 收到 63 个数据点
2026-09-04 11:26:40,596 - DVPTest - INFO - [串口] cuff=0 mmHg
2026-09-04 11:26:40,701 - DVPTest - DEBUG - 发出 sig_data: t=6.436, p=0.00
2026-09-04 11:26:40,702 - DVPTest - DEBUG - process_data: t=6.44, p=0.0, v=0.000, a=0.0, phase=IDLE
2026-09-04 11:26:40,702 - DVPTest - DEBUG - 物理分类结果: STABLE
2026-09-04 11:26:40,702 - DVPTest - DEBUG - [UI] _on_plot_update 收到 64 个数据点
2026-09-04 11:26:40,704 - DVPTest - INFO - [串口] cuff=0 mmHg
2026-09-04 11:26:40,797 - DVPTest - DEBUG - 发出 sig_data: t=6.532, p=0.00
2026-09-04 11:26:40,798 - DVPTest - DEBUG - process_data: t=6.53, p=0.0, v=0.000, a=0.0, phase=IDLE
2026-09-04 11:26:40,798 - DVPTest - DEBUG - 物理分类结果: STABLE
2026-09-04 11:26:40,798 - DVPTest - DEBUG - [UI] _on_plot_update 收到 65 个数据点
2026-09-04 11:26:40,799 - DVPTest - INFO - [串口] cuff=0 mmHg
2026-09-04 11:26:40,893 - DVPTest - DEBUG - 发出 sig_data: t=6.629, p=0.00
2026-09-04 11:26:40,895 - DVPTest - DEBUG - process_data: t=6.63, p=0.0, v=0.000, a=0.0, phase=IDLE
2026-09-04 11:26:40,895 - DVPTest - DEBUG - 物理分类结果: STABLE
2026-09-04 11:26:40,896 - DVPTest - DEBUG - [UI] _on_plot_update 收到 66 个数据点
2026-09-04 11:26:40,898 - DVPTest - INFO - [串口] cuff=0 mmHg
2026-09-04 11:26:40,988 - DVPTest - DEBUG - 发出 sig_data: t=6.724, p=0.00
2026-09-04 11:26:40,989 - DVPTest - DEBUG - process_data: t=6.72, p=0.0, v=0.000, a=0.0, phase=IDLE
2026-09-04 11:26:40,989 - DVPTest - DEBUG - 物理分类结果: STABLE
2026-09-04 11:26:40,989 - DVPTest - DEBUG - [UI] _on_plot_update 收到 67 个数据点
2026-09-04 11:26:40,990 - DVPTest - INFO - [串口] cuff=0 mmHg
2026-09-04 11:26:41,101 - DVPTest - DEBUG - 发出 sig_data: t=6.836, p=0.00
2026-09-04 11:26:41,101 - DVPTest - DEBUG - process_data: t=6.84, p=0.0, v=0.000, a=0.0, phase=IDLE
2026-09-04 11:26:41,101 - DVPTest - DEBUG - 物理分类结果: STABLE
2026-09-04 11:26:41,101 - DVPTest - DEBUG - [UI] _on_plot_update 收到 68 个数据点
2026-09-04 11:26:41,103 - DVPTest - INFO - [串口] cuff=0 mmHg
2026-09-04 11:26:41,196 - DVPTest - DEBUG - 发出 sig_data: t=6.931, p=0.00
2026-09-04 11:26:41,197 - DVPTest - DEBUG - process_data: t=6.93, p=0.0, v=0.000, a=0.0, phase=IDLE
2026-09-04 11:26:41,197 - DVPTest - DEBUG - 物理分类结果: STABLE
2026-09-04 11:26:41,197 - DVPTest - DEBUG - [UI] _on_plot_update 收到 69 个数据点
2026-09-04 11:26:41,198 - DVPTest - INFO - [串口] cuff=0 mmHg
2026-09-04 11:26:41,292 - DVPTest - DEBUG - 发出 sig_data: t=7.028, p=0.00
2026-09-04 11:26:41,294 - DVPTest - DEBUG - process_data: t=7.03, p=0.0, v=0.000, a=0.0, phase=IDLE
2026-09-04 11:26:41,295 - DVPTest - DEBUG - 物理分类结果: STABLE
2026-09-04 11:26:41,295 - DVPTest - DEBUG - [UI] _on_plot_update 收到 70 个数据点
2026-09-04 11:26:41,299 - DVPTest - INFO - [串口] cuff=0 mmHg
2026-09-04 11:26:41,388 - DVPTest - DEBUG - 发出 sig_data: t=7.124, p=0.00
2026-09-04 11:26:41,390 - DVPTest - DEBUG - process_data: t=7.12, p=0.0, v=0.000, a=0.0, phase=IDLE
2026-09-04 11:26:41,391 - DVPTest - DEBUG - 物理分类结果: STABLE
2026-09-04 11:26:41,391 - DVPTest - DEBUG - [UI] _on_plot_update 收到 71 个数据点
2026-09-04 11:26:41,395 - DVPTest - INFO - [串口] cuff=0 mmHg
2026-09-04 11:26:41,500 - DVPTest - DEBUG - 发出 sig_data: t=7.235, p=0.00
2026-09-04 11:26:41,501 - DVPTest - DEBUG - process_data: t=7.24, p=0.0, v=0.000, a=0.0, phase=IDLE
2026-09-04 11:26:41,501 - DVPTest - DEBUG - 物理分类结果: STABLE
2026-09-04 11:26:41,502 - DVPTest - DEBUG - [UI] _on_plot_update 收到 72 个数据点
2026-09-04 11:26:41,503 - DVPTest - INFO - [串口] cuff=0 mmHg
2026-09-04 11:26:41,596 - DVPTest - DEBUG - 发出 sig_data: t=7.331, p=0.00
2026-09-04 11:26:41,599 - DVPTest - DEBUG - process_data: t=7.33, p=0.0, v=0.000, a=0.0, phase=IDLE
2026-09-04 11:26:41,599 - DVPTest - DEBUG - 物理分类结果: STABLE
2026-09-04 11:26:41,600 - DVPTest - DEBUG - [UI] _on_plot_update 收到 73 个数据点
2026-09-04 11:26:41,603 - DVPTest - INFO - [串口] cuff=0 mmHg
2026-09-04 11:26:41,692 - DVPTest - DEBUG - 发出 sig_data: t=7.428, p=0.00
2026-09-04 11:26:41,694 - DVPTest - DEBUG - process_data: t=7.43, p=0.0, v=0.000, a=0.0, phase=IDLE
2026-09-04 11:26:41,694 - DVPTest - DEBUG - 物理分类结果: STABLE
2026-09-04 11:26:41,695 - DVPTest - DEBUG - [UI] _on_plot_update 收到 74 个数据点
2026-09-04 11:26:41,697 - DVPTest - INFO - [串口] cuff=0 mmHg
2026-09-04 11:26:41,787 - DVPTest - DEBUG - 发出 sig_data: t=7.522, p=0.00
2026-09-04 11:26:41,788 - DVPTest - DEBUG - process_data: t=7.52, p=0.0, v=0.000, a=0.0, phase=IDLE
2026-09-04 11:26:41,788 - DVPTest - DEBUG - 物理分类结果: STABLE
2026-09-04 11:26:41,788 - DVPTest - DEBUG - [UI] _on_plot_update 收到 75 个数据点
2026-09-04 11:26:41,789 - DVPTest - INFO - [串口] cuff=0 mmHg
2026-09-04 11:26:41,900 - DVPTest - DEBUG - 发出 sig_data: t=7.635, p=0.00
2026-09-04 11:26:41,901 - DVPTest - DEBUG - process_data: t=7.64, p=0.0, v=0.000, a=0.0, phase=IDLE
2026-09-04 11:26:41,901 - DVPTest - DEBUG - 物理分类结果: STABLE
2026-09-04 11:26:41,902 - DVPTest - DEBUG - [UI] _on_plot_update 收到 76 个数据点
2026-09-04 11:26:41,904 - DVPTest - INFO - [串口] cuff=0 mmHg
2026-09-04 11:26:41,995 - DVPTest - DEBUG - 发出 sig_data: t=7.730, p=0.00
2026-09-04 11:26:41,996 - DVPTest - DEBUG - process_data: t=7.73, p=0.0, v=0.000, a=0.0, phase=IDLE
2026-09-04 11:26:41,996 - DVPTest - DEBUG - 物理分类结果: STABLE
2026-09-04 11:26:41,997 - DVPTest - DEBUG - [UI] _on_plot_update 收到 77 个数据点
2026-09-04 11:26:41,998 - DVPTest - INFO - [串口] cuff=0 mmHg
2026-09-04 11:26:42,091 - DVPTest - DEBUG - 发出 sig_data: t=7.827, p=0.00
2026-09-04 11:26:42,093 - DVPTest - DEBUG - process_data: t=7.83, p=0.0, v=0.000, a=0.0, phase=IDLE
2026-09-04 11:26:42,094 - DVPTest - DEBUG - 物理分类结果: STABLE
2026-09-04 11:26:42,095 - DVPTest - DEBUG - [UI] _on_plot_update 收到 78 个数据点
2026-09-04 11:26:42,098 - DVPTest - INFO - [串口] cuff=0 mmHg
2026-09-04 11:26:42,188 - DVPTest - DEBUG - 发出 sig_data: t=7.923, p=0.00
2026-09-04 11:26:42,189 - DVPTest - DEBUG - process_data: t=7.92, p=0.0, v=0.000, a=0.0, phase=IDLE
2026-09-04 11:26:42,189 - DVPTest - DEBUG - 物理分类结果: STABLE
2026-09-04 11:26:42,190 - DVPTest - DEBUG - [UI] _on_plot_update 收到 79 个数据点
2026-09-04 11:26:42,194 - DVPTest - INFO - [串口] cuff=0 mmHg
2026-09-04 11:26:42,299 - DVPTest - DEBUG - 发出 sig_data: t=8.034, p=0.00
2026-09-04 11:26:42,300 - DVPTest - DEBUG - process_data: t=8.03, p=0.0, v=0.000, a=0.0, phase=IDLE
2026-09-04 11:26:42,300 - DVPTest - DEBUG - 物理分类结果: STABLE
2026-09-04 11:26:42,300 - DVPTest - DEBUG - [UI] _on_plot_update 收到 80 个数据点
2026-09-04 11:26:42,301 - DVPTest - INFO - [串口] cuff=0 mmHg
2026-09-04 11:26:42,395 - DVPTest - DEBUG - 发出 sig_data: t=8.130, p=0.00
2026-09-04 11:26:42,396 - DVPTest - DEBUG - process_data: t=8.13, p=0.0, v=0.000, a=0.0, phase=IDLE
2026-09-04 11:26:42,398 - DVPTest - DEBUG - 物理分类结果: STABLE
2026-09-04 11:26:42,399 - DVPTest - DEBUG - [UI] _on_plot_update 收到 81 个数据点
2026-09-04 11:26:42,402 - DVPTest - INFO - [串口] cuff=0 mmHg
2026-09-04 11:26:42,491 - DVPTest - DEBUG - 发出 sig_data: t=8.226, p=0.00
2026-09-04 11:26:42,492 - DVPTest - DEBUG - process_data: t=8.23, p=0.0, v=0.000, a=0.0, phase=IDLE
2026-09-04 11:26:42,494 - DVPTest - DEBUG - 物理分类结果: STABLE
2026-09-04 11:26:42,494 - DVPTest - DEBUG - [UI] _on_plot_update 收到 82 个数据点
2026-09-04 11:26:42,497 - DVPTest - INFO - [串口] cuff=0 mmHg
2026-09-04 11:26:42,601 - DVPTest - DEBUG - 发出 sig_data: t=8.337, p=0.00
2026-09-04 11:26:42,603 - DVPTest - DEBUG - process_data: t=8.34, p=0.0, v=0.000, a=0.0, phase=IDLE
2026-09-04 11:26:42,603 - DVPTest - DEBUG - 物理分类结果: STABLE
2026-09-04 11:26:42,603 - DVPTest - DEBUG - [UI] _on_plot_update 收到 83 个数据点
2026-09-04 11:26:42,605 - DVPTest - INFO - [串口] cuff=0 mmHg
2026-09-04 11:26:42,698 - DVPTest - DEBUG - 发出 sig_data: t=8.434, p=0.00
2026-09-04 11:26:42,703 - DVPTest - DEBUG - process_data: t=8.43, p=0.0, v=0.000, a=0.0, phase=IDLE
2026-09-04 11:26:42,703 - DVPTest - DEBUG - 物理分类结果: STABLE
2026-09-04 11:26:42,704 - DVPTest - DEBUG - [UI] _on_plot_update 收到 84 个数据点
2026-09-04 11:26:42,705 - DVPTest - INFO - [串口] cuff=0 mmHg
2026-09-04 11:26:42,794 - DVPTest - DEBUG - 发出 sig_data: t=8.529, p=0.00
2026-09-04 11:26:42,795 - DVPTest - DEBUG - process_data: t=8.53, p=0.0, v=0.000, a=0.0, phase=IDLE
2026-09-04 11:26:42,795 - DVPTest - DEBUG - 物理分类结果: STABLE
2026-09-04 11:26:42,795 - DVPTest - DEBUG - [UI] _on_plot_update 收到 85 个数据点
2026-09-04 11:26:42,798 - DVPTest - INFO - [串口] cuff=0 mmHg
2026-09-04 11:26:42,891 - DVPTest - DEBUG - 发出 sig_data: t=8.626, p=0.00
2026-09-04 11:26:42,892 - DVPTest - DEBUG - process_data: t=8.63, p=0.0, v=0.000, a=0.0, phase=IDLE
2026-09-04 11:26:42,892 - DVPTest - DEBUG - 物理分类结果: STABLE
2026-09-04 11:26:42,893 - DVPTest - DEBUG - [UI] _on_plot_update 收到 86 个数据点
2026-09-04 11:26:42,895 - DVPTest - INFO - [串口] cuff=0 mmHg
2026-09-04 11:26:43,001 - DVPTest - DEBUG - 发出 sig_data: t=8.737, p=0.00
2026-09-04 11:26:43,003 - DVPTest - DEBUG - process_data: t=8.74, p=0.0, v=0.000, a=0.0, phase=IDLE
2026-09-04 11:26:43,004 - DVPTest - DEBUG - 物理分类结果: STABLE
2026-09-04 11:26:43,005 - DVPTest - DEBUG - [UI] _on_plot_update 收到 87 个数据点
2026-09-04 11:26:43,009 - DVPTest - INFO - [串口] cuff=0 mmHg
2026-09-04 11:26:43,098 - DVPTest - DEBUG - 发出 sig_data: t=8.833, p=0.00
2026-09-04 11:26:43,099 - DVPTest - DEBUG - process_data: t=8.83, p=0.0, v=0.000, a=0.0, phase=IDLE
2026-09-04 11:26:43,099 - DVPTest - DEBUG - 物理分类结果: STABLE
2026-09-04 11:26:43,099 - DVPTest - DEBUG - [UI] _on_plot_update 收到 88 个数据点
2026-09-04 11:26:43,100 - DVPTest - INFO - [串口] cuff=0 mmHg
2026-09-04 11:26:43,194 - DVPTest - DEBUG - 发出 sig_data: t=8.929, p=0.00
2026-09-04 11:26:43,195 - DVPTest - DEBUG - process_data: t=8.93, p=0.0, v=0.000, a=0.0, phase=IDLE
2026-09-04 11:26:43,195 - DVPTest - DEBUG - 物理分类结果: STABLE
2026-09-04 11:26:43,196 - DVPTest - DEBUG - [UI] _on_plot_update 收到 89 个数据点
2026-09-04 11:26:43,198 - DVPTest - INFO - [串口] cuff=0 mmHg
2026-09-04 11:26:43,290 - DVPTest - DEBUG - 发出 sig_data: t=9.025, p=0.00
2026-09-04 11:26:43,291 - DVPTest - DEBUG - process_data: t=9.03, p=0.0, v=0.000, a=0.0, phase=IDLE
2026-09-04 11:26:43,291 - DVPTest - DEBUG - 物理分类结果: STABLE
2026-09-04 11:26:43,291 - DVPTest - DEBUG - [UI] _on_plot_update 收到 90 个数据点
2026-09-04 11:26:43,294 - DVPTest - INFO - [串口] cuff=0 mmHg
2026-09-04 11:26:43,402 - DVPTest - DEBUG - 发出 sig_data: t=9.137, p=0.00
2026-09-04 11:26:43,404 - DVPTest - DEBUG - process_data: t=9.14, p=0.0, v=0.000, a=0.0, phase=IDLE
2026-09-04 11:26:43,405 - DVPTest - DEBUG - 物理分类结果: STABLE
2026-09-04 11:26:43,405 - DVPTest - DEBUG - [UI] _on_plot_update 收到 91 个数据点
2026-09-04 11:26:43,409 - DVPTest - INFO - [串口] cuff=0 mmHg
2026-09-04 11:26:43,498 - DVPTest - DEBUG - 发出 sig_data: t=9.233, p=0.00
2026-09-04 11:26:43,501 - DVPTest - DEBUG - process_data: t=9.23, p=0.0, v=0.000, a=0.0, phase=IDLE
2026-09-04 11:26:43,502 - DVPTest - DEBUG - 物理分类结果: STABLE
2026-09-04 11:26:43,502 - DVPTest - DEBUG - [UI] _on_plot_update 收到 92 个数据点
2026-09-04 11:26:43,505 - DVPTest - INFO - [串口] cuff=0 mmHg
2026-09-04 11:26:43,593 - DVPTest - DEBUG - 发出 sig_data: t=9.328, p=0.00
2026-09-04 11:26:43,593 - DVPTest - DEBUG - process_data: t=9.33, p=0.0, v=0.000, a=0.0, phase=IDLE
2026-09-04 11:26:43,593 - DVPTest - DEBUG - 物理分类结果: STABLE
2026-09-04 11:26:43,593 - DVPTest - DEBUG - [UI] _on_plot_update 收到 93 个数据点
2026-09-04 11:26:43,596 - DVPTest - INFO - [串口] cuff=0 mmHg
2026-09-04 11:26:43,689 - DVPTest - DEBUG - 发出 sig_data: t=9.424, p=0.00
2026-09-04 11:26:43,692 - DVPTest - DEBUG - process_data: t=9.42, p=0.0, v=0.000, a=0.0, phase=IDLE
2026-09-04 11:26:43,692 - DVPTest - DEBUG - 物理分类结果: STABLE
2026-09-04 11:26:43,693 - DVPTest - DEBUG - [UI] _on_plot_update 收到 94 个数据点
2026-09-04 11:26:43,696 - DVPTest - INFO - [串口] cuff=0 mmHg
2026-09-04 11:26:43,801 - DVPTest - DEBUG - 发出 sig_data: t=9.536, p=0.00
2026-09-04 11:26:43,801 - DVPTest - DEBUG - process_data: t=9.54, p=0.0, v=0.000, a=0.0, phase=IDLE
2026-09-04 11:26:43,801 - DVPTest - DEBUG - 物理分类结果: STABLE
2026-09-04 11:26:43,803 - DVPTest - DEBUG - [UI] _on_plot_update 收到 95 个数据点
2026-09-04 11:26:43,805 - DVPTest - INFO - [串口] cuff=0 mmHg
2026-09-04 11:26:43,897 - DVPTest - DEBUG - 发出 sig_data: t=9.632, p=0.00
2026-09-04 11:26:43,898 - DVPTest - DEBUG - process_data: t=9.63, p=0.0, v=0.000, a=0.0, phase=IDLE
2026-09-04 11:26:43,899 - DVPTest - DEBUG - 物理分类结果: STABLE
2026-09-04 11:26:43,899 - DVPTest - DEBUG - [UI] _on_plot_update 收到 96 个数据点
2026-09-04 11:26:43,904 - DVPTest - INFO - [串口] cuff=0 mmHg
2026-09-04 11:26:43,993 - DVPTest - DEBUG - 发出 sig_data: t=9.728, p=0.00
2026-09-04 11:26:43,993 - DVPTest - DEBUG - process_data: t=9.73, p=0.0, v=0.000, a=0.0, phase=IDLE
2026-09-04 11:26:43,993 - DVPTest - DEBUG - 物理分类结果: STABLE
2026-09-04 11:26:43,994 - DVPTest - DEBUG - [UI] _on_plot_update 收到 97 个数据点
2026-09-04 11:26:43,996 - DVPTest - INFO - [串口] cuff=0 mmHg
2026-09-04 11:26:44,088 - DVPTest - DEBUG - 发出 sig_data: t=9.823, p=0.00
2026-09-04 11:26:44,089 - DVPTest - DEBUG - process_data: t=9.82, p=0.0, v=0.000, a=0.0, phase=IDLE
2026-09-04 11:26:44,089 - DVPTest - DEBUG - 物理分类结果: STABLE
2026-09-04 11:26:44,089 - DVPTest - DEBUG - [UI] _on_plot_update 收到 98 个数据点
2026-09-04 11:26:44,090 - DVPTest - INFO - [串口] cuff=0 mmHg
2026-09-04 11:26:44,200 - DVPTest - DEBUG - 发出 sig_data: t=9.935, p=0.00
2026-09-04 11:26:44,202 - DVPTest - DEBUG - process_data: t=9.94, p=0.0, v=0.000, a=0.0, phase=IDLE
2026-09-04 11:26:44,202 - DVPTest - DEBUG - 物理分类结果: STABLE
2026-09-04 11:26:44,203 - DVPTest - DEBUG - [UI] _on_plot_update 收到 99 个数据点
2026-09-04 11:26:44,207 - DVPTest - INFO - [串口] cuff=0 mmHg
2026-09-04 11:26:44,296 - DVPTest - DEBUG - 发出 sig_data: t=10.031, p=0.00
2026-09-04 11:26:44,297 - DVPTest - DEBUG - process_data: t=10.03, p=0.0, v=0.000, a=0.0, phase=IDLE
2026-09-04 11:26:44,297 - DVPTest - DEBUG - 物理分类结果: STABLE
2026-09-04 11:26:44,297 - DVPTest - DEBUG - [UI] _on_plot_update 收到 100 个数据点
2026-09-04 11:26:44,300 - DVPTest - INFO - [串口] cuff=0 mmHg
2026-09-04 11:26:44,392 - DVPTest - DEBUG - 发出 sig_data: t=10.127, p=0.00
2026-09-04 11:26:44,393 - DVPTest - DEBUG - process_data: t=10.13, p=0.0, v=0.000, a=0.0, phase=IDLE
2026-09-04 11:26:44,393 - DVPTest - DEBUG - 物理分类结果: STABLE
2026-09-04 11:26:44,393 - DVPTest - DEBUG - [UI] _on_plot_update 收到 101 个数据点
2026-09-04 11:26:44,396 - DVPTest - INFO - [串口] cuff=0 mmHg
2026-09-04 11:26:44,502 - DVPTest - DEBUG - 发出 sig_data: t=10.238, p=0.00
2026-09-04 11:26:44,504 - DVPTest - DEBUG - process_data: t=10.24, p=0.0, v=0.000, a=0.0, phase=IDLE
2026-09-04 11:26:44,504 - DVPTest - DEBUG - 物理分类结果: STABLE
2026-09-04 11:26:44,504 - DVPTest - DEBUG - [UI] _on_plot_update 收到 102 个数据点
2026-09-04 11:26:44,505 - DVPTest - INFO - [串口] cuff=0 mmHg
2026-09-04 11:26:44,599 - DVPTest - DEBUG - 发出 sig_data: t=10.335, p=0.00
2026-09-04 11:26:44,600 - DVPTest - DEBUG - process_data: t=10.33, p=0.0, v=0.000, a=0.0, phase=IDLE
2026-09-04 11:26:44,600 - DVPTest - DEBUG - 物理分类结果: STABLE
2026-09-04 11:26:44,600 - DVPTest - DEBUG - [UI] _on_plot_update 收到 103 个数据点
2026-09-04 11:26:44,601 - DVPTest - INFO - [串口] cuff=0 mmHg
2026-09-04 11:26:44,696 - DVPTest - DEBUG - 发出 sig_data: t=10.431, p=0.00
2026-09-04 11:26:44,697 - DVPTest - DEBUG - process_data: t=10.43, p=0.0, v=0.000, a=0.0, phase=IDLE
2026-09-04 11:26:44,697 - DVPTest - DEBUG - 物理分类结果: STABLE
2026-09-04 11:26:44,697 - DVPTest - DEBUG - [UI] _on_plot_update 收到 104 个数据点
2026-09-04 11:26:44,699 - DVPTest - INFO - [串口] cuff=0 mmHg
2026-09-04 11:26:44,791 - DVPTest - DEBUG - 发出 sig_data: t=10.526, p=0.00
2026-09-04 11:26:44,792 - DVPTest - DEBUG - process_data: t=10.53, p=0.0, v=0.000, a=0.0, phase=IDLE
2026-09-04 11:26:44,792 - DVPTest - DEBUG - 物理分类结果: STABLE
2026-09-04 11:26:44,792 - DVPTest - DEBUG - [UI] _on_plot_update 收到 105 个数据点
2026-09-04 11:26:44,793 - DVPTest - INFO - [串口] cuff=0 mmHg
2026-09-04 11:26:44,903 - DVPTest - DEBUG - 发出 sig_data: t=10.638, p=0.00
2026-09-04 11:26:44,903 - DVPTest - DEBUG - process_data: t=10.64, p=0.0, v=0.000, a=0.0, phase=IDLE
2026-09-04 11:26:44,903 - DVPTest - DEBUG - 物理分类结果: STABLE
2026-09-04 11:26:44,903 - DVPTest - DEBUG - [UI] _on_plot_update 收到 106 个数据点
2026-09-04 11:26:44,905 - DVPTest - INFO - [串口] cuff=0 mmHg
2026-09-04 11:26:44,999 - DVPTest - DEBUG - 发出 sig_data: t=10.735, p=0.00
2026-09-04 11:26:45,000 - DVPTest - DEBUG - process_data: t=10.73, p=0.0, v=0.000, a=0.0, phase=IDLE
2026-09-04 11:26:45,000 - DVPTest - DEBUG - 物理分类结果: STABLE
2026-09-04 11:26:45,000 - DVPTest - DEBUG - [UI] _on_plot_update 收到 107 个数据点
2026-09-04 11:26:45,003 - DVPTest - INFO - [串口] cuff=0 mmHg
2026-09-04 11:26:45,095 - DVPTest - DEBUG - 发出 sig_data: t=10.830, p=0.00
2026-09-04 11:26:45,096 - DVPTest - DEBUG - process_data: t=10.83, p=0.0, v=0.000, a=0.0, phase=IDLE
2026-09-04 11:26:45,096 - DVPTest - DEBUG - 物理分类结果: STABLE
2026-09-04 11:26:45,097 - DVPTest - DEBUG - [UI] _on_plot_update 收到 108 个数据点
2026-09-04 11:26:45,098 - DVPTest - INFO - [串口] cuff=0 mmHg
2026-09-04 11:26:45,191 - DVPTest - DEBUG - 发出 sig_data: t=10.926, p=0.00
2026-09-04 11:26:45,191 - DVPTest - DEBUG - process_data: t=10.93, p=0.0, v=0.000, a=0.0, phase=IDLE
2026-09-04 11:26:45,191 - DVPTest - DEBUG - 物理分类结果: STABLE
2026-09-04 11:26:45,191 - DVPTest - DEBUG - [UI] _on_plot_update 收到 109 个数据点
2026-09-04 11:26:45,193 - DVPTest - INFO - [串口] cuff=0 mmHg
2026-09-04 11:26:45,303 - DVPTest - DEBUG - 发出 sig_data: t=11.038, p=0.00
2026-09-04 11:26:45,304 - DVPTest - DEBUG - process_data: t=11.04, p=0.0, v=0.000, a=0.0, phase=IDLE
2026-09-04 11:26:45,304 - DVPTest - DEBUG - 物理分类结果: STABLE
2026-09-04 11:26:45,304 - DVPTest - DEBUG - [UI] _on_plot_update 收到 110 个数据点
2026-09-04 11:26:45,305 - DVPTest - INFO - [串口] cuff=0 mmHg
2026-09-04 11:26:45,398 - DVPTest - DEBUG - 发出 sig_data: t=11.133, p=0.00
2026-09-04 11:26:45,399 - DVPTest - DEBUG - process_data: t=11.13, p=0.0, v=0.000, a=0.0, phase=IDLE
2026-09-04 11:26:45,399 - DVPTest - DEBUG - 物理分类结果: STABLE
2026-09-04 11:26:45,400 - DVPTest - DEBUG - [UI] _on_plot_update 收到 111 个数据点
2026-09-04 11:26:45,402 - DVPTest - INFO - [串口] cuff=0 mmHg
2026-09-04 11:26:45,495 - DVPTest - DEBUG - 发出 sig_data: t=11.230, p=0.00
2026-09-04 11:26:45,497 - DVPTest - DEBUG - process_data: t=11.23, p=0.0, v=0.000, a=0.0, phase=IDLE
2026-09-04 11:26:45,499 - DVPTest - DEBUG - 物理分类结果: STABLE
2026-09-04 11:26:45,499 - DVPTest - DEBUG - [UI] _on_plot_update 收到 112 个数据点
2026-09-04 11:26:45,503 - DVPTest - INFO - [串口] cuff=0 mmHg
2026-09-04 11:26:45,591 - DVPTest - DEBUG - 发出 sig_data: t=11.326, p=0.00
2026-09-04 11:26:45,592 - DVPTest - DEBUG - process_data: t=11.33, p=0.0, v=0.000, a=0.0, phase=IDLE
2026-09-04 11:26:45,592 - DVPTest - DEBUG - 物理分类结果: STABLE
2026-09-04 11:26:45,592 - DVPTest - DEBUG - [UI] _on_plot_update 收到 113 个数据点
2026-09-04 11:26:45,595 - DVPTest - INFO - [串口] cuff=0 mmHg
2026-09-04 11:26:45,702 - DVPTest - DEBUG - 发出 sig_data: t=11.438, p=0.00
2026-09-04 11:26:45,704 - DVPTest - DEBUG - process_data: t=11.44, p=0.0, v=0.000, a=0.0, phase=IDLE
2026-09-04 11:26:45,704 - DVPTest - DEBUG - 物理分类结果: STABLE
2026-09-04 11:26:45,705 - DVPTest - DEBUG - [UI] _on_plot_update 收到 114 个数据点
2026-09-04 11:26:45,707 - DVPTest - INFO - [串口] cuff=0 mmHg
2026-09-04 11:26:45,797 - DVPTest - DEBUG - 发出 sig_data: t=11.533, p=0.00
2026-09-04 11:26:45,799 - DVPTest - DEBUG - process_data: t=11.53, p=0.0, v=0.000, a=0.0, phase=IDLE
2026-09-04 11:26:45,799 - DVPTest - DEBUG - 物理分类结果: STABLE
2026-09-04 11:26:45,800 - DVPTest - DEBUG - [UI] _on_plot_update 收到 115 个数据点
2026-09-04 11:26:45,803 - DVPTest - INFO - [串口] cuff=0 mmHg
2026-09-04 11:26:45,894 - DVPTest - DEBUG - 发出 sig_data: t=11.629, p=0.00
2026-09-04 11:26:45,895 - DVPTest - DEBUG - process_data: t=11.63, p=0.0, v=0.000, a=0.0, phase=IDLE
2026-09-04 11:26:45,896 - DVPTest - DEBUG - 物理分类结果: STABLE
2026-09-04 11:26:45,896 - DVPTest - DEBUG - [UI] _on_plot_update 收到 116 个数据点
2026-09-04 11:26:45,899 - DVPTest - INFO - [串口] cuff=0 mmHg
2026-09-04 11:26:45,989 - DVPTest - DEBUG - 发出 sig_data: t=11.725, p=0.00
2026-09-04 11:26:45,990 - DVPTest - DEBUG - process_data: t=11.72, p=0.0, v=0.000, a=0.0, phase=IDLE
2026-09-04 11:26:45,990 - DVPTest - DEBUG - 物理分类结果: STABLE
2026-09-04 11:26:45,990 - DVPTest - DEBUG - [UI] _on_plot_update 收到 117 个数据点
2026-09-04 11:26:45,992 - DVPTest - INFO - [串口] cuff=0 mmHg
2026-09-04 11:26:46,102 - DVPTest - DEBUG - 发出 sig_data: t=11.837, p=0.00
2026-09-04 11:26:46,106 - DVPTest - DEBUG - process_data: t=11.84, p=0.0, v=0.000, a=0.0, phase=IDLE
2026-09-04 11:26:46,106 - DVPTest - DEBUG - 物理分类结果: STABLE
2026-09-04 11:26:46,107 - DVPTest - DEBUG - [UI] _on_plot_update 收到 118 个数据点
2026-09-04 11:26:46,111 - DVPTest - INFO - [串口] cuff=0 mmHg
2026-09-04 11:26:46,197 - DVPTest - DEBUG - 发出 sig_data: t=11.933, p=0.00
2026-09-04 11:26:46,199 - DVPTest - DEBUG - process_data: t=11.93, p=0.0, v=0.000, a=0.0, phase=IDLE
2026-09-04 11:26:46,200 - DVPTest - DEBUG - 物理分类结果: STABLE
2026-09-04 11:26:46,201 - DVPTest - DEBUG - [UI] _on_plot_update 收到 119 个数据点
2026-09-04 11:26:46,204 - DVPTest - INFO - [串口] cuff=0 mmHg
2026-09-04 11:26:46,293 - DVPTest - DEBUG - 发出 sig_data: t=12.028, p=0.00
2026-09-04 11:26:46,294 - DVPTest - DEBUG - process_data: t=12.03, p=0.0, v=0.000, a=0.0, phase=IDLE
2026-09-04 11:26:46,294 - DVPTest - DEBUG - 物理分类结果: STABLE
2026-09-04 11:26:46,294 - DVPTest - DEBUG - [UI] _on_plot_update 收到 120 个数据点
2026-09-04 11:26:46,295 - DVPTest - INFO - [串口] cuff=0 mmHg
2026-09-04 11:26:46,404 - DVPTest - DEBUG - 发出 sig_data: t=12.139, p=0.00
2026-09-04 11:26:46,406 - DVPTest - DEBUG - process_data: t=12.14, p=0.0, v=0.000, a=0.0, phase=IDLE
2026-09-04 11:26:46,407 - DVPTest - DEBUG - 物理分类结果: STABLE
2026-09-04 11:26:46,407 - DVPTest - DEBUG - [UI] _on_plot_update 收到 121 个数据点
2026-09-04 11:26:46,412 - DVPTest - INFO - [串口] cuff=0 mmHg
2026-09-04 11:26:46,501 - DVPTest - DEBUG - 发出 sig_data: t=12.236, p=0.00
2026-09-04 11:26:46,503 - DVPTest - DEBUG - process_data: t=12.24, p=0.0, v=0.000, a=0.0, phase=IDLE
2026-09-04 11:26:46,504 - DVPTest - DEBUG - 物理分类结果: STABLE
2026-09-04 11:26:46,504 - DVPTest - DEBUG - [UI] _on_plot_update 收到 122 个数据点
2026-09-04 11:26:46,509 - DVPTest - INFO - [串口] cuff=0 mmHg
2026-09-04 11:26:46,596 - DVPTest - DEBUG - 发出 sig_data: t=12.332, p=0.00
2026-09-04 11:26:46,597 - DVPTest - DEBUG - process_data: t=12.33, p=0.0, v=0.000, a=0.0, phase=IDLE
2026-09-04 11:26:46,597 - DVPTest - DEBUG - 物理分类结果: STABLE
2026-09-04 11:26:46,597 - DVPTest - DEBUG - [UI] _on_plot_update 收到 123 个数据点
2026-09-04 11:26:46,599 - DVPTest - INFO - [串口] cuff=0 mmHg
2026-09-04 11:26:46,692 - DVPTest - DEBUG - 发出 sig_data: t=12.427, p=0.00
2026-09-04 11:26:46,695 - DVPTest - DEBUG - process_data: t=12.43, p=0.0, v=0.000, a=0.0, phase=IDLE
2026-09-04 11:26:46,695 - DVPTest - DEBUG - 物理分类结果: STABLE
2026-09-04 11:26:46,695 - DVPTest - DEBUG - [UI] _on_plot_update 收到 124 个数据点
2026-09-04 11:26:46,698 - DVPTest - INFO - [串口] cuff=0 mmHg
2026-09-04 11:26:46,803 - DVPTest - DEBUG - 发出 sig_data: t=12.539, p=0.00
2026-09-04 11:26:46,805 - DVPTest - DEBUG - process_data: t=12.54, p=0.0, v=0.000, a=0.0, phase=IDLE
2026-09-04 11:26:46,805 - DVPTest - DEBUG - 物理分类结果: STABLE
2026-09-04 11:26:46,805 - DVPTest - DEBUG - [UI] _on_plot_update 收到 125 个数据点
2026-09-04 11:26:46,806 - DVPTest - INFO - [串口] cuff=0 mmHg
2026-09-04 11:26:46,900 - DVPTest - DEBUG - 发出 sig_data: t=12.635, p=0.00
2026-09-04 11:26:46,900 - DVPTest - DEBUG - process_data: t=12.63, p=0.0, v=0.000, a=0.0, phase=IDLE
2026-09-04 11:26:46,900 - DVPTest - DEBUG - 物理分类结果: STABLE
2026-09-04 11:26:46,900 - DVPTest - DEBUG - [UI] _on_plot_update 收到 126 个数据点
2026-09-04 11:26:46,903 - DVPTest - INFO - [串口] cuff=0 mmHg
2026-09-04 11:26:46,996 - DVPTest - DEBUG - 发出 sig_data: t=12.731, p=0.00
2026-09-04 11:26:46,997 - DVPTest - DEBUG - process_data: t=12.73, p=0.0, v=0.000, a=0.0, phase=IDLE
2026-09-04 11:26:46,997 - DVPTest - DEBUG - 物理分类结果: STABLE
2026-09-04 11:26:46,998 - DVPTest - DEBUG - [UI] _on_plot_update 收到 127 个数据点
2026-09-04 11:26:47,000 - DVPTest - INFO - [串口] cuff=0 mmHg
2026-09-04 11:26:47,092 - DVPTest - DEBUG - 发出 sig_data: t=12.827, p=0.00
2026-09-04 11:26:47,093 - DVPTest - DEBUG - process_data: t=12.83, p=0.0, v=0.000, a=0.0, phase=IDLE
2026-09-04 11:26:47,093 - DVPTest - DEBUG - 物理分类结果: STABLE
2026-09-04 11:26:47,093 - DVPTest - DEBUG - [UI] _on_plot_update 收到 128 个数据点
2026-09-04 11:26:47,095 - DVPTest - INFO - [串口] cuff=0 mmHg
2026-09-04 11:26:47,204 - DVPTest - DEBUG - 发出 sig_data: t=12.939, p=0.00
2026-09-04 11:26:47,206 - DVPTest - DEBUG - process_data: t=12.94, p=0.0, v=0.000, a=0.0, phase=IDLE
2026-09-04 11:26:47,207 - DVPTest - DEBUG - 物理分类结果: STABLE
2026-09-04 11:26:47,207 - DVPTest - DEBUG - [UI] _on_plot_update 收到 129 个数据点
2026-09-04 11:26:47,211 - DVPTest - INFO - [串口] cuff=0 mmHg
2026-09-04 11:26:47,300 - DVPTest - DEBUG - 发出 sig_data: t=13.035, p=0.00
2026-09-04 11:26:47,303 - DVPTest - DEBUG - process_data: t=13.04, p=0.0, v=0.000, a=0.0, phase=IDLE
2026-09-04 11:26:47,303 - DVPTest - DEBUG - 物理分类结果: STABLE
2026-09-04 11:26:47,304 - DVPTest - DEBUG - [UI] _on_plot_update 收到 130 个数据点
2026-09-04 11:26:47,307 - DVPTest - INFO - [串口] cuff=0 mmHg
2026-09-04 11:26:47,395 - DVPTest - DEBUG - 发出 sig_data: t=13.130, p=0.00
2026-09-04 11:26:47,396 - DVPTest - DEBUG - process_data: t=13.13, p=0.0, v=0.000, a=0.0, phase=IDLE
2026-09-04 11:26:47,396 - DVPTest - DEBUG - 物理分类结果: STABLE
2026-09-04 11:26:47,396 - DVPTest - DEBUG - [UI] _on_plot_update 收到 131 个数据点
2026-09-04 11:26:47,397 - DVPTest - INFO - [串口] cuff=0 mmHg
2026-09-04 11:26:47,492 - DVPTest - DEBUG - 发出 sig_data: t=13.227, p=0.00
2026-09-04 11:26:47,492 - DVPTest - DEBUG - process_data: t=13.23, p=0.0, v=0.000, a=0.0, phase=IDLE
2026-09-04 11:26:47,492 - DVPTest - DEBUG - 物理分类结果: STABLE
2026-09-04 11:26:47,493 - DVPTest - DEBUG - [UI] _on_plot_update 收到 132 个数据点
2026-09-04 11:26:47,496 - DVPTest - INFO - [串口] cuff=0 mmHg
2026-09-04 11:26:47,603 - DVPTest - DEBUG - 发出 sig_data: t=13.338, p=0.00
2026-09-04 11:26:47,604 - DVPTest - DEBUG - process_data: t=13.34, p=0.0, v=0.000, a=0.0, phase=IDLE
2026-09-04 11:26:47,604 - DVPTest - DEBUG - 物理分类结果: STABLE
2026-09-04 11:26:47,605 - DVPTest - DEBUG - [UI] _on_plot_update 收到 133 个数据点
2026-09-04 11:26:47,609 - DVPTest - INFO - [串口] cuff=0 mmHg
2026-09-04 11:26:47,699 - DVPTest - DEBUG - 发出 sig_data: t=13.434, p=0.00
2026-09-04 11:26:47,700 - DVPTest - DEBUG - process_data: t=13.43, p=0.0, v=0.000, a=0.0, phase=IDLE
2026-09-04 11:26:47,700 - DVPTest - DEBUG - 物理分类结果: STABLE
2026-09-04 11:26:47,701 - DVPTest - DEBUG - [UI] _on_plot_update 收到 134 个数据点
2026-09-04 11:26:47,703 - DVPTest - INFO - [串口] cuff=0 mmHg
2026-09-04 11:26:47,795 - DVPTest - DEBUG - 发出 sig_data: t=13.530, p=0.00
2026-09-04 11:26:47,796 - DVPTest - DEBUG - process_data: t=13.53, p=0.0, v=0.000, a=0.0, phase=IDLE
2026-09-04 11:26:47,796 - DVPTest - DEBUG - 物理分类结果: STABLE
2026-09-04 11:26:47,797 - DVPTest - DEBUG - [UI] _on_plot_update 收到 135 个数据点
2026-09-04 11:26:47,799 - DVPTest - INFO - [串口] cuff=0 mmHg
2026-09-04 11:26:47,891 - DVPTest - DEBUG - 发出 sig_data: t=13.626, p=0.00
2026-09-04 11:26:47,892 - DVPTest - DEBUG - process_data: t=13.63, p=0.0, v=0.000, a=0.0, phase=IDLE
2026-09-04 11:26:47,893 - DVPTest - DEBUG - 物理分类结果: STABLE
2026-09-04 11:26:47,893 - DVPTest - DEBUG - [UI] _on_plot_update 收到 136 个数据点
2026-09-04 11:26:47,896 - DVPTest - INFO - [串口] cuff=0 mmHg
2026-09-04 11:26:48,002 - DVPTest - DEBUG - 发出 sig_data: t=13.737, p=0.00
2026-09-04 11:26:48,005 - DVPTest - DEBUG - process_data: t=13.74, p=0.0, v=0.000, a=0.0, phase=IDLE
2026-09-04 11:26:48,005 - DVPTest - DEBUG - 物理分类结果: STABLE
2026-09-04 11:26:48,005 - DVPTest - DEBUG - [UI] _on_plot_update 收到 137 个数据点
2026-09-04 11:26:48,009 - DVPTest - INFO - [串口] cuff=0 mmHg
2026-09-04 11:26:48,098 - DVPTest - DEBUG - 发出 sig_data: t=13.834, p=0.00
2026-09-04 11:26:48,101 - DVPTest - DEBUG - process_data: t=13.83, p=0.0, v=0.000, a=0.0, phase=IDLE
2026-09-04 11:26:48,101 - DVPTest - DEBUG - 物理分类结果: STABLE
2026-09-04 11:26:48,102 - DVPTest - DEBUG - [UI] _on_plot_update 收到 138 个数据点
2026-09-04 11:26:48,106 - DVPTest - INFO - [串口] cuff=0 mmHg
2026-09-04 11:26:48,194 - DVPTest - DEBUG - 发出 sig_data: t=13.929, p=0.00
2026-09-04 11:26:48,194 - DVPTest - DEBUG - process_data: t=13.93, p=0.0, v=0.000, a=0.0, phase=IDLE
2026-09-04 11:26:48,195 - DVPTest - DEBUG - 物理分类结果: STABLE
2026-09-04 11:26:48,196 - DVPTest - DEBUG - [UI] _on_plot_update 收到 139 个数据点
2026-09-04 11:26:48,197 - DVPTest - INFO - [串口] cuff=0 mmHg
2026-09-04 11:26:48,305 - DVPTest - DEBUG - 发出 sig_data: t=14.041, p=0.00
2026-09-04 11:26:48,307 - DVPTest - DEBUG - process_data: t=14.04, p=0.0, v=0.000, a=0.0, phase=IDLE
2026-09-04 11:26:48,308 - DVPTest - DEBUG - 物理分类结果: STABLE
2026-09-04 11:26:48,308 - DVPTest - DEBUG - [UI] _on_plot_update 收到 140 个数据点
2026-09-04 11:26:48,312 - DVPTest - INFO - [串口] cuff=0 mmHg
2026-09-04 11:26:48,402 - DVPTest - DEBUG - 发出 sig_data: t=14.137, p=0.00
2026-09-04 11:26:48,403 - DVPTest - DEBUG - process_data: t=14.14, p=0.0, v=0.000, a=0.0, phase=IDLE
2026-09-04 11:26:48,404 - DVPTest - DEBUG - 物理分类结果: STABLE
2026-09-04 11:26:48,404 - DVPTest - DEBUG - [UI] _on_plot_update 收到 141 个数据点
2026-09-04 11:26:48,405 - DVPTest - INFO - [串口] cuff=0 mmHg
2026-09-04 11:26:48,498 - DVPTest - DEBUG - 发出 sig_data: t=14.233, p=0.00
2026-09-04 11:26:48,498 - DVPTest - DEBUG - process_data: t=14.23, p=0.0, v=0.000, a=0.0, phase=IDLE
2026-09-04 11:26:48,498 - DVPTest - DEBUG - 物理分类结果: STABLE
2026-09-04 11:26:48,498 - DVPTest - DEBUG - [UI] _on_plot_update 收到 142 个数据点
2026-09-04 11:26:48,499 - DVPTest - INFO - [串口] cuff=0 mmHg
2026-09-04 11:26:48,593 - DVPTest - DEBUG - 发出 sig_data: t=14.329, p=0.00
2026-09-04 11:26:48,595 - DVPTest - DEBUG - process_data: t=14.33, p=0.0, v=0.000, a=0.0, phase=IDLE
2026-09-04 11:26:48,595 - DVPTest - DEBUG - 物理分类结果: STABLE
2026-09-04 11:26:48,596 - DVPTest - DEBUG - [UI] _on_plot_update 收到 143 个数据点
2026-09-04 11:26:48,599 - DVPTest - INFO - [串口] cuff=0 mmHg
2026-09-04 11:26:48,705 - DVPTest - DEBUG - 发出 sig_data: t=14.440, p=0.00
2026-09-04 11:26:48,706 - DVPTest - DEBUG - process_data: t=14.44, p=0.0, v=0.000, a=0.0, phase=IDLE
2026-09-04 11:26:48,708 - DVPTest - DEBUG - 物理分类结果: STABLE
2026-09-04 11:26:48,708 - DVPTest - DEBUG - [UI] _on_plot_update 收到 144 个数据点
2026-09-04 11:26:48,712 - DVPTest - INFO - [串口] cuff=0 mmHg
2026-09-04 11:26:48,801 - DVPTest - DEBUG - 发出 sig_data: t=14.537, p=0.00
2026-09-04 11:26:48,802 - DVPTest - DEBUG - process_data: t=14.54, p=0.0, v=0.000, a=0.0, phase=IDLE
2026-09-04 11:26:48,802 - DVPTest - DEBUG - 物理分类结果: STABLE
2026-09-04 11:26:48,803 - DVPTest - DEBUG - [UI] _on_plot_update 收到 145 个数据点
2026-09-04 11:26:48,805 - DVPTest - INFO - [串口] cuff=0 mmHg
2026-09-04 11:26:48,897 - DVPTest - DEBUG - 发出 sig_data: t=14.633, p=0.00
2026-09-04 11:26:48,899 - DVPTest - DEBUG - process_data: t=14.63, p=0.0, v=0.000, a=0.0, phase=IDLE
2026-09-04 11:26:48,899 - DVPTest - DEBUG - 物理分类结果: STABLE
2026-09-04 11:26:48,900 - DVPTest - DEBUG - [UI] _on_plot_update 收到 146 个数据点
2026-09-04 11:26:48,902 - DVPTest - INFO - [串口] cuff=0 mmHg
2026-09-04 11:26:48,992 - DVPTest - DEBUG - 发出 sig_data: t=14.728, p=0.00
2026-09-04 11:26:48,994 - DVPTest - DEBUG - process_data: t=14.73, p=0.0, v=0.000, a=0.0, phase=IDLE
2026-09-04 11:26:48,996 - DVPTest - DEBUG - 物理分类结果: STABLE
2026-09-04 11:26:48,997 - DVPTest - DEBUG - [UI] _on_plot_update 收到 147 个数据点
2026-09-04 11:26:49,000 - DVPTest - INFO - [串口] cuff=0 mmHg
2026-09-04 11:26:49,105 - DVPTest - DEBUG - 发出 sig_data: t=14.840, p=0.00
2026-09-04 11:26:49,106 - DVPTest - DEBUG - process_data: t=14.84, p=0.0, v=0.000, a=0.0, phase=IDLE
2026-09-04 11:26:49,106 - DVPTest - DEBUG - 物理分类结果: STABLE
2026-09-04 11:26:49,106 - DVPTest - DEBUG - [UI] _on_plot_update 收到 148 个数据点
2026-09-04 11:26:49,107 - DVPTest - INFO - [串口] cuff=0 mmHg
2026-09-04 11:26:49,200 - DVPTest - DEBUG - 发出 sig_data: t=14.935, p=0.00
2026-09-04 11:26:49,201 - DVPTest - DEBUG - process_data: t=14.94, p=0.0, v=0.000, a=0.0, phase=IDLE
2026-09-04 11:26:49,201 - DVPTest - DEBUG - 物理分类结果: STABLE
2026-09-04 11:26:49,202 - DVPTest - DEBUG - [UI] _on_plot_update 收到 149 个数据点
2026-09-04 11:26:49,203 - DVPTest - INFO - [串口] cuff=0 mmHg
2026-09-04 11:26:49,296 - DVPTest - DEBUG - 发出 sig_data: t=15.032, p=0.00
2026-09-04 11:26:49,297 - DVPTest - DEBUG - process_data: t=15.03, p=0.0, v=0.000, a=0.0, phase=IDLE
2026-09-04 11:26:49,297 - DVPTest - DEBUG - 物理分类结果: STABLE
2026-09-04 11:26:49,297 - DVPTest - DEBUG - [UI] _on_plot_update 收到 150 个数据点
2026-09-04 11:26:49,299 - DVPTest - INFO - [串口] cuff=0 mmHg
2026-09-04 11:26:49,408 - DVPTest - DEBUG - 发出 sig_data: t=15.143, p=0.00
2026-09-04 11:26:49,408 - DVPTest - DEBUG - process_data: t=15.14, p=0.0, v=0.000, a=0.0, phase=IDLE
2026-09-04 11:26:49,408 - DVPTest - DEBUG - 物理分类结果: STABLE
2026-09-04 11:26:49,409 - DVPTest - DEBUG - [UI] _on_plot_update 收到 151 个数据点
2026-09-04 11:26:49,412 - DVPTest - INFO - [串口] cuff=0 mmHg
2026-09-04 11:26:49,504 - DVPTest - DEBUG - 发出 sig_data: t=15.239, p=0.00
2026-09-04 11:26:49,504 - DVPTest - DEBUG - process_data: t=15.24, p=0.0, v=0.000, a=0.0, phase=IDLE
2026-09-04 11:26:49,504 - DVPTest - DEBUG - 物理分类结果: STABLE
2026-09-04 11:26:49,504 - DVPTest - DEBUG - [UI] _on_plot_update 收到 152 个数据点
2026-09-04 11:26:49,505 - DVPTest - INFO - [串口] cuff=0 mmHg
2026-09-04 11:26:49,600 - DVPTest - DEBUG - 发出 sig_data: t=15.335, p=0.00
2026-09-04 11:26:49,600 - DVPTest - DEBUG - process_data: t=15.33, p=0.0, v=0.000, a=0.0, phase=IDLE
2026-09-04 11:26:49,600 - DVPTest - DEBUG - 物理分类结果: STABLE
2026-09-04 11:26:49,600 - DVPTest - DEBUG - [UI] _on_plot_update 收到 153 个数据点
2026-09-04 11:26:49,602 - DVPTest - INFO - [串口] cuff=0 mmHg
2026-09-04 11:26:49,696 - DVPTest - DEBUG - 发出 sig_data: t=15.431, p=0.00
2026-09-04 11:26:49,699 - DVPTest - DEBUG - process_data: t=15.43, p=0.0, v=0.000, a=0.0, phase=IDLE
2026-09-04 11:26:49,699 - DVPTest - DEBUG - 物理分类结果: STABLE
2026-09-04 11:26:49,700 - DVPTest - DEBUG - [UI] _on_plot_update 收到 154 个数据点
2026-09-04 11:26:49,704 - DVPTest - INFO - [串口] cuff=0 mmHg
2026-09-04 11:26:49,806 - DVPTest - DEBUG - 发出 sig_data: t=15.542, p=0.00
2026-09-04 11:26:49,808 - DVPTest - DEBUG - process_data: t=15.54, p=0.0, v=0.000, a=0.0, phase=IDLE
2026-09-04 11:26:49,808 - DVPTest - DEBUG - 物理分类结果: STABLE
2026-09-04 11:26:49,808 - DVPTest - DEBUG - [UI] _on_plot_update 收到 155 个数据点
2026-09-04 11:26:49,809 - DVPTest - INFO - [串口] cuff=0 mmHg
2026-09-04 11:26:49,904 - DVPTest - DEBUG - 发出 sig_data: t=15.639, p=0.00
2026-09-04 11:26:49,905 - DVPTest - DEBUG - process_data: t=15.64, p=0.0, v=0.000, a=0.0, phase=IDLE
2026-09-04 11:26:49,906 - DVPTest - DEBUG - 物理分类结果: STABLE
2026-09-04 11:26:49,907 - DVPTest - DEBUG - [UI] _on_plot_update 收到 156 个数据点
2026-09-04 11:26:49,909 - DVPTest - INFO - [串口] cuff=0 mmHg
2026-09-04 11:26:49,999 - DVPTest - DEBUG - 发出 sig_data: t=15.735, p=0.00
2026-09-04 11:26:50,001 - DVPTest - DEBUG - process_data: t=15.73, p=0.0, v=0.000, a=0.0, phase=IDLE
2026-09-04 11:26:50,002 - DVPTest - DEBUG - 物理分类结果: STABLE
2026-09-04 11:26:50,002 - DVPTest - DEBUG - [UI] _on_plot_update 收到 157 个数据点
2026-09-04 11:26:50,006 - DVPTest - INFO - [串口] cuff=0 mmHg
2026-09-04 11:26:50,095 - DVPTest - DEBUG - 发出 sig_data: t=15.830, p=0.00
2026-09-04 11:26:50,096 - DVPTest - DEBUG - process_data: t=15.83, p=0.0, v=0.000, a=0.0, phase=IDLE
2026-09-04 11:26:50,096 - DVPTest - DEBUG - 物理分类结果: STABLE
2026-09-04 11:26:50,097 - DVPTest - DEBUG - [UI] _on_plot_update 收到 158 个数据点
2026-09-04 11:26:50,100 - DVPTest - INFO - [串口] cuff=0 mmHg
2026-09-04 11:26:50,207 - DVPTest - DEBUG - 发出 sig_data: t=15.943, p=0.00
2026-09-04 11:26:50,209 - DVPTest - DEBUG - process_data: t=15.94, p=0.0, v=0.000, a=0.0, phase=IDLE
2026-09-04 11:26:50,209 - DVPTest - DEBUG - 物理分类结果: STABLE
2026-09-04 11:26:50,210 - DVPTest - DEBUG - [UI] _on_plot_update 收到 159 个数据点
2026-09-04 11:26:50,213 - DVPTest - INFO - [串口] cuff=0 mmHg
2026-09-04 11:26:50,303 - DVPTest - DEBUG - 发出 sig_data: t=16.038, p=0.00
2026-09-04 11:26:50,304 - DVPTest - DEBUG - process_data: t=16.04, p=0.0, v=0.000, a=0.0, phase=IDLE
2026-09-04 11:26:50,304 - DVPTest - DEBUG - 物理分类结果: STABLE
2026-09-04 11:26:50,305 - DVPTest - DEBUG - [UI] _on_plot_update 收到 160 个数据点
2026-09-04 11:26:50,309 - DVPTest - INFO - [串口] cuff=0 mmHg
2026-09-04 11:26:50,399 - DVPTest - DEBUG - 发出 sig_data: t=16.134, p=0.00
2026-09-04 11:26:50,399 - DVPTest - DEBUG - process_data: t=16.13, p=0.0, v=0.000, a=0.0, phase=IDLE
2026-09-04 11:26:50,399 - DVPTest - DEBUG - 物理分类结果: STABLE
2026-09-04 11:26:50,399 - DVPTest - DEBUG - [UI] _on_plot_update 收到 161 个数据点
2026-09-04 11:26:50,401 - DVPTest - INFO - [串口] cuff=0 mmHg
2026-09-04 11:26:50,495 - DVPTest - DEBUG - 发出 sig_data: t=16.230, p=0.00
2026-09-04 11:26:50,496 - DVPTest - DEBUG - process_data: t=16.23, p=0.0, v=0.000, a=0.0, phase=IDLE
2026-09-04 11:26:50,496 - DVPTest - DEBUG - 物理分类结果: STABLE
2026-09-04 11:26:50,497 - DVPTest - DEBUG - [UI] _on_plot_update 收到 162 个数据点
2026-09-04 11:26:50,500 - DVPTest - INFO - [串口] cuff=0 mmHg
2026-09-04 11:26:50,606 - DVPTest - DEBUG - 发出 sig_data: t=16.341, p=0.00
2026-09-04 11:26:50,609 - DVPTest - DEBUG - process_data: t=16.34, p=0.0, v=0.000, a=0.0, phase=IDLE
2026-09-04 11:26:50,609 - DVPTest - DEBUG - 物理分类结果: STABLE
2026-09-04 11:26:50,610 - DVPTest - DEBUG - [UI] _on_plot_update 收到 163 个数据点
2026-09-04 11:26:50,613 - DVPTest - INFO - [串口] cuff=0 mmHg
2026-09-04 11:26:50,703 - DVPTest - DEBUG - 发出 sig_data: t=16.438, p=0.00
2026-09-04 11:26:50,703 - DVPTest - DEBUG - process_data: t=16.44, p=0.0, v=0.000, a=0.0, phase=IDLE
2026-09-04 11:26:50,703 - DVPTest - DEBUG - 物理分类结果: STABLE
2026-09-04 11:26:50,703 - DVPTest - DEBUG - [UI] _on_plot_update 收到 164 个数据点
2026-09-04 11:26:50,705 - DVPTest - INFO - [串口] cuff=0 mmHg
2026-09-04 11:26:50,798 - DVPTest - DEBUG - 发出 sig_data: t=16.533, p=0.00
2026-09-04 11:26:50,799 - DVPTest - DEBUG - process_data: t=16.53, p=0.0, v=0.000, a=0.0, phase=IDLE
2026-09-04 11:26:50,799 - DVPTest - DEBUG - 物理分类结果: STABLE
2026-09-04 11:26:50,801 - DVPTest - DEBUG - [UI] _on_plot_update 收到 165 个数据点
2026-09-04 11:26:50,804 - DVPTest - INFO - [串口] cuff=0 mmHg
2026-09-04 11:26:50,894 - DVPTest - DEBUG - 发出 sig_data: t=16.629, p=0.00
2026-09-04 11:26:50,895 - DVPTest - DEBUG - process_data: t=16.63, p=0.0, v=0.000, a=0.0, phase=IDLE
2026-09-04 11:26:50,895 - DVPTest - DEBUG - 物理分类结果: STABLE
2026-09-04 11:26:50,895 - DVPTest - DEBUG - [UI] _on_plot_update 收到 166 个数据点
2026-09-04 11:26:50,896 - DVPTest - INFO - [串口] cuff=0 mmHg
2026-09-04 11:26:51,005 - DVPTest - DEBUG - 发出 sig_data: t=16.741, p=0.00
2026-09-04 11:26:51,008 - DVPTest - DEBUG - process_data: t=16.74, p=0.0, v=0.000, a=0.0, phase=IDLE
2026-09-04 11:26:51,008 - DVPTest - DEBUG - 物理分类结果: STABLE
2026-09-04 11:26:51,009 - DVPTest - DEBUG - [UI] _on_plot_update 收到 167 个数据点
2026-09-04 11:26:51,013 - DVPTest - INFO - [串口] cuff=0 mmHg
2026-09-04 11:26:51,102 - DVPTest - DEBUG - 发出 sig_data: t=16.837, p=0.00
2026-09-04 11:26:51,104 - DVPTest - DEBUG - process_data: t=16.84, p=0.0, v=0.000, a=0.0, phase=IDLE
2026-09-04 11:26:51,104 - DVPTest - DEBUG - 物理分类结果: STABLE
2026-09-04 11:26:51,105 - DVPTest - DEBUG - [UI] _on_plot_update 收到 168 个数据点
2026-09-04 11:26:51,108 - DVPTest - INFO - [串口] cuff=0 mmHg
2026-09-04 11:26:51,198 - DVPTest - DEBUG - 发出 sig_data: t=16.933, p=0.00
2026-09-04 11:26:51,199 - DVPTest - DEBUG - process_data: t=16.93, p=0.0, v=0.000, a=0.0, phase=IDLE
2026-09-04 11:26:51,199 - DVPTest - DEBUG - 物理分类结果: STABLE
2026-09-04 11:26:51,199 - DVPTest - DEBUG - [UI] _on_plot_update 收到 169 个数据点
2026-09-04 11:26:51,201 - DVPTest - INFO - [串口] cuff=0 mmHg
2026-09-04 11:26:51,294 - DVPTest - DEBUG - 发出 sig_data: t=17.029, p=0.00
2026-09-04 11:26:51,295 - DVPTest - DEBUG - process_data: t=17.03, p=0.0, v=0.000, a=0.0, phase=IDLE
2026-09-04 11:26:51,295 - DVPTest - DEBUG - 物理分类结果: STABLE
2026-09-04 11:26:51,295 - DVPTest - DEBUG - [UI] _on_plot_update 收到 170 个数据点
2026-09-04 11:26:51,297 - DVPTest - INFO - [串口] cuff=0 mmHg
2026-09-04 11:26:51,405 - DVPTest - DEBUG - 发出 sig_data: t=17.140, p=0.00
2026-09-04 11:26:51,407 - DVPTest - DEBUG - process_data: t=17.14, p=0.0, v=0.000, a=0.0, phase=IDLE
2026-09-04 11:26:51,407 - DVPTest - DEBUG - 物理分类结果: STABLE
2026-09-04 11:26:51,408 - DVPTest - DEBUG - [UI] _on_plot_update 收到 171 个数据点
2026-09-04 11:26:51,412 - DVPTest - INFO - [串口] cuff=0 mmHg
2026-09-04 11:26:51,502 - DVPTest - DEBUG - 发出 sig_data: t=17.237, p=0.00
2026-09-04 11:26:51,502 - DVPTest - DEBUG - process_data: t=17.24, p=0.0, v=0.000, a=0.0, phase=IDLE
2026-09-04 11:26:51,502 - DVPTest - DEBUG - 物理分类结果: STABLE
2026-09-04 11:26:51,503 - DVPTest - DEBUG - [UI] _on_plot_update 收到 172 个数据点
2026-09-04 11:26:51,505 - DVPTest - INFO - [串口] cuff=0 mmHg
2026-09-04 11:26:51,596 - DVPTest - DEBUG - 发出 sig_data: t=17.331, p=0.00
2026-09-04 11:26:51,597 - DVPTest - DEBUG - process_data: t=17.33, p=0.0, v=0.000, a=0.0, phase=IDLE
2026-09-04 11:26:51,597 - DVPTest - DEBUG - 物理分类结果: STABLE
2026-09-04 11:26:51,598 - DVPTest - DEBUG - [UI] _on_plot_update 收到 173 个数据点
2026-09-04 11:26:51,600 - DVPTest - INFO - [串口] cuff=0 mmHg
2026-09-04 11:26:51,709 - DVPTest - DEBUG - 发出 sig_data: t=17.444, p=0.00
2026-09-04 11:26:51,710 - DVPTest - DEBUG - process_data: t=17.44, p=0.0, v=0.000, a=0.0, phase=IDLE
2026-09-04 11:26:51,710 - DVPTest - DEBUG - 物理分类结果: STABLE
2026-09-04 11:26:51,711 - DVPTest - DEBUG - [UI] _on_plot_update 收到 174 个数据点
2026-09-04 11:26:51,713 - DVPTest - INFO - [串口] cuff=0 mmHg
2026-09-04 11:26:51,804 - DVPTest - DEBUG - 发出 sig_data: t=17.539, p=0.00
2026-09-04 11:26:51,805 - DVPTest - DEBUG - process_data: t=17.54, p=0.0, v=0.000, a=0.0, phase=IDLE
2026-09-04 11:26:51,806 - DVPTest - DEBUG - 物理分类结果: STABLE
2026-09-04 11:26:51,807 - DVPTest - DEBUG - [UI] _on_plot_update 收到 175 个数据点
2026-09-04 11:26:51,810 - DVPTest - INFO - [串口] cuff=0 mmHg
2026-09-04 11:26:51,901 - DVPTest - DEBUG - 发出 sig_data: t=17.636, p=0.00
2026-09-04 11:26:51,902 - DVPTest - DEBUG - process_data: t=17.64, p=0.0, v=0.000, a=0.0, phase=IDLE
2026-09-04 11:26:51,902 - DVPTest - DEBUG - 物理分类结果: STABLE
2026-09-04 11:26:51,903 - DVPTest - DEBUG - [UI] _on_plot_update 收到 176 个数据点
2026-09-04 11:26:51,905 - DVPTest - INFO - [串口] cuff=0 mmHg
2026-09-04 11:26:51,996 - DVPTest - DEBUG - 发出 sig_data: t=17.731, p=0.00
2026-09-04 11:26:51,997 - DVPTest - DEBUG - process_data: t=17.73, p=0.0, v=0.000, a=0.0, phase=IDLE
2026-09-04 11:26:51,997 - DVPTest - DEBUG - 物理分类结果: STABLE
2026-09-04 11:26:51,998 - DVPTest - DEBUG - [UI] _on_plot_update 收到 177 个数据点
2026-09-04 11:26:51,999 - DVPTest - INFO - [串口] cuff=0 mmHg
2026-09-04 11:26:52,108 - DVPTest - DEBUG - 发出 sig_data: t=17.843, p=0.00
2026-09-04 11:26:52,109 - DVPTest - DEBUG - process_data: t=17.84, p=0.0, v=0.000, a=0.0, phase=IDLE
2026-09-04 11:26:52,109 - DVPTest - DEBUG - 物理分类结果: STABLE
2026-09-04 11:26:52,110 - DVPTest - DEBUG - [UI] _on_plot_update 收到 178 个数据点
2026-09-04 11:26:52,112 - DVPTest - INFO - [串口] cuff=0 mmHg
2026-09-04 11:26:52,204 - DVPTest - DEBUG - 发出 sig_data: t=17.939, p=0.00
2026-09-04 11:26:52,205 - DVPTest - DEBUG - process_data: t=17.94, p=0.0, v=0.000, a=0.0, phase=IDLE
2026-09-04 11:26:52,205 - DVPTest - DEBUG - 物理分类结果: STABLE
2026-09-04 11:26:52,205 - DVPTest - DEBUG - [UI] _on_plot_update 收到 179 个数据点
2026-09-04 11:26:52,208 - DVPTest - INFO - [串口] cuff=0 mmHg
2026-09-04 11:26:52,299 - DVPTest - DEBUG - 发出 sig_data: t=18.034, p=0.00
2026-09-04 11:26:52,317 - DVPTest - DEBUG - process_data: t=18.03, p=0.0, v=0.000, a=0.0, phase=IDLE
2026-09-04 11:26:52,317 - DVPTest - DEBUG - 物理分类结果: STABLE
2026-09-04 11:26:52,317 - DVPTest - DEBUG - [UI] _on_plot_update 收到 180 个数据点
2026-09-04 11:26:52,319 - DVPTest - INFO - [串口] cuff=0 mmHg
2026-09-04 11:26:52,396 - DVPTest - DEBUG - 发出 sig_data: t=18.131, p=0.00
2026-09-04 11:26:52,397 - DVPTest - DEBUG - process_data: t=18.13, p=0.0, v=0.000, a=0.0, phase=IDLE
2026-09-04 11:26:52,397 - DVPTest - DEBUG - 物理分类结果: STABLE
2026-09-04 11:26:52,397 - DVPTest - DEBUG - [UI] _on_plot_update 收到 181 个数据点
2026-09-04 11:26:52,399 - DVPTest - INFO - [串口] cuff=0 mmHg
2026-09-04 11:26:52,508 - DVPTest - DEBUG - 发出 sig_data: t=18.243, p=0.00
2026-09-04 11:26:52,510 - DVPTest - DEBUG - process_data: t=18.24, p=0.0, v=0.000, a=0.0, phase=IDLE
2026-09-04 11:26:52,510 - DVPTest - DEBUG - 物理分类结果: STABLE
2026-09-04 11:26:52,512 - DVPTest - DEBUG - [UI] _on_plot_update 收到 182 个数据点
2026-09-04 11:26:52,516 - DVPTest - INFO - [串口] cuff=0 mmHg
2026-09-04 11:26:52,603 - DVPTest - DEBUG - 发出 sig_data: t=18.338, p=0.00
2026-09-04 11:26:52,604 - DVPTest - DEBUG - process_data: t=18.34, p=0.0, v=0.000, a=0.0, phase=IDLE
2026-09-04 11:26:52,604 - DVPTest - DEBUG - 物理分类结果: STABLE
2026-09-04 11:26:52,604 - DVPTest - DEBUG - [UI] _on_plot_update 收到 183 个数据点
2026-09-04 11:26:52,605 - DVPTest - INFO - [串口] cuff=0 mmHg
2026-09-04 11:26:52,700 - DVPTest - DEBUG - 发出 sig_data: t=18.435, p=0.00
2026-09-04 11:26:52,702 - DVPTest - DEBUG - process_data: t=18.44, p=0.0, v=0.000, a=0.0, phase=IDLE
2026-09-04 11:26:52,702 - DVPTest - DEBUG - 物理分类结果: STABLE
2026-09-04 11:26:52,703 - DVPTest - DEBUG - [UI] _on_plot_update 收到 184 个数据点
2026-09-04 11:26:52,706 - DVPTest - INFO - [串口] cuff=0 mmHg
2026-09-04 11:26:52,795 - DVPTest - DEBUG - 发出 sig_data: t=18.530, p=0.00
2026-09-04 11:26:52,796 - DVPTest - DEBUG - process_data: t=18.53, p=0.0, v=0.000, a=0.0, phase=IDLE
2026-09-04 11:26:52,796 - DVPTest - DEBUG - 物理分类结果: STABLE
2026-09-04 11:26:52,796 - DVPTest - DEBUG - [UI] _on_plot_update 收到 185 个数据点
2026-09-04 11:26:52,798 - DVPTest - INFO - [串口] cuff=0 mmHg
2026-09-04 11:26:52,907 - DVPTest - DEBUG - 发出 sig_data: t=18.642, p=0.00
2026-09-04 11:26:52,908 - DVPTest - DEBUG - process_data: t=18.64, p=0.0, v=0.000, a=0.0, phase=IDLE
2026-09-04 11:26:52,908 - DVPTest - DEBUG - 物理分类结果: STABLE
2026-09-04 11:26:52,908 - DVPTest - DEBUG - [UI] _on_plot_update 收到 186 个数据点
2026-09-04 11:26:52,909 - DVPTest - INFO - [串口] cuff=0 mmHg
2026-09-04 11:26:53,003 - DVPTest - DEBUG - 发出 sig_data: t=18.738, p=0.00
2026-09-04 11:26:53,004 - DVPTest - DEBUG - process_data: t=18.74, p=0.0, v=0.000, a=0.0, phase=IDLE
2026-09-04 11:26:53,005 - DVPTest - DEBUG - 物理分类结果: STABLE
2026-09-04 11:26:53,005 - DVPTest - DEBUG - [UI] _on_plot_update 收到 187 个数据点
2026-09-04 11:26:53,009 - DVPTest - INFO - [串口] cuff=0 mmHg
2026-09-04 11:26:53,098 - DVPTest - DEBUG - 发出 sig_data: t=18.833, p=0.00
2026-09-04 11:26:53,099 - DVPTest - DEBUG - process_data: t=18.83, p=0.0, v=0.000, a=0.0, phase=IDLE
2026-09-04 11:26:53,099 - DVPTest - DEBUG - 物理分类结果: STABLE
2026-09-04 11:26:53,099 - DVPTest - DEBUG - [UI] _on_plot_update 收到 188 个数据点
2026-09-04 11:26:53,101 - DVPTest - INFO - [串口] cuff=0 mmHg
2026-09-04 11:26:53,210 - DVPTest - DEBUG - 发出 sig_data: t=18.945, p=0.00
2026-09-04 11:26:53,211 - DVPTest - DEBUG - process_data: t=18.95, p=0.0, v=0.000, a=0.0, phase=IDLE
2026-09-04 11:26:53,213 - DVPTest - DEBUG - 物理分类结果: STABLE
2026-09-04 11:26:53,214 - DVPTest - DEBUG - [UI] _on_plot_update 收到 189 个数据点
2026-09-04 11:26:53,217 - DVPTest - INFO - [串口] cuff=0 mmHg
2026-09-04 11:26:53,306 - DVPTest - DEBUG - 发出 sig_data: t=19.041, p=0.00
2026-09-04 11:26:53,307 - DVPTest - DEBUG - process_data: t=19.04, p=0.0, v=0.000, a=0.0, phase=IDLE
2026-09-04 11:26:53,307 - DVPTest - DEBUG - 物理分类结果: STABLE
2026-09-04 11:26:53,307 - DVPTest - DEBUG - [UI] _on_plot_update 收到 190 个数据点
2026-09-04 11:26:53,322 - DVPTest - INFO - [串口] cuff=0 mmHg
2026-09-04 11:26:53,402 - DVPTest - DEBUG - 发出 sig_data: t=19.137, p=0.00
2026-09-04 11:26:53,403 - DVPTest - DEBUG - process_data: t=19.14, p=0.0, v=0.000, a=0.0, phase=IDLE
2026-09-04 11:26:53,403 - DVPTest - DEBUG - 物理分类结果: STABLE
2026-09-04 11:26:53,403 - DVPTest - DEBUG - [UI] _on_plot_update 收到 191 个数据点
2026-09-04 11:26:53,404 - DVPTest - INFO - [串口] cuff=0 mmHg
2026-09-04 11:26:53,498 - DVPTest - DEBUG - 发出 sig_data: t=19.233, p=0.00
2026-09-04 11:26:53,499 - DVPTest - DEBUG - process_data: t=19.23, p=0.0, v=0.000, a=0.0, phase=IDLE
2026-09-04 11:26:53,499 - DVPTest - DEBUG - 物理分类结果: STABLE
2026-09-04 11:26:53,500 - DVPTest - DEBUG - [UI] _on_plot_update 收到 192 个数据点
2026-09-04 11:26:53,503 - DVPTest - INFO - [串口] cuff=0 mmHg
2026-09-04 11:26:53,610 - DVPTest - DEBUG - 发出 sig_data: t=19.345, p=0.00
2026-09-04 11:26:53,611 - DVPTest - DEBUG - process_data: t=19.34, p=0.0, v=0.000, a=0.0, phase=IDLE
2026-09-04 11:26:53,611 - DVPTest - DEBUG - 物理分类结果: STABLE
2026-09-04 11:26:53,611 - DVPTest - DEBUG - [UI] _on_plot_update 收到 193 个数据点
2026-09-04 11:26:53,612 - DVPTest - INFO - [串口] cuff=0 mmHg
2026-09-04 11:26:53,706 - DVPTest - DEBUG - 发出 sig_data: t=19.441, p=0.00
2026-09-04 11:26:53,707 - DVPTest - DEBUG - process_data: t=19.44, p=0.0, v=0.000, a=0.0, phase=IDLE
2026-09-04 11:26:53,707 - DVPTest - DEBUG - 物理分类结果: STABLE
2026-09-04 11:26:53,708 - DVPTest - DEBUG - [UI] _on_plot_update 收到 194 个数据点
2026-09-04 11:26:53,710 - DVPTest - INFO - [串口] cuff=0 mmHg
2026-09-04 11:26:53,801 - DVPTest - DEBUG - 发出 sig_data: t=19.536, p=0.00
2026-09-04 11:26:53,802 - DVPTest - DEBUG - process_data: t=19.54, p=0.0, v=0.000, a=0.0, phase=IDLE
2026-09-04 11:26:53,802 - DVPTest - DEBUG - 物理分类结果: STABLE
2026-09-04 11:26:53,803 - DVPTest - DEBUG - [UI] _on_plot_update 收到 195 个数据点
2026-09-04 11:26:53,804 - DVPTest - INFO - [串口] cuff=0 mmHg
2026-09-04 11:26:53,898 - DVPTest - DEBUG - 发出 sig_data: t=19.633, p=0.00
2026-09-04 11:26:53,898 - DVPTest - DEBUG - process_data: t=19.63, p=0.0, v=0.000, a=0.0, phase=IDLE
2026-09-04 11:26:53,898 - DVPTest - DEBUG - 物理分类结果: STABLE
2026-09-04 11:26:53,898 - DVPTest - DEBUG - [UI] _on_plot_update 收到 196 个数据点
2026-09-04 11:26:53,900 - DVPTest - INFO - [串口] cuff=0 mmHg
2026-09-04 11:26:54,009 - DVPTest - DEBUG - 发出 sig_data: t=19.745, p=0.00
2026-09-04 11:26:54,010 - DVPTest - DEBUG - process_data: t=19.74, p=0.0, v=0.000, a=0.0, phase=IDLE
2026-09-04 11:26:54,010 - DVPTest - DEBUG - 物理分类结果: STABLE
2026-09-04 11:26:54,010 - DVPTest - DEBUG - [UI] _on_plot_update 收到 197 个数据点
2026-09-04 11:26:54,013 - DVPTest - INFO - [串口] cuff=0 mmHg
2026-09-04 11:26:54,106 - DVPTest - DEBUG - 发出 sig_data: t=19.841, p=0.00
2026-09-04 11:26:54,107 - DVPTest - DEBUG - process_data: t=19.84, p=0.0, v=0.000, a=0.0, phase=IDLE
2026-09-04 11:26:54,107 - DVPTest - DEBUG - 物理分类结果: STABLE
2026-09-04 11:26:54,107 - DVPTest - DEBUG - [UI] _on_plot_update 收到 198 个数据点
2026-09-04 11:26:54,110 - DVPTest - INFO - [串口] cuff=0 mmHg
2026-09-04 11:26:54,202 - DVPTest - DEBUG - 发出 sig_data: t=19.937, p=0.00
2026-09-04 11:26:54,202 - DVPTest - DEBUG - process_data: t=19.94, p=0.0, v=0.000, a=0.0, phase=IDLE
2026-09-04 11:26:54,202 - DVPTest - DEBUG - 物理分类结果: STABLE
2026-09-04 11:26:54,203 - DVPTest - DEBUG - [UI] _on_plot_update 收到 199 个数据点
2026-09-04 11:26:54,206 - DVPTest - INFO - [串口] cuff=0 mmHg
2026-09-04 11:26:54,297 - DVPTest - DEBUG - 发出 sig_data: t=20.032, p=0.00
2026-09-04 11:26:54,299 - DVPTest - DEBUG - process_data: t=20.03, p=0.0, v=0.000, a=0.0, phase=IDLE
2026-09-04 11:26:54,299 - DVPTest - DEBUG - 物理分类结果: STABLE
2026-09-04 11:26:54,300 - DVPTest - DEBUG - [UI] _on_plot_update 收到 200 个数据点
2026-09-04 11:26:54,304 - DVPTest - INFO - [串口] cuff=0 mmHg
2026-09-04 11:26:54,409 - DVPTest - DEBUG - 发出 sig_data: t=20.143, p=0.00
2026-09-04 11:26:54,409 - DVPTest - DEBUG - process_data: t=20.14, p=0.0, v=0.000, a=0.0, phase=IDLE
2026-09-04 11:26:54,409 - DVPTest - DEBUG - 物理分类结果: STABLE
2026-09-04 11:26:54,410 - DVPTest - DEBUG - [UI] _on_plot_update 收到 201 个数据点
2026-09-04 11:26:54,411 - DVPTest - INFO - [串口] cuff=0 mmHg
2026-09-04 11:26:54,505 - DVPTest - DEBUG - 发出 sig_data: t=20.240, p=0.00
2026-09-04 11:26:54,507 - DVPTest - DEBUG - process_data: t=20.24, p=0.0, v=0.000, a=0.0, phase=IDLE
2026-09-04 11:26:54,507 - DVPTest - DEBUG - 物理分类结果: STABLE
2026-09-04 11:26:54,508 - DVPTest - DEBUG - [UI] _on_plot_update 收到 202 个数据点
2026-09-04 11:26:54,512 - DVPTest - INFO - [串口] cuff=0 mmHg
2026-09-04 11:26:54,601 - DVPTest - DEBUG - 发出 sig_data: t=20.336, p=0.00
2026-09-04 11:26:54,602 - DVPTest - DEBUG - process_data: t=20.34, p=0.0, v=0.000, a=0.0, phase=IDLE
2026-09-04 11:26:54,602 - DVPTest - DEBUG - 物理分类结果: STABLE
2026-09-04 11:26:54,603 - DVPTest - DEBUG - [UI] _on_plot_update 收到 203 个数据点
2026-09-04 11:26:54,607 - DVPTest - INFO - [串口] cuff=0 mmHg
2026-09-04 11:26:54,696 - DVPTest - DEBUG - 发出 sig_data: t=20.432, p=0.00
2026-09-04 11:26:54,698 - DVPTest - DEBUG - process_data: t=20.43, p=0.0, v=0.000, a=0.0, phase=IDLE
2026-09-04 11:26:54,698 - DVPTest - DEBUG - 物理分类结果: STABLE
2026-09-04 11:26:54,698 - DVPTest - DEBUG - [UI] _on_plot_update 收到 204 个数据点
2026-09-04 11:26:54,700 - DVPTest - INFO - [串口] cuff=0 mmHg
2026-09-04 11:26:54,808 - DVPTest - DEBUG - 发出 sig_data: t=20.543, p=0.00
2026-09-04 11:26:54,809 - DVPTest - DEBUG - process_data: t=20.54, p=0.0, v=0.000, a=0.0, phase=IDLE
2026-09-04 11:26:54,809 - DVPTest - DEBUG - 物理分类结果: STABLE
2026-09-04 11:26:54,810 - DVPTest - DEBUG - [UI] _on_plot_update 收到 205 个数据点
2026-09-04 11:26:54,812 - DVPTest - INFO - [串口] cuff=0 mmHg
2026-09-04 11:26:54,904 - DVPTest - DEBUG - 发出 sig_data: t=20.639, p=0.00
2026-09-04 11:26:54,905 - DVPTest - DEBUG - process_data: t=20.64, p=0.0, v=0.000, a=0.0, phase=IDLE
2026-09-04 11:26:54,905 - DVPTest - DEBUG - 物理分类结果: STABLE
2026-09-04 11:26:54,906 - DVPTest - DEBUG - [UI] _on_plot_update 收到 206 个数据点
2026-09-04 11:26:54,910 - DVPTest - INFO - [串口] cuff=0 mmHg
2026-09-04 11:26:54,999 - DVPTest - DEBUG - 发出 sig_data: t=20.734, p=0.00
2026-09-04 11:26:55,011 - DVPTest - DEBUG - process_data: t=20.73, p=0.0, v=0.000, a=0.0, phase=IDLE
2026-09-04 11:26:55,011 - DVPTest - DEBUG - 物理分类结果: STABLE
2026-09-04 11:26:55,011 - DVPTest - DEBUG - [UI] _on_plot_update 收到 207 个数据点
2026-09-04 11:26:55,013 - DVPTest - INFO - [串口] cuff=0 mmHg
2026-09-04 11:26:55,111 - DVPTest - DEBUG - 发出 sig_data: t=20.846, p=0.00
2026-09-04 11:26:55,111 - DVPTest - DEBUG - process_data: t=20.85, p=0.0, v=0.000, a=0.0, phase=IDLE
2026-09-04 11:26:55,111 - DVPTest - DEBUG - 物理分类结果: STABLE
2026-09-04 11:26:55,111 - DVPTest - DEBUG - [UI] _on_plot_update 收到 208 个数据点
2026-09-04 11:26:55,113 - DVPTest - INFO - [串口] cuff=0 mmHg
2026-09-04 11:26:55,207 - DVPTest - DEBUG - 发出 sig_data: t=20.942, p=0.00
2026-09-04 11:26:55,208 - DVPTest - DEBUG - process_data: t=20.94, p=0.0, v=0.000, a=0.0, phase=IDLE
2026-09-04 11:26:55,208 - DVPTest - DEBUG - 物理分类结果: STABLE
2026-09-04 11:26:55,209 - DVPTest - DEBUG - [UI] _on_plot_update 收到 209 个数据点
2026-09-04 11:26:55,211 - DVPTest - INFO - [串口] cuff=0 mmHg
2026-09-04 11:26:55,303 - DVPTest - DEBUG - 发出 sig_data: t=21.038, p=0.00
2026-09-04 11:26:55,303 - DVPTest - DEBUG - process_data: t=21.04, p=0.0, v=0.000, a=0.0, phase=IDLE
2026-09-04 11:26:55,303 - DVPTest - DEBUG - 物理分类结果: STABLE
2026-09-04 11:26:55,303 - DVPTest - DEBUG - [UI] _on_plot_update 收到 210 个数据点
2026-09-04 11:26:55,305 - DVPTest - INFO - [串口] cuff=0 mmHg
2026-09-04 11:26:55,399 - DVPTest - DEBUG - 发出 sig_data: t=21.134, p=0.00
2026-09-04 11:26:55,400 - DVPTest - DEBUG - process_data: t=21.13, p=0.0, v=0.000, a=0.0, phase=IDLE
2026-09-04 11:26:55,400 - DVPTest - DEBUG - 物理分类结果: STABLE
2026-09-04 11:26:55,400 - DVPTest - DEBUG - [UI] _on_plot_update 收到 211 个数据点
2026-09-04 11:26:55,401 - DVPTest - INFO - [串口] cuff=0 mmHg
2026-09-04 11:26:55,511 - DVPTest - DEBUG - 发出 sig_data: t=21.246, p=0.00
2026-09-04 11:26:55,512 - DVPTest - DEBUG - process_data: t=21.25, p=0.0, v=0.000, a=0.0, phase=IDLE
2026-09-04 11:26:55,512 - DVPTest - DEBUG - 物理分类结果: STABLE
2026-09-04 11:26:55,512 - DVPTest - DEBUG - [UI] _on_plot_update 收到 212 个数据点
2026-09-04 11:26:55,514 - DVPTest - INFO - [串口] cuff=0 mmHg
2026-09-04 11:26:55,607 - DVPTest - DEBUG - 发出 sig_data: t=21.342, p=0.00
2026-09-04 11:26:55,608 - DVPTest - DEBUG - process_data: t=21.34, p=0.0, v=0.000, a=0.0, phase=IDLE
2026-09-04 11:26:55,608 - DVPTest - DEBUG - 物理分类结果: STABLE
2026-09-04 11:26:55,609 - DVPTest - DEBUG - [UI] _on_plot_update 收到 213 个数据点
2026-09-04 11:26:55,612 - DVPTest - INFO - [串口] cuff=0 mmHg
2026-09-04 11:26:55,703 - DVPTest - DEBUG - 发出 sig_data: t=21.437, p=0.00
2026-09-04 11:26:55,703 - DVPTest - DEBUG - process_data: t=21.44, p=0.0, v=0.000, a=0.0, phase=IDLE
2026-09-04 11:26:55,704 - DVPTest - DEBUG - 物理分类结果: STABLE
2026-09-04 11:26:55,704 - DVPTest - DEBUG - [UI] _on_plot_update 收到 214 个数据点
2026-09-04 11:26:55,706 - DVPTest - INFO - [串口] cuff=0 mmHg
2026-09-04 11:26:55,798 - DVPTest - DEBUG - 发出 sig_data: t=21.533, p=0.00
2026-09-04 11:26:55,799 - DVPTest - DEBUG - process_data: t=21.53, p=0.0, v=0.000, a=0.0, phase=IDLE
2026-09-04 11:26:55,799 - DVPTest - DEBUG - 物理分类结果: STABLE
2026-09-04 11:26:55,800 - DVPTest - DEBUG - [UI] _on_plot_update 收到 215 个数据点
2026-09-04 11:26:55,804 - DVPTest - INFO - [串口] cuff=0 mmHg
2026-09-04 11:26:55,911 - DVPTest - DEBUG - 发出 sig_data: t=21.646, p=0.00
2026-09-04 11:26:55,912 - DVPTest - DEBUG - process_data: t=21.65, p=0.0, v=0.000, a=0.0, phase=IDLE
2026-09-04 11:26:55,912 - DVPTest - DEBUG - 物理分类结果: STABLE
2026-09-04 11:26:55,913 - DVPTest - DEBUG - [UI] _on_plot_update 收到 216 个数据点
2026-09-04 11:26:55,916 - DVPTest - INFO - [串口] cuff=0 mmHg
2026-09-04 11:26:56,006 - DVPTest - DEBUG - 发出 sig_data: t=21.741, p=0.00
2026-09-04 11:26:56,007 - DVPTest - DEBUG - process_data: t=21.74, p=0.0, v=0.000, a=0.0, phase=IDLE
2026-09-04 11:26:56,007 - DVPTest - DEBUG - 物理分类结果: STABLE
2026-09-04 11:26:56,007 - DVPTest - DEBUG - [UI] _on_plot_update 收到 217 个数据点
2026-09-04 11:26:56,008 - DVPTest - INFO - [串口] cuff=0 mmHg
2026-09-04 11:26:56,102 - DVPTest - DEBUG - 发出 sig_data: t=21.837, p=0.00
2026-09-04 11:26:56,103 - DVPTest - DEBUG - process_data: t=21.84, p=0.0, v=0.000, a=0.0, phase=IDLE
2026-09-04 11:26:56,103 - DVPTest - DEBUG - 物理分类结果: STABLE
2026-09-04 11:26:56,104 - DVPTest - DEBUG - [UI] _on_plot_update 收到 218 个数据点
2026-09-04 11:26:56,107 - DVPTest - INFO - [串口] cuff=0 mmHg
2026-09-04 11:26:56,199 - DVPTest - DEBUG - 发出 sig_data: t=21.934, p=0.00
2026-09-04 11:26:56,200 - DVPTest - DEBUG - process_data: t=21.93, p=0.0, v=0.000, a=0.0, phase=IDLE
2026-09-04 11:26:56,200 - DVPTest - DEBUG - 物理分类结果: STABLE
2026-09-04 11:26:56,202 - DVPTest - DEBUG - [UI] _on_plot_update 收到 219 个数据点
2026-09-04 11:26:56,205 - DVPTest - INFO - [串口] cuff=0 mmHg
2026-09-04 11:26:56,310 - DVPTest - DEBUG - 发出 sig_data: t=22.045, p=0.00
2026-09-04 11:26:56,310 - DVPTest - DEBUG - process_data: t=22.04, p=0.0, v=0.000, a=0.0, phase=IDLE
2026-09-04 11:26:56,310 - DVPTest - DEBUG - 物理分类结果: STABLE
2026-09-04 11:26:56,310 - DVPTest - DEBUG - [UI] _on_plot_update 收到 220 个数据点
2026-09-04 11:26:56,312 - DVPTest - INFO - [串口] cuff=0 mmHg
2026-09-04 11:26:56,408 - DVPTest - DEBUG - 发出 sig_data: t=22.142, p=0.00
2026-09-04 11:26:56,408 - DVPTest - DEBUG - process_data: t=22.14, p=0.0, v=0.000, a=0.0, phase=IDLE
2026-09-04 11:26:56,408 - DVPTest - DEBUG - 物理分类结果: STABLE
2026-09-04 11:26:56,408 - DVPTest - DEBUG - [UI] _on_plot_update 收到 221 个数据点
2026-09-04 11:26:56,410 - DVPTest - INFO - [串口] cuff=0 mmHg
2026-09-04 11:26:56,501 - DVPTest - DEBUG - 发出 sig_data: t=22.236, p=0.00
2026-09-04 11:26:56,502 - DVPTest - DEBUG - process_data: t=22.24, p=0.0, v=0.000, a=0.0, phase=IDLE
2026-09-04 11:26:56,502 - DVPTest - DEBUG - 物理分类结果: STABLE
2026-09-04 11:26:56,502 - DVPTest - DEBUG - [UI] _on_plot_update 收到 222 个数据点
2026-09-04 11:26:56,503 - DVPTest - INFO - [串口] cuff=0 mmHg
2026-09-04 11:26:56,612 - DVPTest - DEBUG - 发出 sig_data: t=22.348, p=0.00
2026-09-04 11:26:56,614 - DVPTest - DEBUG - process_data: t=22.35, p=0.0, v=0.000, a=0.0, phase=IDLE
2026-09-04 11:26:56,614 - DVPTest - DEBUG - 物理分类结果: STABLE
2026-09-04 11:26:56,615 - DVPTest - DEBUG - [UI] _on_plot_update 收到 223 个数据点
2026-09-04 11:26:56,617 - DVPTest - INFO - [串口] cuff=0 mmHg
2026-09-04 11:26:56,710 - DVPTest - DEBUG - 发出 sig_data: t=22.444, p=0.00
2026-09-04 11:26:56,710 - DVPTest - DEBUG - process_data: t=22.44, p=0.0, v=0.000, a=0.0, phase=IDLE
2026-09-04 11:26:56,710 - DVPTest - DEBUG - 物理分类结果: STABLE
2026-09-04 11:26:56,710 - DVPTest - DEBUG - [UI] _on_plot_update 收到 224 个数据点
2026-09-04 11:26:56,711 - DVPTest - INFO - [串口] cuff=0 mmHg
2026-09-04 11:26:56,805 - DVPTest - DEBUG - 发出 sig_data: t=22.539, p=0.00
2026-09-04 11:26:56,805 - DVPTest - DEBUG - process_data: t=22.54, p=0.0, v=0.000, a=0.0, phase=IDLE
2026-09-04 11:26:56,805 - DVPTest - DEBUG - 物理分类结果: STABLE
2026-09-04 11:26:56,805 - DVPTest - DEBUG - [UI] _on_plot_update 收到 225 个数据点
2026-09-04 11:26:56,807 - DVPTest - INFO - [串口] cuff=0 mmHg
2026-09-04 11:26:56,901 - DVPTest - DEBUG - 发出 sig_data: t=22.637, p=0.00
2026-09-04 11:26:56,904 - DVPTest - DEBUG - process_data: t=22.64, p=0.0, v=0.000, a=0.0, phase=IDLE
2026-09-04 11:26:56,905 - DVPTest - DEBUG - 物理分类结果: STABLE
2026-09-04 11:26:56,906 - DVPTest - DEBUG - [UI] _on_plot_update 收到 226 个数据点
2026-09-04 11:26:56,908 - DVPTest - INFO - [串口] cuff=0 mmHg
2026-09-04 11:26:57,012 - DVPTest - DEBUG - 发出 sig_data: t=22.747, p=0.00
2026-09-04 11:26:57,013 - DVPTest - DEBUG - process_data: t=22.75, p=0.0, v=0.000, a=0.0, phase=IDLE
2026-09-04 11:26:57,013 - DVPTest - DEBUG - 物理分类结果: STABLE
2026-09-04 11:26:57,013 - DVPTest - DEBUG - [UI] _on_plot_update 收到 227 个数据点
2026-09-04 11:26:57,016 - DVPTest - INFO - [串口] cuff=0 mmHg
2026-09-04 11:26:57,109 - DVPTest - DEBUG - 发出 sig_data: t=22.843, p=0.00
2026-09-04 11:26:57,109 - DVPTest - DEBUG - process_data: t=22.84, p=0.0, v=0.000, a=0.0, phase=IDLE
2026-09-04 11:26:57,109 - DVPTest - DEBUG - 物理分类结果: STABLE
2026-09-04 11:26:57,109 - DVPTest - DEBUG - [UI] _on_plot_update 收到 228 个数据点
2026-09-04 11:26:57,111 - DVPTest - INFO - [串口] cuff=0 mmHg
2026-09-04 11:26:57,204 - DVPTest - DEBUG - 发出 sig_data: t=22.939, p=0.00
2026-09-04 11:26:57,205 - DVPTest - DEBUG - process_data: t=22.94, p=0.0, v=0.000, a=0.0, phase=IDLE
2026-09-04 11:26:57,205 - DVPTest - DEBUG - 物理分类结果: STABLE
2026-09-04 11:26:57,205 - DVPTest - DEBUG - [UI] _on_plot_update 收到 229 个数据点
2026-09-04 11:26:57,206 - DVPTest - INFO - [串口] cuff=0 mmHg
2026-09-04 11:26:57,301 - DVPTest - DEBUG - 发出 sig_data: t=23.035, p=0.00
2026-09-04 11:26:57,301 - DVPTest - DEBUG - process_data: t=23.04, p=0.0, v=0.000, a=0.0, phase=IDLE
2026-09-04 11:26:57,301 - DVPTest - DEBUG - 物理分类结果: STABLE
2026-09-04 11:26:57,302 - DVPTest - DEBUG - [UI] _on_plot_update 收到 230 个数据点
2026-09-04 11:26:57,302 - DVPTest - INFO - [串口] cuff=0 mmHg
2026-09-04 11:26:57,413 - DVPTest - DEBUG - 发出 sig_data: t=23.148, p=0.00
2026-09-04 11:26:57,415 - DVPTest - DEBUG - process_data: t=23.15, p=0.0, v=0.000, a=0.0, phase=IDLE
2026-09-04 11:26:57,416 - DVPTest - DEBUG - 物理分类结果: STABLE
2026-09-04 11:26:57,417 - DVPTest - DEBUG - [UI] _on_plot_update 收到 231 个数据点
2026-09-04 11:26:57,419 - DVPTest - INFO - [串口] cuff=0 mmHg
2026-09-04 11:26:57,508 - DVPTest - DEBUG - 发出 sig_data: t=23.243, p=0.00
2026-09-04 11:26:57,511 - DVPTest - DEBUG - process_data: t=23.24, p=0.0, v=0.000, a=0.0, phase=IDLE
2026-09-04 11:26:57,511 - DVPTest - DEBUG - 物理分类结果: STABLE
2026-09-04 11:26:57,511 - DVPTest - DEBUG - [UI] _on_plot_update 收到 232 个数据点
2026-09-04 11:26:57,514 - DVPTest - INFO - [串口] cuff=0 mmHg
2026-09-04 11:26:57,603 - DVPTest - DEBUG - 发出 sig_data: t=23.338, p=0.00
2026-09-04 11:26:57,604 - DVPTest - DEBUG - process_data: t=23.34, p=0.0, v=0.000, a=0.0, phase=IDLE
2026-09-04 11:26:57,604 - DVPTest - DEBUG - 物理分类结果: STABLE
2026-09-04 11:26:57,605 - DVPTest - DEBUG - [UI] _on_plot_update 收到 233 个数据点
2026-09-04 11:26:57,607 - DVPTest - INFO - [串口] cuff=0 mmHg
2026-09-04 11:26:57,700 - DVPTest - DEBUG - 发出 sig_data: t=23.434, p=0.00
2026-09-04 11:26:57,700 - DVPTest - DEBUG - process_data: t=23.43, p=0.0, v=0.000, a=0.0, phase=IDLE
2026-09-04 11:26:57,700 - DVPTest - DEBUG - 物理分类结果: STABLE
2026-09-04 11:26:57,700 - DVPTest - DEBUG - [UI] _on_plot_update 收到 234 个数据点
2026-09-04 11:26:57,702 - DVPTest - INFO - [串口] cuff=0 mmHg
2026-09-04 11:26:57,811 - DVPTest - DEBUG - 发出 sig_data: t=23.546, p=0.00
2026-09-04 11:26:57,812 - DVPTest - DEBUG - process_data: t=23.55, p=0.0, v=0.000, a=0.0, phase=IDLE
2026-09-04 11:26:57,812 - DVPTest - DEBUG - 物理分类结果: STABLE
2026-09-04 11:26:57,812 - DVPTest - DEBUG - [UI] _on_plot_update 收到 235 个数据点
2026-09-04 11:26:57,813 - DVPTest - INFO - [串口] cuff=0 mmHg
2026-09-04 11:26:57,908 - DVPTest - DEBUG - 发出 sig_data: t=23.643, p=0.00
2026-09-04 11:26:57,909 - DVPTest - DEBUG - process_data: t=23.64, p=0.0, v=0.000, a=0.0, phase=IDLE
2026-09-04 11:26:57,909 - DVPTest - DEBUG - 物理分类结果: STABLE
2026-09-04 11:26:57,910 - DVPTest - DEBUG - [UI] _on_plot_update 收到 236 个数据点
2026-09-04 11:26:57,912 - DVPTest - INFO - [串口] cuff=0 mmHg
2026-09-04 11:26:58,003 - DVPTest - DEBUG - 发出 sig_data: t=23.738, p=0.00
2026-09-04 11:26:58,004 - DVPTest - DEBUG - process_data: t=23.74, p=0.0, v=0.000, a=0.0, phase=IDLE
2026-09-04 11:26:58,004 - DVPTest - DEBUG - 物理分类结果: STABLE
2026-09-04 11:26:58,005 - DVPTest - DEBUG - [UI] _on_plot_update 收到 237 个数据点
2026-09-04 11:26:58,008 - DVPTest - INFO - [串口] cuff=0 mmHg
2026-09-04 11:26:58,099 - DVPTest - DEBUG - 发出 sig_data: t=23.834, p=0.00
2026-09-04 11:26:58,100 - DVPTest - DEBUG - process_data: t=23.83, p=0.0, v=0.000, a=0.0, phase=IDLE
2026-09-04 11:26:58,100 - DVPTest - DEBUG - 物理分类结果: STABLE
2026-09-04 11:26:58,100 - DVPTest - DEBUG - [UI] _on_plot_update 收到 238 个数据点
2026-09-04 11:26:58,101 - DVPTest - INFO - [串口] cuff=0 mmHg
2026-09-04 11:26:58,211 - DVPTest - DEBUG - 发出 sig_data: t=23.946, p=0.00
2026-09-04 11:26:58,212 - DVPTest - DEBUG - process_data: t=23.95, p=0.0, v=0.000, a=0.0, phase=IDLE
2026-09-04 11:26:58,212 - DVPTest - DEBUG - 物理分类结果: STABLE
2026-09-04 11:26:58,214 - DVPTest - DEBUG - [UI] _on_plot_update 收到 239 个数据点
2026-09-04 11:26:58,218 - DVPTest - INFO - [串口] cuff=0 mmHg
2026-09-04 11:26:58,307 - DVPTest - DEBUG - 发出 sig_data: t=24.042, p=0.00
2026-09-04 11:26:58,308 - DVPTest - DEBUG - process_data: t=24.04, p=0.0, v=0.000, a=0.0, phase=IDLE
2026-09-04 11:26:58,308 - DVPTest - DEBUG - 物理分类结果: STABLE
2026-09-04 11:26:58,310 - DVPTest - DEBUG - [UI] _on_plot_update 收到 240 个数据点
2026-09-04 11:26:58,314 - DVPTest - INFO - [串口] cuff=0 mmHg
2026-09-04 11:26:58,403 - DVPTest - DEBUG - 发出 sig_data: t=24.137, p=0.00
2026-09-04 11:26:58,403 - DVPTest - DEBUG - process_data: t=24.14, p=0.0, v=0.000, a=0.0, phase=IDLE
2026-09-04 11:26:58,403 - DVPTest - DEBUG - 物理分类结果: STABLE
2026-09-04 11:26:58,403 - DVPTest - DEBUG - [UI] _on_plot_update 收到 241 个数据点
2026-09-04 11:26:58,405 - DVPTest - INFO - [串口] cuff=0 mmHg
2026-09-04 11:26:58,499 - DVPTest - DEBUG - 发出 sig_data: t=24.234, p=0.00
2026-09-04 11:26:58,500 - DVPTest - DEBUG - process_data: t=24.23, p=0.0, v=0.000, a=0.0, phase=IDLE
2026-09-04 11:26:58,501 - DVPTest - DEBUG - 物理分类结果: STABLE
2026-09-04 11:26:58,502 - DVPTest - DEBUG - [UI] _on_plot_update 收到 242 个数据点
2026-09-04 11:26:58,506 - DVPTest - INFO - [串口] cuff=0 mmHg
2026-09-04 11:26:58,610 - DVPTest - DEBUG - 发出 sig_data: t=24.345, p=0.00
2026-09-04 11:26:58,611 - DVPTest - DEBUG - process_data: t=24.34, p=0.0, v=0.000, a=0.0, phase=IDLE
2026-09-04 11:26:58,611 - DVPTest - DEBUG - 物理分类结果: STABLE
2026-09-04 11:26:58,614 - DVPTest - DEBUG - [UI] _on_plot_update 收到 243 个数据点
2026-09-04 11:26:58,617 - DVPTest - INFO - [串口] cuff=0 mmHg
2026-09-04 11:26:58,706 - DVPTest - DEBUG - 发出 sig_data: t=24.441, p=0.00
2026-09-04 11:26:58,709 - DVPTest - DEBUG - process_data: t=24.44, p=0.0, v=0.000, a=0.0, phase=IDLE
2026-09-04 11:26:58,710 - DVPTest - DEBUG - 物理分类结果: STABLE
2026-09-04 11:26:58,711 - DVPTest - DEBUG - [UI] _on_plot_update 收到 244 个数据点
2026-09-04 11:26:58,714 - DVPTest - INFO - [串口] cuff=0 mmHg
2026-09-04 11:26:58,801 - DVPTest - DEBUG - 发出 sig_data: t=24.536, p=0.00
2026-09-04 11:26:58,804 - DVPTest - DEBUG - process_data: t=24.54, p=0.0, v=0.000, a=0.0, phase=IDLE
2026-09-04 11:26:58,805 - DVPTest - DEBUG - 物理分类结果: STABLE
2026-09-04 11:26:58,805 - DVPTest - DEBUG - [UI] _on_plot_update 收到 245 个数据点
2026-09-04 11:26:58,807 - DVPTest - INFO - [串口] cuff=0 mmHg
2026-09-04 11:26:58,913 - DVPTest - DEBUG - 发出 sig_data: t=24.649, p=0.00
2026-09-04 11:26:58,917 - DVPTest - DEBUG - process_data: t=24.65, p=0.0, v=0.000, a=0.0, phase=IDLE
2026-09-04 11:26:58,917 - DVPTest - DEBUG - 物理分类结果: STABLE
2026-09-04 11:26:58,918 - DVPTest - DEBUG - [UI] _on_plot_update 收到 246 个数据点
2026-09-04 11:26:58,921 - DVPTest - INFO - [串口] cuff=0 mmHg
2026-09-04 11:26:59,009 - DVPTest - DEBUG - 发出 sig_data: t=24.744, p=0.00
2026-09-04 11:26:59,011 - DVPTest - DEBUG - process_data: t=24.74, p=0.0, v=0.000, a=0.0, phase=IDLE
2026-09-04 11:26:59,011 - DVPTest - DEBUG - 物理分类结果: STABLE
2026-09-04 11:26:59,012 - DVPTest - DEBUG - [UI] _on_plot_update 收到 247 个数据点
2026-09-04 11:26:59,015 - DVPTest - INFO - [串口] cuff=0 mmHg
2026-09-04 11:26:59,106 - DVPTest - DEBUG - 发出 sig_data: t=24.840, p=0.00
2026-09-04 11:26:59,106 - DVPTest - DEBUG - process_data: t=24.84, p=0.0, v=0.000, a=0.0, phase=IDLE
2026-09-04 11:26:59,106 - DVPTest - DEBUG - 物理分类结果: STABLE
2026-09-04 11:26:59,106 - DVPTest - DEBUG - [UI] _on_plot_update 收到 248 个数据点
2026-09-04 11:26:59,107 - DVPTest - INFO - [串口] cuff=0 mmHg
2026-09-04 11:26:59,201 - DVPTest - DEBUG - 发出 sig_data: t=24.936, p=0.00
2026-09-04 11:26:59,202 - DVPTest - DEBUG - process_data: t=24.94, p=0.0, v=0.000, a=0.0, phase=IDLE
2026-09-04 11:26:59,203 - DVPTest - DEBUG - 物理分类结果: STABLE
2026-09-04 11:26:59,204 - DVPTest - DEBUG - [UI] _on_plot_update 收到 249 个数据点
2026-09-04 11:26:59,207 - DVPTest - INFO - [串口] cuff=0 mmHg
2026-09-04 11:26:59,313 - DVPTest - DEBUG - 发出 sig_data: t=25.048, p=0.00
2026-09-04 11:26:59,314 - DVPTest - DEBUG - process_data: t=25.05, p=0.0, v=0.000, a=0.0, phase=IDLE
2026-09-04 11:26:59,314 - DVPTest - DEBUG - 物理分类结果: STABLE
2026-09-04 11:26:59,314 - DVPTest - DEBUG - [UI] _on_plot_update 收到 250 个数据点
2026-09-04 11:26:59,315 - DVPTest - INFO - [串口] cuff=0 mmHg
2026-09-04 11:26:59,408 - DVPTest - DEBUG - 发出 sig_data: t=25.144, p=0.00
2026-09-04 11:26:59,411 - DVPTest - DEBUG - process_data: t=25.14, p=0.0, v=0.000, a=0.0, phase=IDLE
2026-09-04 11:26:59,412 - DVPTest - DEBUG - 物理分类结果: STABLE
2026-09-04 11:26:59,414 - DVPTest - DEBUG - [UI] _on_plot_update 收到 251 个数据点
2026-09-04 11:26:59,417 - DVPTest - INFO - [串口] cuff=0 mmHg
2026-09-04 11:26:59,504 - DVPTest - DEBUG - 发出 sig_data: t=25.239, p=0.00
2026-09-04 11:26:59,506 - DVPTest - DEBUG - process_data: t=25.24, p=0.0, v=0.000, a=0.0, phase=IDLE
2026-09-04 11:26:59,506 - DVPTest - DEBUG - 物理分类结果: STABLE
2026-09-04 11:26:59,507 - DVPTest - DEBUG - [UI] _on_plot_update 收到 252 个数据点
2026-09-04 11:26:59,509 - DVPTest - INFO - [串口] cuff=0 mmHg
2026-09-04 11:26:59,601 - DVPTest - DEBUG - 发出 sig_data: t=25.336, p=0.00
2026-09-04 11:26:59,601 - DVPTest - DEBUG - process_data: t=25.34, p=0.0, v=0.000, a=0.0, phase=IDLE
2026-09-04 11:26:59,601 - DVPTest - DEBUG - 物理分类结果: STABLE
2026-09-04 11:26:59,601 - DVPTest - DEBUG - [UI] _on_plot_update 收到 253 个数据点
2026-09-04 11:26:59,603 - DVPTest - INFO - [串口] cuff=0 mmHg
2026-09-04 11:26:59,712 - DVPTest - DEBUG - 发出 sig_data: t=25.447, p=0.00
2026-09-04 11:26:59,714 - DVPTest - DEBUG - process_data: t=25.45, p=0.0, v=0.000, a=0.0, phase=IDLE
2026-09-04 11:26:59,714 - DVPTest - DEBUG - 物理分类结果: STABLE
2026-09-04 11:26:59,715 - DVPTest - DEBUG - [UI] _on_plot_update 收到 254 个数据点
2026-09-04 11:26:59,717 - DVPTest - INFO - [串口] cuff=0 mmHg
2026-09-04 11:26:59,808 - DVPTest - DEBUG - 发出 sig_data: t=25.543, p=0.00
2026-09-04 11:26:59,809 - DVPTest - DEBUG - process_data: t=25.54, p=0.0, v=0.000, a=0.0, phase=IDLE
2026-09-04 11:26:59,809 - DVPTest - DEBUG - 物理分类结果: STABLE
2026-09-04 11:26:59,809 - DVPTest - DEBUG - [UI] _on_plot_update 收到 255 个数据点
2026-09-04 11:26:59,811 - DVPTest - INFO - [串口] cuff=0 mmHg
2026-09-04 11:26:59,904 - DVPTest - DEBUG - 发出 sig_data: t=25.639, p=0.00
2026-09-04 11:26:59,905 - DVPTest - DEBUG - process_data: t=25.64, p=0.0, v=0.000, a=0.0, phase=IDLE
2026-09-04 11:26:59,905 - DVPTest - DEBUG - 物理分类结果: STABLE
2026-09-04 11:26:59,905 - DVPTest - DEBUG - [UI] _on_plot_update 收到 256 个数据点
2026-09-04 11:26:59,906 - DVPTest - INFO - [串口] cuff=0 mmHg
2026-09-04 11:27:00,000 - DVPTest - DEBUG - 发出 sig_data: t=25.735, p=0.00
2026-09-04 11:27:00,002 - DVPTest - DEBUG - process_data: t=25.74, p=0.0, v=0.000, a=0.0, phase=IDLE
2026-09-04 11:27:00,002 - DVPTest - DEBUG - 物理分类结果: STABLE
2026-09-04 11:27:00,003 - DVPTest - DEBUG - [UI] _on_plot_update 收到 257 个数据点
2026-09-04 11:27:00,006 - DVPTest - INFO - [串口] cuff=0 mmHg
2026-09-04 11:27:00,112 - DVPTest - DEBUG - 发出 sig_data: t=25.847, p=0.00
2026-09-04 11:27:00,113 - DVPTest - DEBUG - process_data: t=25.85, p=0.0, v=0.000, a=0.0, phase=IDLE
2026-09-04 11:27:00,113 - DVPTest - DEBUG - 物理分类结果: STABLE
2026-09-04 11:27:00,114 - DVPTest - DEBUG - [UI] _on_plot_update 收到 258 个数据点
2026-09-04 11:27:00,116 - DVPTest - INFO - [串口] cuff=0 mmHg
2026-09-04 11:27:00,208 - DVPTest - DEBUG - 发出 sig_data: t=25.943, p=0.00
2026-09-04 11:27:00,208 - DVPTest - DEBUG - process_data: t=25.94, p=0.0, v=0.000, a=0.0, phase=IDLE
2026-09-04 11:27:00,208 - DVPTest - DEBUG - 物理分类结果: STABLE
2026-09-04 11:27:00,208 - DVPTest - DEBUG - [UI] _on_plot_update 收到 259 个数据点
2026-09-04 11:27:00,210 - DVPTest - INFO - [串口] cuff=0 mmHg
2026-09-04 11:27:00,304 - DVPTest - DEBUG - 发出 sig_data: t=26.039, p=0.00
2026-09-04 11:27:00,305 - DVPTest - DEBUG - process_data: t=26.04, p=0.0, v=0.000, a=0.0, phase=IDLE
2026-09-04 11:27:00,305 - DVPTest - DEBUG - 物理分类结果: STABLE
2026-09-04 11:27:00,305 - DVPTest - DEBUG - [UI] _on_plot_update 收到 260 个数据点
2026-09-04 11:27:00,307 - DVPTest - INFO - [串口] cuff=0 mmHg
2026-09-04 11:27:00,415 - DVPTest - DEBUG - 发出 sig_data: t=26.150, p=0.00
2026-09-04 11:27:00,419 - DVPTest - DEBUG - process_data: t=26.15, p=0.0, v=0.000, a=0.0, phase=IDLE
2026-09-04 11:27:00,419 - DVPTest - DEBUG - 物理分类结果: STABLE
2026-09-04 11:27:00,419 - DVPTest - DEBUG - [UI] _on_plot_update 收到 261 个数据点
2026-09-04 11:27:00,421 - DVPTest - INFO - [串口] cuff=0 mmHg
2026-09-04 11:27:00,511 - DVPTest - DEBUG - 发出 sig_data: t=26.246, p=0.00
2026-09-04 11:27:00,513 - DVPTest - DEBUG - process_data: t=26.25, p=0.0, v=0.000, a=0.0, phase=IDLE
2026-09-04 11:27:00,513 - DVPTest - DEBUG - 物理分类结果: STABLE
2026-09-04 11:27:00,514 - DVPTest - DEBUG - [UI] _on_plot_update 收到 262 个数据点
2026-09-04 11:27:00,517 - DVPTest - INFO - [串口] cuff=0 mmHg
2026-09-04 11:27:00,607 - DVPTest - DEBUG - 发出 sig_data: t=26.342, p=0.00
2026-09-04 11:27:00,609 - DVPTest - DEBUG - process_data: t=26.34, p=0.0, v=0.000, a=0.0, phase=IDLE
2026-09-04 11:27:00,609 - DVPTest - DEBUG - 物理分类结果: STABLE
2026-09-04 11:27:00,610 - DVPTest - DEBUG - [UI] _on_plot_update 收到 263 个数据点
2026-09-04 11:27:00,614 - DVPTest - INFO - [串口] cuff=0 mmHg
2026-09-04 11:27:00,703 - DVPTest - DEBUG - 发出 sig_data: t=26.437, p=0.00
2026-09-04 11:27:00,703 - DVPTest - DEBUG - process_data: t=26.44, p=0.0, v=0.000, a=0.0, phase=IDLE
2026-09-04 11:27:00,703 - DVPTest - DEBUG - 物理分类结果: STABLE
2026-09-04 11:27:00,703 - DVPTest - DEBUG - [UI] _on_plot_update 收到 264 个数据点
2026-09-04 11:27:00,706 - DVPTest - INFO - [串口] cuff=0 mmHg
2026-09-04 11:27:00,814 - DVPTest - DEBUG - 发出 sig_data: t=26.549, p=0.00
2026-09-04 11:27:00,816 - DVPTest - DEBUG - process_data: t=26.55, p=0.0, v=0.000, a=0.0, phase=IDLE
2026-09-04 11:27:00,816 - DVPTest - DEBUG - 物理分类结果: STABLE
2026-09-04 11:27:00,817 - DVPTest - DEBUG - [UI] _on_plot_update 收到 265 个数据点
2026-09-04 11:27:00,820 - DVPTest - INFO - [串口] cuff=0 mmHg
2026-09-04 11:27:00,911 - DVPTest - DEBUG - 发出 sig_data: t=26.646, p=0.00
2026-09-04 11:27:00,913 - DVPTest - DEBUG - process_data: t=26.65, p=0.0, v=0.000, a=0.0, phase=IDLE
2026-09-04 11:27:00,914 - DVPTest - DEBUG - 物理分类结果: STABLE
2026-09-04 11:27:00,915 - DVPTest - DEBUG - [UI] _on_plot_update 收到 266 个数据点
2026-09-04 11:27:00,918 - DVPTest - INFO - [串口] cuff=0 mmHg
2026-09-04 11:27:01,006 - DVPTest - DEBUG - 发出 sig_data: t=26.741, p=0.00
2026-09-04 11:27:01,007 - DVPTest - DEBUG - process_data: t=26.74, p=0.0, v=0.000, a=0.0, phase=IDLE
2026-09-04 11:27:01,007 - DVPTest - DEBUG - 物理分类结果: STABLE
2026-09-04 11:27:01,007 - DVPTest - DEBUG - [UI] _on_plot_update 收到 267 个数据点
2026-09-04 11:27:01,009 - DVPTest - INFO - [串口] cuff=0 mmHg
2026-09-04 11:27:01,102 - DVPTest - DEBUG - 发出 sig_data: t=26.837, p=0.00
2026-09-04 11:27:01,104 - DVPTest - DEBUG - process_data: t=26.84, p=0.0, v=0.000, a=0.0, phase=IDLE
2026-09-04 11:27:01,104 - DVPTest - DEBUG - 物理分类结果: STABLE
2026-09-04 11:27:01,105 - DVPTest - DEBUG - [UI] _on_plot_update 收到 268 个数据点
2026-09-04 11:27:01,108 - DVPTest - INFO - [串口] cuff=0 mmHg
2026-09-04 11:27:01,214 - DVPTest - DEBUG - 发出 sig_data: t=26.949, p=0.00
2026-09-04 11:27:01,215 - DVPTest - DEBUG - process_data: t=26.95, p=0.0, v=0.000, a=0.0, phase=IDLE
2026-09-04 11:27:01,215 - DVPTest - DEBUG - 物理分类结果: STABLE
2026-09-04 11:27:01,215 - DVPTest - DEBUG - [UI] _on_plot_update 收到 269 个数据点
2026-09-04 11:27:01,216 - DVPTest - INFO - [串口] cuff=0 mmHg
2026-09-04 11:27:01,310 - DVPTest - DEBUG - 发出 sig_data: t=27.045, p=1.00
2026-09-04 11:27:01,311 - DVPTest - DEBUG - process_data: t=27.04, p=1.0, v=10.462, a=109.5, phase=IDLE
2026-09-04 11:27:01,311 - DVPTest - DEBUG - 充气峰值更新: 1.0 @ 27.04s
2026-09-04 11:27:01,311 - DVPTest - DEBUG - 物理分类结果: INFLATING
2026-09-04 11:27:01,311 - DVPTest - DEBUG - [UI] _on_plot_update 收到 270 个数据点
2026-09-04 11:27:01,312 - DVPTest - INFO - [串口] cuff=1 mmHg
2026-09-04 11:27:01,406 - DVPTest - DEBUG - 发出 sig_data: t=27.141, p=12.00
2026-09-04 11:27:01,408 - DVPTest - DEBUG - process_data: t=27.14, p=12.0, v=114.269, a=1078.3, phase=IDLE
2026-09-04 11:27:01,408 - DVPTest - DEBUG - 充气峰值更新: 12.0 @ 27.14s
2026-09-04 11:27:01,409 - DVPTest - DEBUG - 充气起始值 5.0 mmHg 到达 @ 27.14s
2026-09-04 11:27:01,409 - DVPTest - DEBUG - 物理分类结果: INFLATING
2026-09-04 11:27:01,409 - DVPTest - INFO - IDLE → INFLATING @ 27.14s, p=12.0
2026-09-04 11:27:01,411 - DVPTest - DEBUG - [UI] _on_plot_update 收到 271 个数据点
2026-09-04 11:27:01,416 - DVPTest - INFO - [串口] cuff=12 mmHg
2026-09-04 11:27:01,502 - DVPTest - DEBUG - 发出 sig_data: t=27.237, p=22.00
2026-09-04 11:27:01,503 - DVPTest - DEBUG - process_data: t=27.24, p=22.0, v=103.931, a=-107.4, phase=INFLATING
2026-09-04 11:27:01,503 - DVPTest - DEBUG - 充气峰值更新: 22.0 @ 27.24s
2026-09-04 11:27:01,503 - DVPTest - DEBUG - 物理分类结果: INFLATING
2026-09-04 11:27:01,504 - DVPTest - DEBUG - [UI] _on_plot_update 收到 272 个数据点
2026-09-04 11:27:01,507 - DVPTest - INFO - [串口] cuff=22 mmHg
2026-09-04 11:27:01,614 - DVPTest - DEBUG - 发出 sig_data: t=27.349, p=32.00
2026-09-04 11:27:01,617 - DVPTest - DEBUG - process_data: t=27.35, p=32.0, v=89.509, a=-129.1, phase=INFLATING
2026-09-04 11:27:01,618 - DVPTest - DEBUG - 充气峰值更新: 32.0 @ 27.35s
2026-09-04 11:27:01,618 - DVPTest - DEBUG - 物理分类结果: INFLATING
2026-09-04 11:27:01,619 - DVPTest - DEBUG - [UI] _on_plot_update 收到 273 个数据点
2026-09-04 11:27:01,623 - DVPTest - INFO - [串口] cuff=32 mmHg
2026-09-04 11:27:01,709 - DVPTest - DEBUG - 发出 sig_data: t=27.444, p=41.00
2026-09-04 11:27:01,712 - DVPTest - DEBUG - process_data: t=27.44, p=41.0, v=94.437, a=51.7, phase=INFLATING
2026-09-04 11:27:01,713 - DVPTest - DEBUG - 充气峰值更新: 41.0 @ 27.44s
2026-09-04 11:27:01,714 - DVPTest - DEBUG - 物理分类结果: INFLATING
2026-09-04 11:27:01,714 - DVPTest - DEBUG - [UI] _on_plot_update 收到 274 个数据点
2026-09-04 11:27:01,718 - DVPTest - INFO - [串口] cuff=41 mmHg
2026-09-04 11:27:01,806 - DVPTest - DEBUG - 发出 sig_data: t=27.540, p=50.00
2026-09-04 11:27:01,806 - DVPTest - DEBUG - process_data: t=27.54, p=50.0, v=93.504, a=-9.7, phase=INFLATING
2026-09-04 11:27:01,806 - DVPTest - DEBUG - 充气峰值更新: 50.0 @ 27.54s
2026-09-04 11:27:01,806 - DVPTest - DEBUG - 物理分类结果: INFLATING
2026-09-04 11:27:01,806 - DVPTest - DEBUG - [UI] _on_plot_update 收到 275 个数据点
2026-09-04 11:27:01,808 - DVPTest - INFO - [串口] cuff=50 mmHg
2026-09-04 11:27:01,902 - DVPTest - DEBUG - 发出 sig_data: t=27.636, p=59.00
2026-09-04 11:27:01,902 - DVPTest - DEBUG - process_data: t=27.64, p=59.0, v=93.856, a=3.7, phase=INFLATING
2026-09-04 11:27:01,902 - DVPTest - DEBUG - 充气峰值更新: 59.0 @ 27.64s
2026-09-04 11:27:01,902 - DVPTest - DEBUG - 物理分类结果: INFLATING
2026-09-04 11:27:01,902 - DVPTest - DEBUG - [UI] _on_plot_update 收到 276 个数据点
2026-09-04 11:27:01,903 - DVPTest - INFO - [串口] cuff=59 mmHg
2026-09-04 11:27:02,013 - DVPTest - DEBUG - 发出 sig_data: t=27.749, p=67.00
2026-09-04 11:27:02,015 - DVPTest - DEBUG - process_data: t=27.75, p=67.0, v=71.298, a=-201.0, phase=INFLATING
2026-09-04 11:27:02,015 - DVPTest - DEBUG - 充气峰值更新: 67.0 @ 27.75s
2026-09-04 11:27:02,016 - DVPTest - DEBUG - 物理分类结果: INFLATING
2026-09-04 11:27:02,017 - DVPTest - DEBUG - [UI] _on_plot_update 收到 277 个数据点
2026-09-04 11:27:02,020 - DVPTest - INFO - [串口] cuff=67 mmHg
2026-09-04 11:27:02,109 - DVPTest - DEBUG - 发出 sig_data: t=27.844, p=75.00
2026-09-04 11:27:02,110 - DVPTest - DEBUG - process_data: t=27.84, p=75.0, v=84.143, a=135.1, phase=INFLATING
2026-09-04 11:27:02,110 - DVPTest - DEBUG - 充气峰值更新: 75.0 @ 27.84s
2026-09-04 11:27:02,110 - DVPTest - DEBUG - 物理分类结果: INFLATING
2026-09-04 11:27:02,111 - DVPTest - DEBUG - [UI] _on_plot_update 收到 278 个数据点
2026-09-04 11:27:02,115 - DVPTest - INFO - [串口] cuff=75 mmHg
2026-09-04 11:27:02,204 - DVPTest - DEBUG - 发出 sig_data: t=27.939, p=83.00
2026-09-04 11:27:02,205 - DVPTest - DEBUG - process_data: t=27.94, p=83.0, v=83.807, a=-3.5, phase=INFLATING
2026-09-04 11:27:02,205 - DVPTest - DEBUG - 充气峰值更新: 83.0 @ 27.94s
2026-09-04 11:27:02,205 - DVPTest - DEBUG - 物理分类结果: INFLATING
2026-09-04 11:27:02,206 - DVPTest - DEBUG - [UI] _on_plot_update 收到 279 个数据点
2026-09-04 11:27:02,209 - DVPTest - INFO - [串口] cuff=83 mmHg
2026-09-04 11:27:02,301 - DVPTest - DEBUG - 发出 sig_data: t=28.036, p=91.00
2026-09-04 11:27:02,302 - DVPTest - DEBUG - process_data: t=28.04, p=91.0, v=82.843, a=-10.0, phase=INFLATING
2026-09-04 11:27:02,302 - DVPTest - DEBUG - 充气峰值更新: 91.0 @ 28.04s
2026-09-04 11:27:02,303 - DVPTest - DEBUG - 物理分类结果: INFLATING
2026-09-04 11:27:02,303 - DVPTest - DEBUG - [UI] _on_plot_update 收到 280 个数据点
2026-09-04 11:27:02,304 - DVPTest - INFO - [串口] cuff=91 mmHg
2026-09-04 11:27:02,415 - DVPTest - DEBUG - 发出 sig_data: t=28.150, p=98.00
2026-09-04 11:27:02,418 - DVPTest - DEBUG - process_data: t=28.15, p=98.0, v=61.299, a=-188.7, phase=INFLATING
2026-09-04 11:27:02,419 - DVPTest - DEBUG - 充气峰值更新: 98.0 @ 28.15s
2026-09-04 11:27:02,419 - DVPTest - DEBUG - 物理分类结果: INFLATING
2026-09-04 11:27:02,421 - DVPTest - DEBUG - [UI] _on_plot_update 收到 281 个数据点
2026-09-04 11:27:02,424 - DVPTest - INFO - [串口] cuff=98 mmHg
2026-09-04 11:27:02,508 - DVPTest - DEBUG - 发出 sig_data: t=28.243, p=106.00
2026-09-04 11:27:02,510 - DVPTest - DEBUG - process_data: t=28.24, p=106.0, v=85.501, a=258.7, phase=INFLATING
2026-09-04 11:27:02,511 - DVPTest - DEBUG - 充气峰值更新: 106.0 @ 28.24s
2026-09-04 11:27:02,511 - DVPTest - DEBUG - 物理分类结果: INFLATING
2026-09-04 11:27:02,512 - DVPTest - DEBUG - [UI] _on_plot_update 收到 282 个数据点
2026-09-04 11:27:02,515 - DVPTest - INFO - [串口] cuff=106 mmHg
2026-09-04 11:27:02,604 - DVPTest - DEBUG - 发出 sig_data: t=28.339, p=113.00
2026-09-04 11:27:02,605 - DVPTest - DEBUG - process_data: t=28.34, p=113.0, v=73.223, a=-128.4, phase=INFLATING
2026-09-04 11:27:02,605 - DVPTest - DEBUG - 充气峰值更新: 113.0 @ 28.34s
2026-09-04 11:27:02,605 - DVPTest - DEBUG - 物理分类结果: INFLATING
2026-09-04 11:27:02,606 - DVPTest - DEBUG - [UI] _on_plot_update 收到 283 个数据点
2026-09-04 11:27:02,608 - DVPTest - INFO - [串口] cuff=113 mmHg
2026-09-04 11:27:02,715 - DVPTest - DEBUG - 发出 sig_data: t=28.450, p=120.00
2026-09-04 11:27:02,716 - DVPTest - DEBUG - process_data: t=28.45, p=120.0, v=62.965, a=-92.3, phase=INFLATING
2026-09-04 11:27:02,716 - DVPTest - DEBUG - 充气峰值更新: 120.0 @ 28.45s
2026-09-04 11:27:02,718 - DVPTest - DEBUG - 物理分类结果: INFLATING
2026-09-04 11:27:02,719 - DVPTest - DEBUG - [UI] _on_plot_update 收到 284 个数据点
2026-09-04 11:27:02,721 - DVPTest - INFO - [串口] cuff=120 mmHg
2026-09-04 11:27:02,812 - DVPTest - DEBUG - 发出 sig_data: t=28.547, p=127.00
2026-09-04 11:27:02,813 - DVPTest - DEBUG - process_data: t=28.55, p=127.0, v=72.657, a=100.6, phase=INFLATING
2026-09-04 11:27:02,813 - DVPTest - DEBUG - 充气峰值更新: 127.0 @ 28.55s
2026-09-04 11:27:02,813 - DVPTest - DEBUG - 物理分类结果: INFLATING
2026-09-04 11:27:02,814 - DVPTest - DEBUG - [UI] _on_plot_update 收到 285 个数据点
2026-09-04 11:27:02,817 - DVPTest - INFO - [串口] cuff=127 mmHg
2026-09-04 11:27:02,908 - DVPTest - DEBUG - 发出 sig_data: t=28.643, p=133.00
2026-09-04 11:27:02,908 - DVPTest - DEBUG - process_data: t=28.64, p=133.0, v=62.534, a=-105.5, phase=INFLATING
2026-09-04 11:27:02,908 - DVPTest - DEBUG - 充气峰值更新: 133.0 @ 28.64s
2026-09-04 11:27:02,908 - DVPTest - DEBUG - 物理分类结果: INFLATING
2026-09-04 11:27:02,908 - DVPTest - DEBUG - [UI] _on_plot_update 收到 286 个数据点
2026-09-04 11:27:02,910 - DVPTest - INFO - [串口] cuff=133 mmHg
2026-09-04 11:27:03,004 - DVPTest - DEBUG - 发出 sig_data: t=28.739, p=140.00
2026-09-04 11:27:03,007 - DVPTest - DEBUG - process_data: t=28.74, p=140.0, v=72.770, a=106.4, phase=INFLATING
2026-09-04 11:27:03,007 - DVPTest - DEBUG - 充气峰值更新: 140.0 @ 28.74s
2026-09-04 11:27:03,008 - DVPTest - DEBUG - 物理分类结果: INFLATING
2026-09-04 11:27:03,009 - DVPTest - DEBUG - [UI] _on_plot_update 收到 287 个数据点
2026-09-04 11:27:03,012 - DVPTest - INFO - [串口] cuff=140 mmHg
2026-09-04 11:27:03,115 - DVPTest - DEBUG - 发出 sig_data: t=28.851, p=146.00
2026-09-04 11:27:03,117 - DVPTest - DEBUG - process_data: t=28.85, p=146.0, v=53.577, a=-171.4, phase=INFLATING
2026-09-04 11:27:03,117 - DVPTest - DEBUG - 充气峰值更新: 146.0 @ 28.85s
2026-09-04 11:27:03,118 - DVPTest - DEBUG - 物理分类结果: INFLATING
2026-09-04 11:27:03,119 - DVPTest - DEBUG - [UI] _on_plot_update 收到 288 个数据点
2026-09-04 11:27:03,121 - DVPTest - INFO - [串口] cuff=146 mmHg
2026-09-04 11:27:03,212 - DVPTest - DEBUG - 发出 sig_data: t=28.946, p=153.00
2026-09-04 11:27:03,213 - DVPTest - DEBUG - process_data: t=28.95, p=153.0, v=73.268, a=206.1, phase=INFLATING
2026-09-04 11:27:03,214 - DVPTest - DEBUG - 充气峰值更新: 153.0 @ 28.95s
2026-09-04 11:27:03,214 - DVPTest - DEBUG - 物理分类结果: INFLATING
2026-09-04 11:27:03,215 - DVPTest - DEBUG - [UI] _on_plot_update 收到 289 个数据点
2026-09-04 11:27:03,218 - DVPTest - INFO - [串口] cuff=153 mmHg
2026-09-04 11:27:03,307 - DVPTest - DEBUG - 发出 sig_data: t=29.041, p=159.00
2026-09-04 11:27:03,307 - DVPTest - DEBUG - process_data: t=29.04, p=159.0, v=63.042, a=-107.4, phase=INFLATING
2026-09-04 11:27:03,307 - DVPTest - DEBUG - 充气峰值更新: 159.0 @ 29.04s
2026-09-04 11:27:03,307 - DVPTest - DEBUG - 物理分类结果: INFLATING
2026-09-04 11:27:03,307 - DVPTest - DEBUG - [UI] _on_plot_update 收到 290 个数据点
2026-09-04 11:27:03,310 - DVPTest - INFO - [串口] cuff=159 mmHg
2026-09-04 11:27:03,404 - DVPTest - DEBUG - 发出 sig_data: t=29.139, p=165.00
2026-09-04 11:27:03,405 - DVPTest - DEBUG - process_data: t=29.14, p=165.0, v=61.447, a=-16.3, phase=INFLATING
2026-09-04 11:27:03,406 - DVPTest - DEBUG - 充气峰值更新: 165.0 @ 29.14s
2026-09-04 11:27:03,406 - DVPTest - DEBUG - 物理分类结果: INFLATING
2026-09-04 11:27:03,407 - DVPTest - DEBUG - [UI] _on_plot_update 收到 291 个数据点
2026-09-04 11:27:03,410 - DVPTest - INFO - [串口] cuff=165 mmHg
2026-09-04 11:27:03,515 - DVPTest - DEBUG - 发出 sig_data: t=29.249, p=171.00
2026-09-04 11:27:03,515 - DVPTest - DEBUG - process_data: t=29.25, p=171.0, v=54.404, a=-63.9, phase=INFLATING
2026-09-04 11:27:03,515 - DVPTest - DEBUG - 充气峰值更新: 171.0 @ 29.25s
2026-09-04 11:27:03,516 - DVPTest - DEBUG - 物理分类结果: INFLATING
2026-09-04 11:27:03,517 - DVPTest - DEBUG - [UI] _on_plot_update 收到 292 个数据点
2026-09-04 11:27:03,519 - DVPTest - INFO - [串口] cuff=171 mmHg
2026-09-04 11:27:03,610 - DVPTest - DEBUG - 发出 sig_data: t=29.345, p=177.00
2026-09-04 11:27:03,612 - DVPTest - DEBUG - process_data: t=29.35, p=177.0, v=62.435, a=83.6, phase=INFLATING
2026-09-04 11:27:03,613 - DVPTest - DEBUG - 充气峰值更新: 177.0 @ 29.35s
2026-09-04 11:27:03,613 - DVPTest - DEBUG - 物理分类结果: INFLATING
2026-09-04 11:27:03,614 - DVPTest - DEBUG - [UI] _on_plot_update 收到 293 个数据点
2026-09-04 11:27:03,618 - DVPTest - INFO - [串口] cuff=177 mmHg
2026-09-04 11:27:03,707 - DVPTest - DEBUG - 发出 sig_data: t=29.442, p=183.00
2026-09-04 11:27:03,708 - DVPTest - DEBUG - process_data: t=29.44, p=183.0, v=62.249, a=-1.9, phase=INFLATING
2026-09-04 11:27:03,710 - DVPTest - DEBUG - 充气峰值更新: 183.0 @ 29.44s
2026-09-04 11:27:03,710 - DVPTest - DEBUG - 物理分类结果: INFLATING
2026-09-04 11:27:03,711 - DVPTest - DEBUG - [UI] _on_plot_update 收到 294 个数据点
2026-09-04 11:27:03,714 - DVPTest - INFO - [串口] cuff=183 mmHg
2026-09-04 11:27:03,818 - DVPTest - DEBUG - 发出 sig_data: t=29.552, p=188.00
2026-09-04 11:27:03,819 - DVPTest - DEBUG - process_data: t=29.55, p=188.0, v=45.248, a=-153.8, phase=INFLATING
2026-09-04 11:27:03,819 - DVPTest - DEBUG - 充气峰值更新: 188.0 @ 29.55s
2026-09-04 11:27:03,820 - DVPTest - DEBUG - 物理分类结果: INFLATING
2026-09-04 11:27:03,820 - DVPTest - DEBUG - [UI] _on_plot_update 收到 295 个数据点
2026-09-04 11:27:03,824 - DVPTest - INFO - [串口] cuff=188 mmHg
2026-09-04 11:27:03,914 - DVPTest - DEBUG - 发出 sig_data: t=29.649, p=194.00
2026-09-04 11:27:03,916 - DVPTest - DEBUG - process_data: t=29.65, p=194.0, v=61.784, a=170.3, phase=INFLATING
2026-09-04 11:27:03,917 - DVPTest - DEBUG - 充气峰值更新: 194.0 @ 29.65s
2026-09-04 11:27:03,917 - DVPTest - DEBUG - 物理分类结果: INFLATING
2026-09-04 11:27:03,918 - DVPTest - DEBUG - [UI] _on_plot_update 收到 296 个数据点
2026-09-04 11:27:03,921 - DVPTest - INFO - [串口] cuff=194 mmHg
2026-09-04 11:27:04,010 - DVPTest - DEBUG - 发出 sig_data: t=29.745, p=200.00
2026-09-04 11:27:04,012 - DVPTest - DEBUG - process_data: t=29.75, p=200.0, v=62.592, a=8.4, phase=INFLATING
2026-09-04 11:27:04,012 - DVPTest - DEBUG - 充气峰值更新: 200.0 @ 29.75s
2026-09-04 11:27:04,013 - DVPTest - DEBUG - 充气中间值 200.0 mmHg 到达 @ 29.75s
2026-09-04 11:27:04,013 - DVPTest - DEBUG - 物理分类结果: INFLATING
2026-09-04 11:27:04,014 - DVPTest - DEBUG - [UI] _on_plot_update 收到 297 个数据点
2026-09-04 11:27:04,016 - DVPTest - INFO - [串口] cuff=200 mmHg
2026-09-04 11:27:04,105 - DVPTest - DEBUG - 发出 sig_data: t=29.840, p=205.00
2026-09-04 11:27:04,106 - DVPTest - DEBUG - process_data: t=29.84, p=205.0, v=52.883, a=-102.7, phase=INFLATING
2026-09-04 11:27:04,106 - DVPTest - DEBUG - 充气峰值更新: 205.0 @ 29.84s
2026-09-04 11:27:04,106 - DVPTest - DEBUG - 物理分类结果: INFLATING
2026-09-04 11:27:04,106 - DVPTest - DEBUG - [UI] _on_plot_update 收到 298 个数据点
2026-09-04 11:27:04,107 - DVPTest - INFO - [串口] cuff=205 mmHg
2026-09-04 11:27:04,217 - DVPTest - DEBUG - 发出 sig_data: t=29.952, p=211.00
2026-09-04 11:27:04,219 - DVPTest - DEBUG - process_data: t=29.95, p=211.0, v=53.504, a=5.5, phase=INFLATING
2026-09-04 11:27:04,220 - DVPTest - DEBUG - 充气峰值更新: 211.0 @ 29.95s
2026-09-04 11:27:04,220 - DVPTest - DEBUG - 物理分类结果: INFLATING
2026-09-04 11:27:04,221 - DVPTest - DEBUG - [UI] _on_plot_update 收到 299 个数据点
2026-09-04 11:27:04,224 - DVPTest - INFO - [串口] cuff=211 mmHg
2026-09-04 11:27:04,314 - DVPTest - DEBUG - 发出 sig_data: t=30.048, p=216.00
2026-09-04 11:27:04,314 - DVPTest - DEBUG - process_data: t=30.05, p=216.0, v=51.941, a=-16.2, phase=INFLATING
2026-09-04 11:27:04,314 - DVPTest - DEBUG - 充气峰值更新: 216.0 @ 30.05s
2026-09-04 11:27:04,314 - DVPTest - DEBUG - 物理分类结果: INFLATING
2026-09-04 11:27:04,315 - DVPTest - DEBUG - [UI] _on_plot_update 收到 300 个数据点
2026-09-04 11:27:04,317 - DVPTest - INFO - [串口] cuff=216 mmHg
2026-09-04 11:27:04,409 - DVPTest - DEBUG - 发出 sig_data: t=30.144, p=221.00
2026-09-04 11:27:04,410 - DVPTest - DEBUG - process_data: t=30.14, p=221.0, v=52.286, a=3.6, phase=INFLATING
2026-09-04 11:27:04,410 - DVPTest - DEBUG - 充气峰值更新: 221.0 @ 30.14s
2026-09-04 11:27:04,410 - DVPTest - DEBUG - 物理分类结果: INFLATING
2026-09-04 11:27:04,410 - DVPTest - DEBUG - [UI] _on_plot_update 收到 301 个数据点
2026-09-04 11:27:04,411 - DVPTest - INFO - [串口] cuff=221 mmHg
2026-09-04 11:27:04,505 - DVPTest - DEBUG - 发出 sig_data: t=30.240, p=227.00
2026-09-04 11:27:04,506 - DVPTest - DEBUG - process_data: t=30.24, p=227.0, v=62.521, a=106.6, phase=INFLATING
2026-09-04 11:27:04,507 - DVPTest - DEBUG - 充气峰值更新: 227.0 @ 30.24s
2026-09-04 11:27:04,508 - DVPTest - DEBUG - 物理分类结果: INFLATING
2026-09-04 11:27:04,509 - DVPTest - DEBUG - [UI] _on_plot_update 收到 302 个数据点
2026-09-04 11:27:04,512 - DVPTest - INFO - [串口] cuff=227 mmHg
2026-09-04 11:27:04,617 - DVPTest - DEBUG - 发出 sig_data: t=30.352, p=232.00
2026-09-04 11:27:04,618 - DVPTest - DEBUG - process_data: t=30.35, p=232.0, v=44.654, a=-159.6, phase=INFLATING
2026-09-04 11:27:04,618 - DVPTest - DEBUG - 充气峰值更新: 232.0 @ 30.35s
2026-09-04 11:27:04,618 - DVPTest - DEBUG - 物理分类结果: INFLATING
2026-09-04 11:27:04,619 - DVPTest - DEBUG - [UI] _on_plot_update 收到 303 个数据点
2026-09-04 11:27:04,621 - DVPTest - INFO - [串口] cuff=232 mmHg
2026-09-04 11:27:04,712 - DVPTest - DEBUG - 发出 sig_data: t=30.447, p=237.00
2026-09-04 11:27:04,713 - DVPTest - DEBUG - process_data: t=30.45, p=237.0, v=52.517, a=82.6, phase=INFLATING
2026-09-04 11:27:04,713 - DVPTest - DEBUG - 充气峰值更新: 237.0 @ 30.45s
2026-09-04 11:27:04,713 - DVPTest - DEBUG - 物理分类结果: INFLATING
2026-09-04 11:27:04,713 - DVPTest - DEBUG - [UI] _on_plot_update 收到 304 个数据点
2026-09-04 11:27:04,714 - DVPTest - INFO - [串口] cuff=237 mmHg
2026-09-04 11:27:04,809 - DVPTest - DEBUG - 发出 sig_data: t=30.544, p=242.00
2026-09-04 11:27:04,810 - DVPTest - DEBUG - process_data: t=30.54, p=242.0, v=51.644, a=-9.0, phase=INFLATING
2026-09-04 11:27:04,810 - DVPTest - DEBUG - 充气峰值更新: 242.0 @ 30.54s
2026-09-04 11:27:04,810 - DVPTest - DEBUG - 物理分类结果: INFLATING
2026-09-04 11:27:04,811 - DVPTest - DEBUG - [UI] _on_plot_update 收到 305 个数据点
2026-09-04 11:27:04,814 - DVPTest - INFO - [串口] cuff=242 mmHg
2026-09-04 11:27:04,905 - DVPTest - DEBUG - 发出 sig_data: t=30.640, p=247.00
2026-09-04 11:27:04,906 - DVPTest - DEBUG - process_data: t=30.64, p=247.0, v=52.163, a=5.4, phase=INFLATING
2026-09-04 11:27:04,906 - DVPTest - DEBUG - 充气峰值更新: 247.0 @ 30.64s
2026-09-04 11:27:04,907 - DVPTest - DEBUG - 物理分类结果: INFLATING
2026-09-04 11:27:04,907 - DVPTest - DEBUG - [UI] _on_plot_update 收到 306 个数据点
2026-09-04 11:27:04,909 - DVPTest - INFO - [串口] cuff=247 mmHg
2026-09-04 11:27:05,016 - DVPTest - DEBUG - 发出 sig_data: t=30.751, p=253.00
2026-09-04 11:27:05,018 - DVPTest - DEBUG - process_data: t=30.75, p=253.0, v=53.703, a=13.8, phase=INFLATING
2026-09-04 11:27:05,019 - DVPTest - DEBUG - 充气峰值更新: 253.0 @ 30.75s
2026-09-04 11:27:05,019 - DVPTest - DEBUG - 物理分类结果: INFLATING
2026-09-04 11:27:05,020 - DVPTest - DEBUG - [UI] _on_plot_update 收到 307 个数据点
2026-09-04 11:27:05,024 - DVPTest - INFO - [串口] cuff=253 mmHg
2026-09-04 11:27:05,112 - DVPTest - DEBUG - 发出 sig_data: t=30.847, p=257.00
2026-09-04 11:27:05,114 - DVPTest - DEBUG - process_data: t=30.85, p=257.0, v=41.876, a=-123.8, phase=INFLATING
2026-09-04 11:27:05,115 - DVPTest - DEBUG - 充气峰值更新: 257.0 @ 30.85s
2026-09-04 11:27:05,115 - DVPTest - DEBUG - 物理分类结果: INFLATING
2026-09-04 11:27:05,116 - DVPTest - DEBUG - [UI] _on_plot_update 收到 308 个数据点
2026-09-04 11:27:05,118 - DVPTest - INFO - [串口] cuff=257 mmHg
2026-09-04 11:27:05,209 - DVPTest - DEBUG - 发出 sig_data: t=30.944, p=263.00
2026-09-04 11:27:05,210 - DVPTest - DEBUG - process_data: t=30.94, p=263.0, v=62.052, a=208.7, phase=INFLATING
2026-09-04 11:27:05,210 - DVPTest - DEBUG - 充气峰值更新: 263.0 @ 30.94s
2026-09-04 11:27:05,210 - DVPTest - DEBUG - 物理分类结果: INFLATING
2026-09-04 11:27:05,211 - DVPTest - DEBUG - [UI] _on_plot_update 收到 309 个数据点
2026-09-04 11:27:05,213 - DVPTest - INFO - [串口] cuff=263 mmHg
2026-09-04 11:27:05,304 - DVPTest - DEBUG - 发出 sig_data: t=31.039, p=270.00
2026-09-04 11:27:05,305 - DVPTest - DEBUG - process_data: t=31.04, p=270.0, v=73.403, a=119.0, phase=INFLATING
2026-09-04 11:27:05,305 - DVPTest - DEBUG - 充气峰值更新: 270.0 @ 31.04s
2026-09-04 11:27:05,305 - DVPTest - DEBUG - 物理分类结果: INFLATING
2026-09-04 11:27:05,306 - DVPTest - DEBUG - [UI] _on_plot_update 收到 310 个数据点
2026-09-04 11:27:05,308 - DVPTest - INFO - [串口] cuff=270 mmHg
2026-09-04 11:27:05,416 - DVPTest - DEBUG - 发出 sig_data: t=31.151, p=278.00
2026-09-04 11:27:05,419 - DVPTest - DEBUG - process_data: t=31.15, p=278.0, v=71.529, a=-16.8, phase=INFLATING
2026-09-04 11:27:05,419 - DVPTest - DEBUG - 充气峰值更新: 278.0 @ 31.15s
2026-09-04 11:27:05,419 - DVPTest - DEBUG - 物理分类结果: INFLATING
2026-09-04 11:27:05,420 - DVPTest - DEBUG - [UI] _on_plot_update 收到 311 个数据点
2026-09-04 11:27:05,424 - DVPTest - INFO - [串口] cuff=278 mmHg
2026-09-04 11:27:05,511 - DVPTest - DEBUG - 发出 sig_data: t=31.246, p=345.00
2026-09-04 11:27:05,512 - DVPTest - DEBUG - process_data: t=31.25, p=345.0, v=706.271, a=6691.0, phase=INFLATING
2026-09-04 11:27:05,512 - DVPTest - DEBUG - 充气峰值更新: 345.0 @ 31.25s
2026-09-04 11:27:05,512 - DVPTest - DEBUG - 充气目标值 300.0 mmHg 到达 @ 31.25s
2026-09-04 11:27:05,512 - DVPTest - DEBUG - 物理分类结果: INFLATING
2026-09-04 11:27:05,512 - DVPTest - DEBUG - [UI] _on_plot_update 收到 312 个数据点
2026-09-04 11:27:05,513 - DVPTest - INFO - [串口] cuff=345 mmHg
2026-09-04 11:27:05,584 - DVPTest - INFO - 切换主题为: light
2026-09-04 11:27:05,607 - DVPTest - DEBUG - 发出 sig_data: t=31.342, p=349.00
2026-09-04 11:27:05,612 - DVPTest - DEBUG - process_data: t=31.34, p=349.0, v=41.382, a=-6878.6, phase=INFLATING
2026-09-04 11:27:05,612 - DVPTest - DEBUG - 充气峰值更新: 349.0 @ 31.34s
2026-09-04 11:27:05,612 - DVPTest - DEBUG - 物理分类结果: INFLATING
2026-09-04 11:27:05,612 - DVPTest - DEBUG - [UI] _on_plot_update 收到 313 个数据点
2026-09-04 11:27:05,613 - DVPTest - INFO - [串口] cuff=349 mmHg
2026-09-04 11:27:05,704 - DVPTest - DEBUG - 发出 sig_data: t=31.439, p=348.00
2026-09-04 11:27:05,705 - DVPTest - DEBUG - process_data: t=31.44, p=348.0, v=-10.399, a=-538.5, phase=INFLATING
2026-09-04 11:27:05,705 - DVPTest - DEBUG - 物理分类结果: DEFLATING
2026-09-04 11:27:05,706 - DVPTest - DEBUG - [UI] _on_plot_update 收到 314 个数据点
2026-09-04 11:27:05,708 - DVPTest - INFO - [串口] cuff=348 mmHg
2026-09-04 11:27:05,815 - DVPTest - DEBUG - 发出 sig_data: t=31.550, p=348.00
2026-09-04 11:27:05,816 - DVPTest - DEBUG - process_data: t=31.55, p=348.0, v=0.000, a=93.6, phase=INFLATING
2026-09-04 11:27:05,816 - DVPTest - DEBUG - 物理分类结果: STABLE
2026-09-04 11:27:05,816 - DVPTest - DEBUG - [UI] _on_plot_update 收到 315 个数据点
2026-09-04 11:27:05,817 - DVPTest - INFO - [串口] cuff=348 mmHg
2026-09-04 11:27:05,910 - DVPTest - DEBUG - 发出 sig_data: t=31.645, p=347.00
2026-09-04 11:27:05,912 - DVPTest - DEBUG - process_data: t=31.65, p=347.0, v=-10.449, a=-109.2, phase=INFLATING
2026-09-04 11:27:05,913 - DVPTest - INFO - ★ 泄气拐点确认 [速率+加速度]: p=348.00 @ t=31.439s, rate=-10.40
2026-09-04 11:27:05,914 - DVPTest - SUCCESS - ★ 泄气拐点确认 [速率+加速度]: p=348.00 @ t=31.439s, rate=-10.40
2026-09-04 11:27:05,914 - DVPTest - INFO - 充气结果输出（由泄气拐点触发）: {'state': 'DONE', 'start': {'value': 5.0, 'time': 27.140997599810362, 'reached': True}, 'mid': {'value': 200.0, 'time': 29.745300099719316, 'reached': True}, 'target': {'value': 300.0, 'time': 31.245705499779433, 'reached': True}, 'peak': {'value': 349.0, 'time': 31.342365900054574}}
2026-09-04 11:27:05,915 - DVPTest - SUCCESS - ★ 充气结果已触发（拐点）
2026-09-04 11:27:05,917 - DVPTest - DEBUG - 物理分类结果: DEFLATING
2026-09-04 11:27:05,917 - DVPTest - DEBUG - [UI] _on_plot_update 收到 316 个数据点
2026-09-04 11:27:05,920 - DVPTest - INFO - [串口] cuff=347 mmHg
2026-09-04 11:27:06,007 - DVPTest - DEBUG - 发出 sig_data: t=31.742, p=347.00
2026-09-04 11:27:06,008 - DVPTest - DEBUG - process_data: t=31.74, p=347.0, v=0.000, a=108.2, phase=INFLATING
2026-09-04 11:27:06,008 - DVPTest - DEBUG - 物理分类结果: STABLE
2026-09-04 11:27:06,008 - DVPTest - DEBUG - [UI] _on_plot_update 收到 317 个数据点
2026-09-04 11:27:06,010 - DVPTest - INFO - [串口] cuff=347 mmHg
2026-09-04 11:27:06,118 - DVPTest - DEBUG - 发出 sig_data: t=31.853, p=347.00
2026-09-04 11:27:06,119 - DVPTest - DEBUG - process_data: t=31.85, p=347.0, v=0.000, a=0.0, phase=INFLATING
2026-09-04 11:27:06,119 - DVPTest - DEBUG - 物理分类结果: STABLE
2026-09-04 11:27:06,120 - DVPTest - DEBUG - [UI] _on_plot_update 收到 318 个数据点
2026-09-04 11:27:06,122 - DVPTest - INFO - [串口] cuff=347 mmHg
2026-09-04 11:27:06,215 - DVPTest - DEBUG - 发出 sig_data: t=31.950, p=347.00
2026-09-04 11:27:06,216 - DVPTest - DEBUG - process_data: t=31.95, p=347.0, v=0.000, a=0.0, phase=INFLATING
2026-09-04 11:27:06,217 - DVPTest - DEBUG - 物理分类结果: STABLE
2026-09-04 11:27:06,218 - DVPTest - DEBUG - [UI] _on_plot_update 收到 319 个数据点
2026-09-04 11:27:06,222 - DVPTest - INFO - [串口] cuff=347 mmHg
2026-09-04 11:27:06,310 - DVPTest - DEBUG - 发出 sig_data: t=32.045, p=347.00
2026-09-04 11:27:06,311 - DVPTest - DEBUG - process_data: t=32.04, p=347.0, v=0.000, a=0.0, phase=INFLATING
2026-09-04 11:27:06,311 - DVPTest - DEBUG - 物理分类结果: STABLE
2026-09-04 11:27:06,312 - DVPTest - DEBUG - [UI] _on_plot_update 收到 320 个数据点
2026-09-04 11:27:06,313 - DVPTest - INFO - [串口] cuff=347 mmHg
2026-09-04 11:27:06,406 - DVPTest - DEBUG - 发出 sig_data: t=32.140, p=347.00
2026-09-04 11:27:06,406 - DVPTest - DEBUG - process_data: t=32.14, p=347.0, v=0.000, a=0.0, phase=INFLATING
2026-09-04 11:27:06,406 - DVPTest - DEBUG - 物理分类结果: STABLE
2026-09-04 11:27:06,406 - DVPTest - DEBUG - [UI] _on_plot_update 收到 321 个数据点
2026-09-04 11:27:06,408 - DVPTest - INFO - [串口] cuff=347 mmHg
2026-09-04 11:27:06,518 - DVPTest - DEBUG - 发出 sig_data: t=32.252, p=347.00
2026-09-04 11:27:06,518 - DVPTest - DEBUG - process_data: t=32.25, p=347.0, v=0.000, a=0.0, phase=INFLATING
2026-09-04 11:27:06,518 - DVPTest - DEBUG - 物理分类结果: STABLE
2026-09-04 11:27:06,519 - DVPTest - DEBUG - [UI] _on_plot_update 收到 322 个数据点
2026-09-04 11:27:06,523 - DVPTest - INFO - [串口] cuff=347 mmHg
2026-09-04 11:27:06,614 - DVPTest - DEBUG - 发出 sig_data: t=32.349, p=347.00
2026-09-04 11:27:06,615 - DVPTest - DEBUG - process_data: t=32.35, p=347.0, v=0.000, a=0.0, phase=INFLATING
2026-09-04 11:27:06,615 - DVPTest - DEBUG - 物理分类结果: STABLE
2026-09-04 11:27:06,615 - DVPTest - DEBUG - [UI] _on_plot_update 收到 323 个数据点
2026-09-04 11:27:06,617 - DVPTest - INFO - [串口] cuff=347 mmHg
2026-09-04 11:27:06,709 - DVPTest - DEBUG - 发出 sig_data: t=32.445, p=347.00
2026-09-04 11:27:06,712 - DVPTest - DEBUG - process_data: t=32.44, p=347.0, v=0.000, a=0.0, phase=INFLATING
2026-09-04 11:27:06,713 - DVPTest - DEBUG - 物理分类结果: STABLE
2026-09-04 11:27:06,714 - DVPTest - DEBUG - [UI] _on_plot_update 收到 324 个数据点
2026-09-04 11:27:06,718 - DVPTest - INFO - [串口] cuff=347 mmHg
2026-09-04 11:27:06,805 - DVPTest - DEBUG - 发出 sig_data: t=32.540, p=347.00
2026-09-04 11:27:06,806 - DVPTest - DEBUG - process_data: t=32.54, p=347.0, v=0.000, a=0.0, phase=INFLATING
2026-09-04 11:27:06,806 - DVPTest - DEBUG - 物理分类结果: STABLE
2026-09-04 11:27:06,807 - DVPTest - DEBUG - [UI] _on_plot_update 收到 325 个数据点
2026-09-04 11:27:06,809 - DVPTest - INFO - [串口] cuff=347 mmHg
2026-09-04 11:27:06,917 - DVPTest - DEBUG - 发出 sig_data: t=32.652, p=347.00
2026-09-04 11:27:06,918 - DVPTest - DEBUG - process_data: t=32.65, p=347.0, v=0.000, a=0.0, phase=INFLATING
2026-09-04 11:27:06,918 - DVPTest - DEBUG - 物理分类结果: STABLE
2026-09-04 11:27:06,919 - DVPTest - DEBUG - [UI] _on_plot_update 收到 326 个数据点
2026-09-04 11:27:06,922 - DVPTest - INFO - [串口] cuff=347 mmHg
2026-09-04 11:27:07,014 - DVPTest - DEBUG - 发出 sig_data: t=32.749, p=347.00
2026-09-04 11:27:07,015 - DVPTest - DEBUG - process_data: t=32.75, p=347.0, v=0.000, a=0.0, phase=INFLATING
2026-09-04 11:27:07,016 - DVPTest - DEBUG - 物理分类结果: STABLE
2026-09-04 11:27:07,016 - DVPTest - DEBUG - [UI] _on_plot_update 收到 327 个数据点
2026-09-04 11:27:07,020 - DVPTest - INFO - [串口] cuff=347 mmHg
2026-09-04 11:27:07,109 - DVPTest - DEBUG - 发出 sig_data: t=32.844, p=347.00
2026-09-04 11:27:07,110 - DVPTest - DEBUG - process_data: t=32.84, p=347.0, v=0.000, a=0.0, phase=INFLATING
2026-09-04 11:27:07,110 - DVPTest - DEBUG - 物理分类结果: STABLE
2026-09-04 11:27:07,110 - DVPTest - DEBUG - [UI] _on_plot_update 收到 328 个数据点
2026-09-04 11:27:07,111 - DVPTest - INFO - [串口] cuff=347 mmHg
2026-09-04 11:27:07,205 - DVPTest - DEBUG - 发出 sig_data: t=32.939, p=347.00
2026-09-04 11:27:07,206 - DVPTest - DEBUG - process_data: t=32.94, p=347.0, v=0.000, a=0.0, phase=INFLATING
2026-09-04 11:27:07,206 - DVPTest - DEBUG - 物理分类结果: STABLE
2026-09-04 11:27:07,207 - DVPTest - DEBUG - [UI] _on_plot_update 收到 329 个数据点
2026-09-04 11:27:07,210 - DVPTest - INFO - [串口] cuff=347 mmHg
2026-09-04 11:27:07,317 - DVPTest - DEBUG - 发出 sig_data: t=33.052, p=347.00
2026-09-04 11:27:07,318 - DVPTest - DEBUG - process_data: t=33.05, p=347.0, v=0.000, a=0.0, phase=INFLATING
2026-09-04 11:27:07,319 - DVPTest - DEBUG - 物理分类结果: STABLE
2026-09-04 11:27:07,319 - DVPTest - DEBUG - [UI] _on_plot_update 收到 330 个数据点
2026-09-04 11:27:07,322 - DVPTest - INFO - [串口] cuff=347 mmHg
2026-09-04 11:27:07,413 - DVPTest - DEBUG - 发出 sig_data: t=33.147, p=347.00
2026-09-04 11:27:07,414 - DVPTest - DEBUG - process_data: t=33.15, p=347.0, v=0.000, a=0.0, phase=INFLATING
2026-09-04 11:27:07,414 - DVPTest - DEBUG - 物理分类结果: STABLE
2026-09-04 11:27:07,415 - DVPTest - DEBUG - [UI] _on_plot_update 收到 331 个数据点
2026-09-04 11:27:07,418 - DVPTest - INFO - [串口] cuff=347 mmHg
2026-09-04 11:27:07,508 - DVPTest - DEBUG - 发出 sig_data: t=33.243, p=347.00
2026-09-04 11:27:07,511 - DVPTest - DEBUG - process_data: t=33.24, p=347.0, v=0.000, a=0.0, phase=INFLATING
2026-09-04 11:27:07,511 - DVPTest - DEBUG - 物理分类结果: STABLE
2026-09-04 11:27:07,512 - DVPTest - DEBUG - [UI] _on_plot_update 收到 332 个数据点
2026-09-04 11:27:07,516 - DVPTest - INFO - [串口] cuff=347 mmHg
2026-09-04 11:27:07,604 - DVPTest - DEBUG - 发出 sig_data: t=33.339, p=347.00
2026-09-04 11:27:07,605 - DVPTest - DEBUG - process_data: t=33.34, p=347.0, v=0.000, a=0.0, phase=INFLATING
2026-09-04 11:27:07,605 - DVPTest - DEBUG - 物理分类结果: STABLE
2026-09-04 11:27:07,605 - DVPTest - DEBUG - [UI] _on_plot_update 收到 333 个数据点
2026-09-04 11:27:07,607 - DVPTest - INFO - [串口] cuff=347 mmHg
2026-09-04 11:27:07,717 - DVPTest - DEBUG - 发出 sig_data: t=33.451, p=347.00
2026-09-04 11:27:07,718 - DVPTest - DEBUG - process_data: t=33.45, p=347.0, v=0.000, a=0.0, phase=INFLATING
2026-09-04 11:27:07,718 - DVPTest - DEBUG - 物理分类结果: STABLE
2026-09-04 11:27:07,719 - DVPTest - DEBUG - [UI] _on_plot_update 收到 334 个数据点
2026-09-04 11:27:07,722 - DVPTest - INFO - [串口] cuff=347 mmHg
2026-09-04 11:27:07,812 - DVPTest - DEBUG - 发出 sig_data: t=33.547, p=346.00
2026-09-04 11:27:07,813 - DVPTest - DEBUG - process_data: t=33.55, p=346.0, v=-10.492, a=-110.1, phase=INFLATING
2026-09-04 11:27:07,814 - DVPTest - DEBUG - 物理分类结果: DEFLATING
2026-09-04 11:27:07,815 - DVPTest - DEBUG - [UI] _on_plot_update 收到 335 个数据点
2026-09-04 11:27:07,818 - DVPTest - INFO - [串口] cuff=346 mmHg
2026-09-04 11:27:07,908 - DVPTest - DEBUG - 发出 sig_data: t=33.643, p=346.00
2026-09-04 11:27:07,908 - DVPTest - DEBUG - process_data: t=33.64, p=346.0, v=0.000, a=109.6, phase=INFLATING
2026-09-04 11:27:07,908 - DVPTest - DEBUG - 物理分类结果: STABLE
2026-09-04 11:27:07,908 - DVPTest - DEBUG - [UI] _on_plot_update 收到 336 个数据点
2026-09-04 11:27:07,910 - DVPTest - INFO - [串口] cuff=346 mmHg
2026-09-04 11:27:08,019 - DVPTest - DEBUG - 发出 sig_data: t=33.754, p=347.00
2026-09-04 11:27:08,022 - DVPTest - DEBUG - process_data: t=33.75, p=347.0, v=8.972, a=80.5, phase=INFLATING
2026-09-04 11:27:08,023 - DVPTest - DEBUG - 物理分类结果: INFLATING
2026-09-04 11:27:08,023 - DVPTest - DEBUG - [UI] _on_plot_update 收到 337 个数据点
2026-09-04 11:27:08,027 - DVPTest - INFO - [串口] cuff=347 mmHg
2026-09-04 11:27:08,116 - DVPTest - DEBUG - 发出 sig_data: t=33.851, p=347.00
2026-09-04 11:27:08,117 - DVPTest - DEBUG - process_data: t=33.85, p=347.0, v=0.000, a=-92.6, phase=INFLATING
2026-09-04 11:27:08,118 - DVPTest - DEBUG - 物理分类结果: STABLE
2026-09-04 11:27:08,118 - DVPTest - DEBUG - [UI] _on_plot_update 收到 338 个数据点
2026-09-04 11:27:08,121 - DVPTest - INFO - [串口] cuff=347 mmHg
2026-09-04 11:27:08,212 - DVPTest - DEBUG - 发出 sig_data: t=33.947, p=347.00
2026-09-04 11:27:08,214 - DVPTest - DEBUG - process_data: t=33.95, p=347.0, v=0.000, a=0.0, phase=INFLATING
2026-09-04 11:27:08,214 - DVPTest - DEBUG - 物理分类结果: STABLE
2026-09-04 11:27:08,215 - DVPTest - DEBUG - [UI] _on_plot_update 收到 339 个数据点
2026-09-04 11:27:08,219 - DVPTest - INFO - [串口] cuff=347 mmHg
2026-09-04 11:27:08,308 - DVPTest - DEBUG - 发出 sig_data: t=34.043, p=347.00
2026-09-04 11:27:08,309 - DVPTest - DEBUG - process_data: t=34.04, p=347.0, v=0.000, a=0.0, phase=INFLATING
2026-09-04 11:27:08,309 - DVPTest - DEBUG - 物理分类结果: STABLE
2026-09-04 11:27:08,310 - DVPTest - DEBUG - [UI] _on_plot_update 收到 340 个数据点
2026-09-04 11:27:08,314 - DVPTest - INFO - [串口] cuff=347 mmHg
2026-09-04 11:27:08,419 - DVPTest - DEBUG - 发出 sig_data: t=34.153, p=347.00
2026-09-04 11:27:08,419 - DVPTest - DEBUG - process_data: t=34.15, p=347.0, v=0.000, a=0.0, phase=INFLATING
2026-09-04 11:27:08,419 - DVPTest - DEBUG - 物理分类结果: STABLE
2026-09-04 11:27:08,419 - DVPTest - DEBUG - [UI] _on_plot_update 收到 341 个数据点
2026-09-04 11:27:08,421 - DVPTest - INFO - [串口] cuff=347 mmHg
2026-09-04 11:27:08,515 - DVPTest - DEBUG - 发出 sig_data: t=34.250, p=347.00
2026-09-04 11:27:08,516 - DVPTest - DEBUG - process_data: t=34.25, p=347.0, v=0.000, a=0.0, phase=INFLATING
2026-09-04 11:27:08,516 - DVPTest - DEBUG - 物理分类结果: STABLE
2026-09-04 11:27:08,517 - DVPTest - DEBUG - [UI] _on_plot_update 收到 342 个数据点
2026-09-04 11:27:08,521 - DVPTest - INFO - [串口] cuff=347 mmHg
2026-09-04 11:27:08,611 - DVPTest - DEBUG - 发出 sig_data: t=34.346, p=348.00
2026-09-04 11:27:08,612 - DVPTest - DEBUG - process_data: t=34.35, p=348.0, v=10.475, a=109.7, phase=INFLATING
2026-09-04 11:27:08,612 - DVPTest - DEBUG - 物理分类结果: INFLATING
2026-09-04 11:27:08,612 - DVPTest - DEBUG - [UI] _on_plot_update 收到 343 个数据点
2026-09-04 11:27:08,614 - DVPTest - INFO - [串口] cuff=348 mmHg
2026-09-04 11:27:08,706 - DVPTest - DEBUG - 发出 sig_data: t=34.441, p=348.00
2026-09-04 11:27:08,707 - DVPTest - DEBUG - process_data: t=34.44, p=348.0, v=0.000, a=-109.8, phase=INFLATING
2026-09-04 11:27:08,707 - DVPTest - DEBUG - 物理分类结果: STABLE
2026-09-04 11:27:08,708 - DVPTest - DEBUG - [UI] _on_plot_update 收到 344 个数据点
2026-09-04 11:27:08,711 - DVPTest - INFO - [串口] cuff=348 mmHg
2026-09-04 11:27:08,819 - DVPTest - DEBUG - 发出 sig_data: t=34.554, p=348.00
2026-09-04 11:27:08,821 - DVPTest - DEBUG - process_data: t=34.55, p=348.0, v=0.000, a=0.0, phase=INFLATING
2026-09-04 11:27:08,823 - DVPTest - DEBUG - 物理分类结果: STABLE
2026-09-04 11:27:08,824 - DVPTest - DEBUG - [UI] _on_plot_update 收到 345 个数据点
2026-09-04 11:27:08,828 - DVPTest - INFO - [串口] cuff=348 mmHg
2026-09-04 11:27:08,914 - DVPTest - DEBUG - 发出 sig_data: t=34.649, p=349.00
2026-09-04 11:27:08,915 - DVPTest - DEBUG - process_data: t=34.65, p=349.0, v=10.512, a=110.5, phase=INFLATING
2026-09-04 11:27:08,915 - DVPTest - DEBUG - 物理分类结果: INFLATING
2026-09-04 11:27:08,915 - DVPTest - DEBUG - [UI] _on_plot_update 收到 346 个数据点
2026-09-04 11:27:08,917 - DVPTest - INFO - [串口] cuff=349 mmHg
2026-09-04 11:27:09,010 - DVPTest - DEBUG - 发出 sig_data: t=34.745, p=349.00
2026-09-04 11:27:09,012 - DVPTest - DEBUG - process_data: t=34.75, p=349.0, v=0.000, a=-109.1, phase=INFLATING
2026-09-04 11:27:09,013 - DVPTest - DEBUG - 物理分类结果: STABLE
2026-09-04 11:27:09,013 - DVPTest - DEBUG - [UI] _on_plot_update 收到 347 个数据点
2026-09-04 11:27:09,016 - DVPTest - INFO - [串口] cuff=349 mmHg
2026-09-04 11:27:09,106 - DVPTest - DEBUG - 发出 sig_data: t=34.841, p=349.00
2026-09-04 11:27:09,107 - DVPTest - DEBUG - process_data: t=34.84, p=349.0, v=0.000, a=0.0, phase=INFLATING
2026-09-04 11:27:09,108 - DVPTest - DEBUG - 物理分类结果: STABLE
2026-09-04 11:27:09,109 - DVPTest - DEBUG - [UI] _on_plot_update 收到 348 个数据点
2026-09-04 11:27:09,113 - DVPTest - INFO - [串口] cuff=349 mmHg
2026-09-04 11:27:09,218 - DVPTest - DEBUG - 发出 sig_data: t=34.953, p=349.00
2026-09-04 11:27:09,219 - DVPTest - DEBUG - process_data: t=34.95, p=349.0, v=0.000, a=0.0, phase=INFLATING
2026-09-04 11:27:09,219 - DVPTest - DEBUG - 物理分类结果: STABLE
2026-09-04 11:27:09,220 - DVPTest - DEBUG - [UI] _on_plot_update 收到 349 个数据点
2026-09-04 11:27:09,222 - DVPTest - INFO - [串口] cuff=349 mmHg
2026-09-04 11:27:09,314 - DVPTest - DEBUG - 发出 sig_data: t=35.048, p=349.00
2026-09-04 11:27:09,314 - DVPTest - DEBUG - process_data: t=35.05, p=349.0, v=0.000, a=0.0, phase=INFLATING
2026-09-04 11:27:09,314 - DVPTest - DEBUG - 物理分类结果: STABLE
2026-09-04 11:27:09,314 - DVPTest - DEBUG - [UI] _on_plot_update 收到 350 个数据点
2026-09-04 11:27:09,315 - DVPTest - INFO - [串口] cuff=349 mmHg
2026-09-04 11:27:09,410 - DVPTest - DEBUG - 发出 sig_data: t=35.145, p=349.00
2026-09-04 11:27:09,412 - DVPTest - DEBUG - process_data: t=35.14, p=349.0, v=0.000, a=0.0, phase=INFLATING
2026-09-04 11:27:09,413 - DVPTest - DEBUG - 物理分类结果: STABLE
2026-09-04 11:27:09,414 - DVPTest - DEBUG - [UI] _on_plot_update 收到 351 个数据点
2026-09-04 11:27:09,417 - DVPTest - INFO - [串口] cuff=349 mmHg
2026-09-04 11:27:09,506 - DVPTest - DEBUG - 发出 sig_data: t=35.241, p=349.00
2026-09-04 11:27:09,507 - DVPTest - DEBUG - process_data: t=35.24, p=349.0, v=0.000, a=0.0, phase=INFLATING
2026-09-04 11:27:09,507 - DVPTest - DEBUG - 物理分类结果: STABLE
2026-09-04 11:27:09,508 - DVPTest - DEBUG - [UI] _on_plot_update 收到 352 个数据点
2026-09-04 11:27:09,509 - DVPTest - INFO - [串口] cuff=349 mmHg
2026-09-04 11:27:09,617 - DVPTest - DEBUG - 发出 sig_data: t=35.352, p=349.00
2026-09-04 11:27:09,618 - DVPTest - DEBUG - process_data: t=35.35, p=349.0, v=0.000, a=0.0, phase=INFLATING
2026-09-04 11:27:09,618 - DVPTest - DEBUG - 物理分类结果: STABLE
2026-09-04 11:27:09,619 - DVPTest - DEBUG - [UI] _on_plot_update 收到 353 个数据点
2026-09-04 11:27:09,623 - DVPTest - INFO - [串口] cuff=349 mmHg
2026-09-04 11:27:09,714 - DVPTest - DEBUG - 发出 sig_data: t=35.448, p=349.00
2026-09-04 11:27:09,715 - DVPTest - DEBUG - process_data: t=35.45, p=349.0, v=0.000, a=0.0, phase=INFLATING
2026-09-04 11:27:09,715 - DVPTest - DEBUG - 物理分类结果: STABLE
2026-09-04 11:27:09,716 - DVPTest - DEBUG - [UI] _on_plot_update 收到 354 个数据点
2026-09-04 11:27:09,717 - DVPTest - INFO - [串口] cuff=349 mmHg
2026-09-04 11:27:09,809 - DVPTest - DEBUG - 发出 sig_data: t=35.544, p=349.00
2026-09-04 11:27:09,810 - DVPTest - DEBUG - process_data: t=35.54, p=349.0, v=0.000, a=0.0, phase=INFLATING
2026-09-04 11:27:09,811 - DVPTest - DEBUG - 物理分类结果: STABLE
2026-09-04 11:27:09,811 - DVPTest - DEBUG - [UI] _on_plot_update 收到 355 个数据点
2026-09-04 11:27:09,813 - DVPTest - INFO - [串口] cuff=349 mmHg
2026-09-04 11:27:09,905 - DVPTest - DEBUG - 发出 sig_data: t=35.640, p=349.00
2026-09-04 11:27:09,906 - DVPTest - DEBUG - process_data: t=35.64, p=349.0, v=0.000, a=0.0, phase=INFLATING
2026-09-04 11:27:09,906 - DVPTest - DEBUG - 物理分类结果: STABLE
2026-09-04 11:27:09,907 - DVPTest - DEBUG - [UI] _on_plot_update 收到 356 个数据点
2026-09-04 11:27:09,911 - DVPTest - INFO - [串口] cuff=349 mmHg
2026-09-04 11:27:10,016 - DVPTest - DEBUG - 发出 sig_data: t=35.751, p=349.00
2026-09-04 11:27:10,017 - DVPTest - DEBUG - process_data: t=35.75, p=349.0, v=0.000, a=0.0, phase=INFLATING
2026-09-04 11:27:10,017 - DVPTest - DEBUG - 物理分类结果: STABLE
2026-09-04 11:27:10,017 - DVPTest - DEBUG - [UI] _on_plot_update 收到 357 个数据点
2026-09-04 11:27:10,020 - DVPTest - INFO - [串口] cuff=349 mmHg
2026-09-04 11:27:10,113 - DVPTest - DEBUG - 发出 sig_data: t=35.847, p=349.00
2026-09-04 11:27:10,114 - DVPTest - DEBUG - process_data: t=35.85, p=349.0, v=0.000, a=0.0, phase=INFLATING
2026-09-04 11:27:10,114 - DVPTest - DEBUG - 物理分类结果: STABLE
2026-09-04 11:27:10,115 - DVPTest - DEBUG - [UI] _on_plot_update 收到 358 个数据点
2026-09-04 11:27:10,118 - DVPTest - INFO - [串口] cuff=349 mmHg
2026-09-04 11:27:10,208 - DVPTest - DEBUG - 发出 sig_data: t=35.943, p=349.00
2026-09-04 11:27:10,209 - DVPTest - DEBUG - process_data: t=35.94, p=349.0, v=0.000, a=0.0, phase=INFLATING
2026-09-04 11:27:10,209 - DVPTest - DEBUG - 物理分类结果: STABLE
2026-09-04 11:27:10,210 - DVPTest - DEBUG - [UI] _on_plot_update 收到 359 个数据点
2026-09-04 11:27:10,212 - DVPTest - INFO - [串口] cuff=349 mmHg
2026-09-04 11:27:10,319 - DVPTest - DEBUG - 发出 sig_data: t=36.054, p=349.00
2026-09-04 11:27:10,320 - DVPTest - DEBUG - process_data: t=36.05, p=349.0, v=0.000, a=0.0, phase=INFLATING
2026-09-04 11:27:10,320 - DVPTest - DEBUG - 物理分类结果: STABLE
2026-09-04 11:27:10,321 - DVPTest - DEBUG - [UI] _on_plot_update 收到 360 个数据点
2026-09-04 11:27:10,323 - DVPTest - INFO - [串口] cuff=349 mmHg
2026-09-04 11:27:10,416 - DVPTest - DEBUG - 发出 sig_data: t=36.150, p=349.00
2026-09-04 11:27:10,417 - DVPTest - DEBUG - process_data: t=36.15, p=349.0, v=0.000, a=0.0, phase=INFLATING
2026-09-04 11:27:10,417 - DVPTest - DEBUG - 物理分类结果: STABLE
2026-09-04 11:27:10,418 - DVPTest - DEBUG - [UI] _on_plot_update 收到 361 个数据点
2026-09-04 11:27:10,422 - DVPTest - INFO - [串口] cuff=349 mmHg
2026-09-04 11:27:10,512 - DVPTest - DEBUG - 发出 sig_data: t=36.247, p=349.00
2026-09-04 11:27:10,513 - DVPTest - DEBUG - process_data: t=36.25, p=349.0, v=0.000, a=0.0, phase=INFLATING
2026-09-04 11:27:10,513 - DVPTest - DEBUG - 物理分类结果: STABLE
2026-09-04 11:27:10,513 - DVPTest - DEBUG - [UI] _on_plot_update 收到 362 个数据点
2026-09-04 11:27:10,514 - DVPTest - INFO - [串口] cuff=349 mmHg
2026-09-04 11:27:10,608 - DVPTest - DEBUG - 发出 sig_data: t=36.343, p=349.00
2026-09-04 11:27:10,609 - DVPTest - DEBUG - process_data: t=36.34, p=349.0, v=0.000, a=0.0, phase=INFLATING
2026-09-04 11:27:10,609 - DVPTest - DEBUG - 物理分类结果: STABLE
2026-09-04 11:27:10,610 - DVPTest - DEBUG - [UI] _on_plot_update 收到 363 个数据点
2026-09-04 11:27:10,612 - DVPTest - INFO - [串口] cuff=349 mmHg
2026-09-04 11:27:10,719 - DVPTest - DEBUG - 发出 sig_data: t=36.454, p=349.00
2026-09-04 11:27:10,720 - DVPTest - DEBUG - process_data: t=36.45, p=349.0, v=0.000, a=0.0, phase=INFLATING
2026-09-04 11:27:10,720 - DVPTest - DEBUG - 物理分类结果: STABLE
2026-09-04 11:27:10,721 - DVPTest - DEBUG - [UI] _on_plot_update 收到 364 个数据点
2026-09-04 11:27:10,723 - DVPTest - INFO - [串口] cuff=349 mmHg
2026-09-04 11:27:10,816 - DVPTest - DEBUG - 发出 sig_data: t=36.550, p=349.00
2026-09-04 11:27:10,816 - DVPTest - DEBUG - process_data: t=36.55, p=349.0, v=0.000, a=0.0, phase=INFLATING
2026-09-04 11:27:10,816 - DVPTest - DEBUG - 物理分类结果: STABLE
2026-09-04 11:27:10,817 - DVPTest - DEBUG - [UI] _on_plot_update 收到 365 个数据点
2026-09-04 11:27:10,818 - DVPTest - INFO - [串口] cuff=349 mmHg
2026-09-04 11:27:10,911 - DVPTest - DEBUG - 发出 sig_data: t=36.646, p=349.00
2026-09-04 11:27:10,913 - DVPTest - DEBUG - process_data: t=36.65, p=349.0, v=0.000, a=0.0, phase=INFLATING
2026-09-04 11:27:10,914 - DVPTest - DEBUG - 物理分类结果: STABLE
2026-09-04 11:27:10,915 - DVPTest - DEBUG - [UI] _on_plot_update 收到 366 个数据点
2026-09-04 11:27:10,918 - DVPTest - INFO - [串口] cuff=349 mmHg
2026-09-04 11:27:11,007 - DVPTest - DEBUG - 发出 sig_data: t=36.742, p=349.00
2026-09-04 11:27:11,009 - DVPTest - DEBUG - process_data: t=36.74, p=349.0, v=0.000, a=0.0, phase=INFLATING
2026-09-04 11:27:11,010 - DVPTest - DEBUG - 物理分类结果: STABLE
2026-09-04 11:27:11,011 - DVPTest - DEBUG - [UI] _on_plot_update 收到 367 个数据点
2026-09-04 11:27:11,016 - DVPTest - INFO - [串口] cuff=349 mmHg
2026-09-04 11:27:11,119 - DVPTest - DEBUG - 发出 sig_data: t=36.854, p=349.00
2026-09-04 11:27:11,120 - DVPTest - DEBUG - process_data: t=36.85, p=349.0, v=0.000, a=0.0, phase=INFLATING
2026-09-04 11:27:11,120 - DVPTest - DEBUG - 物理分类结果: STABLE
2026-09-04 11:27:11,120 - DVPTest - DEBUG - [UI] _on_plot_update 收到 368 个数据点
2026-09-04 11:27:11,121 - DVPTest - INFO - [串口] cuff=349 mmHg
2026-09-04 11:27:11,215 - DVPTest - DEBUG - 发出 sig_data: t=36.950, p=349.00
2026-09-04 11:27:11,216 - DVPTest - DEBUG - process_data: t=36.95, p=349.0, v=0.000, a=0.0, phase=INFLATING
2026-09-04 11:27:11,217 - DVPTest - DEBUG - 物理分类结果: STABLE
2026-09-04 11:27:11,218 - DVPTest - DEBUG - [UI] _on_plot_update 收到 369 个数据点
2026-09-04 11:27:11,222 - DVPTest - INFO - [串口] cuff=349 mmHg
2026-09-04 11:27:11,311 - DVPTest - DEBUG - 发出 sig_data: t=37.046, p=349.00
2026-09-04 11:27:11,312 - DVPTest - DEBUG - process_data: t=37.05, p=349.0, v=0.000, a=0.0, phase=INFLATING
2026-09-04 11:27:11,312 - DVPTest - DEBUG - 物理分类结果: STABLE
2026-09-04 11:27:11,314 - DVPTest - DEBUG - [UI] _on_plot_update 收到 370 个数据点
2026-09-04 11:27:11,318 - DVPTest - INFO - [串口] cuff=349 mmHg
2026-09-04 11:27:11,432 - DVPTest - INFO - 切换主题为: dark
2026-09-04 11:27:11,432 - DVPTest - DEBUG - 发出 sig_data: t=37.167, p=348.00
2026-09-04 11:27:11,459 - DVPTest - DEBUG - process_data: t=37.17, p=348.0, v=-8.259, a=-68.2, phase=INFLATING
2026-09-04 11:27:11,459 - DVPTest - DEBUG - 物理分类结果: DEFLATING
2026-09-04 11:27:11,459 - DVPTest - DEBUG - [UI] _on_plot_update 收到 371 个数据点
2026-09-04 11:27:11,460 - DVPTest - INFO - [串口] cuff=348 mmHg
2026-09-04 11:27:11,519 - DVPTest - DEBUG - 发出 sig_data: t=37.254, p=348.00
2026-09-04 11:27:11,522 - DVPTest - DEBUG - process_data: t=37.25, p=348.0, v=0.000, a=95.0, phase=INFLATING
2026-09-04 11:27:11,523 - DVPTest - DEBUG - 物理分类结果: STABLE
2026-09-04 11:27:11,525 - DVPTest - DEBUG - [UI] _on_plot_update 收到 372 个数据点
2026-09-04 11:27:11,528 - DVPTest - INFO - [串口] cuff=348 mmHg
2026-09-04 11:27:11,614 - DVPTest - DEBUG - 发出 sig_data: t=37.349, p=348.00
2026-09-04 11:27:11,615 - DVPTest - DEBUG - process_data: t=37.35, p=348.0, v=0.000, a=0.0, phase=INFLATING
2026-09-04 11:27:11,615 - DVPTest - DEBUG - 物理分类结果: STABLE
2026-09-04 11:27:11,616 - DVPTest - DEBUG - [UI] _on_plot_update 收到 373 个数据点
2026-09-04 11:27:11,617 - DVPTest - INFO - [串口] cuff=348 mmHg
2026-09-04 11:27:11,711 - DVPTest - DEBUG - 发出 sig_data: t=37.445, p=348.00
2026-09-04 11:27:11,711 - DVPTest - DEBUG - process_data: t=37.45, p=348.0, v=0.000, a=0.0, phase=INFLATING
2026-09-04 11:27:11,711 - DVPTest - DEBUG - 物理分类结果: STABLE
2026-09-04 11:27:11,711 - DVPTest - DEBUG - [UI] _on_plot_update 收到 374 个数据点
2026-09-04 11:27:11,713 - DVPTest - INFO - [串口] cuff=348 mmHg
2026-09-04 11:27:11,807 - DVPTest - DEBUG - 发出 sig_data: t=37.541, p=348.00
2026-09-04 11:27:11,807 - DVPTest - DEBUG - process_data: t=37.54, p=348.0, v=0.000, a=0.0, phase=INFLATING
2026-09-04 11:27:11,807 - DVPTest - DEBUG - 物理分类结果: STABLE
2026-09-04 11:27:11,807 - DVPTest - DEBUG - [UI] _on_plot_update 收到 375 个数据点
2026-09-04 11:27:11,809 - DVPTest - INFO - [串口] cuff=348 mmHg
2026-09-04 11:27:11,918 - DVPTest - DEBUG - 发出 sig_data: t=37.652, p=347.00
2026-09-04 11:27:11,918 - DVPTest - DEBUG - process_data: t=37.65, p=347.0, v=-9.020, a=-81.4, phase=INFLATING
2026-09-04 11:27:11,918 - DVPTest - DEBUG - 物理分类结果: DEFLATING
2026-09-04 11:27:11,919 - DVPTest - DEBUG - [UI] _on_plot_update 收到 376 个数据点
2026-09-04 11:27:11,922 - DVPTest - INFO - [串口] cuff=347 mmHg
2026-09-04 11:27:12,014 - DVPTest - DEBUG - 发出 sig_data: t=37.748, p=347.00
2026-09-04 11:27:12,015 - DVPTest - DEBUG - process_data: t=37.75, p=347.0, v=0.000, a=93.8, phase=INFLATING
2026-09-04 11:27:12,015 - DVPTest - DEBUG - 物理分类结果: STABLE
2026-09-04 11:27:12,016 - DVPTest - DEBUG - [UI] _on_plot_update 收到 377 个数据点
2026-09-04 11:27:12,019 - DVPTest - INFO - [串口] cuff=347 mmHg
2026-09-04 11:27:12,110 - DVPTest - DEBUG - 发出 sig_data: t=37.845, p=347.00
2026-09-04 11:27:12,111 - DVPTest - DEBUG - process_data: t=37.84, p=347.0, v=0.000, a=0.0, phase=INFLATING
2026-09-04 11:27:12,111 - DVPTest - DEBUG - 物理分类结果: STABLE
2026-09-04 11:27:12,111 - DVPTest - DEBUG - [UI] _on_plot_update 收到 378 个数据点
2026-09-04 11:27:12,114 - DVPTest - INFO - [串口] cuff=347 mmHg
2026-09-04 11:27:12,207 - DVPTest - INFO - 切换主题为: light
2026-09-04 11:27:12,221 - DVPTest - DEBUG - 发出 sig_data: t=37.956, p=347.00
2026-09-04 11:27:12,231 - DVPTest - DEBUG - process_data: t=37.96, p=347.0, v=0.000, a=0.0, phase=INFLATING
2026-09-04 11:27:12,232 - DVPTest - DEBUG - 物理分类结果: STABLE
2026-09-04 11:27:12,232 - DVPTest - DEBUG - [UI] _on_plot_update 收到 379 个数据点
2026-09-04 11:27:12,233 - DVPTest - INFO - [串口] cuff=347 mmHg
2026-09-04 11:27:12,317 - DVPTest - DEBUG - 发出 sig_data: t=38.052, p=347.00
2026-09-04 11:27:12,321 - DVPTest - DEBUG - process_data: t=38.05, p=347.0, v=0.000, a=0.0, phase=INFLATING
2026-09-04 11:27:12,321 - DVPTest - DEBUG - 物理分类结果: STABLE
2026-09-04 11:27:12,322 - DVPTest - DEBUG - [UI] _on_plot_update 收到 380 个数据点
2026-09-04 11:27:12,325 - DVPTest - INFO - [串口] cuff=347 mmHg
2026-09-04 11:27:12,413 - DVPTest - DEBUG - 发出 sig_data: t=38.148, p=347.00
2026-09-04 11:27:12,414 - DVPTest - DEBUG - process_data: t=38.15, p=347.0, v=0.000, a=0.0, phase=INFLATING
2026-09-04 11:27:12,414 - DVPTest - DEBUG - 物理分类结果: STABLE
2026-09-04 11:27:12,414 - DVPTest - DEBUG - [UI] _on_plot_update 收到 381 个数据点
2026-09-04 11:27:12,415 - DVPTest - INFO - [串口] cuff=347 mmHg
2026-09-04 11:27:12,509 - DVPTest - DEBUG - 发出 sig_data: t=38.244, p=346.00
2026-09-04 11:27:12,510 - DVPTest - DEBUG - process_data: t=38.24, p=346.0, v=-10.454, a=-109.3, phase=INFLATING
2026-09-04 11:27:12,510 - DVPTest - DEBUG - 物理分类结果: DEFLATING
2026-09-04 11:27:12,510 - DVPTest - DEBUG - [UI] _on_plot_update 收到 382 个数据点
2026-09-04 11:27:12,512 - DVPTest - INFO - [串口] cuff=346 mmHg
2026-09-04 11:27:12,620 - DVPTest - DEBUG - 发出 sig_data: t=38.355, p=347.00
2026-09-04 11:27:12,621 - DVPTest - DEBUG - process_data: t=38.35, p=347.0, v=8.985, a=174.7, phase=INFLATING
2026-09-04 11:27:12,621 - DVPTest - DEBUG - 物理分类结果: INFLATING
2026-09-04 11:27:12,621 - DVPTest - DEBUG - [UI] _on_plot_update 收到 383 个数据点
2026-09-04 11:27:12,622 - DVPTest - INFO - [串口] cuff=347 mmHg
2026-09-04 11:27:12,717 - DVPTest - DEBUG - 发出 sig_data: t=38.452, p=347.00
2026-09-04 11:27:12,718 - DVPTest - DEBUG - process_data: t=38.45, p=347.0, v=0.000, a=-92.7, phase=INFLATING
2026-09-04 11:27:12,719 - DVPTest - DEBUG - 物理分类结果: STABLE
2026-09-04 11:27:12,720 - DVPTest - DEBUG - [UI] _on_plot_update 收到 384 个数据点
2026-09-04 11:27:12,724 - DVPTest - INFO - [串口] cuff=347 mmHg
2026-09-04 11:27:12,812 - DVPTest - DEBUG - 发出 sig_data: t=38.547, p=347.00
2026-09-04 11:27:12,815 - DVPTest - DEBUG - process_data: t=38.55, p=347.0, v=0.000, a=0.0, phase=INFLATING
2026-09-04 11:27:12,815 - DVPTest - DEBUG - 物理分类结果: STABLE
2026-09-04 11:27:12,816 - DVPTest - DEBUG - [UI] _on_plot_update 收到 385 个数据点
2026-09-04 11:27:12,818 - DVPTest - INFO - [串口] cuff=347 mmHg
2026-09-04 11:27:12,854 - DVPTest - INFO - 切换主题为: dark
2026-09-04 11:27:12,908 - DVPTest - DEBUG - 发出 sig_data: t=38.643, p=347.00
2026-09-04 11:27:12,909 - DVPTest - DEBUG - process_data: t=38.64, p=347.0, v=0.000, a=0.0, phase=INFLATING
2026-09-04 11:27:12,909 - DVPTest - DEBUG - 物理分类结果: STABLE
2026-09-04 11:27:12,909 - DVPTest - DEBUG - [UI] _on_plot_update 收到 386 个数据点
2026-09-04 11:27:12,910 - DVPTest - INFO - [串口] cuff=347 mmHg
2026-09-04 11:27:13,020 - DVPTest - DEBUG - 发出 sig_data: t=38.755, p=347.00
2026-09-04 11:27:13,022 - DVPTest - DEBUG - process_data: t=38.75, p=347.0, v=0.000, a=0.0, phase=INFLATING
2026-09-04 11:27:13,023 - DVPTest - DEBUG - 物理分类结果: STABLE
2026-09-04 11:27:13,024 - DVPTest - DEBUG - [UI] _on_plot_update 收到 387 个数据点
2026-09-04 11:27:13,027 - DVPTest - INFO - [串口] cuff=347 mmHg
2026-09-04 11:27:13,116 - DVPTest - DEBUG - 发出 sig_data: t=38.851, p=347.00
2026-09-04 11:27:13,117 - DVPTest - DEBUG - process_data: t=38.85, p=347.0, v=0.000, a=0.0, phase=INFLATING
2026-09-04 11:27:13,117 - DVPTest - DEBUG - 物理分类结果: STABLE
2026-09-04 11:27:13,117 - DVPTest - DEBUG - [UI] _on_plot_update 收到 388 个数据点
2026-09-04 11:27:13,118 - DVPTest - INFO - [串口] cuff=347 mmHg
2026-09-04 11:27:13,212 - DVPTest - DEBUG - 发出 sig_data: t=38.947, p=347.00
2026-09-04 11:27:13,213 - DVPTest - DEBUG - process_data: t=38.95, p=347.0, v=0.000, a=0.0, phase=INFLATING
2026-09-04 11:27:13,213 - DVPTest - DEBUG - 物理分类结果: STABLE
2026-09-04 11:27:13,214 - DVPTest - DEBUG - [UI] _on_plot_update 收到 389 个数据点
2026-09-04 11:27:13,216 - DVPTest - INFO - [串口] cuff=347 mmHg
2026-09-04 11:27:13,308 - DVPTest - DEBUG - 发出 sig_data: t=39.043, p=346.00
2026-09-04 11:27:13,310 - DVPTest - DEBUG - process_data: t=39.04, p=346.0, v=-10.418, a=-108.5, phase=INFLATING
2026-09-04 11:27:13,311 - DVPTest - DEBUG - 物理分类结果: DEFLATING
2026-09-04 11:27:13,312 - DVPTest - DEBUG - [UI] _on_plot_update 收到 390 个数据点
2026-09-04 11:27:13,316 - DVPTest - INFO - [串口] cuff=346 mmHg
2026-09-04 11:27:13,419 - DVPTest - DEBUG - 发出 sig_data: t=39.154, p=346.00
2026-09-04 11:27:13,420 - DVPTest - DEBUG - process_data: t=39.15, p=346.0, v=0.000, a=93.8, phase=INFLATING
2026-09-04 11:27:13,420 - DVPTest - DEBUG - 物理分类结果: STABLE
2026-09-04 11:27:13,421 - DVPTest - DEBUG - [UI] _on_plot_update 收到 391 个数据点
2026-09-04 11:27:13,424 - DVPTest - INFO - [串口] cuff=346 mmHg
2026-09-04 11:27:13,515 - DVPTest - DEBUG - 发出 sig_data: t=39.250, p=347.00
2026-09-04 11:27:13,516 - DVPTest - DEBUG - process_data: t=39.25, p=347.0, v=10.410, a=108.4, phase=INFLATING
2026-09-04 11:27:13,516 - DVPTest - DEBUG - 物理分类结果: INFLATING
2026-09-04 11:27:13,517 - DVPTest - DEBUG - [UI] _on_plot_update 收到 392 个数据点
2026-09-04 11:27:13,520 - DVPTest - INFO - [串口] cuff=347 mmHg
2026-09-04 11:27:13,611 - DVPTest - DEBUG - 发出 sig_data: t=39.346, p=347.00
2026-09-04 11:27:13,614 - DVPTest - DEBUG - process_data: t=39.35, p=347.0, v=0.000, a=-108.2, phase=INFLATING
2026-09-04 11:27:13,614 - DVPTest - DEBUG - 物理分类结果: STABLE
2026-09-04 11:27:13,615 - DVPTest - DEBUG - [UI] _on_plot_update 收到 393 个数据点
2026-09-04 11:27:13,619 - DVPTest - INFO - [串口] cuff=347 mmHg
2026-09-04 11:27:13,707 - DVPTest - DEBUG - 发出 sig_data: t=39.442, p=347.00
2026-09-04 11:27:13,708 - DVPTest - DEBUG - process_data: t=39.44, p=347.0, v=0.000, a=0.0, phase=INFLATING
2026-09-04 11:27:13,709 - DVPTest - DEBUG - 物理分类结果: STABLE
2026-09-04 11:27:13,709 - DVPTest - DEBUG - [UI] _on_plot_update 收到 394 个数据点
2026-09-04 11:27:13,713 - DVPTest - INFO - [串口] cuff=347 mmHg
2026-09-04 11:27:13,822 - DVPTest - DEBUG - 发出 sig_data: t=39.557, p=347.00
2026-09-04 11:27:13,825 - DVPTest - DEBUG - process_data: t=39.56, p=347.0, v=0.000, a=0.0, phase=INFLATING
2026-09-04 11:27:13,825 - DVPTest - DEBUG - 物理分类结果: STABLE
2026-09-04 11:27:13,826 - DVPTest - DEBUG - [UI] _on_plot_update 收到 395 个数据点
2026-09-04 11:27:13,828 - DVPTest - INFO - [串口] cuff=347 mmHg
2026-09-04 11:27:13,915 - DVPTest - DEBUG - 发出 sig_data: t=39.649, p=347.00
2026-09-04 11:27:13,916 - DVPTest - DEBUG - process_data: t=39.65, p=347.0, v=0.000, a=0.0, phase=INFLATING
2026-09-04 11:27:13,916 - DVPTest - DEBUG - 物理分类结果: STABLE
2026-09-04 11:27:13,917 - DVPTest - DEBUG - [UI] _on_plot_update 收到 396 个数据点
2026-09-04 11:27:13,920 - DVPTest - INFO - [串口] cuff=347 mmHg
2026-09-04 11:27:14,010 - DVPTest - DEBUG - 发出 sig_data: t=39.745, p=347.00
2026-09-04 11:27:14,011 - DVPTest - DEBUG - process_data: t=39.74, p=347.0, v=0.000, a=0.0, phase=INFLATING
2026-09-04 11:27:14,011 - DVPTest - DEBUG - 物理分类结果: STABLE
2026-09-04 11:27:14,012 - DVPTest - DEBUG - [UI] _on_plot_update 收到 397 个数据点
2026-09-04 11:27:14,014 - DVPTest - INFO - [串口] cuff=347 mmHg
2026-09-04 11:27:14,107 - DVPTest - DEBUG - 发出 sig_data: t=39.841, p=347.00
2026-09-04 11:27:14,107 - DVPTest - DEBUG - process_data: t=39.84, p=347.0, v=0.000, a=0.0, phase=INFLATING
2026-09-04 11:27:14,107 - DVPTest - DEBUG - 物理分类结果: STABLE
2026-09-04 11:27:14,108 - DVPTest - DEBUG - [UI] _on_plot_update 收到 398 个数据点
2026-09-04 11:27:14,111 - DVPTest - INFO - [串口] cuff=347 mmHg
2026-09-04 11:27:14,219 - DVPTest - DEBUG - 发出 sig_data: t=39.953, p=347.00
2026-09-04 11:27:14,220 - DVPTest - DEBUG - process_data: t=39.95, p=347.0, v=0.000, a=0.0, phase=INFLATING
2026-09-04 11:27:14,220 - DVPTest - DEBUG - 物理分类结果: STABLE
2026-09-04 11:27:14,221 - DVPTest - DEBUG - [UI] _on_plot_update 收到 399 个数据点
2026-09-04 11:27:14,227 - DVPTest - INFO - [串口] cuff=347 mmHg
2026-09-04 11:27:14,315 - DVPTest - DEBUG - 发出 sig_data: t=40.049, p=347.00
2026-09-04 11:27:14,315 - DVPTest - DEBUG - process_data: t=40.05, p=347.0, v=0.000, a=0.0, phase=INFLATING
2026-09-04 11:27:14,315 - DVPTest - DEBUG - 物理分类结果: STABLE
2026-09-04 11:27:14,315 - DVPTest - DEBUG - [UI] _on_plot_update 收到 400 个数据点
2026-09-04 11:27:14,316 - DVPTest - INFO - [串口] cuff=347 mmHg
2026-09-04 11:27:14,410 - DVPTest - DEBUG - 发出 sig_data: t=40.144, p=347.00
2026-09-04 11:27:14,411 - DVPTest - DEBUG - process_data: t=40.14, p=347.0, v=0.000, a=0.0, phase=INFLATING
2026-09-04 11:27:14,411 - DVPTest - DEBUG - 物理分类结果: STABLE
2026-09-04 11:27:14,412 - DVPTest - DEBUG - [UI] _on_plot_update 收到 401 个数据点
2026-09-04 11:27:14,414 - DVPTest - INFO - [串口] cuff=347 mmHg
2026-09-04 11:27:14,521 - DVPTest - DEBUG - 发出 sig_data: t=40.256, p=348.00
2026-09-04 11:27:14,522 - DVPTest - DEBUG - process_data: t=40.26, p=348.0, v=8.966, a=80.4, phase=INFLATING
2026-09-04 11:27:14,522 - DVPTest - DEBUG - 物理分类结果: INFLATING
2026-09-04 11:27:14,523 - DVPTest - DEBUG - [UI] _on_plot_update 收到 402 个数据点
2026-09-04 11:27:14,525 - DVPTest - INFO - [串口] cuff=348 mmHg
2026-09-04 11:27:14,618 - DVPTest - DEBUG - 发出 sig_data: t=40.353, p=347.00
2026-09-04 11:27:14,619 - DVPTest - DEBUG - process_data: t=40.35, p=347.0, v=-10.344, a=-199.7, phase=INFLATING
2026-09-04 11:27:14,620 - DVPTest - DEBUG - 物理分类结果: DEFLATING
2026-09-04 11:27:14,622 - DVPTest - DEBUG - [UI] _on_plot_update 收到 403 个数据点
2026-09-04 11:27:14,625 - DVPTest - INFO - [串口] cuff=347 mmHg
2026-09-04 11:27:14,714 - DVPTest - DEBUG - 发出 sig_data: t=40.449, p=348.00
2026-09-04 11:27:14,715 - DVPTest - DEBUG - process_data: t=40.45, p=348.0, v=10.376, a=215.0, phase=INFLATING
2026-09-04 11:27:14,715 - DVPTest - DEBUG - 物理分类结果: INFLATING
2026-09-04 11:27:14,716 - DVPTest - DEBUG - [UI] _on_plot_update 收到 404 个数据点
2026-09-04 11:27:14,721 - DVPTest - INFO - [串口] cuff=348 mmHg
2026-09-04 11:27:14,810 - DVPTest - DEBUG - 发出 sig_data: t=40.544, p=348.00
2026-09-04 11:27:14,810 - DVPTest - DEBUG - process_data: t=40.54, p=348.0, v=0.000, a=-109.0, phase=INFLATING
2026-09-04 11:27:14,810 - DVPTest - DEBUG - 物理分类结果: STABLE
2026-09-04 11:27:14,810 - DVPTest - DEBUG - [UI] _on_plot_update 收到 405 个数据点
2026-09-04 11:27:14,812 - DVPTest - INFO - [串口] cuff=348 mmHg
2026-09-04 11:27:14,921 - DVPTest - DEBUG - 发出 sig_data: t=40.656, p=348.00
2026-09-04 11:27:14,922 - DVPTest - DEBUG - process_data: t=40.66, p=348.0, v=0.000, a=0.0, phase=INFLATING
2026-09-04 11:27:14,922 - DVPTest - DEBUG - 物理分类结果: STABLE
2026-09-04 11:27:14,923 - DVPTest - DEBUG - [UI] _on_plot_update 收到 406 个数据点
2026-09-04 11:27:14,925 - DVPTest - INFO - [串口] cuff=348 mmHg
2026-09-04 11:27:15,017 - DVPTest - DEBUG - 发出 sig_data: t=40.751, p=348.00
2026-09-04 11:27:15,017 - DVPTest - DEBUG - process_data: t=40.75, p=348.0, v=0.000, a=0.0, phase=INFLATING
2026-09-04 11:27:15,017 - DVPTest - DEBUG - 物理分类结果: STABLE
2026-09-04 11:27:15,017 - DVPTest - DEBUG - [UI] _on_plot_update 收到 407 个数据点
2026-09-04 11:27:15,019 - DVPTest - INFO - [串口] cuff=348 mmHg
2026-09-04 11:27:15,113 - DVPTest - DEBUG - 发出 sig_data: t=40.847, p=348.00
2026-09-04 11:27:15,113 - DVPTest - DEBUG - process_data: t=40.85, p=348.0, v=0.000, a=0.0, phase=INFLATING
2026-09-04 11:27:15,113 - DVPTest - DEBUG - 物理分类结果: STABLE
2026-09-04 11:27:15,113 - DVPTest - DEBUG - [UI] _on_plot_update 收到 408 个数据点
2026-09-04 11:27:15,115 - DVPTest - INFO - [串口] cuff=348 mmHg
2026-09-04 11:27:15,224 - DVPTest - DEBUG - 发出 sig_data: t=40.959, p=349.00
2026-09-04 11:27:15,225 - DVPTest - DEBUG - process_data: t=40.96, p=349.0, v=8.964, a=80.4, phase=INFLATING
2026-09-04 11:27:15,226 - DVPTest - DEBUG - 物理分类结果: INFLATING
2026-09-04 11:27:15,228 - DVPTest - DEBUG - [UI] _on_plot_update 收到 409 个数据点
2026-09-04 11:27:15,231 - DVPTest - INFO - [串口] cuff=349 mmHg
2026-09-04 11:27:15,321 - DVPTest - DEBUG - 发出 sig_data: t=41.055, p=349.00
2026-09-04 11:27:15,322 - DVPTest - DEBUG - process_data: t=41.06, p=349.0, v=0.000, a=-92.8, phase=INFLATING
2026-09-04 11:27:15,322 - DVPTest - DEBUG - 物理分类结果: STABLE
2026-09-04 11:27:15,322 - DVPTest - DEBUG - [UI] _on_plot_update 收到 410 个数据点
2026-09-04 11:27:15,324 - DVPTest - INFO - [串口] cuff=349 mmHg
2026-09-04 11:27:15,417 - DVPTest - DEBUG - 发出 sig_data: t=41.151, p=349.00
2026-09-04 11:27:15,418 - DVPTest - DEBUG - process_data: t=41.15, p=349.0, v=0.000, a=0.0, phase=INFLATING
2026-09-04 11:27:15,418 - DVPTest - DEBUG - 物理分类结果: STABLE
2026-09-04 11:27:15,419 - DVPTest - DEBUG - [UI] _on_plot_update 收到 411 个数据点
2026-09-04 11:27:15,422 - DVPTest - INFO - [串口] cuff=349 mmHg
2026-09-04 11:27:15,496 - DVPTest - INFO - 切换主题为: light
2026-09-04 11:27:15,520 - DVPTest - DEBUG - 发出 sig_data: t=41.254, p=349.00
2026-09-04 11:27:15,524 - DVPTest - DEBUG - process_data: t=41.25, p=349.0, v=0.000, a=0.0, phase=INFLATING
2026-09-04 11:27:15,524 - DVPTest - DEBUG - 物理分类结果: STABLE
2026-09-04 11:27:15,524 - DVPTest - DEBUG - [UI] _on_plot_update 收到 412 个数据点
2026-09-04 11:27:15,525 - DVPTest - INFO - [串口] cuff=349 mmHg
2026-09-04 11:27:15,625 - DVPTest - DEBUG - 发出 sig_data: t=41.359, p=349.00
2026-09-04 11:27:15,626 - DVPTest - DEBUG - process_data: t=41.36, p=349.0, v=0.000, a=0.0, phase=INFLATING
2026-09-04 11:27:15,626 - DVPTest - DEBUG - 物理分类结果: STABLE
2026-09-04 11:27:15,627 - DVPTest - DEBUG - [UI] _on_plot_update 收到 413 个数据点
2026-09-04 11:27:15,631 - DVPTest - INFO - [串口] cuff=349 mmHg
2026-09-04 11:27:15,720 - DVPTest - DEBUG - 发出 sig_data: t=41.455, p=349.00
2026-09-04 11:27:15,721 - DVPTest - DEBUG - process_data: t=41.45, p=349.0, v=0.000, a=0.0, phase=INFLATING
2026-09-04 11:27:15,721 - DVPTest - DEBUG - 物理分类结果: STABLE
2026-09-04 11:27:15,722 - DVPTest - DEBUG - [UI] _on_plot_update 收到 414 个数据点
2026-09-04 11:27:15,726 - DVPTest - INFO - [串口] cuff=349 mmHg
2026-09-04 11:27:15,816 - DVPTest - DEBUG - 发出 sig_data: t=41.550, p=349.00
2026-09-04 11:27:15,816 - DVPTest - DEBUG - process_data: t=41.55, p=349.0, v=0.000, a=0.0, phase=INFLATING
2026-09-04 11:27:15,816 - DVPTest - DEBUG - 物理分类结果: STABLE
2026-09-04 11:27:15,816 - DVPTest - DEBUG - [UI] _on_plot_update 收到 415 个数据点
2026-09-04 11:27:15,818 - DVPTest - INFO - [串口] cuff=349 mmHg
2026-09-04 11:27:15,912 - DVPTest - DEBUG - 发出 sig_data: t=41.647, p=349.00
2026-09-04 11:27:15,913 - DVPTest - DEBUG - process_data: t=41.65, p=349.0, v=0.000, a=0.0, phase=INFLATING
2026-09-04 11:27:15,913 - DVPTest - DEBUG - 物理分类结果: STABLE
2026-09-04 11:27:15,914 - DVPTest - DEBUG - [UI] _on_plot_update 收到 416 个数据点
2026-09-04 11:27:15,917 - DVPTest - INFO - [串口] cuff=349 mmHg
2026-09-04 11:27:16,024 - DVPTest - DEBUG - 发出 sig_data: t=41.758, p=349.00
2026-09-04 11:27:16,024 - DVPTest - DEBUG - process_data: t=41.76, p=349.0, v=0.000, a=0.0, phase=INFLATING
2026-09-04 11:27:16,024 - DVPTest - DEBUG - 物理分类结果: STABLE
2026-09-04 11:27:16,024 - DVPTest - DEBUG - [UI] _on_plot_update 收到 417 个数据点
2026-09-04 11:27:16,026 - DVPTest - INFO - [串口] cuff=349 mmHg
2026-09-04 11:27:16,120 - DVPTest - DEBUG - 发出 sig_data: t=41.855, p=349.00
2026-09-04 11:27:16,121 - DVPTest - DEBUG - process_data: t=41.85, p=349.0, v=0.000, a=0.0, phase=INFLATING
2026-09-04 11:27:16,121 - DVPTest - DEBUG - 物理分类结果: STABLE
2026-09-04 11:27:16,122 - DVPTest - DEBUG - [UI] _on_plot_update 收到 418 个数据点
2026-09-04 11:27:16,125 - DVPTest - INFO - [串口] cuff=349 mmHg
2026-09-04 11:27:16,216 - DVPTest - DEBUG - 发出 sig_data: t=41.951, p=349.00
2026-09-04 11:27:16,219 - DVPTest - DEBUG - process_data: t=41.95, p=349.0, v=0.000, a=0.0, phase=INFLATING
2026-09-04 11:27:16,219 - DVPTest - DEBUG - 物理分类结果: STABLE
2026-09-04 11:27:16,220 - DVPTest - DEBUG - [UI] _on_plot_update 收到 419 个数据点
2026-09-04 11:27:16,223 - DVPTest - INFO - [串口] cuff=349 mmHg
2026-09-04 11:27:16,280 - DVPTest - INFO - 切换主题为: dark
2026-09-04 11:27:16,311 - DVPTest - DEBUG - 发出 sig_data: t=42.046, p=349.00
2026-09-04 11:27:16,312 - DVPTest - DEBUG - process_data: t=42.05, p=349.0, v=0.000, a=0.0, phase=INFLATING
2026-09-04 11:27:16,312 - DVPTest - DEBUG - 物理分类结果: STABLE
2026-09-04 11:27:16,312 - DVPTest - DEBUG - [UI] _on_plot_update 收到 420 个数据点
2026-09-04 11:27:16,313 - DVPTest - INFO - [串口] cuff=349 mmHg
2026-09-04 11:27:16,423 - DVPTest - DEBUG - 发出 sig_data: t=42.158, p=349.00
2026-09-04 11:27:16,425 - DVPTest - DEBUG - process_data: t=42.16, p=349.0, v=0.000, a=0.0, phase=INFLATING
2026-09-04 11:27:16,425 - DVPTest - DEBUG - 物理分类结果: STABLE
2026-09-04 11:27:16,426 - DVPTest - DEBUG - [UI] _on_plot_update 收到 421 个数据点
2026-09-04 11:27:16,430 - DVPTest - INFO - [串口] cuff=349 mmHg
2026-09-04 11:27:16,519 - DVPTest - DEBUG - 发出 sig_data: t=42.253, p=349.00
2026-09-04 11:27:16,521 - DVPTest - DEBUG - process_data: t=42.25, p=349.0, v=0.000, a=0.0, phase=INFLATING
2026-09-04 11:27:16,522 - DVPTest - DEBUG - 物理分类结果: STABLE
2026-09-04 11:27:16,523 - DVPTest - DEBUG - [UI] _on_plot_update 收到 422 个数据点
2026-09-04 11:27:16,526 - DVPTest - INFO - [串口] cuff=349 mmHg
2026-09-04 11:27:16,615 - DVPTest - DEBUG - 发出 sig_data: t=42.350, p=349.00
2026-09-04 11:27:16,618 - DVPTest - DEBUG - process_data: t=42.35, p=349.0, v=0.000, a=0.0, phase=INFLATING
2026-09-04 11:27:16,618 - DVPTest - DEBUG - 物理分类结果: STABLE
2026-09-04 11:27:16,619 - DVPTest - DEBUG - [UI] _on_plot_update 收到 423 个数据点
2026-09-04 11:27:16,623 - DVPTest - INFO - [串口] cuff=349 mmHg
2026-09-04 11:27:16,711 - DVPTest - DEBUG - 发出 sig_data: t=42.446, p=349.00
2026-09-04 11:27:16,715 - DVPTest - DEBUG - process_data: t=42.45, p=349.0, v=0.000, a=0.0, phase=INFLATING
2026-09-04 11:27:16,715 - DVPTest - DEBUG - 物理分类结果: STABLE
2026-09-04 11:27:16,716 - DVPTest - DEBUG - [UI] _on_plot_update 收到 424 个数据点
2026-09-04 11:27:16,720 - DVPTest - INFO - [串口] cuff=349 mmHg
2026-09-04 11:27:16,823 - DVPTest - DEBUG - 发出 sig_data: t=42.557, p=349.00
2026-09-04 11:27:16,823 - DVPTest - DEBUG - process_data: t=42.56, p=349.0, v=0.000, a=0.0, phase=INFLATING
2026-09-04 11:27:16,823 - DVPTest - DEBUG - 物理分类结果: STABLE
2026-09-04 11:27:16,823 - DVPTest - DEBUG - [UI] _on_plot_update 收到 425 个数据点
2026-09-04 11:27:16,825 - DVPTest - INFO - [串口] cuff=349 mmHg
2026-09-04 11:27:16,919 - DVPTest - DEBUG - 发出 sig_data: t=42.653, p=349.00
2026-09-04 11:27:16,920 - DVPTest - DEBUG - process_data: t=42.65, p=349.0, v=0.000, a=0.0, phase=INFLATING
2026-09-04 11:27:16,921 - DVPTest - DEBUG - 物理分类结果: STABLE
2026-09-04 11:27:16,922 - DVPTest - DEBUG - [UI] _on_plot_update 收到 426 个数据点
2026-09-04 11:27:16,925 - DVPTest - INFO - [串口] cuff=349 mmHg
2026-09-04 11:27:17,015 - DVPTest - DEBUG - 发出 sig_data: t=42.750, p=349.00
2026-09-04 11:27:17,017 - DVPTest - DEBUG - process_data: t=42.75, p=349.0, v=0.000, a=0.0, phase=INFLATING
2026-09-04 11:27:17,018 - DVPTest - DEBUG - 物理分类结果: STABLE
2026-09-04 11:27:17,019 - DVPTest - DEBUG - [UI] _on_plot_update 收到 427 个数据点
2026-09-04 11:27:17,023 - DVPTest - INFO - [串口] cuff=349 mmHg
2026-09-04 11:27:17,126 - DVPTest - DEBUG - 发出 sig_data: t=42.860, p=347.00
2026-09-04 11:27:17,127 - DVPTest - DEBUG - process_data: t=42.86, p=347.0, v=-18.125, a=-164.3, phase=INFLATING
2026-09-04 11:27:17,127 - DVPTest - DEBUG - 物理分类结果: DEFLATING
2026-09-04 11:27:17,128 - DVPTest - DEBUG - [UI] _on_plot_update 收到 428 个数据点
2026-09-04 11:27:17,130 - DVPTest - INFO - [串口] cuff=347 mmHg
2026-09-04 11:27:17,222 - DVPTest - DEBUG - 发出 sig_data: t=42.957, p=348.00
2026-09-04 11:27:17,224 - DVPTest - DEBUG - process_data: t=42.96, p=348.0, v=10.264, a=291.4, phase=INFLATING
2026-09-04 11:27:17,226 - DVPTest - DEBUG - 物理分类结果: INFLATING
2026-09-04 11:27:17,227 - DVPTest - DEBUG - [UI] _on_plot_update 收到 429 个数据点
2026-09-04 11:27:17,231 - DVPTest - INFO - [串口] cuff=348 mmHg
2026-09-04 11:27:17,318 - DVPTest - DEBUG - 发出 sig_data: t=43.053, p=347.00
2026-09-04 11:27:17,319 - DVPTest - DEBUG - process_data: t=43.05, p=347.0, v=-10.501, a=-218.1, phase=INFLATING
2026-09-04 11:27:17,319 - DVPTest - DEBUG - 物理分类结果: DEFLATING
2026-09-04 11:27:17,320 - DVPTest - DEBUG - [UI] _on_plot_update 收到 430 个数据点
2026-09-04 11:27:17,322 - DVPTest - INFO - [串口] cuff=347 mmHg
2026-09-04 11:27:17,413 - DVPTest - DEBUG - 发出 sig_data: t=43.148, p=347.00
2026-09-04 11:27:17,416 - DVPTest - DEBUG - process_data: t=43.15, p=347.0, v=0.000, a=110.3, phase=INFLATING
2026-09-04 11:27:17,416 - DVPTest - DEBUG - 物理分类结果: STABLE
2026-09-04 11:27:17,417 - DVPTest - DEBUG - [UI] _on_plot_update 收到 431 个数据点
2026-09-04 11:27:17,420 - DVPTest - INFO - [串口] cuff=347 mmHg
2026-09-04 11:27:17,525 - DVPTest - DEBUG - 发出 sig_data: t=43.260, p=347.00
2026-09-04 11:27:17,526 - DVPTest - DEBUG - process_data: t=43.26, p=347.0, v=0.000, a=0.0, phase=INFLATING
2026-09-04 11:27:17,526 - DVPTest - DEBUG - 物理分类结果: STABLE
2026-09-04 11:27:17,527 - DVPTest - DEBUG - [UI] _on_plot_update 收到 432 个数据点
2026-09-04 11:27:17,531 - DVPTest - INFO - [串口] cuff=347 mmHg
2026-09-04 11:27:17,621 - DVPTest - DEBUG - 发出 sig_data: t=43.355, p=347.00
2026-09-04 11:27:17,621 - DVPTest - DEBUG - process_data: t=43.36, p=347.0, v=0.000, a=0.0, phase=INFLATING
2026-09-04 11:27:17,621 - DVPTest - DEBUG - 物理分类结果: STABLE
2026-09-04 11:27:17,621 - DVPTest - DEBUG - [UI] _on_plot_update 收到 433 个数据点
2026-09-04 11:27:17,622 - DVPTest - INFO - [串口] cuff=347 mmHg
2026-09-04 11:27:17,717 - DVPTest - DEBUG - 发出 sig_data: t=43.452, p=347.00
2026-09-04 11:27:17,719 - DVPTest - DEBUG - process_data: t=43.45, p=347.0, v=0.000, a=0.0, phase=INFLATING
2026-09-04 11:27:17,719 - DVPTest - DEBUG - 物理分类结果: STABLE
2026-09-04 11:27:17,720 - DVPTest - DEBUG - [UI] _on_plot_update 收到 434 个数据点
2026-09-04 11:27:17,724 - DVPTest - INFO - [串口] cuff=347 mmHg
2026-09-04 11:27:17,813 - DVPTest - DEBUG - 发出 sig_data: t=43.548, p=347.00
2026-09-04 11:27:17,814 - DVPTest - DEBUG - process_data: t=43.55, p=347.0, v=0.000, a=0.0, phase=INFLATING
2026-09-04 11:27:17,814 - DVPTest - DEBUG - 物理分类结果: STABLE
2026-09-04 11:27:17,815 - DVPTest - DEBUG - [UI] _on_plot_update 收到 435 个数据点
2026-09-04 11:27:17,818 - DVPTest - INFO - [串口] cuff=347 mmHg
2026-09-04 11:27:17,925 - DVPTest - DEBUG - 发出 sig_data: t=43.660, p=347.00
2026-09-04 11:27:17,928 - DVPTest - DEBUG - process_data: t=43.66, p=347.0, v=0.000, a=0.0, phase=INFLATING
2026-09-04 11:27:17,929 - DVPTest - DEBUG - 物理分类结果: STABLE
2026-09-04 11:27:17,930 - DVPTest - DEBUG - [UI] _on_plot_update 收到 436 个数据点
2026-09-04 11:27:17,934 - DVPTest - INFO - [串口] cuff=347 mmHg
2026-09-04 11:27:18,022 - DVPTest - DEBUG - 发出 sig_data: t=43.756, p=347.00
2026-09-04 11:27:18,024 - DVPTest - DEBUG - process_data: t=43.76, p=347.0, v=0.000, a=0.0, phase=INFLATING
2026-09-04 11:27:18,025 - DVPTest - DEBUG - 物理分类结果: STABLE
2026-09-04 11:27:18,026 - DVPTest - DEBUG - [UI] _on_plot_update 收到 437 个数据点
2026-09-04 11:27:18,031 - DVPTest - INFO - [串口] cuff=347 mmHg
2026-09-04 11:27:18,116 - DVPTest - DEBUG - 发出 sig_data: t=43.851, p=347.00
2026-09-04 11:27:18,118 - DVPTest - DEBUG - process_data: t=43.85, p=347.0, v=0.000, a=0.0, phase=INFLATING
2026-09-04 11:27:18,118 - DVPTest - DEBUG - 物理分类结果: STABLE
2026-09-04 11:27:18,119 - DVPTest - DEBUG - [UI] _on_plot_update 收到 438 个数据点
2026-09-04 11:27:18,123 - DVPTest - INFO - [串口] cuff=347 mmHg
2026-09-04 11:27:18,217 - DVPTest - INFO - 切换主题为: light
2026-09-04 11:27:18,230 - DVPTest - DEBUG - 发出 sig_data: t=43.965, p=346.00
2026-09-04 11:27:18,245 - DVPTest - DEBUG - process_data: t=43.97, p=346.0, v=-8.740, a=-76.4, phase=INFLATING
2026-09-04 11:27:18,246 - DVPTest - DEBUG - 物理分类结果: DEFLATING
2026-09-04 11:27:18,246 - DVPTest - DEBUG - [UI] _on_plot_update 收到 439 个数据点
2026-09-04 11:27:18,247 - DVPTest - INFO - [串口] cuff=346 mmHg
2026-09-04 11:27:18,324 - DVPTest - DEBUG - 发出 sig_data: t=44.059, p=346.00
2026-09-04 11:27:18,325 - DVPTest - DEBUG - process_data: t=44.06, p=346.0, v=0.000, a=93.3, phase=INFLATING
2026-09-04 11:27:18,325 - DVPTest - DEBUG - 物理分类结果: STABLE
2026-09-04 11:27:18,327 - DVPTest - DEBUG - [UI] _on_plot_update 收到 440 个数据点
2026-09-04 11:27:18,330 - DVPTest - INFO - [串口] cuff=346 mmHg
2026-09-04 11:27:18,421 - DVPTest - DEBUG - 发出 sig_data: t=44.155, p=347.00
2026-09-04 11:27:18,421 - DVPTest - DEBUG - process_data: t=44.16, p=347.0, v=10.393, a=108.0, phase=INFLATING
2026-09-04 11:27:18,421 - DVPTest - DEBUG - 物理分类结果: INFLATING
2026-09-04 11:27:18,422 - DVPTest - DEBUG - [UI] _on_plot_update 收到 441 个数据点
2026-09-04 11:27:18,424 - DVPTest - INFO - [串口] cuff=347 mmHg
2026-09-04 11:27:18,516 - DVPTest - DEBUG - 发出 sig_data: t=44.250, p=347.00
2026-09-04 11:27:18,517 - DVPTest - DEBUG - process_data: t=44.25, p=347.0, v=0.000, a=-109.3, phase=INFLATING
2026-09-04 11:27:18,517 - DVPTest - DEBUG - 物理分类结果: STABLE
2026-09-04 11:27:18,518 - DVPTest - DEBUG - [UI] _on_plot_update 收到 442 个数据点
2026-09-04 11:27:18,522 - DVPTest - INFO - [串口] cuff=347 mmHg
2026-09-04 11:27:18,612 - DVPTest - DEBUG - 发出 sig_data: t=44.346, p=347.00
2026-09-04 11:27:18,613 - DVPTest - DEBUG - process_data: t=44.35, p=347.0, v=0.000, a=0.0, phase=INFLATING
2026-09-04 11:27:18,613 - DVPTest - DEBUG - 物理分类结果: STABLE
2026-09-04 11:27:18,614 - DVPTest - DEBUG - [UI] _on_plot_update 收到 443 个数据点
2026-09-04 11:27:18,617 - DVPTest - INFO - [串口] cuff=347 mmHg
2026-09-04 11:27:18,724 - DVPTest - DEBUG - 发出 sig_data: t=44.458, p=346.00
2026-09-04 11:27:18,724 - DVPTest - DEBUG - process_data: t=44.46, p=346.0, v=-8.953, a=-80.2, phase=INFLATING
2026-09-04 11:27:18,724 - DVPTest - DEBUG - 物理分类结果: DEFLATING
2026-09-04 11:27:18,725 - DVPTest - DEBUG - [UI] _on_plot_update 收到 444 个数据点
2026-09-04 11:27:18,727 - DVPTest - INFO - [串口] cuff=346 mmHg
2026-09-04 11:27:18,820 - DVPTest - DEBUG - 发出 sig_data: t=44.554, p=347.00
2026-09-04 11:27:18,821 - DVPTest - DEBUG - process_data: t=44.55, p=347.0, v=10.367, a=200.3, phase=INFLATING
2026-09-04 11:27:18,821 - DVPTest - DEBUG - 物理分类结果: INFLATING
2026-09-04 11:27:18,822 - DVPTest - DEBUG - [UI] _on_plot_update 收到 445 个数据点
2026-09-04 11:27:18,826 - DVPTest - INFO - [串口] cuff=347 mmHg
2026-09-04 11:27:18,915 - DVPTest - DEBUG - 发出 sig_data: t=44.649, p=347.00
2026-09-04 11:27:18,916 - DVPTest - DEBUG - process_data: t=44.65, p=347.0, v=0.000, a=-109.2, phase=INFLATING
2026-09-04 11:27:18,916 - DVPTest - DEBUG - 物理分类结果: STABLE
2026-09-04 11:27:18,917 - DVPTest - DEBUG - [UI] _on_plot_update 收到 446 个数据点
2026-09-04 11:27:18,918 - DVPTest - INFO - [串口] cuff=347 mmHg
2026-09-04 11:27:18,999 - DVPTest - INFO - 切换主题为: dark
2026-09-04 11:27:19,014 - DVPTest - DEBUG - 发出 sig_data: t=44.748, p=346.00
2026-09-04 11:27:19,028 - DVPTest - DEBUG - process_data: t=44.75, p=346.0, v=-10.140, a=-102.8, phase=INFLATING
2026-09-04 11:27:19,028 - DVPTest - DEBUG - 物理分类结果: DEFLATING
2026-09-04 11:27:19,029 - DVPTest - DEBUG - [UI] _on_plot_update 收到 447 个数据点
2026-09-04 11:27:19,030 - DVPTest - INFO - [串口] cuff=346 mmHg
2026-09-04 11:27:19,123 - DVPTest - DEBUG - 发出 sig_data: t=44.858, p=346.00
2026-09-04 11:27:19,124 - DVPTest - DEBUG - process_data: t=44.86, p=346.0, v=0.000, a=92.5, phase=INFLATING
2026-09-04 11:27:19,124 - DVPTest - DEBUG - 物理分类结果: STABLE
2026-09-04 11:27:19,125 - DVPTest - DEBUG - [UI] _on_plot_update 收到 448 个数据点
2026-09-04 11:27:19,128 - DVPTest - INFO - [串口] cuff=346 mmHg
2026-09-04 11:27:19,219 - DVPTest - DEBUG - 发出 sig_data: t=44.954, p=347.00
2026-09-04 11:27:19,221 - DVPTest - DEBUG - process_data: t=44.95, p=347.0, v=10.383, a=107.8, phase=INFLATING
2026-09-04 11:27:19,221 - DVPTest - DEBUG - 物理分类结果: INFLATING
2026-09-04 11:27:19,222 - DVPTest - DEBUG - [UI] _on_plot_update 收到 449 个数据点
2026-09-04 11:27:19,226 - DVPTest - INFO - [串口] cuff=347 mmHg
2026-09-04 11:27:19,315 - DVPTest - DEBUG - 发出 sig_data: t=45.050, p=346.00
2026-09-04 11:27:19,316 - DVPTest - DEBUG - process_data: t=45.05, p=346.0, v=-10.455, a=-217.9, phase=INFLATING
2026-09-04 11:27:19,316 - DVPTest - DEBUG - 物理分类结果: DEFLATING
2026-09-04 11:27:19,317 - DVPTest - DEBUG - [UI] _on_plot_update 收到 450 个数据点
2026-09-04 11:27:19,320 - DVPTest - INFO - [串口] cuff=346 mmHg
2026-09-04 11:27:19,411 - DVPTest - DEBUG - 发出 sig_data: t=45.146, p=347.00
2026-09-04 11:27:19,412 - DVPTest - DEBUG - process_data: t=45.15, p=347.0, v=10.391, a=216.6, phase=INFLATING
2026-09-04 11:27:19,412 - DVPTest - DEBUG - 物理分类结果: INFLATING
2026-09-04 11:27:19,413 - DVPTest - DEBUG - [UI] _on_plot_update 收到 451 个数据点
2026-09-04 11:27:19,416 - DVPTest - INFO - [串口] cuff=347 mmHg
2026-09-04 11:27:19,523 - DVPTest - DEBUG - 发出 sig_data: t=45.258, p=347.00
2026-09-04 11:27:19,524 - DVPTest - DEBUG - process_data: t=45.26, p=347.0, v=0.000, a=-92.8, phase=INFLATING
2026-09-04 11:27:19,524 - DVPTest - DEBUG - 物理分类结果: STABLE
2026-09-04 11:27:19,525 - DVPTest - DEBUG - [UI] _on_plot_update 收到 452 个数据点
2026-09-04 11:27:19,529 - DVPTest - INFO - [串口] cuff=347 mmHg
2026-09-04 11:27:19,618 - DVPTest - DEBUG - 发出 sig_data: t=45.353, p=346.00
2026-09-04 11:27:19,620 - DVPTest - DEBUG - process_data: t=45.35, p=346.0, v=-10.495, a=-110.1, phase=INFLATING
2026-09-04 11:27:19,621 - DVPTest - DEBUG - 物理分类结果: DEFLATING
2026-09-04 11:27:19,622 - DVPTest - DEBUG - [UI] _on_plot_update 收到 453 个数据点
2026-09-04 11:27:19,625 - DVPTest - INFO - [串口] cuff=346 mmHg
2026-09-04 11:27:19,714 - DVPTest - DEBUG - 发出 sig_data: t=45.449, p=347.00
2026-09-04 11:27:19,715 - DVPTest - DEBUG - process_data: t=45.45, p=347.0, v=10.451, a=218.9, phase=INFLATING
2026-09-04 11:27:19,715 - DVPTest - DEBUG - 物理分类结果: INFLATING
2026-09-04 11:27:19,716 - DVPTest - DEBUG - [UI] _on_plot_update 收到 454 个数据点
2026-09-04 11:27:19,718 - DVPTest - INFO - [串口] cuff=347 mmHg
2026-09-04 11:27:19,826 - DVPTest - DEBUG - 发出 sig_data: t=45.560, p=347.00
2026-09-04 11:27:19,828 - DVPTest - DEBUG - process_data: t=45.56, p=347.0, v=0.000, a=-93.6, phase=INFLATING
2026-09-04 11:27:19,828 - DVPTest - DEBUG - 物理分类结果: STABLE
2026-09-04 11:27:19,830 - DVPTest - DEBUG - [UI] _on_plot_update 收到 455 个数据点
2026-09-04 11:27:19,833 - DVPTest - INFO - [串口] cuff=347 mmHg
2026-09-04 11:27:19,922 - DVPTest - DEBUG - 发出 sig_data: t=45.656, p=347.00
2026-09-04 11:27:19,923 - DVPTest - DEBUG - process_data: t=45.66, p=347.0, v=0.000, a=0.0, phase=INFLATING
2026-09-04 11:27:19,923 - DVPTest - DEBUG - 物理分类结果: STABLE
2026-09-04 11:27:19,924 - DVPTest - DEBUG - [UI] _on_plot_update 收到 456 个数据点
2026-09-04 11:27:19,926 - DVPTest - INFO - [串口] cuff=347 mmHg
2026-09-04 11:27:20,018 - DVPTest - DEBUG - 发出 sig_data: t=45.752, p=347.00
2026-09-04 11:27:20,018 - DVPTest - DEBUG - process_data: t=45.75, p=347.0, v=0.000, a=0.0, phase=INFLATING
2026-09-04 11:27:20,018 - DVPTest - DEBUG - 物理分类结果: STABLE
2026-09-04 11:27:20,018 - DVPTest - DEBUG - [UI] _on_plot_update 收到 457 个数据点
2026-09-04 11:27:20,020 - DVPTest - INFO - [串口] cuff=347 mmHg
2026-09-04 11:27:20,114 - DVPTest - DEBUG - 发出 sig_data: t=45.848, p=347.00
2026-09-04 11:27:20,115 - DVPTest - DEBUG - process_data: t=45.85, p=347.0, v=0.000, a=0.0, phase=INFLATING
2026-09-04 11:27:20,116 - DVPTest - DEBUG - 物理分类结果: STABLE
2026-09-04 11:27:20,117 - DVPTest - DEBUG - [UI] _on_plot_update 收到 458 个数据点
2026-09-04 11:27:20,121 - DVPTest - INFO - [串口] cuff=347 mmHg
2026-09-04 11:27:20,225 - DVPTest - DEBUG - 发出 sig_data: t=45.960, p=347.00
2026-09-04 11:27:20,227 - DVPTest - DEBUG - process_data: t=45.96, p=347.0, v=0.000, a=0.0, phase=INFLATING
2026-09-04 11:27:20,228 - DVPTest - DEBUG - 物理分类结果: STABLE
2026-09-04 11:27:20,229 - DVPTest - DEBUG - [UI] _on_plot_update 收到 459 个数据点
2026-09-04 11:27:20,232 - DVPTest - INFO - [串口] cuff=347 mmHg
2026-09-04 11:27:20,322 - DVPTest - DEBUG - 发出 sig_data: t=46.056, p=347.00
2026-09-04 11:27:20,322 - DVPTest - DEBUG - process_data: t=46.06, p=347.0, v=0.000, a=0.0, phase=INFLATING
2026-09-04 11:27:20,322 - DVPTest - DEBUG - 物理分类结果: STABLE
2026-09-04 11:27:20,323 - DVPTest - DEBUG - [UI] _on_plot_update 收到 460 个数据点
2026-09-04 11:27:20,324 - DVPTest - INFO - [串口] cuff=347 mmHg
2026-09-04 11:27:20,418 - DVPTest - DEBUG - 发出 sig_data: t=46.152, p=348.00
2026-09-04 11:27:20,419 - DVPTest - DEBUG - process_data: t=46.15, p=348.0, v=10.361, a=107.3, phase=INFLATING
2026-09-04 11:27:20,420 - DVPTest - DEBUG - 物理分类结果: INFLATING
2026-09-04 11:27:20,421 - DVPTest - DEBUG - [UI] _on_plot_update 收到 461 个数据点
2026-09-04 11:27:20,425 - DVPTest - INFO - [串口] cuff=348 mmHg
2026-09-04 11:27:20,513 - DVPTest - DEBUG - 发出 sig_data: t=46.248, p=348.00
2026-09-04 11:27:20,515 - DVPTest - DEBUG - process_data: t=46.25, p=348.0, v=0.000, a=-108.2, phase=INFLATING
2026-09-04 11:27:20,516 - DVPTest - DEBUG - 物理分类结果: STABLE
2026-09-04 11:27:20,518 - DVPTest - DEBUG - [UI] _on_plot_update 收到 462 个数据点
2026-09-04 11:27:20,521 - DVPTest - INFO - [串口] cuff=348 mmHg
2026-09-04 11:27:20,625 - DVPTest - DEBUG - 发出 sig_data: t=46.359, p=348.00
2026-09-04 11:27:20,625 - DVPTest - DEBUG - process_data: t=46.36, p=348.0, v=0.000, a=0.0, phase=INFLATING
2026-09-04 11:27:20,625 - DVPTest - DEBUG - 物理分类结果: STABLE
2026-09-04 11:27:20,625 - DVPTest - DEBUG - [UI] _on_plot_update 收到 463 个数据点
2026-09-04 11:27:20,627 - DVPTest - INFO - [串口] cuff=348 mmHg
2026-09-04 11:27:20,721 - DVPTest - DEBUG - 发出 sig_data: t=46.456, p=349.00
2026-09-04 11:27:20,724 - DVPTest - DEBUG - process_data: t=46.46, p=349.0, v=10.348, a=107.1, phase=INFLATING
2026-09-04 11:27:20,724 - DVPTest - DEBUG - 物理分类结果: INFLATING
2026-09-04 11:27:20,725 - DVPTest - DEBUG - [UI] _on_plot_update 收到 464 个数据点
2026-09-04 11:27:20,729 - DVPTest - INFO - [串口] cuff=349 mmHg
2026-09-04 11:27:20,817 - DVPTest - DEBUG - 发出 sig_data: t=46.551, p=349.00
2026-09-04 11:27:20,818 - DVPTest - DEBUG - process_data: t=46.55, p=349.0, v=0.000, a=-108.4, phase=INFLATING
2026-09-04 11:27:20,818 - DVPTest - DEBUG - 物理分类结果: STABLE
2026-09-04 11:27:20,819 - DVPTest - DEBUG - [UI] _on_plot_update 收到 465 个数据点
2026-09-04 11:27:20,820 - DVPTest - INFO - [串口] cuff=349 mmHg
2026-09-04 11:27:20,913 - DVPTest - DEBUG - 发出 sig_data: t=46.647, p=274.00
2026-09-04 11:27:20,916 - DVPTest - DEBUG - process_data: t=46.65, p=274.0, v=-781.150, a=-8135.9, phase=INFLATING
2026-09-04 11:27:20,916 - DVPTest - SUCCESS - ★ 泄气起始值 300.0 mmHg 真实穿越 @ 46.65s
2026-09-04 11:27:20,917 - DVPTest - DEBUG - 物理分类结果: DEFLATING
2026-09-04 11:27:20,917 - DVPTest - DEBUG - 有效泄气迹象，下降 75.0 mmHg，计数 1/3
2026-09-04 11:27:20,918 - DVPTest - DEBUG - [UI] _on_plot_update 收到 466 个数据点
2026-09-04 11:27:20,921 - DVPTest - INFO - [串口] cuff=274 mmHg
2026-09-04 11:27:21,024 - DVPTest - DEBUG - 发出 sig_data: t=46.759, p=226.00
2026-09-04 11:27:21,026 - DVPTest - DEBUG - process_data: t=46.76, p=226.0, v=-430.352, a=3145.1, phase=INFLATING
2026-09-04 11:27:21,028 - DVPTest - DEBUG - 物理分类结果: DEFLATING
2026-09-04 11:27:21,029 - DVPTest - DEBUG - 有效泄气迹象，下降 123.0 mmHg，计数 2/3
2026-09-04 11:27:21,029 - DVPTest - DEBUG - [UI] _on_plot_update 收到 467 个数据点
2026-09-04 11:27:21,033 - DVPTest - INFO - [串口] cuff=226 mmHg
2026-09-04 11:27:21,121 - DVPTest - DEBUG - 发出 sig_data: t=46.855, p=178.00
2026-09-04 11:27:21,121 - DVPTest - DEBUG - process_data: t=46.86, p=178.0, v=-498.755, a=-710.8, phase=INFLATING
2026-09-04 11:27:21,121 - DVPTest - SUCCESS - ★ 泄气中间值 200.0 mmHg 真实穿越 @ 46.86s
2026-09-04 11:27:21,121 - DVPTest - DEBUG - 物理分类结果: DEFLATING
2026-09-04 11:27:21,121 - DVPTest - DEBUG - 有效泄气迹象，下降 171.0 mmHg，计数 3/3
2026-09-04 11:27:21,121 - DVPTest - WARNING - INFLATING → DEFLATING（保底），泄气开始，当前压力 178.0 @ 46.86s
2026-09-04 11:27:21,122 - DVPTest - DEBUG - [UI] _on_plot_update 收到 468 个数据点
2026-09-04 11:27:21,124 - DVPTest - INFO - [串口] cuff=178 mmHg
2026-09-04 11:27:21,216 - DVPTest - DEBUG - 发出 sig_data: t=46.951, p=126.00
2026-09-04 11:27:21,217 - DVPTest - DEBUG - process_data: t=46.95, p=126.0, v=-542.971, a=-461.7, phase=DEFLATING
2026-09-04 11:27:21,217 - DVPTest - DEBUG - 物理分类结果: DEFLATING
2026-09-04 11:27:21,218 - DVPTest - DEBUG - [UI] _on_plot_update 收到 469 个数据点
2026-09-04 11:27:21,222 - DVPTest - INFO - [串口] cuff=126 mmHg
2026-09-04 11:27:21,313 - DVPTest - DEBUG - 发出 sig_data: t=47.047, p=77.00
2026-09-04 11:27:21,313 - DVPTest - DEBUG - process_data: t=47.05, p=77.0, v=-510.351, a=339.8, phase=DEFLATING
2026-09-04 11:27:21,313 - DVPTest - DEBUG - 物理分类结果: DEFLATING
2026-09-04 11:27:21,313 - DVPTest - DEBUG - [UI] _on_plot_update 收到 470 个数据点
2026-09-04 11:27:21,314 - DVPTest - INFO - [串口] cuff=77 mmHg
2026-09-04 11:27:21,424 - DVPTest - DEBUG - 发出 sig_data: t=47.159, p=41.00
2026-09-04 11:27:21,425 - DVPTest - DEBUG - process_data: t=47.16, p=41.0, v=-322.290, a=1683.6, phase=DEFLATING
2026-09-04 11:27:21,425 - DVPTest - DEBUG - 物理分类结果: DEFLATING
2026-09-04 11:27:21,426 - DVPTest - DEBUG - [UI] _on_plot_update 收到 471 个数据点
2026-09-04 11:27:21,429 - DVPTest - INFO - [串口] cuff=41 mmHg
2026-09-04 11:27:21,520 - DVPTest - DEBUG - 发出 sig_data: t=47.254, p=18.00
2026-09-04 11:27:21,521 - DVPTest - DEBUG - process_data: t=47.25, p=18.0, v=-240.912, a=852.4, phase=DEFLATING
2026-09-04 11:27:21,522 - DVPTest - DEBUG - 物理分类结果: DEFLATING
2026-09-04 11:27:21,523 - DVPTest - DEBUG - [UI] _on_plot_update 收到 472 个数据点
2026-09-04 11:27:21,526 - DVPTest - INFO - [串口] cuff=18 mmHg
2026-09-04 11:27:21,616 - DVPTest - DEBUG - 发出 sig_data: t=47.350, p=6.00
2026-09-04 11:27:21,616 - DVPTest - DEBUG - process_data: t=47.35, p=6.0, v=-125.163, a=1207.3, phase=DEFLATING
2026-09-04 11:27:21,616 - DVPTest - DEBUG - 物理分类结果: DEFLATING
2026-09-04 11:27:21,617 - DVPTest - DEBUG - [UI] _on_plot_update 收到 473 个数据点
2026-09-04 11:27:21,619 - DVPTest - INFO - [串口] cuff=6 mmHg
2026-09-04 11:27:21,711 - DVPTest - DEBUG - 发出 sig_data: t=47.446, p=1.00
2026-09-04 11:27:21,713 - DVPTest - DEBUG - process_data: t=47.45, p=1.0, v=-52.297, a=762.1, phase=DEFLATING
2026-09-04 11:27:21,714 - DVPTest - SUCCESS - ★ 泄气目标值 5.0 mmHg 真实穿越 @ 47.45s
2026-09-04 11:27:21,714 - DVPTest - INFO - 泄气结果输出（由目标值到达触发）: {'state': 'DONE', 'start': {'value': 300.0, 'time': 46.64729269966483, 'reached': True}, 'mid': {'value': 200.0, 'time': 46.85506899980828, 'reached': True}, 'target': {'value': 5.0, 'time': 47.445504500065, 'reached': True}, 'peak': {'value': 348.0, 'time': 31.438528399914503}, 'inflection': {'value': 348.0, 'time': 31.438528399914503, 'rate': -10.399064099379762, 'method': '速率+加速度'}}
2026-09-04 11:27:21,716 - DVPTest - SUCCESS - ★ 泄气结果已触发（目标到达）
2026-09-04 11:27:21,717 - DVPTest - DEBUG - 物理分类结果: DEFLATING
2026-09-04 11:27:21,718 - DVPTest - DEBUG - [UI] _on_plot_update 收到 474 个数据点
2026-09-04 11:27:21,721 - DVPTest - INFO - [串口] cuff=1 mmHg
2026-09-04 11:27:21,824 - DVPTest - DEBUG - 发出 sig_data: t=47.558, p=0.00
2026-09-04 11:27:21,825 - DVPTest - DEBUG - process_data: t=47.56, p=0.0, v=-8.868, a=385.1, phase=DEFLATING
2026-09-04 11:27:21,826 - DVPTest - DEBUG - 物理分类结果: DEFLATING
2026-09-04 11:27:21,827 - DVPTest - DEBUG - [UI] _on_plot_update 收到 475 个数据点
2026-09-04 11:27:21,830 - DVPTest - INFO - 泄气目标已到达，且压力达到 0.2 mmHg，暂停绘图更新
2026-09-04 11:27:21,832 - DVPTest - INFO - [串口] cuff=0 mmHg
2026-09-04 11:27:21,919 - DVPTest - DEBUG - 发出 sig_data: t=47.653, p=0.00
2026-09-04 11:27:21,920 - DVPTest - DEBUG - process_data: t=47.65, p=0.0, v=0.000, a=93.1, phase=DEFLATING
2026-09-04 11:27:21,920 - DVPTest - DEBUG - 物理分类结果: STABLE
2026-09-04 11:27:21,921 - DVPTest - INFO - DEFLATING → DONE，泄气完成
2026-09-04 11:27:21,922 - DVPTest - INFO - [串口] cuff=0 mmHg
2026-09-04 11:27:22,014 - DVPTest - DEBUG - 发出 sig_data: t=47.749, p=0.00
2026-09-04 11:27:22,017 - DVPTest - DEBUG - 阶段 DONE，忽略新数据 t=47.75
2026-09-04 11:27:22,017 - DVPTest - INFO - [串口] cuff=0 mmHg
2026-09-04 11:27:22,126 - DVPTest - DEBUG - 发出 sig_data: t=47.861, p=0.00
2026-09-04 11:27:22,127 - DVPTest - DEBUG - 阶段 DONE，忽略新数据 t=47.86
2026-09-04 11:27:22,127 - DVPTest - INFO - [串口] cuff=0 mmHg
2026-09-04 11:27:22,223 - DVPTest - DEBUG - 发出 sig_data: t=47.957, p=0.00
2026-09-04 11:27:22,223 - DVPTest - DEBUG - 阶段 DONE，忽略新数据 t=47.96
2026-09-04 11:27:22,223 - DVPTest - INFO - [串口] cuff=0 mmHg
2026-09-04 11:27:22,318 - DVPTest - DEBUG - 发出 sig_data: t=48.053, p=0.00
2026-09-04 11:27:22,320 - DVPTest - DEBUG - 阶段 DONE，忽略新数据 t=48.05
2026-09-04 11:27:22,321 - DVPTest - INFO - [串口] cuff=0 mmHg
2026-09-04 11:27:22,414 - DVPTest - DEBUG - 发出 sig_data: t=48.149, p=0.00
2026-09-04 11:27:22,415 - DVPTest - DEBUG - 阶段 DONE，忽略新数据 t=48.15
2026-09-04 11:27:22,415 - DVPTest - INFO - [串口] cuff=0 mmHg
2026-09-04 11:27:22,526 - DVPTest - DEBUG - 发出 sig_data: t=48.261, p=0.00
2026-09-04 11:27:22,527 - DVPTest - DEBUG - 阶段 DONE，忽略新数据 t=48.26
2026-09-04 11:27:22,527 - DVPTest - INFO - [串口] cuff=0 mmHg
2026-09-04 11:27:22,622 - DVPTest - DEBUG - 发出 sig_data: t=48.357, p=0.00
2026-09-04 11:27:22,624 - DVPTest - DEBUG - 阶段 DONE，忽略新数据 t=48.36
2026-09-04 11:27:22,624 - DVPTest - INFO - [串口] cuff=0 mmHg
2026-09-04 11:27:22,718 - DVPTest - DEBUG - 发出 sig_data: t=48.452, p=0.00
2026-09-04 11:27:22,718 - DVPTest - DEBUG - 阶段 DONE，忽略新数据 t=48.45
2026-09-04 11:27:22,718 - DVPTest - INFO - [串口] cuff=0 mmHg
2026-09-04 11:27:22,814 - DVPTest - DEBUG - 发出 sig_data: t=48.548, p=0.00
2026-09-04 11:27:22,815 - DVPTest - DEBUG - 阶段 DONE，忽略新数据 t=48.55
2026-09-04 11:27:22,815 - DVPTest - INFO - [串口] cuff=0 mmHg
2026-09-04 11:27:22,926 - DVPTest - DEBUG - 发出 sig_data: t=48.660, p=0.00
2026-09-04 11:27:22,926 - DVPTest - DEBUG - 阶段 DONE，忽略新数据 t=48.66
2026-09-04 11:27:22,926 - DVPTest - INFO - [串口] cuff=0 mmHg
2026-09-04 11:27:23,021 - DVPTest - DEBUG - 发出 sig_data: t=48.755, p=0.00
2026-09-04 11:27:23,022 - DVPTest - DEBUG - 阶段 DONE，忽略新数据 t=48.76
2026-09-04 11:27:23,022 - DVPTest - INFO - [串口] cuff=0 mmHg
2026-09-04 11:27:23,118 - DVPTest - DEBUG - 发出 sig_data: t=48.852, p=0.00
2026-09-04 11:27:23,118 - DVPTest - DEBUG - 阶段 DONE，忽略新数据 t=48.85
2026-09-04 11:27:23,118 - DVPTest - INFO - [串口] cuff=0 mmHg
2026-09-04 11:27:23,213 - DVPTest - DEBUG - 发出 sig_data: t=48.947, p=0.00
2026-09-04 11:27:23,213 - DVPTest - DEBUG - 阶段 DONE，忽略新数据 t=48.95
2026-09-04 11:27:23,213 - DVPTest - INFO - [串口] cuff=0 mmHg
2026-09-04 11:27:23,324 - DVPTest - DEBUG - 发出 sig_data: t=49.059, p=0.00
2026-09-04 11:27:23,325 - DVPTest - DEBUG - 阶段 DONE，忽略新数据 t=49.06
2026-09-04 11:27:23,325 - DVPTest - INFO - [串口] cuff=0 mmHg
2026-09-04 11:27:23,421 - DVPTest - DEBUG - 发出 sig_data: t=49.155, p=0.00
2026-09-04 11:27:23,422 - DVPTest - DEBUG - 阶段 DONE，忽略新数据 t=49.16
2026-09-04 11:27:23,422 - DVPTest - INFO - [串口] cuff=0 mmHg
2026-09-04 11:27:23,516 - DVPTest - DEBUG - 发出 sig_data: t=49.251, p=0.00
2026-09-04 11:27:23,517 - DVPTest - DEBUG - 阶段 DONE，忽略新数据 t=49.25
2026-09-04 11:27:23,517 - DVPTest - INFO - [串口] cuff=0 mmHg
2026-09-04 11:27:23,613 - DVPTest - DEBUG - 发出 sig_data: t=49.348, p=0.00
2026-09-04 11:27:23,616 - DVPTest - DEBUG - 阶段 DONE，忽略新数据 t=49.35
2026-09-04 11:27:23,616 - DVPTest - INFO - [串口] cuff=0 mmHg
2026-09-04 11:27:23,724 - DVPTest - DEBUG - 发出 sig_data: t=49.458, p=0.00
2026-09-04 11:27:23,725 - DVPTest - DEBUG - 阶段 DONE，忽略新数据 t=49.46
2026-09-04 11:27:23,725 - DVPTest - INFO - [串口] cuff=0 mmHg
2026-09-04 11:27:23,820 - DVPTest - DEBUG - 发出 sig_data: t=49.555, p=0.00
2026-09-04 11:27:23,822 - DVPTest - DEBUG - 阶段 DONE，忽略新数据 t=49.55
2026-09-04 11:27:23,822 - DVPTest - INFO - [串口] cuff=0 mmHg
2026-09-04 11:27:23,916 - DVPTest - DEBUG - 发出 sig_data: t=49.651, p=0.00
2026-09-04 11:27:23,919 - DVPTest - DEBUG - 阶段 DONE，忽略新数据 t=49.65
2026-09-04 11:27:23,919 - DVPTest - INFO - [串口] cuff=0 mmHg
2026-09-04 11:27:24,028 - DVPTest - DEBUG - 发出 sig_data: t=49.763, p=0.00
2026-09-04 11:27:24,029 - DVPTest - DEBUG - 阶段 DONE，忽略新数据 t=49.76
2026-09-04 11:27:24,029 - DVPTest - INFO - [串口] cuff=0 mmHg
2026-09-04 11:27:24,124 - DVPTest - DEBUG - 发出 sig_data: t=49.859, p=0.00
2026-09-04 11:27:24,127 - DVPTest - DEBUG - 阶段 DONE，忽略新数据 t=49.86
2026-09-04 11:27:24,130 - DVPTest - INFO - [串口] cuff=0 mmHg
2026-09-04 11:27:24,220 - DVPTest - DEBUG - 发出 sig_data: t=49.954, p=0.00
2026-09-04 11:27:24,221 - DVPTest - DEBUG - 阶段 DONE，忽略新数据 t=49.95
2026-09-04 11:27:24,221 - DVPTest - INFO - [串口] cuff=0 mmHg
2026-09-04 11:27:24,316 - DVPTest - DEBUG - 发出 sig_data: t=50.050, p=0.00
2026-09-04 11:27:24,317 - DVPTest - DEBUG - 阶段 DONE，忽略新数据 t=50.05
2026-09-04 11:27:24,317 - DVPTest - INFO - [串口] cuff=0 mmHg
2026-09-04 11:27:24,427 - DVPTest - DEBUG - 发出 sig_data: t=50.162, p=0.00
2026-09-04 11:27:24,430 - DVPTest - DEBUG - 阶段 DONE，忽略新数据 t=50.16
2026-09-04 11:27:24,431 - DVPTest - INFO - [串口] cuff=0 mmHg
2026-09-04 11:27:24,523 - DVPTest - DEBUG - 发出 sig_data: t=50.257, p=0.00
2026-09-04 11:27:24,524 - DVPTest - DEBUG - 阶段 DONE，忽略新数据 t=50.26
2026-09-04 11:27:24,524 - DVPTest - INFO - [串口] cuff=0 mmHg
2026-09-04 11:27:24,619 - DVPTest - DEBUG - 发出 sig_data: t=50.353, p=0.00
2026-09-04 11:27:24,621 - DVPTest - DEBUG - 阶段 DONE，忽略新数据 t=50.35
2026-09-04 11:27:24,622 - DVPTest - INFO - [串口] cuff=0 mmHg
2026-09-04 11:27:24,700 - DVPTest - INFO - 切换主题为: light
2026-09-04 11:27:24,715 - DVPTest - DEBUG - 发出 sig_data: t=50.450, p=0.00
2026-09-04 11:27:24,729 - DVPTest - DEBUG - 阶段 DONE，忽略新数据 t=50.45
2026-09-04 11:27:24,730 - DVPTest - INFO - [串口] cuff=0 mmHg
2026-09-04 11:27:24,826 - DVPTest - DEBUG - 发出 sig_data: t=50.561, p=0.00
2026-09-04 11:27:24,830 - DVPTest - DEBUG - 阶段 DONE，忽略新数据 t=50.56
2026-09-04 11:27:24,830 - DVPTest - INFO - [串口] cuff=0 mmHg
2026-09-04 11:27:24,923 - DVPTest - DEBUG - 发出 sig_data: t=50.657, p=0.00
2026-09-04 11:27:24,926 - DVPTest - DEBUG - 阶段 DONE，忽略新数据 t=50.66
2026-09-04 11:27:24,926 - DVPTest - INFO - [串口] cuff=0 mmHg
2026-09-04 11:27:25,018 - DVPTest - DEBUG - 发出 sig_data: t=50.752, p=0.00
2026-09-04 11:27:25,019 - DVPTest - DEBUG - 阶段 DONE，忽略新数据 t=50.75
2026-09-04 11:27:25,019 - DVPTest - INFO - [串口] cuff=0 mmHg
2026-09-04 11:27:25,130 - DVPTest - DEBUG - 发出 sig_data: t=50.864, p=0.00
2026-09-04 11:27:25,131 - DVPTest - DEBUG - 阶段 DONE，忽略新数据 t=50.86
2026-09-04 11:27:25,132 - DVPTest - INFO - [串口] cuff=0 mmHg
2026-09-04 11:27:25,226 - DVPTest - DEBUG - 发出 sig_data: t=50.961, p=0.00
2026-09-04 11:27:25,227 - DVPTest - DEBUG - 阶段 DONE，忽略新数据 t=50.96
2026-09-04 11:27:25,229 - DVPTest - INFO - [串口] cuff=0 mmHg
2026-09-04 11:27:25,322 - DVPTest - DEBUG - 发出 sig_data: t=51.057, p=0.00
2026-09-04 11:27:25,323 - DVPTest - DEBUG - 阶段 DONE，忽略新数据 t=51.06
2026-09-04 11:27:25,323 - DVPTest - INFO - [串口] cuff=0 mmHg
2026-09-04 11:27:25,418 - DVPTest - DEBUG - 发出 sig_data: t=51.152, p=0.00
2026-09-04 11:27:25,418 - DVPTest - DEBUG - 阶段 DONE，忽略新数据 t=51.15
2026-09-04 11:27:25,418 - DVPTest - INFO - [串口] cuff=0 mmHg
2026-09-04 11:27:25,530 - DVPTest - DEBUG - 发出 sig_data: t=51.264, p=0.00
2026-09-04 11:27:25,530 - DVPTest - DEBUG - 阶段 DONE，忽略新数据 t=51.26
2026-09-04 11:27:25,530 - DVPTest - INFO - [串口] cuff=0 mmHg
2026-09-04 11:27:25,600 - DVPTest - INFO - 切换主题为: dark
2026-09-04 11:27:25,633 - DVPTest - DEBUG - 发出 sig_data: t=51.367, p=0.00
2026-09-04 11:27:25,635 - DVPTest - DEBUG - 阶段 DONE，忽略新数据 t=51.37
2026-09-04 11:27:25,635 - DVPTest - INFO - [串口] cuff=0 mmHg
2026-09-04 11:27:25,721 - DVPTest - DEBUG - 发出 sig_data: t=51.456, p=0.00
2026-09-04 11:27:25,726 - DVPTest - DEBUG - 阶段 DONE，忽略新数据 t=51.46
2026-09-04 11:27:25,727 - DVPTest - INFO - [串口] cuff=0 mmHg
2026-09-04 11:27:25,817 - DVPTest - DEBUG - 发出 sig_data: t=51.552, p=0.00
2026-09-04 11:27:25,818 - DVPTest - DEBUG - 阶段 DONE，忽略新数据 t=51.55
2026-09-04 11:27:25,818 - DVPTest - INFO - [串口] cuff=0 mmHg
2026-09-04 11:27:25,929 - DVPTest - DEBUG - 发出 sig_data: t=51.664, p=0.00
2026-09-04 11:27:25,932 - DVPTest - DEBUG - 阶段 DONE，忽略新数据 t=51.66
2026-09-04 11:27:25,933 - DVPTest - INFO - [串口] cuff=0 mmHg
2026-09-04 11:27:26,025 - DVPTest - DEBUG - 发出 sig_data: t=51.759, p=0.00
2026-09-04 11:27:26,026 - DVPTest - DEBUG - 阶段 DONE，忽略新数据 t=51.76
2026-09-04 11:27:26,028 - DVPTest - INFO - [串口] cuff=0 mmHg
2026-09-04 11:27:26,120 - DVPTest - DEBUG - 发出 sig_data: t=51.855, p=0.00
2026-09-04 11:27:26,121 - DVPTest - DEBUG - 阶段 DONE，忽略新数据 t=51.85
2026-09-04 11:27:26,121 - DVPTest - INFO - [串口] cuff=0 mmHg
2026-09-04 11:27:26,217 - DVPTest - DEBUG - 发出 sig_data: t=51.951, p=0.00
2026-09-04 11:27:26,218 - DVPTest - DEBUG - 阶段 DONE，忽略新数据 t=51.95
2026-09-04 11:27:26,218 - DVPTest - INFO - [串口] cuff=0 mmHg
2026-09-04 11:27:26,329 - DVPTest - DEBUG - 发出 sig_data: t=52.063, p=0.00
2026-09-04 11:27:26,330 - DVPTest - DEBUG - 阶段 DONE，忽略新数据 t=52.06
2026-09-04 11:27:26,330 - DVPTest - INFO - [串口] cuff=0 mmHg
2026-09-04 11:27:26,424 - DVPTest - DEBUG - 发出 sig_data: t=52.158, p=0.00
2026-09-04 11:27:26,425 - DVPTest - DEBUG - 阶段 DONE，忽略新数据 t=52.16
2026-09-04 11:27:26,425 - DVPTest - INFO - [串口] cuff=0 mmHg
2026-09-04 11:27:26,520 - DVPTest - DEBUG - 发出 sig_data: t=52.254, p=0.00
2026-09-04 11:27:26,523 - DVPTest - DEBUG - 阶段 DONE，忽略新数据 t=52.25
2026-09-04 11:27:26,523 - DVPTest - INFO - [串口] cuff=0 mmHg
2026-09-04 11:27:26,632 - DVPTest - DEBUG - 发出 sig_data: t=52.367, p=0.00
2026-09-04 11:27:26,633 - DVPTest - DEBUG - 阶段 DONE，忽略新数据 t=52.37
2026-09-04 11:27:26,633 - DVPTest - INFO - [串口] cuff=0 mmHg
2026-09-04 11:27:26,728 - DVPTest - DEBUG - 发出 sig_data: t=52.462, p=0.00
2026-09-04 11:27:26,729 - DVPTest - DEBUG - 阶段 DONE，忽略新数据 t=52.46
2026-09-04 11:27:26,729 - DVPTest - INFO - [串口] cuff=0 mmHg
2026-09-04 11:27:26,824 - DVPTest - DEBUG - 发出 sig_data: t=52.558, p=0.00
2026-09-04 11:27:26,825 - DVPTest - DEBUG - 阶段 DONE，忽略新数据 t=52.56
2026-09-04 11:27:26,826 - DVPTest - INFO - [串口] cuff=0 mmHg
2026-09-04 11:27:26,919 - DVPTest - DEBUG - 发出 sig_data: t=52.654, p=0.00
2026-09-04 11:27:26,921 - DVPTest - DEBUG - 阶段 DONE，忽略新数据 t=52.65
2026-09-04 11:27:26,921 - DVPTest - INFO - [串口] cuff=0 mmHg
2026-09-04 11:27:27,032 - DVPTest - DEBUG - 发出 sig_data: t=52.766, p=0.00
2026-09-04 11:27:27,034 - DVPTest - DEBUG - 阶段 DONE，忽略新数据 t=52.77
2026-09-04 11:27:27,034 - DVPTest - INFO - [串口] cuff=0 mmHg
2026-09-04 11:27:27,127 - DVPTest - DEBUG - 发出 sig_data: t=52.861, p=0.00
2026-09-04 11:27:27,128 - DVPTest - DEBUG - 阶段 DONE，忽略新数据 t=52.86
2026-09-04 11:27:27,128 - DVPTest - INFO - [串口] cuff=0 mmHg
2026-09-04 11:27:27,223 - DVPTest - DEBUG - 发出 sig_data: t=52.957, p=0.00
2026-09-04 11:27:27,224 - DVPTest - DEBUG - 阶段 DONE，忽略新数据 t=52.96
2026-09-04 11:27:27,224 - DVPTest - INFO - [串口] cuff=0 mmHg
2026-09-04 11:27:27,319 - DVPTest - DEBUG - 发出 sig_data: t=53.053, p=0.00
2026-09-04 11:27:27,322 - DVPTest - DEBUG - 阶段 DONE，忽略新数据 t=53.05
2026-09-04 11:27:27,323 - DVPTest - INFO - [串口] cuff=0 mmHg
2026-09-04 11:27:27,430 - DVPTest - DEBUG - 发出 sig_data: t=53.165, p=0.00
2026-09-04 11:27:27,431 - DVPTest - DEBUG - 阶段 DONE，忽略新数据 t=53.16
2026-09-04 11:27:27,431 - DVPTest - INFO - [串口] cuff=0 mmHg
2026-09-04 11:27:27,527 - DVPTest - DEBUG - 发出 sig_data: t=53.261, p=0.00
2026-09-04 11:27:27,528 - DVPTest - DEBUG - 阶段 DONE，忽略新数据 t=53.26
2026-09-04 11:27:27,528 - DVPTest - INFO - [串口] cuff=0 mmHg
2026-09-04 11:27:27,623 - DVPTest - DEBUG - 发出 sig_data: t=53.357, p=0.00
2026-09-04 11:27:27,624 - DVPTest - DEBUG - 阶段 DONE，忽略新数据 t=53.36
2026-09-04 11:27:27,624 - DVPTest - INFO - [串口] cuff=0 mmHg
2026-09-04 11:27:27,718 - DVPTest - DEBUG - 发出 sig_data: t=53.453, p=0.00
2026-09-04 11:27:27,720 - DVPTest - DEBUG - 阶段 DONE，忽略新数据 t=53.45
2026-09-04 11:27:27,720 - DVPTest - INFO - [串口] cuff=0 mmHg
2026-09-04 11:27:27,830 - DVPTest - DEBUG - 发出 sig_data: t=53.564, p=0.00
2026-09-04 11:27:27,831 - DVPTest - DEBUG - 阶段 DONE，忽略新数据 t=53.56
2026-09-04 11:27:27,831 - DVPTest - INFO - [串口] cuff=0 mmHg
2026-09-04 11:27:27,926 - DVPTest - DEBUG - 发出 sig_data: t=53.660, p=0.00
2026-09-04 11:27:27,928 - DVPTest - DEBUG - 阶段 DONE，忽略新数据 t=53.66
2026-09-04 11:27:27,929 - DVPTest - INFO - [串口] cuff=0 mmHg
2026-09-04 11:27:28,022 - DVPTest - DEBUG - 发出 sig_data: t=53.756, p=0.00
2026-09-04 11:27:28,023 - DVPTest - DEBUG - 阶段 DONE，忽略新数据 t=53.76
2026-09-04 11:27:28,023 - DVPTest - INFO - [串口] cuff=0 mmHg
2026-09-04 11:27:28,118 - DVPTest - DEBUG - 发出 sig_data: t=53.853, p=0.00
2026-09-04 11:27:28,119 - DVPTest - DEBUG - 阶段 DONE，忽略新数据 t=53.85
2026-09-04 11:27:28,119 - DVPTest - INFO - [串口] cuff=0 mmHg
2026-09-04 11:27:28,229 - DVPTest - DEBUG - 发出 sig_data: t=53.964, p=0.00
2026-09-04 11:27:28,231 - DVPTest - DEBUG - 阶段 DONE，忽略新数据 t=53.96
2026-09-04 11:27:28,231 - DVPTest - INFO - [串口] cuff=0 mmHg
2026-09-04 11:27:28,325 - DVPTest - DEBUG - 发出 sig_data: t=54.060, p=0.00
2026-09-04 11:27:28,326 - DVPTest - DEBUG - 阶段 DONE，忽略新数据 t=54.06
2026-09-04 11:27:28,326 - DVPTest - INFO - [串口] cuff=0 mmHg
2026-09-04 11:27:28,422 - DVPTest - DEBUG - 发出 sig_data: t=54.156, p=0.00
2026-09-04 11:27:28,423 - DVPTest - DEBUG - 阶段 DONE，忽略新数据 t=54.16
2026-09-04 11:27:28,424 - DVPTest - INFO - [串口] cuff=0 mmHg
2026-09-04 11:27:28,533 - DVPTest - DEBUG - 发出 sig_data: t=54.267, p=0.00
2026-09-04 11:27:28,534 - DVPTest - DEBUG - 阶段 DONE，忽略新数据 t=54.27
2026-09-04 11:27:28,535 - DVPTest - INFO - [串口] cuff=0 mmHg
2026-09-04 11:27:28,630 - DVPTest - DEBUG - 发出 sig_data: t=54.364, p=0.00
2026-09-04 11:27:28,631 - DVPTest - DEBUG - 阶段 DONE，忽略新数据 t=54.36
2026-09-04 11:27:28,631 - DVPTest - INFO - [串口] cuff=0 mmHg
2026-09-04 11:27:28,726 - DVPTest - DEBUG - 发出 sig_data: t=54.460, p=0.00
2026-09-04 11:27:28,728 - DVPTest - DEBUG - 阶段 DONE，忽略新数据 t=54.46
2026-09-04 11:27:28,728 - DVPTest - INFO - [串口] cuff=0 mmHg
2026-09-04 11:27:28,820 - DVPTest - DEBUG - 发出 sig_data: t=54.555, p=0.00
2026-09-04 11:27:28,822 - DVPTest - DEBUG - 阶段 DONE，忽略新数据 t=54.55
2026-09-04 11:27:28,823 - DVPTest - INFO - [串口] cuff=0 mmHg
2026-09-04 11:27:28,872 - DVPTest - DEBUG - [TestManager] reset 完成
2026-09-04 11:27:28,872 - DVPTest - INFO - 数据已重置，绘图恢复
2026-09-04 11:27:28,874 - DVPTest - INFO - 数据已清空，波形已清屏（时间轴已归零）
2026-09-04 11:27:28,932 - DVPTest - DEBUG - 发出 sig_data: t=0.060, p=0.00
2026-09-04 11:27:28,933 - DVPTest - DEBUG - process_data: t=0.06, p=0.0, v=0.000, a=0.0, phase=IDLE
2026-09-04 11:27:28,933 - DVPTest - DEBUG - 充气峰值更新: 0.0 @ 0.06s
2026-09-04 11:27:28,933 - DVPTest - DEBUG - 物理分类结果: STABLE
2026-09-04 11:27:28,933 - DVPTest - DEBUG - [UI] _on_plot_update 收到 1 个数据点
2026-09-04 11:27:28,935 - DVPTest - INFO - [串口] cuff=0 mmHg
2026-09-04 11:27:29,029 - DVPTest - DEBUG - 发出 sig_data: t=0.157, p=0.00
2026-09-04 11:27:29,030 - DVPTest - DEBUG - process_data: t=0.16, p=0.0, v=0.000, a=0.0, phase=IDLE
2026-09-04 11:27:29,030 - DVPTest - DEBUG - 物理分类结果: STABLE
2026-09-04 11:27:29,031 - DVPTest - DEBUG - [UI] _on_plot_update 收到 2 个数据点
2026-09-04 11:27:29,034 - DVPTest - INFO - [串口] cuff=0 mmHg
2026-09-04 11:27:29,124 - DVPTest - DEBUG - 发出 sig_data: t=0.253, p=0.00
2026-09-04 11:27:29,125 - DVPTest - DEBUG - process_data: t=0.25, p=0.0, v=0.000, a=0.0, phase=IDLE
2026-09-04 11:27:29,125 - DVPTest - DEBUG - 物理分类结果: STABLE
2026-09-04 11:27:29,125 - DVPTest - DEBUG - [UI] _on_plot_update 收到 3 个数据点
2026-09-04 11:27:29,128 - DVPTest - INFO - [串口] cuff=0 mmHg
2026-09-04 11:27:29,220 - DVPTest - DEBUG - 发出 sig_data: t=0.348, p=0.00
2026-09-04 11:27:29,220 - DVPTest - DEBUG - process_data: t=0.35, p=0.0, v=0.000, a=0.0, phase=IDLE
2026-09-04 11:27:29,220 - DVPTest - DEBUG - 物理分类结果: STABLE
2026-09-04 11:27:29,220 - DVPTest - DEBUG - [UI] _on_plot_update 收到 4 个数据点
2026-09-04 11:27:29,221 - DVPTest - INFO - [串口] cuff=0 mmHg
2026-09-04 11:27:29,332 - DVPTest - DEBUG - 发出 sig_data: t=0.460, p=0.00
2026-09-04 11:27:29,333 - DVPTest - DEBUG - process_data: t=0.46, p=0.0, v=0.000, a=0.0, phase=IDLE
2026-09-04 11:27:29,334 - DVPTest - DEBUG - 物理分类结果: STABLE
2026-09-04 11:27:29,335 - DVPTest - DEBUG - [UI] _on_plot_update 收到 5 个数据点
2026-09-04 11:27:29,336 - DVPTest - INFO - [串口] cuff=0 mmHg
2026-09-04 11:27:29,428 - DVPTest - DEBUG - 发出 sig_data: t=0.556, p=0.00
2026-09-04 11:27:29,429 - DVPTest - DEBUG - process_data: t=0.56, p=0.0, v=0.000, a=0.0, phase=IDLE
2026-09-04 11:27:29,429 - DVPTest - DEBUG - 物理分类结果: STABLE
2026-09-04 11:27:29,429 - DVPTest - DEBUG - [UI] _on_plot_update 收到 6 个数据点
2026-09-04 11:27:29,430 - DVPTest - INFO - [串口] cuff=0 mmHg
2026-09-04 11:27:29,524 - DVPTest - DEBUG - 发出 sig_data: t=0.652, p=0.00
2026-09-04 11:27:29,525 - DVPTest - DEBUG - process_data: t=0.65, p=0.0, v=0.000, a=0.0, phase=IDLE
2026-09-04 11:27:29,525 - DVPTest - DEBUG - 物理分类结果: STABLE
2026-09-04 11:27:29,525 - DVPTest - DEBUG - [UI] _on_plot_update 收到 7 个数据点
2026-09-04 11:27:29,527 - DVPTest - INFO - [串口] cuff=0 mmHg
2026-09-04 11:27:29,620 - DVPTest - DEBUG - 发出 sig_data: t=0.748, p=0.00
2026-09-04 11:27:29,621 - DVPTest - DEBUG - process_data: t=0.75, p=0.0, v=0.000, a=0.0, phase=IDLE
2026-09-04 11:27:29,622 - DVPTest - DEBUG - 物理分类结果: STABLE
2026-09-04 11:27:29,623 - DVPTest - DEBUG - [UI] _on_plot_update 收到 8 个数据点
2026-09-04 11:27:29,627 - DVPTest - INFO - [串口] cuff=0 mmHg
2026-09-04 11:27:29,731 - DVPTest - DEBUG - 发出 sig_data: t=0.859, p=0.00
2026-09-04 11:27:29,732 - DVPTest - DEBUG - process_data: t=0.86, p=0.0, v=0.000, a=0.0, phase=IDLE
2026-09-04 11:27:29,732 - DVPTest - DEBUG - 物理分类结果: STABLE
2026-09-04 11:27:29,732 - DVPTest - DEBUG - [UI] _on_plot_update 收到 9 个数据点
2026-09-04 11:27:29,733 - DVPTest - INFO - [串口] cuff=0 mmHg
2026-09-04 11:27:29,827 - DVPTest - DEBUG - 发出 sig_data: t=0.955, p=0.00
2026-09-04 11:27:29,830 - DVPTest - DEBUG - process_data: t=0.96, p=0.0, v=0.000, a=0.0, phase=IDLE
2026-09-04 11:27:29,831 - DVPTest - DEBUG - 物理分类结果: STABLE
2026-09-04 11:27:29,831 - DVPTest - DEBUG - [UI] _on_plot_update 收到 10 个数据点
2026-09-04 11:27:29,834 - DVPTest - INFO - [串口] cuff=0 mmHg
2026-09-04 11:27:29,924 - DVPTest - DEBUG - 发出 sig_data: t=1.052, p=0.00
2026-09-04 11:27:29,925 - DVPTest - DEBUG - process_data: t=1.05, p=0.0, v=0.000, a=0.0, phase=IDLE
2026-09-04 11:27:29,925 - DVPTest - DEBUG - 物理分类结果: STABLE
2026-09-04 11:27:29,925 - DVPTest - DEBUG - [UI] _on_plot_update 收到 11 个数据点
2026-09-04 11:27:29,928 - DVPTest - INFO - [串口] cuff=0 mmHg
2026-09-04 11:27:30,019 - DVPTest - DEBUG - 发出 sig_data: t=1.148, p=0.00
2026-09-04 11:27:30,021 - DVPTest - DEBUG - process_data: t=1.15, p=0.0, v=0.000, a=0.0, phase=IDLE
2026-09-04 11:27:30,022 - DVPTest - DEBUG - 物理分类结果: STABLE
2026-09-04 11:27:30,023 - DVPTest - DEBUG - [UI] _on_plot_update 收到 12 个数据点
2026-09-04 11:27:30,026 - DVPTest - INFO - [串口] cuff=0 mmHg
2026-09-04 11:27:30,131 - DVPTest - DEBUG - 发出 sig_data: t=1.259, p=0.00
2026-09-04 11:27:30,132 - DVPTest - DEBUG - process_data: t=1.26, p=0.0, v=0.000, a=0.0, phase=IDLE
2026-09-04 11:27:30,133 - DVPTest - DEBUG - 物理分类结果: STABLE
2026-09-04 11:27:30,133 - DVPTest - DEBUG - [UI] _on_plot_update 收到 13 个数据点
2026-09-04 11:27:30,134 - DVPTest - INFO - [串口] cuff=0 mmHg
2026-09-04 11:27:30,227 - DVPTest - DEBUG - 发出 sig_data: t=1.355, p=0.00
2026-09-04 11:27:30,227 - DVPTest - DEBUG - process_data: t=1.35, p=0.0, v=0.000, a=0.0, phase=IDLE
2026-09-04 11:27:30,227 - DVPTest - DEBUG - 物理分类结果: STABLE
2026-09-04 11:27:30,227 - DVPTest - DEBUG - [UI] _on_plot_update 收到 14 个数据点
2026-09-04 11:27:30,228 - DVPTest - INFO - [串口] cuff=0 mmHg
2026-09-04 11:27:30,323 - DVPTest - DEBUG - 发出 sig_data: t=1.451, p=0.00
2026-09-04 11:27:30,324 - DVPTest - DEBUG - process_data: t=1.45, p=0.0, v=0.000, a=0.0, phase=IDLE
2026-09-04 11:27:30,324 - DVPTest - DEBUG - 物理分类结果: STABLE
2026-09-04 11:27:30,324 - DVPTest - DEBUG - [UI] _on_plot_update 收到 15 个数据点
2026-09-04 11:27:30,325 - DVPTest - INFO - [串口] cuff=0 mmHg
2026-09-04 11:27:30,433 - DVPTest - DEBUG - 发出 sig_data: t=1.562, p=0.00
2026-09-04 11:27:30,437 - DVPTest - DEBUG - process_data: t=1.56, p=0.0, v=0.000, a=0.0, phase=IDLE
2026-09-04 11:27:30,437 - DVPTest - DEBUG - 物理分类结果: STABLE
2026-09-04 11:27:30,438 - DVPTest - DEBUG - [UI] _on_plot_update 收到 16 个数据点
2026-09-04 11:27:30,440 - DVPTest - INFO - [串口] cuff=0 mmHg
2026-09-04 11:27:30,530 - DVPTest - DEBUG - 发出 sig_data: t=1.658, p=0.00
2026-09-04 11:27:30,531 - DVPTest - DEBUG - process_data: t=1.66, p=0.0, v=0.000, a=0.0, phase=IDLE
2026-09-04 11:27:30,531 - DVPTest - DEBUG - 物理分类结果: STABLE
2026-09-04 11:27:30,532 - DVPTest - DEBUG - [UI] _on_plot_update 收到 17 个数据点
2026-09-04 11:27:30,533 - DVPTest - INFO - [串口] cuff=0 mmHg
2026-09-04 11:27:30,627 - DVPTest - DEBUG - 发出 sig_data: t=1.755, p=0.00
2026-09-04 11:27:30,628 - DVPTest - DEBUG - process_data: t=1.75, p=0.0, v=0.000, a=0.0, phase=IDLE
2026-09-04 11:27:30,629 - DVPTest - DEBUG - 物理分类结果: STABLE
2026-09-04 11:27:30,629 - DVPTest - DEBUG - [UI] _on_plot_update 收到 18 个数据点
2026-09-04 11:27:30,632 - DVPTest - INFO - [串口] cuff=0 mmHg
2026-09-04 11:27:30,723 - DVPTest - DEBUG - 发出 sig_data: t=1.851, p=0.00
2026-09-04 11:27:30,725 - DVPTest - DEBUG - process_data: t=1.85, p=0.0, v=0.000, a=0.0, phase=IDLE
2026-09-04 11:27:30,725 - DVPTest - DEBUG - 物理分类结果: STABLE
2026-09-04 11:27:30,727 - DVPTest - DEBUG - [UI] _on_plot_update 收到 19 个数据点
2026-09-04 11:27:30,729 - DVPTest - INFO - [串口] cuff=0 mmHg
2026-09-04 11:27:30,834 - DVPTest - DEBUG - 发出 sig_data: t=1.962, p=0.00
2026-09-04 11:27:30,834 - DVPTest - DEBUG - process_data: t=1.96, p=0.0, v=0.000, a=0.0, phase=IDLE
2026-09-04 11:27:30,834 - DVPTest - DEBUG - 物理分类结果: STABLE
2026-09-04 11:27:30,834 - DVPTest - DEBUG - [UI] _on_plot_update 收到 20 个数据点
2026-09-04 11:27:30,836 - DVPTest - INFO - [串口] cuff=0 mmHg
2026-09-04 11:27:30,927 - DVPTest - INFO - 切换主题为: light
2026-09-04 11:27:30,945 - DVPTest - DEBUG - 发出 sig_data: t=2.073, p=0.00
2026-09-04 11:27:30,957 - DVPTest - DEBUG - process_data: t=2.07, p=0.0, v=0.000, a=0.0, phase=IDLE
2026-09-04 11:27:30,957 - DVPTest - DEBUG - 物理分类结果: STABLE
2026-09-04 11:27:30,958 - DVPTest - DEBUG - [UI] _on_plot_update 收到 21 个数据点
2026-09-04 11:27:30,958 - DVPTest - INFO - [串口] cuff=0 mmHg
2026-09-04 11:27:31,025 - DVPTest - DEBUG - 发出 sig_data: t=2.153, p=0.00
2026-09-04 11:27:31,026 - DVPTest - DEBUG - process_data: t=2.15, p=0.0, v=0.000, a=0.0, phase=IDLE
2026-09-04 11:27:31,027 - DVPTest - DEBUG - 物理分类结果: STABLE
2026-09-04 11:27:31,027 - DVPTest - DEBUG - [UI] _on_plot_update 收到 22 个数据点
2026-09-04 11:27:31,029 - DVPTest - INFO - [串口] cuff=0 mmHg
2026-09-04 11:27:31,122 - DVPTest - DEBUG - 发出 sig_data: t=2.250, p=0.00
2026-09-04 11:27:31,123 - DVPTest - DEBUG - process_data: t=2.25, p=0.0, v=0.000, a=0.0, phase=IDLE
2026-09-04 11:27:31,123 - DVPTest - DEBUG - 物理分类结果: STABLE
2026-09-04 11:27:31,123 - DVPTest - DEBUG - [UI] _on_plot_update 收到 23 个数据点
2026-09-04 11:27:31,124 - DVPTest - INFO - [串口] cuff=0 mmHg
2026-09-04 11:27:31,233 - DVPTest - DEBUG - 发出 sig_data: t=2.361, p=0.00
2026-09-04 11:27:31,233 - DVPTest - DEBUG - process_data: t=2.36, p=0.0, v=0.000, a=0.0, phase=IDLE
2026-09-04 11:27:31,233 - DVPTest - DEBUG - 物理分类结果: STABLE
2026-09-04 11:27:31,233 - DVPTest - DEBUG - [UI] _on_plot_update 收到 24 个数据点
2026-09-04 11:27:31,235 - DVPTest - INFO - [串口] cuff=0 mmHg
2026-09-04 11:27:31,329 - DVPTest - DEBUG - 发出 sig_data: t=2.457, p=0.00
2026-09-04 11:27:31,329 - DVPTest - DEBUG - process_data: t=2.46, p=0.0, v=0.000, a=0.0, phase=IDLE
2026-09-04 11:27:31,329 - DVPTest - DEBUG - 物理分类结果: STABLE
2026-09-04 11:27:31,329 - DVPTest - DEBUG - [UI] _on_plot_update 收到 25 个数据点
2026-09-04 11:27:31,331 - DVPTest - INFO - [串口] cuff=0 mmHg
2026-09-04 11:27:31,425 - DVPTest - DEBUG - 发出 sig_data: t=2.553, p=0.00
2026-09-04 11:27:31,425 - DVPTest - DEBUG - process_data: t=2.55, p=0.0, v=0.000, a=0.0, phase=IDLE
2026-09-04 11:27:31,425 - DVPTest - DEBUG - 物理分类结果: STABLE
2026-09-04 11:27:31,425 - DVPTest - DEBUG - [UI] _on_plot_update 收到 26 个数据点
2026-09-04 11:27:31,427 - DVPTest - INFO - [串口] cuff=0 mmHg
2026-09-04 11:27:31,521 - DVPTest - DEBUG - 发出 sig_data: t=2.649, p=0.00
2026-09-04 11:27:31,523 - DVPTest - DEBUG - process_data: t=2.65, p=0.0, v=0.000, a=0.0, phase=IDLE
2026-09-04 11:27:31,524 - DVPTest - DEBUG - 物理分类结果: STABLE
2026-09-04 11:27:31,525 - DVPTest - DEBUG - [UI] _on_plot_update 收到 27 个数据点
2026-09-04 11:27:31,528 - DVPTest - INFO - [串口] cuff=0 mmHg
2026-09-04 11:27:31,632 - DVPTest - DEBUG - 发出 sig_data: t=2.760, p=0.00
2026-09-04 11:27:31,633 - DVPTest - DEBUG - process_data: t=2.76, p=0.0, v=0.000, a=0.0, phase=IDLE
2026-09-04 11:27:31,633 - DVPTest - DEBUG - 物理分类结果: STABLE
2026-09-04 11:27:31,634 - DVPTest - DEBUG - [UI] _on_plot_update 收到 28 个数据点
2026-09-04 11:27:31,636 - DVPTest - INFO - [串口] cuff=0 mmHg
2026-09-04 11:27:31,729 - DVPTest - DEBUG - 发出 sig_data: t=2.857, p=0.00
2026-09-04 11:27:31,729 - DVPTest - DEBUG - process_data: t=2.86, p=0.0, v=0.000, a=0.0, phase=IDLE
2026-09-04 11:27:31,729 - DVPTest - DEBUG - 物理分类结果: STABLE
2026-09-04 11:27:31,729 - DVPTest - DEBUG - [UI] _on_plot_update 收到 29 个数据点
2026-09-04 11:27:31,730 - DVPTest - INFO - [串口] cuff=0 mmHg
2026-09-04 11:27:31,825 - DVPTest - DEBUG - 发出 sig_data: t=2.953, p=0.00
2026-09-04 11:27:31,825 - DVPTest - DEBUG - process_data: t=2.95, p=0.0, v=0.000, a=0.0, phase=IDLE
2026-09-04 11:27:31,825 - DVPTest - DEBUG - 物理分类结果: STABLE
2026-09-04 11:27:31,825 - DVPTest - DEBUG - [UI] _on_plot_update 收到 30 个数据点
2026-09-04 11:27:31,827 - DVPTest - INFO - [串口] cuff=0 mmHg
2026-09-04 11:27:31,920 - DVPTest - DEBUG - 发出 sig_data: t=3.048, p=0.00
2026-09-04 11:27:31,921 - DVPTest - DEBUG - process_data: t=3.05, p=0.0, v=0.000, a=0.0, phase=IDLE
2026-09-04 11:27:31,921 - DVPTest - DEBUG - 物理分类结果: STABLE
2026-09-04 11:27:31,922 - DVPTest - DEBUG - [UI] _on_plot_update 收到 31 个数据点
2026-09-04 11:27:31,924 - DVPTest - INFO - [串口] cuff=0 mmHg
2026-09-04 11:27:32,032 - DVPTest - DEBUG - 发出 sig_data: t=3.160, p=0.00
2026-09-04 11:27:32,033 - DVPTest - DEBUG - process_data: t=3.16, p=0.0, v=0.000, a=0.0, phase=IDLE
2026-09-04 11:27:32,033 - DVPTest - DEBUG - 物理分类结果: STABLE
2026-09-04 11:27:32,035 - DVPTest - DEBUG - [UI] _on_plot_update 收到 32 个数据点
2026-09-04 11:27:32,038 - DVPTest - INFO - [串口] cuff=0 mmHg
2026-09-04 11:27:32,127 - DVPTest - DEBUG - 发出 sig_data: t=3.255, p=0.00
2026-09-04 11:27:32,128 - DVPTest - DEBUG - process_data: t=3.26, p=0.0, v=0.000, a=0.0, phase=IDLE
2026-09-04 11:27:32,128 - DVPTest - DEBUG - 物理分类结果: STABLE
2026-09-04 11:27:32,128 - DVPTest - DEBUG - [UI] _on_plot_update 收到 33 个数据点
2026-09-04 11:27:32,129 - DVPTest - INFO - [串口] cuff=0 mmHg
2026-09-04 11:27:32,223 - DVPTest - DEBUG - 发出 sig_data: t=3.351, p=0.00
2026-09-04 11:27:32,225 - DVPTest - DEBUG - process_data: t=3.35, p=0.0, v=0.000, a=0.0, phase=IDLE
2026-09-04 11:27:32,225 - DVPTest - DEBUG - 物理分类结果: STABLE
2026-09-04 11:27:32,225 - DVPTest - DEBUG - [UI] _on_plot_update 收到 34 个数据点
2026-09-04 11:27:32,227 - DVPTest - INFO - [串口] cuff=0 mmHg
2026-09-04 11:27:32,335 - DVPTest - DEBUG - 发出 sig_data: t=3.463, p=0.00
2026-09-04 11:27:32,337 - DVPTest - DEBUG - process_data: t=3.46, p=0.0, v=0.000, a=0.0, phase=IDLE
2026-09-04 11:27:32,337 - DVPTest - DEBUG - 物理分类结果: STABLE
2026-09-04 11:27:32,338 - DVPTest - DEBUG - [UI] _on_plot_update 收到 35 个数据点
2026-09-04 11:27:32,341 - DVPTest - INFO - [串口] cuff=0 mmHg
2026-09-04 11:27:32,432 - DVPTest - DEBUG - 发出 sig_data: t=3.560, p=0.00
2026-09-04 11:27:32,432 - DVPTest - DEBUG - process_data: t=3.56, p=0.0, v=0.000, a=0.0, phase=IDLE
2026-09-04 11:27:32,432 - DVPTest - DEBUG - 物理分类结果: STABLE
2026-09-04 11:27:32,432 - DVPTest - DEBUG - [UI] _on_plot_update 收到 36 个数据点
2026-09-04 11:27:32,433 - DVPTest - INFO - [串口] cuff=0 mmHg
2026-09-04 11:27:32,527 - DVPTest - DEBUG - 发出 sig_data: t=3.655, p=0.00
2026-09-04 11:27:32,528 - DVPTest - DEBUG - process_data: t=3.66, p=0.0, v=0.000, a=0.0, phase=IDLE
2026-09-04 11:27:32,528 - DVPTest - DEBUG - 物理分类结果: STABLE
2026-09-04 11:27:32,529 - DVPTest - DEBUG - [UI] _on_plot_update 收到 37 个数据点
2026-09-04 11:27:32,531 - DVPTest - INFO - [串口] cuff=0 mmHg
2026-09-04 11:27:32,623 - DVPTest - DEBUG - 发出 sig_data: t=3.751, p=0.00
2026-09-04 11:27:32,624 - DVPTest - DEBUG - process_data: t=3.75, p=0.0, v=0.000, a=0.0, phase=IDLE
2026-09-04 11:27:32,624 - DVPTest - DEBUG - 物理分类结果: STABLE
2026-09-04 11:27:32,624 - DVPTest - DEBUG - [UI] _on_plot_update 收到 38 个数据点
2026-09-04 11:27:32,626 - DVPTest - INFO - [串口] cuff=0 mmHg
2026-09-04 11:27:32,734 - DVPTest - DEBUG - 发出 sig_data: t=3.863, p=0.00
2026-09-04 11:27:32,735 - DVPTest - DEBUG - process_data: t=3.86, p=0.0, v=0.000, a=0.0, phase=IDLE
2026-09-04 11:27:32,735 - DVPTest - DEBUG - 物理分类结果: STABLE
2026-09-04 11:27:32,735 - DVPTest - DEBUG - [UI] _on_plot_update 收到 39 个数据点
2026-09-04 11:27:32,737 - DVPTest - INFO - [串口] cuff=0 mmHg
2026-09-04 11:27:32,833 - DVPTest - DEBUG - 发出 sig_data: t=3.961, p=0.00
2026-09-04 11:27:32,834 - DVPTest - DEBUG - process_data: t=3.96, p=0.0, v=0.000, a=0.0, phase=IDLE
2026-09-04 11:27:32,834 - DVPTest - DEBUG - 物理分类结果: STABLE
2026-09-04 11:27:32,835 - DVPTest - DEBUG - [UI] _on_plot_update 收到 40 个数据点
2026-09-04 11:27:32,838 - DVPTest - INFO - [串口] cuff=0 mmHg
2026-09-04 11:27:32,926 - DVPTest - DEBUG - 发出 sig_data: t=4.054, p=0.00
2026-09-04 11:27:32,927 - DVPTest - DEBUG - process_data: t=4.05, p=0.0, v=0.000, a=0.0, phase=IDLE
2026-09-04 11:27:32,927 - DVPTest - DEBUG - 物理分类结果: STABLE
2026-09-04 11:27:32,927 - DVPTest - DEBUG - [UI] _on_plot_update 收到 41 个数据点
2026-09-04 11:27:32,928 - DVPTest - INFO - [串口] cuff=0 mmHg
2026-09-04 11:27:33,022 - DVPTest - DEBUG - 发出 sig_data: t=4.151, p=0.00
2026-09-04 11:27:33,024 - DVPTest - DEBUG - process_data: t=4.15, p=0.0, v=0.000, a=0.0, phase=IDLE
2026-09-04 11:27:33,025 - DVPTest - DEBUG - 物理分类结果: STABLE
2026-09-04 11:27:33,025 - DVPTest - DEBUG - [UI] _on_plot_update 收到 42 个数据点
2026-09-04 11:27:33,028 - DVPTest - INFO - [串口] cuff=0 mmHg
2026-09-04 11:27:33,135 - DVPTest - DEBUG - 发出 sig_data: t=4.263, p=0.00
2026-09-04 11:27:33,136 - DVPTest - DEBUG - process_data: t=4.26, p=0.0, v=0.000, a=0.0, phase=IDLE
2026-09-04 11:27:33,136 - DVPTest - DEBUG - 物理分类结果: STABLE
2026-09-04 11:27:33,137 - DVPTest - DEBUG - [UI] _on_plot_update 收到 43 个数据点
2026-09-04 11:27:33,140 - DVPTest - INFO - [串口] cuff=0 mmHg
2026-09-04 11:27:33,230 - DVPTest - DEBUG - 发出 sig_data: t=4.358, p=0.00
2026-09-04 11:27:33,231 - DVPTest - DEBUG - process_data: t=4.36, p=0.0, v=0.000, a=0.0, phase=IDLE
2026-09-04 11:27:33,231 - DVPTest - DEBUG - 物理分类结果: STABLE
2026-09-04 11:27:33,231 - DVPTest - DEBUG - [UI] _on_plot_update 收到 44 个数据点
2026-09-04 11:27:33,233 - DVPTest - INFO - [串口] cuff=0 mmHg
2026-09-04 11:27:33,326 - DVPTest - DEBUG - 发出 sig_data: t=4.455, p=0.00
2026-09-04 11:27:33,328 - DVPTest - DEBUG - process_data: t=4.45, p=0.0, v=0.000, a=0.0, phase=IDLE
2026-09-04 11:27:33,329 - DVPTest - DEBUG - 物理分类结果: STABLE
2026-09-04 11:27:33,329 - DVPTest - DEBUG - [UI] _on_plot_update 收到 45 个数据点
2026-09-04 11:27:33,332 - DVPTest - INFO - [串口] cuff=0 mmHg
2026-09-04 11:27:33,422 - DVPTest - DEBUG - 发出 sig_data: t=4.551, p=0.00
2026-09-04 11:27:33,424 - DVPTest - DEBUG - process_data: t=4.55, p=0.0, v=0.000, a=0.0, phase=IDLE
2026-09-04 11:27:33,425 - DVPTest - DEBUG - 物理分类结果: STABLE
2026-09-04 11:27:33,425 - DVPTest - DEBUG - [UI] _on_plot_update 收到 46 个数据点
2026-09-04 11:27:33,428 - DVPTest - INFO - [串口] cuff=0 mmHg
2026-09-04 11:27:33,533 - DVPTest - DEBUG - 发出 sig_data: t=4.661, p=0.00
2026-09-04 11:27:33,534 - DVPTest - DEBUG - process_data: t=4.66, p=0.0, v=0.000, a=0.0, phase=IDLE
2026-09-04 11:27:33,534 - DVPTest - DEBUG - 物理分类结果: STABLE
2026-09-04 11:27:33,534 - DVPTest - DEBUG - [UI] _on_plot_update 收到 47 个数据点
2026-09-04 11:27:33,536 - DVPTest - INFO - [串口] cuff=0 mmHg
2026-09-04 11:27:33,630 - DVPTest - DEBUG - 发出 sig_data: t=4.758, p=0.00
2026-09-04 11:27:33,631 - DVPTest - DEBUG - process_data: t=4.76, p=0.0, v=0.000, a=0.0, phase=IDLE
2026-09-04 11:27:33,631 - DVPTest - DEBUG - 物理分类结果: STABLE
2026-09-04 11:27:33,633 - DVPTest - DEBUG - [UI] _on_plot_update 收到 48 个数据点
2026-09-04 11:27:33,635 - DVPTest - INFO - [串口] cuff=0 mmHg
2026-09-04 11:27:33,726 - DVPTest - DEBUG - 发出 sig_data: t=4.854, p=0.00
2026-09-04 11:27:33,726 - DVPTest - DEBUG - process_data: t=4.85, p=0.0, v=0.000, a=0.0, phase=IDLE
2026-09-04 11:27:33,726 - DVPTest - DEBUG - 物理分类结果: STABLE
2026-09-04 11:27:33,727 - DVPTest - DEBUG - [UI] _on_plot_update 收到 49 个数据点
2026-09-04 11:27:33,728 - DVPTest - INFO - [串口] cuff=0 mmHg
2026-09-04 11:27:33,821 - DVPTest - DEBUG - 发出 sig_data: t=4.949, p=0.00
2026-09-04 11:27:33,823 - DVPTest - DEBUG - process_data: t=4.95, p=0.0, v=0.000, a=0.0, phase=IDLE
2026-09-04 11:27:33,823 - DVPTest - DEBUG - 物理分类结果: STABLE
2026-09-04 11:27:33,824 - DVPTest - DEBUG - [UI] _on_plot_update 收到 50 个数据点
2026-09-04 11:27:33,827 - DVPTest - INFO - [串口] cuff=0 mmHg
2026-09-04 11:27:33,933 - DVPTest - DEBUG - 发出 sig_data: t=5.061, p=0.00
2026-09-04 11:27:33,934 - DVPTest - DEBUG - process_data: t=5.06, p=0.0, v=0.000, a=0.0, phase=IDLE
2026-09-04 11:27:33,934 - DVPTest - DEBUG - 物理分类结果: STABLE
2026-09-04 11:27:33,934 - DVPTest - DEBUG - [UI] _on_plot_update 收到 51 个数据点
2026-09-04 11:27:33,936 - DVPTest - INFO - [串口] cuff=0 mmHg
2026-09-04 11:27:34,029 - DVPTest - DEBUG - 发出 sig_data: t=5.157, p=0.00
2026-09-04 11:27:34,030 - DVPTest - DEBUG - process_data: t=5.16, p=0.0, v=0.000, a=0.0, phase=IDLE
2026-09-04 11:27:34,030 - DVPTest - DEBUG - 物理分类结果: STABLE
2026-09-04 11:27:34,031 - DVPTest - DEBUG - [UI] _on_plot_update 收到 52 个数据点
2026-09-04 11:27:34,034 - DVPTest - INFO - [串口] cuff=0 mmHg
2026-09-04 11:27:34,124 - DVPTest - DEBUG - 发出 sig_data: t=5.252, p=0.00
2026-09-04 11:27:34,126 - DVPTest - DEBUG - process_data: t=5.25, p=0.0, v=0.000, a=0.0, phase=IDLE
2026-09-04 11:27:34,127 - DVPTest - DEBUG - 物理分类结果: STABLE
2026-09-04 11:27:34,127 - DVPTest - DEBUG - [UI] _on_plot_update 收到 53 个数据点
2026-09-04 11:27:34,130 - DVPTest - INFO - [串口] cuff=0 mmHg
2026-09-04 11:27:34,221 - DVPTest - DEBUG - 发出 sig_data: t=5.349, p=0.00
2026-09-04 11:27:34,221 - DVPTest - DEBUG - process_data: t=5.35, p=0.0, v=0.000, a=0.0, phase=IDLE
2026-09-04 11:27:34,221 - DVPTest - DEBUG - 物理分类结果: STABLE
2026-09-04 11:27:34,221 - DVPTest - DEBUG - [UI] _on_plot_update 收到 54 个数据点
2026-09-04 11:27:34,223 - DVPTest - INFO - [串口] cuff=0 mmHg
2026-09-04 11:27:34,332 - DVPTest - DEBUG - 发出 sig_data: t=5.460, p=0.00
2026-09-04 11:27:34,334 - DVPTest - DEBUG - process_data: t=5.46, p=0.0, v=0.000, a=0.0, phase=IDLE
2026-09-04 11:27:34,335 - DVPTest - DEBUG - 物理分类结果: STABLE
2026-09-04 11:27:34,335 - DVPTest - DEBUG - [UI] _on_plot_update 收到 55 个数据点
2026-09-04 11:27:34,338 - DVPTest - INFO - [串口] cuff=0 mmHg
2026-09-04 11:27:34,428 - DVPTest - DEBUG - 发出 sig_data: t=5.556, p=0.00
2026-09-04 11:27:34,428 - DVPTest - DEBUG - process_data: t=5.56, p=0.0, v=0.000, a=0.0, phase=IDLE
2026-09-04 11:27:34,428 - DVPTest - DEBUG - 物理分类结果: STABLE
2026-09-04 11:27:34,428 - DVPTest - DEBUG - [UI] _on_plot_update 收到 56 个数据点
2026-09-04 11:27:34,430 - DVPTest - INFO - [串口] cuff=0 mmHg
2026-09-04 11:27:34,524 - DVPTest - DEBUG - 发出 sig_data: t=5.652, p=0.00
2026-09-04 11:27:34,525 - DVPTest - DEBUG - process_data: t=5.65, p=0.0, v=0.000, a=0.0, phase=IDLE
2026-09-04 11:27:34,525 - DVPTest - DEBUG - 物理分类结果: STABLE
2026-09-04 11:27:34,526 - DVPTest - DEBUG - [UI] _on_plot_update 收到 57 个数据点
2026-09-04 11:27:34,527 - DVPTest - INFO - [串口] cuff=0 mmHg
2026-09-04 11:27:34,635 - DVPTest - DEBUG - 发出 sig_data: t=5.763, p=0.00
2026-09-04 11:27:34,636 - DVPTest - DEBUG - process_data: t=5.76, p=0.0, v=0.000, a=0.0, phase=IDLE
2026-09-04 11:27:34,636 - DVPTest - DEBUG - 物理分类结果: STABLE
2026-09-04 11:27:34,637 - DVPTest - DEBUG - [UI] _on_plot_update 收到 58 个数据点
2026-09-04 11:27:34,639 - DVPTest - INFO - [串口] cuff=0 mmHg
2026-09-04 11:27:34,732 - DVPTest - DEBUG - 发出 sig_data: t=5.860, p=0.00
2026-09-04 11:27:34,733 - DVPTest - DEBUG - process_data: t=5.86, p=0.0, v=0.000, a=0.0, phase=IDLE
2026-09-04 11:27:34,733 - DVPTest - DEBUG - 物理分类结果: STABLE
2026-09-04 11:27:34,733 - DVPTest - DEBUG - [UI] _on_plot_update 收到 59 个数据点
2026-09-04 11:27:34,734 - DVPTest - INFO - [串口] cuff=0 mmHg
2026-09-04 11:27:34,828 - DVPTest - DEBUG - 发出 sig_data: t=5.956, p=0.00
2026-09-04 11:27:34,829 - DVPTest - DEBUG - process_data: t=5.96, p=0.0, v=0.000, a=0.0, phase=IDLE
2026-09-04 11:27:34,829 - DVPTest - DEBUG - 物理分类结果: STABLE
2026-09-04 11:27:34,830 - DVPTest - DEBUG - [UI] _on_plot_update 收到 60 个数据点
2026-09-04 11:27:34,833 - DVPTest - INFO - [串口] cuff=0 mmHg
2026-09-04 11:27:34,924 - DVPTest - DEBUG - 发出 sig_data: t=6.052, p=0.00
2026-09-04 11:27:34,925 - DVPTest - DEBUG - process_data: t=6.05, p=0.0, v=0.000, a=0.0, phase=IDLE
2026-09-04 11:27:34,925 - DVPTest - DEBUG - 物理分类结果: STABLE
2026-09-04 11:27:34,926 - DVPTest - DEBUG - [UI] _on_plot_update 收到 61 个数据点
2026-09-04 11:27:34,928 - DVPTest - INFO - [串口] cuff=0 mmHg
2026-09-04 11:27:35,035 - DVPTest - DEBUG - 发出 sig_data: t=6.163, p=0.00
2026-09-04 11:27:35,036 - DVPTest - DEBUG - process_data: t=6.16, p=0.0, v=0.000, a=0.0, phase=IDLE
2026-09-04 11:27:35,036 - DVPTest - DEBUG - 物理分类结果: STABLE
2026-09-04 11:27:35,036 - DVPTest - DEBUG - [UI] _on_plot_update 收到 62 个数据点
2026-09-04 11:27:35,037 - DVPTest - INFO - [串口] cuff=0 mmHg
2026-09-04 11:27:35,131 - DVPTest - DEBUG - 发出 sig_data: t=6.259, p=0.00
2026-09-04 11:27:35,132 - DVPTest - DEBUG - process_data: t=6.26, p=0.0, v=0.000, a=0.0, phase=IDLE
2026-09-04 11:27:35,134 - DVPTest - DEBUG - 物理分类结果: STABLE
2026-09-04 11:27:35,134 - DVPTest - DEBUG - [UI] _on_plot_update 收到 63 个数据点
2026-09-04 11:27:35,137 - DVPTest - INFO - [串口] cuff=0 mmHg
2026-09-04 11:27:35,227 - DVPTest - DEBUG - 发出 sig_data: t=6.355, p=0.00
2026-09-04 11:27:35,228 - DVPTest - DEBUG - process_data: t=6.36, p=0.0, v=0.000, a=0.0, phase=IDLE
2026-09-04 11:27:35,228 - DVPTest - DEBUG - 物理分类结果: STABLE
2026-09-04 11:27:35,228 - DVPTest - DEBUG - [UI] _on_plot_update 收到 64 个数据点
2026-09-04 11:27:35,229 - DVPTest - INFO - [串口] cuff=0 mmHg
2026-09-04 11:27:35,323 - DVPTest - DEBUG - 发出 sig_data: t=6.451, p=0.00
2026-09-04 11:27:35,323 - DVPTest - DEBUG - process_data: t=6.45, p=0.0, v=0.000, a=0.0, phase=IDLE
2026-09-04 11:27:35,323 - DVPTest - DEBUG - 物理分类结果: STABLE
2026-09-04 11:27:35,323 - DVPTest - DEBUG - [UI] _on_plot_update 收到 65 个数据点
2026-09-04 11:27:35,325 - DVPTest - INFO - [串口] cuff=0 mmHg
2026-09-04 11:27:35,435 - DVPTest - DEBUG - 发出 sig_data: t=6.563, p=0.00
2026-09-04 11:27:35,437 - DVPTest - DEBUG - process_data: t=6.56, p=0.0, v=0.000, a=0.0, phase=IDLE
2026-09-04 11:27:35,438 - DVPTest - DEBUG - 物理分类结果: STABLE
2026-09-04 11:27:35,439 - DVPTest - DEBUG - [UI] _on_plot_update 收到 66 个数据点
2026-09-04 11:27:35,442 - DVPTest - INFO - [串口] cuff=0 mmHg
2026-09-04 11:27:35,531 - DVPTest - DEBUG - 发出 sig_data: t=6.659, p=0.00
2026-09-04 11:27:35,532 - DVPTest - DEBUG - process_data: t=6.66, p=0.0, v=0.000, a=0.0, phase=IDLE
2026-09-04 11:27:35,532 - DVPTest - DEBUG - 物理分类结果: STABLE
2026-09-04 11:27:35,532 - DVPTest - DEBUG - [UI] _on_plot_update 收到 67 个数据点
2026-09-04 11:27:35,534 - DVPTest - INFO - [串口] cuff=0 mmHg
2026-09-04 11:27:35,627 - DVPTest - DEBUG - 发出 sig_data: t=6.755, p=0.00
2026-09-04 11:27:35,627 - DVPTest - DEBUG - process_data: t=6.75, p=0.0, v=0.000, a=0.0, phase=IDLE
2026-09-04 11:27:35,627 - DVPTest - DEBUG - 物理分类结果: STABLE
2026-09-04 11:27:35,627 - DVPTest - DEBUG - [UI] _on_plot_update 收到 68 个数据点
2026-09-04 11:27:35,629 - DVPTest - INFO - [串口] cuff=0 mmHg
2026-09-04 11:27:35,722 - DVPTest - DEBUG - 发出 sig_data: t=6.850, p=0.00
2026-09-04 11:27:35,723 - DVPTest - DEBUG - process_data: t=6.85, p=0.0, v=0.000, a=0.0, phase=IDLE
2026-09-04 11:27:35,723 - DVPTest - DEBUG - 物理分类结果: STABLE
2026-09-04 11:27:35,723 - DVPTest - DEBUG - [UI] _on_plot_update 收到 69 个数据点
2026-09-04 11:27:35,724 - DVPTest - INFO - [串口] cuff=0 mmHg
2026-09-04 11:27:35,835 - DVPTest - DEBUG - 发出 sig_data: t=6.963, p=0.00
2026-09-04 11:27:35,836 - DVPTest - DEBUG - process_data: t=6.96, p=0.0, v=0.000, a=0.0, phase=IDLE
2026-09-04 11:27:35,836 - DVPTest - DEBUG - 物理分类结果: STABLE
2026-09-04 11:27:35,837 - DVPTest - DEBUG - [UI] _on_plot_update 收到 70 个数据点
2026-09-04 11:27:35,839 - DVPTest - INFO - [串口] cuff=0 mmHg
2026-09-04 11:27:35,930 - DVPTest - DEBUG - 发出 sig_data: t=7.058, p=0.00
2026-09-04 11:27:35,931 - DVPTest - DEBUG - process_data: t=7.06, p=0.0, v=0.000, a=0.0, phase=IDLE
2026-09-04 11:27:35,931 - DVPTest - DEBUG - 物理分类结果: STABLE
2026-09-04 11:27:35,932 - DVPTest - DEBUG - [UI] _on_plot_update 收到 71 个数据点
2026-09-04 11:27:35,933 - DVPTest - INFO - [串口] cuff=0 mmHg
2026-09-04 11:27:36,026 - DVPTest - DEBUG - 发出 sig_data: t=7.154, p=0.00
2026-09-04 11:27:36,027 - DVPTest - DEBUG - process_data: t=7.15, p=0.0, v=0.000, a=0.0, phase=IDLE
2026-09-04 11:27:36,027 - DVPTest - DEBUG - 物理分类结果: STABLE
2026-09-04 11:27:36,027 - DVPTest - DEBUG - [UI] _on_plot_update 收到 72 个数据点
2026-09-04 11:27:36,029 - DVPTest - INFO - [串口] cuff=0 mmHg
2026-09-04 11:27:36,121 - DVPTest - DEBUG - 发出 sig_data: t=7.250, p=0.00
2026-09-04 11:27:36,123 - DVPTest - DEBUG - process_data: t=7.25, p=0.0, v=0.000, a=0.0, phase=IDLE
2026-09-04 11:27:36,123 - DVPTest - DEBUG - 物理分类结果: STABLE
2026-09-04 11:27:36,124 - DVPTest - DEBUG - [UI] _on_plot_update 收到 73 个数据点
2026-09-04 11:27:36,125 - DVPTest - INFO - [串口] cuff=0 mmHg
2026-09-04 11:27:36,233 - DVPTest - DEBUG - 发出 sig_data: t=7.362, p=0.00
2026-09-04 11:27:36,235 - DVPTest - DEBUG - process_data: t=7.36, p=0.0, v=0.000, a=0.0, phase=IDLE
2026-09-04 11:27:36,236 - DVPTest - DEBUG - 物理分类结果: STABLE
2026-09-04 11:27:36,236 - DVPTest - DEBUG - [UI] _on_plot_update 收到 74 个数据点
2026-09-04 11:27:36,239 - DVPTest - INFO - [串口] cuff=0 mmHg
2026-09-04 11:27:36,330 - DVPTest - DEBUG - 发出 sig_data: t=7.458, p=0.00
2026-09-04 11:27:36,330 - DVPTest - DEBUG - process_data: t=7.46, p=0.0, v=0.000, a=0.0, phase=IDLE
2026-09-04 11:27:36,330 - DVPTest - DEBUG - 物理分类结果: STABLE
2026-09-04 11:27:36,330 - DVPTest - DEBUG - [UI] _on_plot_update 收到 75 个数据点
2026-09-04 11:27:36,332 - DVPTest - INFO - [串口] cuff=0 mmHg
2026-09-04 11:27:36,425 - DVPTest - DEBUG - 发出 sig_data: t=7.554, p=0.00
2026-09-04 11:27:36,428 - DVPTest - DEBUG - process_data: t=7.55, p=0.0, v=0.000, a=0.0, phase=IDLE
2026-09-04 11:27:36,429 - DVPTest - DEBUG - 物理分类结果: STABLE
2026-09-04 11:27:36,429 - DVPTest - DEBUG - [UI] _on_plot_update 收到 76 个数据点
2026-09-04 11:27:36,432 - DVPTest - INFO - [串口] cuff=0 mmHg
2026-09-04 11:27:36,521 - DVPTest - DEBUG - 发出 sig_data: t=7.650, p=0.00
2026-09-04 11:27:36,525 - DVPTest - DEBUG - process_data: t=7.65, p=0.0, v=0.000, a=0.0, phase=IDLE
2026-09-04 11:27:36,526 - DVPTest - DEBUG - 物理分类结果: STABLE
2026-09-04 11:27:36,527 - DVPTest - DEBUG - [UI] _on_plot_update 收到 77 个数据点
2026-09-04 11:27:36,530 - DVPTest - INFO - [串口] cuff=0 mmHg
2026-09-04 11:27:36,633 - DVPTest - DEBUG - 发出 sig_data: t=7.761, p=0.00
2026-09-04 11:27:36,634 - DVPTest - DEBUG - process_data: t=7.76, p=0.0, v=0.000, a=0.0, phase=IDLE
2026-09-04 11:27:36,634 - DVPTest - DEBUG - 物理分类结果: STABLE
2026-09-04 11:27:36,634 - DVPTest - DEBUG - [UI] _on_plot_update 收到 78 个数据点
2026-09-04 11:27:36,635 - DVPTest - INFO - [串口] cuff=0 mmHg
2026-09-04 11:27:36,729 - DVPTest - DEBUG - 发出 sig_data: t=7.857, p=0.00
2026-09-04 11:27:36,730 - DVPTest - DEBUG - process_data: t=7.86, p=0.0, v=0.000, a=0.0, phase=IDLE
2026-09-04 11:27:36,730 - DVPTest - DEBUG - 物理分类结果: STABLE
2026-09-04 11:27:36,731 - DVPTest - DEBUG - [UI] _on_plot_update 收到 79 个数据点
2026-09-04 11:27:36,733 - DVPTest - INFO - [串口] cuff=0 mmHg
2026-09-04 11:27:36,825 - DVPTest - DEBUG - 发出 sig_data: t=7.953, p=0.00
2026-09-04 11:27:36,825 - DVPTest - DEBUG - process_data: t=7.95, p=0.0, v=0.000, a=0.0, phase=IDLE
2026-09-04 11:27:36,825 - DVPTest - DEBUG - 物理分类结果: STABLE
2026-09-04 11:27:36,825 - DVPTest - DEBUG - [UI] _on_plot_update 收到 80 个数据点
2026-09-04 11:27:36,827 - DVPTest - INFO - [串口] cuff=0 mmHg
2026-09-04 11:27:36,936 - DVPTest - DEBUG - 发出 sig_data: t=8.064, p=0.00
2026-09-04 11:27:36,937 - DVPTest - DEBUG - process_data: t=8.06, p=0.0, v=0.000, a=0.0, phase=IDLE
2026-09-04 11:27:36,937 - DVPTest - DEBUG - 物理分类结果: STABLE
2026-09-04 11:27:36,938 - DVPTest - DEBUG - [UI] _on_plot_update 收到 81 个数据点
2026-09-04 11:27:36,942 - DVPTest - INFO - [串口] cuff=0 mmHg
2026-09-04 11:27:37,032 - DVPTest - DEBUG - 发出 sig_data: t=8.160, p=0.00
2026-09-04 11:27:37,033 - DVPTest - DEBUG - process_data: t=8.16, p=0.0, v=0.000, a=0.0, phase=IDLE
2026-09-04 11:27:37,033 - DVPTest - DEBUG - 物理分类结果: STABLE
2026-09-04 11:27:37,034 - DVPTest - DEBUG - [UI] _on_plot_update 收到 82 个数据点
2026-09-04 11:27:37,036 - DVPTest - INFO - [串口] cuff=0 mmHg
2026-09-04 11:27:37,128 - DVPTest - DEBUG - 发出 sig_data: t=8.257, p=0.00
2026-09-04 11:27:37,130 - DVPTest - DEBUG - process_data: t=8.26, p=0.0, v=0.000, a=0.0, phase=IDLE
2026-09-04 11:27:37,131 - DVPTest - DEBUG - 物理分类结果: STABLE
2026-09-04 11:27:37,132 - DVPTest - DEBUG - [UI] _on_plot_update 收到 83 个数据点
2026-09-04 11:27:37,135 - DVPTest - INFO - [串口] cuff=0 mmHg
2026-09-04 11:27:37,224 - DVPTest - DEBUG - 发出 sig_data: t=8.352, p=0.00
2026-09-04 11:27:37,231 - DVPTest - DEBUG - process_data: t=8.35, p=0.0, v=0.000, a=0.0, phase=IDLE
2026-09-04 11:27:37,231 - DVPTest - DEBUG - 物理分类结果: STABLE
2026-09-04 11:27:37,232 - DVPTest - DEBUG - [UI] _on_plot_update 收到 84 个数据点
2026-09-04 11:27:37,236 - DVPTest - INFO - [串口] cuff=0 mmHg
2026-09-04 11:27:37,336 - DVPTest - DEBUG - 发出 sig_data: t=8.464, p=0.00
2026-09-04 11:27:37,337 - DVPTest - DEBUG - process_data: t=8.46, p=0.0, v=0.000, a=0.0, phase=IDLE
2026-09-04 11:27:37,337 - DVPTest - DEBUG - 物理分类结果: STABLE
2026-09-04 11:27:37,337 - DVPTest - DEBUG - [UI] _on_plot_update 收到 85 个数据点
2026-09-04 11:27:37,338 - DVPTest - INFO - [串口] cuff=0 mmHg
2026-09-04 11:27:37,432 - DVPTest - DEBUG - 发出 sig_data: t=8.560, p=0.00
2026-09-04 11:27:37,432 - DVPTest - DEBUG - process_data: t=8.56, p=0.0, v=0.000, a=0.0, phase=IDLE
2026-09-04 11:27:37,432 - DVPTest - DEBUG - 物理分类结果: STABLE
2026-09-04 11:27:37,432 - DVPTest - DEBUG - [UI] _on_plot_update 收到 86 个数据点
2026-09-04 11:27:37,434 - DVPTest - INFO - [串口] cuff=0 mmHg
2026-09-04 11:27:37,527 - DVPTest - DEBUG - 发出 sig_data: t=8.656, p=0.00
2026-09-04 11:27:37,529 - DVPTest - DEBUG - process_data: t=8.66, p=0.0, v=0.000, a=0.0, phase=IDLE
2026-09-04 11:27:37,529 - DVPTest - DEBUG - 物理分类结果: STABLE
2026-09-04 11:27:37,530 - DVPTest - DEBUG - [UI] _on_plot_update 收到 87 个数据点
2026-09-04 11:27:37,533 - DVPTest - INFO - [串口] cuff=0 mmHg
2026-09-04 11:27:37,624 - DVPTest - DEBUG - 发出 sig_data: t=8.752, p=0.00
2026-09-04 11:27:37,625 - DVPTest - DEBUG - process_data: t=8.75, p=0.0, v=0.000, a=0.0, phase=IDLE
2026-09-04 11:27:37,625 - DVPTest - DEBUG - 物理分类结果: STABLE
2026-09-04 11:27:37,626 - DVPTest - DEBUG - [UI] _on_plot_update 收到 88 个数据点
2026-09-04 11:27:37,628 - DVPTest - INFO - [串口] cuff=0 mmHg
2026-09-04 11:27:37,736 - DVPTest - DEBUG - 发出 sig_data: t=8.864, p=0.00
2026-09-04 11:27:37,738 - DVPTest - DEBUG - process_data: t=8.86, p=0.0, v=0.000, a=0.0, phase=IDLE
2026-09-04 11:27:37,738 - DVPTest - DEBUG - 物理分类结果: STABLE
2026-09-04 11:27:37,739 - DVPTest - DEBUG - [UI] _on_plot_update 收到 89 个数据点
2026-09-04 11:27:37,742 - DVPTest - INFO - [串口] cuff=0 mmHg
2026-09-04 11:27:37,831 - DVPTest - DEBUG - 发出 sig_data: t=8.959, p=0.00
2026-09-04 11:27:37,832 - DVPTest - DEBUG - process_data: t=8.96, p=0.0, v=0.000, a=0.0, phase=IDLE
2026-09-04 11:27:37,832 - DVPTest - DEBUG - 物理分类结果: STABLE
2026-09-04 11:27:37,833 - DVPTest - DEBUG - [UI] _on_plot_update 收到 90 个数据点
2026-09-04 11:27:37,836 - DVPTest - INFO - [串口] cuff=0 mmHg
2026-09-04 11:27:37,927 - DVPTest - DEBUG - 发出 sig_data: t=9.055, p=0.00
2026-09-04 11:27:37,928 - DVPTest - DEBUG - process_data: t=9.06, p=0.0, v=0.000, a=0.0, phase=IDLE
2026-09-04 11:27:37,928 - DVPTest - DEBUG - 物理分类结果: STABLE
2026-09-04 11:27:37,928 - DVPTest - DEBUG - [UI] _on_plot_update 收到 91 个数据点
2026-09-04 11:27:37,929 - DVPTest - INFO - [串口] cuff=0 mmHg
2026-09-04 11:27:38,023 - DVPTest - DEBUG - 发出 sig_data: t=9.151, p=0.00
2026-09-04 11:27:38,025 - DVPTest - DEBUG - process_data: t=9.15, p=0.0, v=0.000, a=0.0, phase=IDLE
2026-09-04 11:27:38,026 - DVPTest - DEBUG - 物理分类结果: STABLE
2026-09-04 11:27:38,026 - DVPTest - DEBUG - [UI] _on_plot_update 收到 92 个数据点
2026-09-04 11:27:38,030 - DVPTest - INFO - [串口] cuff=0 mmHg
2026-09-04 11:27:38,135 - DVPTest - DEBUG - 发出 sig_data: t=9.263, p=0.00
2026-09-04 11:27:38,136 - DVPTest - DEBUG - process_data: t=9.26, p=0.0, v=0.000, a=0.0, phase=IDLE
2026-09-04 11:27:38,136 - DVPTest - DEBUG - 物理分类结果: STABLE
2026-09-04 11:27:38,136 - DVPTest - DEBUG - [UI] _on_plot_update 收到 93 个数据点
2026-09-04 11:27:38,138 - DVPTest - INFO - [串口] cuff=0 mmHg
2026-09-04 11:27:38,231 - DVPTest - DEBUG - 发出 sig_data: t=9.359, p=0.00
2026-09-04 11:27:38,233 - DVPTest - DEBUG - process_data: t=9.36, p=0.0, v=0.000, a=0.0, phase=IDLE
2026-09-04 11:27:38,233 - DVPTest - DEBUG - 物理分类结果: STABLE
2026-09-04 11:27:38,234 - DVPTest - DEBUG - [UI] _on_plot_update 收到 94 个数据点
2026-09-04 11:27:38,237 - DVPTest - INFO - [串口] cuff=0 mmHg
2026-09-04 11:27:38,327 - DVPTest - DEBUG - 发出 sig_data: t=9.455, p=0.00
2026-09-04 11:27:38,328 - DVPTest - DEBUG - process_data: t=9.46, p=0.0, v=0.000, a=0.0, phase=IDLE
2026-09-04 11:27:38,328 - DVPTest - DEBUG - 物理分类结果: STABLE
2026-09-04 11:27:38,328 - DVPTest - DEBUG - [UI] _on_plot_update 收到 95 个数据点
2026-09-04 11:27:38,330 - DVPTest - INFO - [串口] cuff=0 mmHg
2026-09-04 11:27:38,422 - DVPTest - DEBUG - 发出 sig_data: t=9.550, p=0.00
2026-09-04 11:27:38,423 - DVPTest - DEBUG - process_data: t=9.55, p=0.0, v=0.000, a=0.0, phase=IDLE
2026-09-04 11:27:38,423 - DVPTest - DEBUG - 物理分类结果: STABLE
2026-09-04 11:27:38,424 - DVPTest - DEBUG - [UI] _on_plot_update 收到 96 个数据点
2026-09-04 11:27:38,426 - DVPTest - INFO - [串口] cuff=0 mmHg
2026-09-04 11:27:38,534 - DVPTest - DEBUG - 发出 sig_data: t=9.662, p=0.00
2026-09-04 11:27:38,534 - DVPTest - DEBUG - process_data: t=9.66, p=0.0, v=0.000, a=0.0, phase=IDLE
2026-09-04 11:27:38,534 - DVPTest - DEBUG - 物理分类结果: STABLE
2026-09-04 11:27:38,534 - DVPTest - DEBUG - [UI] _on_plot_update 收到 97 个数据点
2026-09-04 11:27:38,536 - DVPTest - INFO - [串口] cuff=0 mmHg
2026-09-04 11:27:38,631 - DVPTest - DEBUG - 发出 sig_data: t=9.758, p=10.00
2026-09-04 11:27:38,631 - DVPTest - DEBUG - process_data: t=9.76, p=10.0, v=103.439, a=1070.0, phase=IDLE
2026-09-04 11:27:38,631 - DVPTest - DEBUG - 充气峰值更新: 10.0 @ 9.76s
2026-09-04 11:27:38,631 - DVPTest - DEBUG - 充气起始值 5.0 mmHg 到达 @ 9.76s
2026-09-04 11:27:38,631 - DVPTest - DEBUG - 物理分类结果: INFLATING
2026-09-04 11:27:38,632 - DVPTest - INFO - IDLE → INFLATING @ 9.76s, p=10.0
2026-09-04 11:27:38,632 - DVPTest - DEBUG - [UI] _on_plot_update 收到 98 个数据点
2026-09-04 11:27:38,634 - DVPTest - INFO - [串口] cuff=10 mmHg
2026-09-04 11:27:38,726 - DVPTest - DEBUG - 发出 sig_data: t=9.854, p=21.00
2026-09-04 11:27:38,728 - DVPTest - DEBUG - process_data: t=9.85, p=21.0, v=115.035, a=121.3, phase=INFLATING
2026-09-04 11:27:38,728 - DVPTest - DEBUG - 充气峰值更新: 21.0 @ 9.85s
2026-09-04 11:27:38,729 - DVPTest - DEBUG - 物理分类结果: INFLATING
2026-09-04 11:27:38,729 - DVPTest - DEBUG - [UI] _on_plot_update 收到 99 个数据点
2026-09-04 11:27:38,732 - DVPTest - INFO - [串口] cuff=21 mmHg
2026-09-04 11:27:38,837 - DVPTest - DEBUG - 发出 sig_data: t=9.966, p=31.00
2026-09-04 11:27:38,839 - DVPTest - DEBUG - process_data: t=9.97, p=31.0, v=89.537, a=-228.3, phase=INFLATING
2026-09-04 11:27:38,840 - DVPTest - DEBUG - 充气峰值更新: 31.0 @ 9.97s
2026-09-04 11:27:38,841 - DVPTest - DEBUG - 物理分类结果: INFLATING
2026-09-04 11:27:38,842 - DVPTest - DEBUG - [UI] _on_plot_update 收到 100 个数据点
2026-09-04 11:27:38,845 - DVPTest - INFO - [串口] cuff=31 mmHg
2026-09-04 11:27:38,933 - DVPTest - DEBUG - 发出 sig_data: t=10.061, p=40.00
2026-09-04 11:27:38,934 - DVPTest - DEBUG - process_data: t=10.06, p=40.0, v=94.447, a=51.5, phase=INFLATING
2026-09-04 11:27:38,934 - DVPTest - DEBUG - 充气峰值更新: 40.0 @ 10.06s
2026-09-04 11:27:38,934 - DVPTest - DEBUG - 物理分类结果: INFLATING
2026-09-04 11:27:38,935 - DVPTest - DEBUG - [UI] _on_plot_update 收到 101 个数据点
2026-09-04 11:27:38,936 - DVPTest - INFO - [串口] cuff=40 mmHg
2026-09-04 11:27:39,030 - DVPTest - DEBUG - 发出 sig_data: t=10.158, p=50.00
2026-09-04 11:27:39,031 - DVPTest - DEBUG - process_data: t=10.16, p=50.0, v=102.960, a=87.6, phase=INFLATING
2026-09-04 11:27:39,031 - DVPTest - DEBUG - 充气峰值更新: 50.0 @ 10.16s
2026-09-04 11:27:39,031 - DVPTest - DEBUG - 物理分类结果: INFLATING
2026-09-04 11:27:39,032 - DVPTest - DEBUG - [UI] _on_plot_update 收到 102 个数据点
2026-09-04 11:27:39,035 - DVPTest - INFO - [串口] cuff=50 mmHg
2026-09-04 11:27:39,127 - DVPTest - DEBUG - 发出 sig_data: t=10.255, p=59.00
2026-09-04 11:27:39,129 - DVPTest - DEBUG - process_data: t=10.26, p=59.0, v=92.703, a=-105.6, phase=INFLATING
2026-09-04 11:27:39,129 - DVPTest - DEBUG - 充气峰值更新: 59.0 @ 10.26s
2026-09-04 11:27:39,129 - DVPTest - DEBUG - 物理分类结果: INFLATING
2026-09-04 11:27:39,130 - DVPTest - DEBUG - [UI] _on_plot_update 收到 103 个数据点
2026-09-04 11:27:39,132 - DVPTest - INFO - [串口] cuff=59 mmHg
2026-09-04 11:27:39,238 - DVPTest - DEBUG - 发出 sig_data: t=10.366, p=67.00
2026-09-04 11:27:39,238 - DVPTest - DEBUG - process_data: t=10.37, p=67.0, v=72.523, a=-182.9, phase=INFLATING
2026-09-04 11:27:39,238 - DVPTest - DEBUG - 充气峰值更新: 67.0 @ 10.37s
2026-09-04 11:27:39,238 - DVPTest - DEBUG - 物理分类结果: INFLATING
2026-09-04 11:27:39,238 - DVPTest - DEBUG - [UI] _on_plot_update 收到 104 个数据点
2026-09-04 11:27:39,240 - DVPTest - INFO - [串口] cuff=67 mmHg
2026-09-04 11:27:39,333 - DVPTest - DEBUG - 发出 sig_data: t=10.461, p=75.00
2026-09-04 11:27:39,334 - DVPTest - DEBUG - process_data: t=10.46, p=75.0, v=83.954, a=120.0, phase=INFLATING
2026-09-04 11:27:39,334 - DVPTest - DEBUG - 充气峰值更新: 75.0 @ 10.46s
2026-09-04 11:27:39,335 - DVPTest - DEBUG - 物理分类结果: INFLATING
2026-09-04 11:27:39,335 - DVPTest - DEBUG - [UI] _on_plot_update 收到 105 个数据点
2026-09-04 11:27:39,336 - DVPTest - INFO - [串口] cuff=75 mmHg
2026-09-04 11:27:39,429 - DVPTest - DEBUG - 发出 sig_data: t=10.557, p=84.00
2026-09-04 11:27:39,430 - DVPTest - DEBUG - process_data: t=10.56, p=84.0, v=93.679, a=101.2, phase=INFLATING
2026-09-04 11:27:39,431 - DVPTest - DEBUG - 充气峰值更新: 84.0 @ 10.56s
2026-09-04 11:27:39,431 - DVPTest - DEBUG - 物理分类结果: INFLATING
2026-09-04 11:27:39,431 - DVPTest - DEBUG - [UI] _on_plot_update 收到 106 个数据点
2026-09-04 11:27:39,435 - DVPTest - INFO - [串口] cuff=84 mmHg
2026-09-04 11:27:39,525 - DVPTest - DEBUG - 发出 sig_data: t=10.653, p=92.00
2026-09-04 11:27:39,525 - DVPTest - DEBUG - process_data: t=10.65, p=92.0, v=83.485, a=-106.4, phase=INFLATING
2026-09-04 11:27:39,525 - DVPTest - DEBUG - 充气峰值更新: 92.0 @ 10.65s
2026-09-04 11:27:39,525 - DVPTest - DEBUG - 物理分类结果: INFLATING
2026-09-04 11:27:39,525 - DVPTest - DEBUG - [UI] _on_plot_update 收到 107 个数据点
2026-09-04 11:27:39,527 - DVPTest - INFO - [串口] cuff=92 mmHg
2026-09-04 11:27:39,636 - DVPTest - DEBUG - 发出 sig_data: t=10.764, p=99.00
2026-09-04 11:27:39,638 - DVPTest - DEBUG - process_data: t=10.76, p=99.0, v=62.751, a=-185.9, phase=INFLATING
2026-09-04 11:27:39,639 - DVPTest - DEBUG - 充气峰值更新: 99.0 @ 10.76s
2026-09-04 11:27:39,639 - DVPTest - DEBUG - 物理分类结果: INFLATING
2026-09-04 11:27:39,640 - DVPTest - DEBUG - [UI] _on_plot_update 收到 108 个数据点
2026-09-04 11:27:39,643 - DVPTest - INFO - [串口] cuff=99 mmHg
2026-09-04 11:27:39,732 - DVPTest - DEBUG - 发出 sig_data: t=10.860, p=107.00
2026-09-04 11:27:39,733 - DVPTest - DEBUG - process_data: t=10.86, p=107.0, v=83.279, a=213.7, phase=INFLATING
2026-09-04 11:27:39,734 - DVPTest - DEBUG - 充气峰值更新: 107.0 @ 10.86s
2026-09-04 11:27:39,734 - DVPTest - DEBUG - 物理分类结果: INFLATING
2026-09-04 11:27:39,735 - DVPTest - DEBUG - [UI] _on_plot_update 收到 109 个数据点
2026-09-04 11:27:39,738 - DVPTest - INFO - [串口] cuff=107 mmHg
2026-09-04 11:27:39,828 - DVPTest - DEBUG - 发出 sig_data: t=10.956, p=114.00
2026-09-04 11:27:39,828 - DVPTest - DEBUG - process_data: t=10.96, p=114.0, v=73.363, a=-103.9, phase=INFLATING
2026-09-04 11:27:39,828 - DVPTest - DEBUG - 充气峰值更新: 114.0 @ 10.96s
2026-09-04 11:27:39,828 - DVPTest - DEBUG - 物理分类结果: INFLATING
2026-09-04 11:27:39,828 - DVPTest - DEBUG - [UI] _on_plot_update 收到 110 个数据点
2026-09-04 11:27:39,830 - DVPTest - INFO - [串口] cuff=114 mmHg
2026-09-04 11:27:39,924 - DVPTest - DEBUG - 发出 sig_data: t=11.052, p=121.00
2026-09-04 11:27:39,926 - DVPTest - DEBUG - process_data: t=11.05, p=121.0, v=72.432, a=-9.6, phase=INFLATING
2026-09-04 11:27:39,926 - DVPTest - DEBUG - 充气峰值更新: 121.0 @ 11.05s
2026-09-04 11:27:39,926 - DVPTest - DEBUG - 物理分类结果: INFLATING
2026-09-04 11:27:39,928 - DVPTest - DEBUG - [UI] _on_plot_update 收到 111 个数据点
2026-09-04 11:27:39,931 - DVPTest - INFO - [串口] cuff=121 mmHg
2026-09-04 11:27:40,036 - DVPTest - DEBUG - 发出 sig_data: t=11.164, p=128.00
2026-09-04 11:27:40,036 - DVPTest - DEBUG - process_data: t=11.16, p=128.0, v=62.967, a=-85.1, phase=INFLATING
2026-09-04 11:27:40,036 - DVPTest - DEBUG - 充气峰值更新: 128.0 @ 11.16s
2026-09-04 11:27:40,036 - DVPTest - DEBUG - 物理分类结果: INFLATING
2026-09-04 11:27:40,036 - DVPTest - DEBUG - [UI] _on_plot_update 收到 112 个数据点
2026-09-04 11:27:40,038 - DVPTest - INFO - [串口] cuff=128 mmHg
2026-09-04 11:27:40,132 - DVPTest - DEBUG - 发出 sig_data: t=11.260, p=135.00
2026-09-04 11:27:40,133 - DVPTest - DEBUG - process_data: t=11.26, p=135.0, v=72.416, a=97.7, phase=INFLATING
2026-09-04 11:27:40,133 - DVPTest - DEBUG - 充气峰值更新: 135.0 @ 11.26s
2026-09-04 11:27:40,133 - DVPTest - DEBUG - 物理分类结果: INFLATING
2026-09-04 11:27:40,133 - DVPTest - DEBUG - [UI] _on_plot_update 收到 113 个数据点
2026-09-04 11:27:40,134 - DVPTest - INFO - [串口] cuff=135 mmHg
2026-09-04 11:27:40,228 - DVPTest - DEBUG - 发出 sig_data: t=11.356, p=142.00
2026-09-04 11:27:40,229 - DVPTest - DEBUG - process_data: t=11.36, p=142.0, v=73.231, a=8.5, phase=INFLATING
2026-09-04 11:27:40,229 - DVPTest - DEBUG - 充气峰值更新: 142.0 @ 11.36s
2026-09-04 11:27:40,229 - DVPTest - DEBUG - 物理分类结果: INFLATING
2026-09-04 11:27:40,230 - DVPTest - DEBUG - [UI] _on_plot_update 收到 114 个数据点
2026-09-04 11:27:40,232 - DVPTest - INFO - [串口] cuff=142 mmHg
2026-09-04 11:27:40,323 - DVPTest - DEBUG - 发出 sig_data: t=11.451, p=148.00
2026-09-04 11:27:40,324 - DVPTest - DEBUG - process_data: t=11.45, p=148.0, v=63.017, a=-107.3, phase=INFLATING
2026-09-04 11:27:40,324 - DVPTest - DEBUG - 充气峰值更新: 148.0 @ 11.45s
2026-09-04 11:27:40,324 - DVPTest - DEBUG - 物理分类结果: INFLATING
2026-09-04 11:27:40,324 - DVPTest - DEBUG - [UI] _on_plot_update 收到 115 个数据点
2026-09-04 11:27:40,325 - DVPTest - INFO - [串口] cuff=148 mmHg
2026-09-04 11:27:40,435 - DVPTest - DEBUG - 发出 sig_data: t=11.563, p=154.00
2026-09-04 11:27:40,436 - DVPTest - DEBUG - process_data: t=11.56, p=154.0, v=53.412, a=-85.5, phase=INFLATING
2026-09-04 11:27:40,436 - DVPTest - DEBUG - 充气峰值更新: 154.0 @ 11.56s
2026-09-04 11:27:40,436 - DVPTest - DEBUG - 物理分类结果: INFLATING
2026-09-04 11:27:40,437 - DVPTest - DEBUG - [UI] _on_plot_update 收到 116 个数据点
2026-09-04 11:27:40,440 - DVPTest - INFO - [串口] cuff=154 mmHg
2026-09-04 11:27:40,531 - DVPTest - DEBUG - 发出 sig_data: t=11.659, p=161.00
2026-09-04 11:27:40,532 - DVPTest - DEBUG - process_data: t=11.66, p=161.0, v=72.958, a=203.7, phase=INFLATING
2026-09-04 11:27:40,532 - DVPTest - DEBUG - 充气峰值更新: 161.0 @ 11.66s
2026-09-04 11:27:40,532 - DVPTest - DEBUG - 物理分类结果: INFLATING
2026-09-04 11:27:40,533 - DVPTest - DEBUG - [UI] _on_plot_update 收到 117 个数据点
2026-09-04 11:27:40,536 - DVPTest - INFO - [串口] cuff=161 mmHg
2026-09-04 11:27:40,627 - DVPTest - DEBUG - 发出 sig_data: t=11.755, p=167.00
2026-09-04 11:27:40,628 - DVPTest - DEBUG - process_data: t=11.76, p=167.0, v=62.727, a=-107.0, phase=INFLATING
2026-09-04 11:27:40,628 - DVPTest - DEBUG - 充气峰值更新: 167.0 @ 11.76s
2026-09-04 11:27:40,630 - DVPTest - DEBUG - 物理分类结果: INFLATING
2026-09-04 11:27:40,630 - DVPTest - DEBUG - [UI] _on_plot_update 收到 118 个数据点
2026-09-04 11:27:40,633 - DVPTest - INFO - [串口] cuff=167 mmHg
2026-09-04 11:27:40,738 - DVPTest - DEBUG - 发出 sig_data: t=11.866, p=173.00
2026-09-04 11:27:40,740 - DVPTest - DEBUG - process_data: t=11.87, p=173.0, v=53.940, a=-79.0, phase=INFLATING
2026-09-04 11:27:40,741 - DVPTest - DEBUG - 充气峰值更新: 173.0 @ 11.87s
2026-09-04 11:27:40,741 - DVPTest - DEBUG - 物理分类结果: INFLATING
2026-09-04 11:27:40,741 - DVPTest - DEBUG - [UI] _on_plot_update 收到 119 个数据点
2026-09-04 11:27:40,746 - DVPTest - INFO - [串口] cuff=173 mmHg
2026-09-04 11:27:40,835 - DVPTest - DEBUG - 发出 sig_data: t=11.963, p=178.00
2026-09-04 11:27:40,836 - DVPTest - DEBUG - process_data: t=11.96, p=178.0, v=51.653, a=-23.6, phase=INFLATING
2026-09-04 11:27:40,836 - DVPTest - DEBUG - 充气峰值更新: 178.0 @ 11.96s
2026-09-04 11:27:40,836 - DVPTest - DEBUG - 物理分类结果: INFLATING
2026-09-04 11:27:40,837 - DVPTest - DEBUG - [UI] _on_plot_update 收到 120 个数据点
2026-09-04 11:27:40,839 - DVPTest - INFO - [串口] cuff=178 mmHg
2026-09-04 11:27:40,931 - DVPTest - DEBUG - 发出 sig_data: t=12.059, p=184.00
2026-09-04 11:27:40,932 - DVPTest - DEBUG - process_data: t=12.06, p=184.0, v=62.606, a=114.3, phase=INFLATING
2026-09-04 11:27:40,932 - DVPTest - DEBUG - 充气峰值更新: 184.0 @ 12.06s
2026-09-04 11:27:40,933 - DVPTest - DEBUG - 物理分类结果: INFLATING
2026-09-04 11:27:40,933 - DVPTest - DEBUG - [UI] _on_plot_update 收到 121 个数据点
2026-09-04 11:27:40,936 - DVPTest - INFO - [串口] cuff=184 mmHg
2026-09-04 11:27:41,026 - DVPTest - DEBUG - 发出 sig_data: t=12.154, p=190.00
2026-09-04 11:27:41,029 - DVPTest - DEBUG - process_data: t=12.15, p=190.0, v=62.788, a=1.9, phase=INFLATING
2026-09-04 11:27:41,029 - DVPTest - DEBUG - 充气峰值更新: 190.0 @ 12.15s
2026-09-04 11:27:41,029 - DVPTest - DEBUG - 物理分类结果: INFLATING
2026-09-04 11:27:41,030 - DVPTest - DEBUG - [UI] _on_plot_update 收到 122 个数据点
2026-09-04 11:27:41,034 - DVPTest - INFO - [串口] cuff=190 mmHg
2026-09-04 11:27:41,138 - DVPTest - DEBUG - 发出 sig_data: t=12.266, p=196.00
2026-09-04 11:27:41,139 - DVPTest - DEBUG - process_data: t=12.27, p=196.0, v=53.897, a=-79.9, phase=INFLATING
2026-09-04 11:27:41,141 - DVPTest - DEBUG - 充气峰值更新: 196.0 @ 12.27s
2026-09-04 11:27:41,142 - DVPTest - DEBUG - 物理分类结果: INFLATING
2026-09-04 11:27:41,143 - DVPTest - DEBUG - [UI] _on_plot_update 收到 123 个数据点
2026-09-04 11:27:41,146 - DVPTest - INFO - [串口] cuff=196 mmHg
2026-09-04 11:27:41,235 - DVPTest - DEBUG - 发出 sig_data: t=12.363, p=201.00
2026-09-04 11:27:41,237 - DVPTest - DEBUG - process_data: t=12.36, p=201.0, v=51.525, a=-24.4, phase=INFLATING
2026-09-04 11:27:41,238 - DVPTest - DEBUG - 充气峰值更新: 201.0 @ 12.36s
2026-09-04 11:27:41,238 - DVPTest - DEBUG - 充气中间值 200.0 mmHg 到达 @ 12.36s
2026-09-04 11:27:41,239 - DVPTest - DEBUG - 物理分类结果: INFLATING
2026-09-04 11:27:41,239 - DVPTest - DEBUG - [UI] _on_plot_update 收到 124 个数据点
2026-09-04 11:27:41,243 - DVPTest - INFO - [串口] cuff=201 mmHg
2026-09-04 11:27:41,330 - DVPTest - DEBUG - 发出 sig_data: t=12.458, p=206.00
2026-09-04 11:27:41,332 - DVPTest - DEBUG - process_data: t=12.46, p=206.0, v=52.389, a=9.1, phase=INFLATING
2026-09-04 11:27:41,332 - DVPTest - DEBUG - 充气峰值更新: 206.0 @ 12.46s
2026-09-04 11:27:41,332 - DVPTest - DEBUG - 物理分类结果: INFLATING
2026-09-04 11:27:41,333 - DVPTest - DEBUG - [UI] _on_plot_update 收到 125 个数据点
2026-09-04 11:27:41,335 - DVPTest - INFO - [串口] cuff=206 mmHg
2026-09-04 11:27:41,426 - DVPTest - DEBUG - 发出 sig_data: t=12.554, p=211.00
2026-09-04 11:27:41,427 - DVPTest - DEBUG - process_data: t=12.55, p=211.0, v=52.337, a=-0.5, phase=INFLATING
2026-09-04 11:27:41,428 - DVPTest - DEBUG - 充气峰值更新: 211.0 @ 12.55s
2026-09-04 11:27:41,428 - DVPTest - DEBUG - 物理分类结果: INFLATING
2026-09-04 11:27:41,428 - DVPTest - DEBUG - [UI] _on_plot_update 收到 126 个数据点
2026-09-04 11:27:41,429 - DVPTest - INFO - [串口] cuff=211 mmHg
2026-09-04 11:27:41,537 - DVPTest - DEBUG - 发出 sig_data: t=12.666, p=217.00
2026-09-04 11:27:41,539 - DVPTest - DEBUG - process_data: t=12.67, p=217.0, v=53.646, a=11.7, phase=INFLATING
2026-09-04 11:27:41,540 - DVPTest - DEBUG - 充气峰值更新: 217.0 @ 12.67s
2026-09-04 11:27:41,540 - DVPTest - DEBUG - 物理分类结果: INFLATING
2026-09-04 11:27:41,540 - DVPTest - DEBUG - [UI] _on_plot_update 收到 127 个数据点
2026-09-04 11:27:41,543 - DVPTest - INFO - [串口] cuff=217 mmHg
2026-09-04 11:27:41,633 - DVPTest - DEBUG - 发出 sig_data: t=12.761, p=222.00
2026-09-04 11:27:41,634 - DVPTest - DEBUG - process_data: t=12.76, p=222.0, v=52.246, a=-14.6, phase=INFLATING
2026-09-04 11:27:41,635 - DVPTest - DEBUG - 充气峰值更新: 222.0 @ 12.76s
2026-09-04 11:27:41,636 - DVPTest - DEBUG - 物理分类结果: INFLATING
2026-09-04 11:27:41,636 - DVPTest - DEBUG - [UI] _on_plot_update 收到 128 个数据点
2026-09-04 11:27:41,637 - DVPTest - INFO - [串口] cuff=222 mmHg
2026-09-04 11:27:41,730 - DVPTest - DEBUG - 发出 sig_data: t=12.858, p=227.00
2026-09-04 11:27:41,732 - DVPTest - DEBUG - process_data: t=12.86, p=227.0, v=51.757, a=-5.1, phase=INFLATING
2026-09-04 11:27:41,733 - DVPTest - DEBUG - 充气峰值更新: 227.0 @ 12.86s
2026-09-04 11:27:41,733 - DVPTest - DEBUG - 物理分类结果: INFLATING
2026-09-04 11:27:41,734 - DVPTest - DEBUG - [UI] _on_plot_update 收到 129 个数据点
2026-09-04 11:27:41,737 - DVPTest - INFO - [串口] cuff=227 mmHg
2026-09-04 11:27:41,825 - DVPTest - DEBUG - 发出 sig_data: t=12.953, p=232.00
2026-09-04 11:27:41,827 - DVPTest - DEBUG - process_data: t=12.95, p=232.0, v=52.495, a=7.8, phase=INFLATING
2026-09-04 11:27:41,828 - DVPTest - DEBUG - 充气峰值更新: 232.0 @ 12.95s
2026-09-04 11:27:41,828 - DVPTest - DEBUG - 物理分类结果: INFLATING
2026-09-04 11:27:41,829 - DVPTest - DEBUG - [UI] _on_plot_update 收到 130 个数据点
2026-09-04 11:27:41,832 - DVPTest - INFO - [串口] cuff=232 mmHg
2026-09-04 11:27:41,937 - DVPTest - DEBUG - 发出 sig_data: t=13.064, p=237.00
2026-09-04 11:27:41,937 - DVPTest - DEBUG - process_data: t=13.06, p=237.0, v=44.943, a=-67.9, phase=INFLATING
2026-09-04 11:27:41,938 - DVPTest - DEBUG - 充气峰值更新: 237.0 @ 13.06s
2026-09-04 11:27:41,938 - DVPTest - DEBUG - 物理分类结果: INFLATING
2026-09-04 11:27:41,938 - DVPTest - DEBUG - [UI] _on_plot_update 收到 131 个数据点
2026-09-04 11:27:41,940 - DVPTest - INFO - [串口] cuff=237 mmHg
2026-09-04 11:27:42,033 - DVPTest - DEBUG - 发出 sig_data: t=13.161, p=242.00
2026-09-04 11:27:42,035 - DVPTest - DEBUG - process_data: t=13.16, p=242.0, v=51.851, a=71.6, phase=INFLATING
2026-09-04 11:27:42,037 - DVPTest - DEBUG - 充气峰值更新: 242.0 @ 13.16s
2026-09-04 11:27:42,037 - DVPTest - DEBUG - 物理分类结果: INFLATING
2026-09-04 11:27:42,038 - DVPTest - DEBUG - [UI] _on_plot_update 收到 132 个数据点
2026-09-04 11:27:42,040 - DVPTest - INFO - [串口] cuff=242 mmHg
2026-09-04 11:27:42,129 - DVPTest - DEBUG - 发出 sig_data: t=13.257, p=247.00
2026-09-04 11:27:42,130 - DVPTest - DEBUG - process_data: t=13.26, p=247.0, v=52.228, a=3.9, phase=INFLATING
2026-09-04 11:27:42,131 - DVPTest - DEBUG - 充气峰值更新: 247.0 @ 13.26s
2026-09-04 11:27:42,131 - DVPTest - DEBUG - 物理分类结果: INFLATING
2026-09-04 11:27:42,131 - DVPTest - DEBUG - [UI] _on_plot_update 收到 133 个数据点
2026-09-04 11:27:42,134 - DVPTest - INFO - [串口] cuff=247 mmHg
2026-09-04 11:27:42,225 - DVPTest - DEBUG - 发出 sig_data: t=13.353, p=251.00
2026-09-04 11:27:42,226 - DVPTest - DEBUG - process_data: t=13.35, p=251.0, v=41.541, a=-111.0, phase=INFLATING
2026-09-04 11:27:42,227 - DVPTest - DEBUG - 充气峰值更新: 251.0 @ 13.35s
2026-09-04 11:27:42,227 - DVPTest - DEBUG - 物理分类结果: INFLATING
2026-09-04 11:27:42,227 - DVPTest - DEBUG - [UI] _on_plot_update 收到 134 个数据点
2026-09-04 11:27:42,228 - DVPTest - INFO - [串口] cuff=251 mmHg
2026-09-04 11:27:42,337 - DVPTest - DEBUG - 发出 sig_data: t=13.465, p=257.00
2026-09-04 11:27:42,340 - DVPTest - DEBUG - process_data: t=13.46, p=257.0, v=53.540, a=107.1, phase=INFLATING
2026-09-04 11:27:42,340 - DVPTest - DEBUG - 充气峰值更新: 257.0 @ 13.46s
2026-09-04 11:27:42,340 - DVPTest - DEBUG - 物理分类结果: INFLATING
2026-09-04 11:27:42,341 - DVPTest - DEBUG - [UI] _on_plot_update 收到 135 个数据点
2026-09-04 11:27:42,345 - DVPTest - INFO - [串口] cuff=257 mmHg
2026-09-04 11:27:42,432 - DVPTest - DEBUG - 发出 sig_data: t=13.560, p=264.00
2026-09-04 11:27:42,434 - DVPTest - DEBUG - process_data: t=13.56, p=264.0, v=73.300, a=206.9, phase=INFLATING
2026-09-04 11:27:42,435 - DVPTest - DEBUG - 充气峰值更新: 264.0 @ 13.56s
2026-09-04 11:27:42,435 - DVPTest - DEBUG - 物理分类结果: INFLATING
2026-09-04 11:27:42,436 - DVPTest - DEBUG - [UI] _on_plot_update 收到 136 个数据点
2026-09-04 11:27:42,440 - DVPTest - INFO - [串口] cuff=264 mmHg
2026-09-04 11:27:42,529 - DVPTest - DEBUG - 发出 sig_data: t=13.656, p=272.00
2026-09-04 11:27:42,529 - DVPTest - DEBUG - process_data: t=13.66, p=272.0, v=83.448, a=105.9, phase=INFLATING
2026-09-04 11:27:42,529 - DVPTest - DEBUG - 充气峰值更新: 272.0 @ 13.66s
2026-09-04 11:27:42,529 - DVPTest - DEBUG - 物理分类结果: INFLATING
2026-09-04 11:27:42,529 - DVPTest - DEBUG - [UI] _on_plot_update 收到 137 个数据点
2026-09-04 11:27:42,530 - DVPTest - INFO - [串口] cuff=272 mmHg
2026-09-04 11:27:42,624 - DVPTest - DEBUG - 发出 sig_data: t=13.752, p=287.00
2026-09-04 11:27:42,625 - DVPTest - DEBUG - process_data: t=13.75, p=287.0, v=157.078, a=771.0, phase=INFLATING
2026-09-04 11:27:42,625 - DVPTest - DEBUG - 充气峰值更新: 287.0 @ 13.75s
2026-09-04 11:27:42,626 - DVPTest - DEBUG - 物理分类结果: INFLATING
2026-09-04 11:27:42,626 - DVPTest - DEBUG - [UI] _on_plot_update 收到 138 个数据点
2026-09-04 11:27:42,629 - DVPTest - INFO - [串口] cuff=287 mmHg
2026-09-04 11:27:42,736 - DVPTest - DEBUG - 发出 sig_data: t=13.864, p=344.00
2026-09-04 11:27:42,737 - DVPTest - DEBUG - process_data: t=13.86, p=344.0, v=507.836, a=3125.0, phase=INFLATING
2026-09-04 11:27:42,738 - DVPTest - DEBUG - 充气峰值更新: 344.0 @ 13.86s
2026-09-04 11:27:42,739 - DVPTest - DEBUG - 充气目标值 300.0 mmHg 到达 @ 13.86s
2026-09-04 11:27:42,740 - DVPTest - DEBUG - 物理分类结果: INFLATING
2026-09-04 11:27:42,740 - DVPTest - DEBUG - [UI] _on_plot_update 收到 139 个数据点
2026-09-04 11:27:42,744 - DVPTest - INFO - [串口] cuff=344 mmHg
2026-09-04 11:27:42,832 - DVPTest - DEBUG - 发出 sig_data: t=13.960, p=346.00
2026-09-04 11:27:42,833 - DVPTest - DEBUG - process_data: t=13.96, p=346.0, v=20.875, a=-5082.7, phase=INFLATING
2026-09-04 11:27:42,833 - DVPTest - DEBUG - 充气峰值更新: 346.0 @ 13.96s
2026-09-04 11:27:42,833 - DVPTest - DEBUG - 物理分类结果: INFLATING
2026-09-04 11:27:42,834 - DVPTest - DEBUG - [UI] _on_plot_update 收到 140 个数据点
2026-09-04 11:27:42,835 - DVPTest - INFO - [串口] cuff=346 mmHg
2026-09-04 11:27:42,928 - DVPTest - DEBUG - 发出 sig_data: t=14.056, p=347.00
2026-09-04 11:27:42,929 - DVPTest - DEBUG - process_data: t=14.06, p=347.0, v=10.416, a=-108.9, phase=INFLATING
2026-09-04 11:27:42,930 - DVPTest - DEBUG - 充气峰值更新: 347.0 @ 14.06s
2026-09-04 11:27:42,930 - DVPTest - DEBUG - 物理分类结果: INFLATING
2026-09-04 11:27:42,930 - DVPTest - DEBUG - [UI] _on_plot_update 收到 141 个数据点
2026-09-04 11:27:42,932 - DVPTest - INFO - [串口] cuff=347 mmHg
2026-09-04 11:27:43,039 - DVPTest - DEBUG - 发出 sig_data: t=14.166, p=347.00
2026-09-04 11:27:43,040 - DVPTest - DEBUG - process_data: t=14.17, p=347.0, v=0.000, a=-94.2, phase=INFLATING
2026-09-04 11:27:43,040 - DVPTest - DEBUG - 物理分类结果: STABLE
2026-09-04 11:27:43,041 - DVPTest - DEBUG - [UI] _on_plot_update 收到 142 个数据点
2026-09-04 11:27:43,043 - DVPTest - INFO - [串口] cuff=347 mmHg
2026-09-04 11:27:43,135 - DVPTest - DEBUG - 发出 sig_data: t=14.263, p=347.00
2026-09-04 11:27:43,137 - DVPTest - DEBUG - process_data: t=14.26, p=347.0, v=0.000, a=0.0, phase=INFLATING
2026-09-04 11:27:43,137 - DVPTest - DEBUG - 物理分类结果: STABLE
2026-09-04 11:27:43,138 - DVPTest - DEBUG - [UI] _on_plot_update 收到 143 个数据点
2026-09-04 11:27:43,141 - DVPTest - INFO - [串口] cuff=347 mmHg
2026-09-04 11:27:43,231 - DVPTest - DEBUG - 发出 sig_data: t=14.359, p=347.00
2026-09-04 11:27:43,232 - DVPTest - DEBUG - process_data: t=14.36, p=347.0, v=0.000, a=0.0, phase=INFLATING
2026-09-04 11:27:43,234 - DVPTest - DEBUG - 物理分类结果: STABLE
2026-09-04 11:27:43,234 - DVPTest - DEBUG - [UI] _on_plot_update 收到 144 个数据点
2026-09-04 11:27:43,237 - DVPTest - INFO - [串口] cuff=347 mmHg
2026-09-04 11:27:43,327 - DVPTest - DEBUG - 发出 sig_data: t=14.455, p=347.00
2026-09-04 11:27:43,328 - DVPTest - DEBUG - process_data: t=14.45, p=347.0, v=0.000, a=0.0, phase=INFLATING
2026-09-04 11:27:43,328 - DVPTest - DEBUG - 物理分类结果: STABLE
2026-09-04 11:27:43,328 - DVPTest - DEBUG - [UI] _on_plot_update 收到 145 个数据点
2026-09-04 11:27:43,331 - DVPTest - INFO - [串口] cuff=347 mmHg
2026-09-04 11:27:43,438 - DVPTest - DEBUG - 发出 sig_data: t=14.566, p=347.00
2026-09-04 11:27:43,440 - DVPTest - DEBUG - process_data: t=14.57, p=347.0, v=0.000, a=0.0, phase=INFLATING
2026-09-04 11:27:43,440 - DVPTest - DEBUG - 物理分类结果: STABLE
2026-09-04 11:27:43,441 - DVPTest - DEBUG - [UI] _on_plot_update 收到 146 个数据点
2026-09-04 11:27:43,445 - DVPTest - INFO - [串口] cuff=347 mmHg
2026-09-04 11:27:43,535 - DVPTest - DEBUG - 发出 sig_data: t=14.663, p=347.00
2026-09-04 11:27:43,536 - DVPTest - DEBUG - process_data: t=14.66, p=347.0, v=0.000, a=0.0, phase=INFLATING
2026-09-04 11:27:43,536 - DVPTest - DEBUG - 物理分类结果: STABLE
2026-09-04 11:27:43,537 - DVPTest - DEBUG - [UI] _on_plot_update 收到 147 个数据点
2026-09-04 11:27:43,541 - DVPTest - INFO - [串口] cuff=347 mmHg
2026-09-04 11:27:43,631 - DVPTest - DEBUG - 发出 sig_data: t=14.759, p=347.00
2026-09-04 11:27:43,632 - DVPTest - DEBUG - process_data: t=14.76, p=347.0, v=0.000, a=0.0, phase=INFLATING
2026-09-04 11:27:43,632 - DVPTest - DEBUG - 物理分类结果: STABLE
2026-09-04 11:27:43,632 - DVPTest - DEBUG - [UI] _on_plot_update 收到 148 个数据点
2026-09-04 11:27:43,634 - DVPTest - INFO - [串口] cuff=347 mmHg
2026-09-04 11:27:43,726 - DVPTest - DEBUG - 发出 sig_data: t=14.855, p=346.00
2026-09-04 11:27:43,728 - DVPTest - DEBUG - process_data: t=14.85, p=346.0, v=-10.377, a=-107.7, phase=INFLATING
2026-09-04 11:27:43,729 - DVPTest - DEBUG - 物理分类结果: DEFLATING
2026-09-04 11:27:43,730 - DVPTest - DEBUG - [UI] _on_plot_update 收到 149 个数据点
2026-09-04 11:27:43,733 - DVPTest - INFO - [串口] cuff=346 mmHg
2026-09-04 11:27:43,838 - DVPTest - DEBUG - 发出 sig_data: t=14.966, p=346.00
2026-09-04 11:27:43,840 - DVPTest - DEBUG - process_data: t=14.97, p=346.0, v=0.000, a=93.5, phase=INFLATING
2026-09-04 11:27:43,841 - DVPTest - DEBUG - 物理分类结果: STABLE
2026-09-04 11:27:43,841 - DVPTest - DEBUG - [UI] _on_plot_update 收到 150 个数据点
2026-09-04 11:27:43,845 - DVPTest - INFO - [串口] cuff=346 mmHg
2026-09-04 11:27:43,934 - DVPTest - DEBUG - 发出 sig_data: t=15.062, p=346.00
2026-09-04 11:27:43,935 - DVPTest - DEBUG - process_data: t=15.06, p=346.0, v=0.000, a=0.0, phase=INFLATING
2026-09-04 11:27:43,935 - DVPTest - DEBUG - 物理分类结果: STABLE
2026-09-04 11:27:43,936 - DVPTest - DEBUG - [UI] _on_plot_update 收到 151 个数据点
2026-09-04 11:27:43,939 - DVPTest - INFO - [串口] cuff=346 mmHg
2026-09-04 11:27:44,030 - DVPTest - DEBUG - 发出 sig_data: t=15.158, p=347.00
2026-09-04 11:27:44,031 - DVPTest - DEBUG - process_data: t=15.16, p=347.0, v=10.386, a=107.9, phase=INFLATING
2026-09-04 11:27:44,031 - DVPTest - DEBUG - 物理分类结果: INFLATING
2026-09-04 11:27:44,031 - DVPTest - DEBUG - [UI] _on_plot_update 收到 152 个数据点
2026-09-04 11:27:44,032 - DVPTest - INFO - [串口] cuff=347 mmHg
2026-09-04 11:27:44,125 - DVPTest - DEBUG - 发出 sig_data: t=15.253, p=347.00
2026-09-04 11:27:44,126 - DVPTest - DEBUG - process_data: t=15.25, p=347.0, v=0.000, a=-109.4, phase=INFLATING
2026-09-04 11:27:44,126 - DVPTest - DEBUG - 物理分类结果: STABLE
2026-09-04 11:27:44,126 - DVPTest - DEBUG - [UI] _on_plot_update 收到 153 个数据点
2026-09-04 11:27:44,129 - DVPTest - INFO - [串口] cuff=347 mmHg
2026-09-04 11:27:44,238 - DVPTest - DEBUG - 发出 sig_data: t=15.366, p=348.00
2026-09-04 11:27:44,238 - DVPTest - DEBUG - process_data: t=15.37, p=348.0, v=8.901, a=79.2, phase=INFLATING
2026-09-04 11:27:44,239 - DVPTest - DEBUG - 充气峰值更新: 348.0 @ 15.37s
2026-09-04 11:27:44,239 - DVPTest - DEBUG - 物理分类结果: INFLATING
2026-09-04 11:27:44,239 - DVPTest - DEBUG - [UI] _on_plot_update 收到 154 个数据点
2026-09-04 11:27:44,240 - DVPTest - INFO - [串口] cuff=348 mmHg
2026-09-04 11:27:44,333 - DVPTest - DEBUG - 发出 sig_data: t=15.461, p=348.00
2026-09-04 11:27:44,334 - DVPTest - DEBUG - process_data: t=15.46, p=348.0, v=0.000, a=-93.3, phase=INFLATING
2026-09-04 11:27:44,334 - DVPTest - DEBUG - 物理分类结果: STABLE
2026-09-04 11:27:44,334 - DVPTest - DEBUG - [UI] _on_plot_update 收到 155 个数据点
2026-09-04 11:27:44,336 - DVPTest - INFO - [串口] cuff=348 mmHg
2026-09-04 11:27:44,429 - DVPTest - DEBUG - 发出 sig_data: t=15.557, p=348.00
2026-09-04 11:27:44,429 - DVPTest - DEBUG - process_data: t=15.56, p=348.0, v=0.000, a=0.0, phase=INFLATING
2026-09-04 11:27:44,429 - DVPTest - DEBUG - 物理分类结果: STABLE
2026-09-04 11:27:44,429 - DVPTest - DEBUG - [UI] _on_plot_update 收到 156 个数据点
2026-09-04 11:27:44,431 - DVPTest - INFO - [串口] cuff=348 mmHg
2026-09-04 11:27:44,526 - DVPTest - DEBUG - 发出 sig_data: t=15.654, p=349.00
2026-09-04 11:27:44,526 - DVPTest - DEBUG - process_data: t=15.65, p=349.0, v=10.316, a=106.4, phase=INFLATING
2026-09-04 11:27:44,526 - DVPTest - DEBUG - 充气峰值更新: 349.0 @ 15.65s
2026-09-04 11:27:44,526 - DVPTest - DEBUG - 物理分类结果: INFLATING
2026-09-04 11:27:44,526 - DVPTest - DEBUG - [UI] _on_plot_update 收到 157 个数据点
2026-09-04 11:27:44,528 - DVPTest - INFO - [串口] cuff=349 mmHg
2026-09-04 11:27:44,637 - DVPTest - DEBUG - 发出 sig_data: t=15.765, p=349.00
2026-09-04 11:27:44,638 - DVPTest - DEBUG - process_data: t=15.77, p=349.0, v=0.000, a=-92.4, phase=INFLATING
2026-09-04 11:27:44,638 - DVPTest - DEBUG - 物理分类结果: STABLE
2026-09-04 11:27:44,640 - DVPTest - DEBUG - [UI] _on_plot_update 收到 158 个数据点
2026-09-04 11:27:44,642 - DVPTest - INFO - [串口] cuff=349 mmHg
2026-09-04 11:27:44,733 - DVPTest - DEBUG - 发出 sig_data: t=15.861, p=348.00
2026-09-04 11:27:44,734 - DVPTest - DEBUG - process_data: t=15.86, p=348.0, v=-10.425, a=-108.7, phase=INFLATING
2026-09-04 11:27:44,734 - DVPTest - DEBUG - 物理分类结果: DEFLATING
2026-09-04 11:27:44,734 - DVPTest - DEBUG - [UI] _on_plot_update 收到 159 个数据点
2026-09-04 11:27:44,735 - DVPTest - INFO - [串口] cuff=348 mmHg
2026-09-04 11:27:44,829 - DVPTest - DEBUG - 发出 sig_data: t=15.956, p=349.00
2026-09-04 11:27:44,829 - DVPTest - DEBUG - process_data: t=15.96, p=349.0, v=10.483, a=219.2, phase=INFLATING
2026-09-04 11:27:44,829 - DVPTest - DEBUG - 物理分类结果: INFLATING
2026-09-04 11:27:44,829 - DVPTest - DEBUG - [UI] _on_plot_update 收到 160 个数据点
2026-09-04 11:27:44,831 - DVPTest - INFO - [串口] cuff=349 mmHg
2026-09-04 11:27:44,940 - DVPTest - DEBUG - 发出 sig_data: t=16.068, p=348.00
2026-09-04 11:27:44,941 - DVPTest - DEBUG - process_data: t=16.07, p=348.0, v=-8.986, a=-174.9, phase=INFLATING
2026-09-04 11:27:44,942 - DVPTest - DEBUG - 物理分类结果: DEFLATING
2026-09-04 11:27:44,942 - DVPTest - DEBUG - [UI] _on_plot_update 收到 161 个数据点
2026-09-04 11:27:44,947 - DVPTest - INFO - [串口] cuff=348 mmHg
2026-09-04 11:27:45,037 - DVPTest - DEBUG - 发出 sig_data: t=16.165, p=349.00
2026-09-04 11:27:45,038 - DVPTest - DEBUG - process_data: t=16.16, p=349.0, v=10.320, a=199.2, phase=INFLATING
2026-09-04 11:27:45,038 - DVPTest - DEBUG - 物理分类结果: INFLATING
2026-09-04 11:27:45,039 - DVPTest - DEBUG - [UI] _on_plot_update 收到 162 个数据点
2026-09-04 11:27:45,041 - DVPTest - INFO - [串口] cuff=349 mmHg
2026-09-04 11:27:45,132 - DVPTest - DEBUG - 发出 sig_data: t=16.261, p=349.00
2026-09-04 11:27:45,136 - DVPTest - DEBUG - process_data: t=16.26, p=349.0, v=0.000, a=-107.5, phase=INFLATING
2026-09-04 11:27:45,136 - DVPTest - DEBUG - 物理分类结果: STABLE
2026-09-04 11:27:45,137 - DVPTest - DEBUG - [UI] _on_plot_update 收到 163 个数据点
2026-09-04 11:27:45,140 - DVPTest - INFO - [串口] cuff=349 mmHg
2026-09-04 11:27:45,228 - DVPTest - DEBUG - 发出 sig_data: t=16.356, p=349.00
2026-09-04 11:27:45,231 - DVPTest - DEBUG - process_data: t=16.36, p=349.0, v=0.000, a=0.0, phase=INFLATING
2026-09-04 11:27:45,231 - DVPTest - DEBUG - 物理分类结果: STABLE
2026-09-04 11:27:45,232 - DVPTest - DEBUG - [UI] _on_plot_update 收到 164 个数据点
2026-09-04 11:27:45,236 - DVPTest - INFO - [串口] cuff=349 mmHg
2026-09-04 11:27:45,339 - DVPTest - DEBUG - 发出 sig_data: t=16.467, p=349.00
2026-09-04 11:27:45,340 - DVPTest - DEBUG - process_data: t=16.47, p=349.0, v=0.000, a=0.0, phase=INFLATING
2026-09-04 11:27:45,340 - DVPTest - DEBUG - 物理分类结果: STABLE
2026-09-04 11:27:45,340 - DVPTest - DEBUG - [UI] _on_plot_update 收到 165 个数据点
2026-09-04 11:27:45,341 - DVPTest - INFO - [串口] cuff=349 mmHg
2026-09-04 11:27:45,436 - DVPTest - DEBUG - 发出 sig_data: t=16.563, p=349.00
2026-09-04 11:27:45,437 - DVPTest - DEBUG - process_data: t=16.56, p=349.0, v=0.000, a=0.0, phase=INFLATING
2026-09-04 11:27:45,437 - DVPTest - DEBUG - 物理分类结果: STABLE
2026-09-04 11:27:45,438 - DVPTest - DEBUG - [UI] _on_plot_update 收到 166 个数据点
2026-09-04 11:27:45,441 - DVPTest - INFO - [串口] cuff=349 mmHg
2026-09-04 11:27:45,532 - DVPTest - DEBUG - 发出 sig_data: t=16.660, p=349.00
2026-09-04 11:27:45,534 - DVPTest - DEBUG - process_data: t=16.66, p=349.0, v=0.000, a=0.0, phase=INFLATING
2026-09-04 11:27:45,534 - DVPTest - DEBUG - 物理分类结果: STABLE
2026-09-04 11:27:45,535 - DVPTest - DEBUG - [UI] _on_plot_update 收到 167 个数据点
2026-09-04 11:27:45,538 - DVPTest - INFO - [串口] cuff=349 mmHg
2026-09-04 11:27:45,628 - DVPTest - DEBUG - 发出 sig_data: t=16.756, p=348.00
2026-09-04 11:27:45,630 - DVPTest - DEBUG - process_data: t=16.76, p=348.0, v=-10.340, a=-106.9, phase=INFLATING
2026-09-04 11:27:45,632 - DVPTest - DEBUG - 物理分类结果: DEFLATING
2026-09-04 11:27:45,633 - DVPTest - DEBUG - [UI] _on_plot_update 收到 168 个数据点
2026-09-04 11:27:45,638 - DVPTest - INFO - [串口] cuff=348 mmHg
2026-09-04 11:27:45,740 - DVPTest - DEBUG - 发出 sig_data: t=16.868, p=349.00
2026-09-04 11:27:45,742 - DVPTest - DEBUG - process_data: t=16.87, p=349.0, v=8.988, a=173.7, phase=INFLATING
2026-09-04 11:27:45,744 - DVPTest - DEBUG - 物理分类结果: INFLATING
2026-09-04 11:27:45,744 - DVPTest - DEBUG - [UI] _on_plot_update 收到 169 个数据点
2026-09-04 11:27:45,749 - DVPTest - INFO - [串口] cuff=349 mmHg
2026-09-04 11:27:45,835 - DVPTest - DEBUG - 发出 sig_data: t=16.963, p=349.00
2026-09-04 11:27:45,835 - DVPTest - DEBUG - process_data: t=16.96, p=349.0, v=0.000, a=-94.8, phase=INFLATING
2026-09-04 11:27:45,835 - DVPTest - DEBUG - 物理分类结果: STABLE
2026-09-04 11:27:45,835 - DVPTest - DEBUG - [UI] _on_plot_update 收到 170 个数据点
2026-09-04 11:27:45,836 - DVPTest - INFO - [串口] cuff=349 mmHg
2026-09-04 11:27:45,931 - DVPTest - DEBUG - 发出 sig_data: t=17.059, p=349.00
2026-09-04 11:27:45,933 - DVPTest - DEBUG - process_data: t=17.06, p=349.0, v=0.000, a=0.0, phase=INFLATING
2026-09-04 11:27:45,933 - DVPTest - DEBUG - 物理分类结果: STABLE
2026-09-04 11:27:45,934 - DVPTest - DEBUG - [UI] _on_plot_update 收到 171 个数据点
2026-09-04 11:27:45,937 - DVPTest - INFO - [串口] cuff=349 mmHg
2026-09-04 11:27:46,027 - DVPTest - DEBUG - 发出 sig_data: t=17.154, p=348.00
2026-09-04 11:27:46,029 - DVPTest - DEBUG - process_data: t=17.15, p=348.0, v=-10.514, a=-110.5, phase=INFLATING
2026-09-04 11:27:46,029 - DVPTest - DEBUG - 物理分类结果: DEFLATING
2026-09-04 11:27:46,029 - DVPTest - DEBUG - [UI] _on_plot_update 收到 172 个数据点
2026-09-04 11:27:46,031 - DVPTest - INFO - [串口] cuff=348 mmHg
2026-09-04 11:27:46,139 - DVPTest - DEBUG - 发出 sig_data: t=17.267, p=349.00
2026-09-04 11:27:46,140 - DVPTest - DEBUG - process_data: t=17.27, p=349.0, v=8.870, a=171.9, phase=INFLATING
2026-09-04 11:27:46,141 - DVPTest - DEBUG - 物理分类结果: INFLATING
2026-09-04 11:27:46,142 - DVPTest - DEBUG - [UI] _on_plot_update 收到 173 个数据点
2026-09-04 11:27:46,146 - DVPTest - INFO - [串口] cuff=349 mmHg
2026-09-04 11:27:46,235 - DVPTest - DEBUG - 发出 sig_data: t=17.363, p=348.00
2026-09-04 11:27:46,237 - DVPTest - DEBUG - process_data: t=17.36, p=348.0, v=-10.394, a=-200.2, phase=INFLATING
2026-09-04 11:27:46,238 - DVPTest - DEBUG - 物理分类结果: DEFLATING
2026-09-04 11:27:46,239 - DVPTest - DEBUG - [UI] _on_plot_update 收到 174 个数据点
2026-09-04 11:27:46,243 - DVPTest - INFO - [串口] cuff=348 mmHg
2026-09-04 11:27:46,330 - DVPTest - DEBUG - 发出 sig_data: t=17.458, p=348.00
2026-09-04 11:27:46,331 - DVPTest - DEBUG - process_data: t=17.46, p=348.0, v=0.000, a=109.9, phase=INFLATING
2026-09-04 11:27:46,331 - DVPTest - DEBUG - 物理分类结果: STABLE
2026-09-04 11:27:46,332 - DVPTest - DEBUG - [UI] _on_plot_update 收到 175 个数据点
2026-09-04 11:27:46,335 - DVPTest - INFO - [串口] cuff=348 mmHg
2026-09-04 11:27:46,426 - DVPTest - DEBUG - 发出 sig_data: t=17.555, p=348.00
2026-09-04 11:27:46,429 - DVPTest - DEBUG - process_data: t=17.55, p=348.0, v=0.000, a=0.0, phase=INFLATING
2026-09-04 11:27:46,430 - DVPTest - DEBUG - 物理分类结果: STABLE
2026-09-04 11:27:46,431 - DVPTest - DEBUG - [UI] _on_plot_update 收到 176 个数据点
2026-09-04 11:27:46,433 - DVPTest - INFO - [串口] cuff=348 mmHg
2026-09-04 11:27:46,538 - DVPTest - DEBUG - 发出 sig_data: t=17.666, p=347.00
2026-09-04 11:27:46,541 - DVPTest - DEBUG - process_data: t=17.67, p=347.0, v=-8.982, a=-80.7, phase=INFLATING
2026-09-04 11:27:46,541 - DVPTest - INFO - ★ 泄气拐点确认 [持续下降]: p=348.00 @ t=17.363s, rate=-3.31
2026-09-04 11:27:46,542 - DVPTest - SUCCESS - ★ 泄气拐点确认 [持续下降]: p=348.00 @ t=17.363s, rate=-3.31
2026-09-04 11:27:46,543 - DVPTest - INFO - 充气结果输出（由泄气拐点触发）: {'state': 'DONE', 'start': {'value': 5.0, 'time': 9.758459100034088, 'reached': True}, 'mid': {'value': 200.0, 'time': 12.362801000010222, 'reached': True}, 'target': {'value': 300.0, 'time': 13.864049800205976, 'reached': True}, 'peak': {'value': 349.0, 'time': 15.653532000258565}}
2026-09-04 11:27:46,545 - DVPTest - SUCCESS - ★ 充气结果已触发（拐点）
2026-09-04 11:27:46,546 - DVPTest - DEBUG - 物理分类结果: DEFLATING
2026-09-04 11:27:46,546 - DVPTest - DEBUG - [UI] _on_plot_update 收到 177 个数据点
2026-09-04 11:27:46,549 - DVPTest - INFO - [串口] cuff=347 mmHg
2026-09-04 11:27:46,634 - DVPTest - DEBUG - 发出 sig_data: t=17.762, p=347.00
2026-09-04 11:27:46,634 - DVPTest - DEBUG - process_data: t=17.76, p=347.0, v=0.000, a=93.1, phase=INFLATING
2026-09-04 11:27:46,636 - DVPTest - DEBUG - 物理分类结果: STABLE
2026-09-04 11:27:46,636 - DVPTest - DEBUG - [UI] _on_plot_update 收到 178 个数据点
2026-09-04 11:27:46,637 - DVPTest - INFO - [串口] cuff=347 mmHg
2026-09-04 11:27:46,730 - DVPTest - DEBUG - 发出 sig_data: t=17.858, p=347.00
2026-09-04 11:27:46,732 - DVPTest - DEBUG - process_data: t=17.86, p=347.0, v=0.000, a=0.0, phase=INFLATING
2026-09-04 11:27:46,732 - DVPTest - DEBUG - 物理分类结果: STABLE
2026-09-04 11:27:46,733 - DVPTest - DEBUG - [UI] _on_plot_update 收到 179 个数据点
2026-09-04 11:27:46,736 - DVPTest - INFO - [串口] cuff=347 mmHg
2026-09-04 11:27:46,826 - DVPTest - DEBUG - 发出 sig_data: t=17.953, p=347.00
2026-09-04 11:27:46,827 - DVPTest - DEBUG - process_data: t=17.95, p=347.0, v=0.000, a=0.0, phase=INFLATING
2026-09-04 11:27:46,827 - DVPTest - DEBUG - 物理分类结果: STABLE
2026-09-04 11:27:46,828 - DVPTest - DEBUG - [UI] _on_plot_update 收到 180 个数据点
2026-09-04 11:27:46,831 - DVPTest - INFO - [串口] cuff=347 mmHg
2026-09-04 11:27:46,938 - DVPTest - DEBUG - 发出 sig_data: t=18.066, p=347.00
2026-09-04 11:27:46,939 - DVPTest - DEBUG - process_data: t=18.07, p=347.0, v=0.000, a=0.0, phase=INFLATING
2026-09-04 11:27:46,939 - DVPTest - DEBUG - 物理分类结果: STABLE
2026-09-04 11:27:46,939 - DVPTest - DEBUG - [UI] _on_plot_update 收到 181 个数据点
2026-09-04 11:27:46,940 - DVPTest - INFO - [串口] cuff=347 mmHg
2026-09-04 11:27:47,034 - DVPTest - DEBUG - 发出 sig_data: t=18.162, p=347.00
2026-09-04 11:27:47,036 - DVPTest - DEBUG - process_data: t=18.16, p=347.0, v=0.000, a=0.0, phase=INFLATING
2026-09-04 11:27:47,037 - DVPTest - DEBUG - 物理分类结果: STABLE
2026-09-04 11:27:47,038 - DVPTest - DEBUG - [UI] _on_plot_update 收到 182 个数据点
2026-09-04 11:27:47,041 - DVPTest - INFO - [串口] cuff=347 mmHg
2026-09-04 11:27:47,129 - DVPTest - DEBUG - 发出 sig_data: t=18.257, p=347.00
2026-09-04 11:27:47,130 - DVPTest - DEBUG - process_data: t=18.26, p=347.0, v=0.000, a=0.0, phase=INFLATING
2026-09-04 11:27:47,130 - DVPTest - DEBUG - 物理分类结果: STABLE
2026-09-04 11:27:47,131 - DVPTest - DEBUG - [UI] _on_plot_update 收到 183 个数据点
2026-09-04 11:27:47,135 - DVPTest - INFO - [串口] cuff=347 mmHg
2026-09-04 11:27:47,225 - DVPTest - DEBUG - 发出 sig_data: t=18.353, p=347.00
2026-09-04 11:27:47,226 - DVPTest - DEBUG - process_data: t=18.35, p=347.0, v=0.000, a=0.0, phase=INFLATING
2026-09-04 11:27:47,226 - DVPTest - DEBUG - 物理分类结果: STABLE
2026-09-04 11:27:47,226 - DVPTest - DEBUG - [UI] _on_plot_update 收到 184 个数据点
2026-09-04 11:27:47,227 - DVPTest - INFO - [串口] cuff=347 mmHg
2026-09-04 11:27:47,337 - DVPTest - DEBUG - 发出 sig_data: t=18.465, p=346.00
2026-09-04 11:27:47,339 - DVPTest - DEBUG - process_data: t=18.47, p=346.0, v=-8.926, a=-79.7, phase=INFLATING
2026-09-04 11:27:47,340 - DVPTest - DEBUG - 物理分类结果: DEFLATING
2026-09-04 11:27:47,340 - DVPTest - DEBUG - [UI] _on_plot_update 收到 185 个数据点
2026-09-04 11:27:47,344 - DVPTest - INFO - [串口] cuff=346 mmHg
2026-09-04 11:27:47,432 - DVPTest - DEBUG - 发出 sig_data: t=18.560, p=347.00
2026-09-04 11:27:47,432 - DVPTest - DEBUG - process_data: t=18.56, p=347.0, v=10.526, a=204.8, phase=INFLATING
2026-09-04 11:27:47,433 - DVPTest - DEBUG - 物理分类结果: INFLATING
2026-09-04 11:27:47,433 - DVPTest - DEBUG - [UI] _on_plot_update 收到 186 个数据点
2026-09-04 11:27:47,434 - DVPTest - INFO - [串口] cuff=347 mmHg
2026-09-04 11:27:47,529 - DVPTest - DEBUG - 发出 sig_data: t=18.657, p=346.00
2026-09-04 11:27:47,530 - DVPTest - DEBUG - process_data: t=18.66, p=346.0, v=-10.339, a=-215.7, phase=INFLATING
2026-09-04 11:27:47,531 - DVPTest - DEBUG - 物理分类结果: DEFLATING
2026-09-04 11:27:47,531 - DVPTest - DEBUG - [UI] _on_plot_update 收到 187 个数据点
2026-09-04 11:27:47,535 - DVPTest - INFO - [串口] cuff=346 mmHg
2026-09-04 11:27:47,640 - DVPTest - DEBUG - 发出 sig_data: t=18.768, p=347.00
2026-09-04 11:27:47,641 - DVPTest - DEBUG - process_data: t=18.77, p=347.0, v=9.018, a=174.6, phase=INFLATING
2026-09-04 11:27:47,641 - DVPTest - DEBUG - 物理分类结果: INFLATING
2026-09-04 11:27:47,642 - DVPTest - DEBUG - [UI] _on_plot_update 收到 188 个数据点
2026-09-04 11:27:47,645 - DVPTest - INFO - [串口] cuff=347 mmHg
2026-09-04 11:27:47,736 - DVPTest - DEBUG - 发出 sig_data: t=18.864, p=347.00
2026-09-04 11:27:47,737 - DVPTest - DEBUG - process_data: t=18.86, p=347.0, v=0.000, a=-93.5, phase=INFLATING
2026-09-04 11:27:47,737 - DVPTest - DEBUG - 物理分类结果: STABLE
2026-09-04 11:27:47,737 - DVPTest - DEBUG - [UI] _on_plot_update 收到 189 个数据点
2026-09-04 11:27:47,739 - DVPTest - INFO - [串口] cuff=347 mmHg
2026-09-04 11:27:47,832 - DVPTest - DEBUG - 发出 sig_data: t=18.960, p=347.00
2026-09-04 11:27:47,835 - DVPTest - DEBUG - process_data: t=18.96, p=347.0, v=0.000, a=0.0, phase=INFLATING
2026-09-04 11:27:47,835 - DVPTest - DEBUG - 物理分类结果: STABLE
2026-09-04 11:27:47,836 - DVPTest - DEBUG - [UI] _on_plot_update 收到 190 个数据点
2026-09-04 11:27:47,840 - DVPTest - INFO - [串口] cuff=347 mmHg
2026-09-04 11:27:47,928 - DVPTest - DEBUG - 发出 sig_data: t=19.056, p=347.00
2026-09-04 11:27:47,931 - DVPTest - DEBUG - process_data: t=19.06, p=347.0, v=0.000, a=0.0, phase=INFLATING
2026-09-04 11:27:47,932 - DVPTest - DEBUG - 物理分类结果: STABLE
2026-09-04 11:27:47,932 - DVPTest - DEBUG - [UI] _on_plot_update 收到 191 个数据点
2026-09-04 11:27:47,935 - DVPTest - INFO - [串口] cuff=347 mmHg
2026-09-04 11:27:48,040 - DVPTest - DEBUG - 发出 sig_data: t=19.167, p=346.00
2026-09-04 11:27:48,040 - DVPTest - DEBUG - process_data: t=19.17, p=346.0, v=-8.946, a=-80.0, phase=INFLATING
2026-09-04 11:27:48,040 - DVPTest - DEBUG - 物理分类结果: DEFLATING
2026-09-04 11:27:48,040 - DVPTest - DEBUG - [UI] _on_plot_update 收到 192 个数据点
2026-09-04 11:27:48,042 - DVPTest - INFO - [串口] cuff=346 mmHg
2026-09-04 11:27:48,135 - DVPTest - DEBUG - 发出 sig_data: t=19.263, p=346.00
2026-09-04 11:27:48,137 - DVPTest - DEBUG - process_data: t=19.26, p=346.0, v=0.000, a=93.3, phase=INFLATING
2026-09-04 11:27:48,137 - DVPTest - DEBUG - 物理分类结果: STABLE
2026-09-04 11:27:48,138 - DVPTest - DEBUG - [UI] _on_plot_update 收到 193 个数据点
2026-09-04 11:27:48,141 - DVPTest - INFO - [串口] cuff=346 mmHg
2026-09-04 11:27:48,231 - DVPTest - DEBUG - 发出 sig_data: t=19.359, p=347.00
2026-09-04 11:27:48,232 - DVPTest - DEBUG - process_data: t=19.36, p=347.0, v=10.447, a=109.1, phase=INFLATING
2026-09-04 11:27:48,232 - DVPTest - DEBUG - 物理分类结果: INFLATING
2026-09-04 11:27:48,233 - DVPTest - DEBUG - [UI] _on_plot_update 收到 194 个数据点
2026-09-04 11:27:48,236 - DVPTest - INFO - [串口] cuff=347 mmHg
2026-09-04 11:27:48,327 - DVPTest - DEBUG - 发出 sig_data: t=19.455, p=347.00
2026-09-04 11:27:48,328 - DVPTest - DEBUG - process_data: t=19.45, p=347.0, v=0.000, a=-109.0, phase=INFLATING
2026-09-04 11:27:48,328 - DVPTest - DEBUG - 物理分类结果: STABLE
2026-09-04 11:27:48,329 - DVPTest - DEBUG - [UI] _on_plot_update 收到 195 个数据点
2026-09-04 11:27:48,332 - DVPTest - INFO - [串口] cuff=347 mmHg
2026-09-04 11:27:48,439 - DVPTest - DEBUG - 发出 sig_data: t=19.567, p=346.00
2026-09-04 11:27:48,441 - DVPTest - DEBUG - process_data: t=19.57, p=346.0, v=-8.885, a=-78.9, phase=INFLATING
2026-09-04 11:27:48,442 - DVPTest - DEBUG - 物理分类结果: DEFLATING
2026-09-04 11:27:48,442 - DVPTest - DEBUG - [UI] _on_plot_update 收到 196 个数据点
2026-09-04 11:27:48,447 - DVPTest - INFO - [串口] cuff=346 mmHg
2026-09-04 11:27:48,535 - DVPTest - DEBUG - 发出 sig_data: t=19.662, p=346.00
2026-09-04 11:27:48,535 - DVPTest - DEBUG - process_data: t=19.66, p=346.0, v=0.000, a=93.7, phase=INFLATING
2026-09-04 11:27:48,535 - DVPTest - DEBUG - 物理分类结果: STABLE
2026-09-04 11:27:48,535 - DVPTest - DEBUG - [UI] _on_plot_update 收到 197 个数据点
2026-09-04 11:27:48,538 - DVPTest - INFO - [串口] cuff=346 mmHg
2026-09-04 11:27:48,631 - DVPTest - DEBUG - 发出 sig_data: t=19.759, p=347.00
2026-09-04 11:27:48,632 - DVPTest - DEBUG - process_data: t=19.76, p=347.0, v=10.366, a=107.5, phase=INFLATING
2026-09-04 11:27:48,632 - DVPTest - DEBUG - 物理分类结果: INFLATING
2026-09-04 11:27:48,632 - DVPTest - DEBUG - [UI] _on_plot_update 收到 198 个数据点
2026-09-04 11:27:48,633 - DVPTest - INFO - [串口] cuff=347 mmHg
2026-09-04 11:27:48,726 - DVPTest - DEBUG - 发出 sig_data: t=19.854, p=346.00
2026-09-04 11:27:48,728 - DVPTest - DEBUG - process_data: t=19.85, p=346.0, v=-10.465, a=-218.0, phase=INFLATING
2026-09-04 11:27:48,729 - DVPTest - DEBUG - 物理分类结果: DEFLATING
2026-09-04 11:27:48,729 - DVPTest - DEBUG - [UI] _on_plot_update 收到 199 个数据点
2026-09-04 11:27:48,732 - DVPTest - INFO - [串口] cuff=346 mmHg
2026-09-04 11:27:48,839 - DVPTest - DEBUG - 发出 sig_data: t=19.967, p=347.00
2026-09-04 11:27:48,839 - DVPTest - DEBUG - process_data: t=19.97, p=347.0, v=8.915, a=172.8, phase=INFLATING
2026-09-04 11:27:48,839 - DVPTest - DEBUG - 物理分类结果: INFLATING
2026-09-04 11:27:48,839 - DVPTest - DEBUG - [UI] _on_plot_update 收到 200 个数据点
2026-09-04 11:27:48,841 - DVPTest - INFO - [串口] cuff=347 mmHg
2026-09-04 11:27:48,935 - DVPTest - DEBUG - 发出 sig_data: t=20.062, p=347.00
2026-09-04 11:27:48,936 - DVPTest - DEBUG - process_data: t=20.06, p=347.0, v=0.000, a=-92.9, phase=INFLATING
2026-09-04 11:27:48,936 - DVPTest - DEBUG - 物理分类结果: STABLE
2026-09-04 11:27:48,937 - DVPTest - DEBUG - [UI] _on_plot_update 收到 201 个数据点
2026-09-04 11:27:48,939 - DVPTest - INFO - [串口] cuff=347 mmHg
2026-09-04 11:27:49,031 - DVPTest - DEBUG - 发出 sig_data: t=20.159, p=348.00
2026-09-04 11:27:49,032 - DVPTest - DEBUG - process_data: t=20.16, p=348.0, v=10.380, a=107.8, phase=INFLATING
2026-09-04 11:27:49,033 - DVPTest - DEBUG - 物理分类结果: INFLATING
2026-09-04 11:27:49,034 - DVPTest - DEBUG - [UI] _on_plot_update 收到 202 个数据点
2026-09-04 11:27:49,037 - DVPTest - INFO - [串口] cuff=348 mmHg
2026-09-04 11:27:49,127 - DVPTest - DEBUG - 发出 sig_data: t=20.254, p=348.00
2026-09-04 11:27:49,127 - DVPTest - DEBUG - process_data: t=20.25, p=348.0, v=0.000, a=-108.9, phase=INFLATING
2026-09-04 11:27:49,127 - DVPTest - DEBUG - 物理分类结果: STABLE
2026-09-04 11:27:49,127 - DVPTest - DEBUG - [UI] _on_plot_update 收到 203 个数据点
2026-09-04 11:27:49,128 - DVPTest - INFO - [串口] cuff=348 mmHg
2026-09-04 11:27:49,239 - DVPTest - DEBUG - 发出 sig_data: t=20.368, p=349.00
2026-09-04 11:27:49,243 - DVPTest - DEBUG - process_data: t=20.37, p=349.0, v=8.790, a=77.3, phase=INFLATING
2026-09-04 11:27:49,243 - DVPTest - DEBUG - 物理分类结果: INFLATING
2026-09-04 11:27:49,244 - DVPTest - DEBUG - [UI] _on_plot_update 收到 204 个数据点
2026-09-04 11:27:49,246 - DVPTest - INFO - [串口] cuff=349 mmHg
2026-09-04 11:27:49,334 - DVPTest - DEBUG - 发出 sig_data: t=20.461, p=349.00
2026-09-04 11:27:49,334 - DVPTest - DEBUG - process_data: t=20.46, p=349.0, v=0.000, a=-94.2, phase=INFLATING
2026-09-04 11:27:49,334 - DVPTest - DEBUG - 物理分类结果: STABLE
2026-09-04 11:27:49,335 - DVPTest - DEBUG - [UI] _on_plot_update 收到 205 个数据点
2026-09-04 11:27:49,337 - DVPTest - INFO - [串口] cuff=349 mmHg
2026-09-04 11:27:49,431 - DVPTest - DEBUG - 发出 sig_data: t=20.559, p=349.00
2026-09-04 11:27:49,432 - DVPTest - DEBUG - process_data: t=20.56, p=349.0, v=0.000, a=0.0, phase=INFLATING
2026-09-04 11:27:49,433 - DVPTest - DEBUG - 物理分类结果: STABLE
2026-09-04 11:27:49,433 - DVPTest - DEBUG - [UI] _on_plot_update 收到 206 个数据点
2026-09-04 11:27:49,436 - DVPTest - INFO - [串口] cuff=349 mmHg
2026-09-04 11:27:49,527 - DVPTest - DEBUG - 发出 sig_data: t=20.655, p=349.00
2026-09-04 11:27:49,528 - DVPTest - DEBUG - process_data: t=20.66, p=349.0, v=0.000, a=0.0, phase=INFLATING
2026-09-04 11:27:49,529 - DVPTest - DEBUG - 物理分类结果: STABLE
2026-09-04 11:27:49,529 - DVPTest - DEBUG - [UI] _on_plot_update 收到 207 个数据点
2026-09-04 11:27:49,532 - DVPTest - INFO - [串口] cuff=349 mmHg
2026-09-04 11:27:49,638 - DVPTest - DEBUG - 发出 sig_data: t=20.766, p=349.00
2026-09-04 11:27:49,639 - DVPTest - DEBUG - process_data: t=20.77, p=349.0, v=0.000, a=0.0, phase=INFLATING
2026-09-04 11:27:49,639 - DVPTest - DEBUG - 物理分类结果: STABLE
2026-09-04 11:27:49,640 - DVPTest - DEBUG - [UI] _on_plot_update 收到 208 个数据点
2026-09-04 11:27:49,642 - DVPTest - INFO - [串口] cuff=349 mmHg
2026-09-04 11:27:49,733 - DVPTest - DEBUG - 发出 sig_data: t=20.861, p=349.00
2026-09-04 11:27:49,735 - DVPTest - DEBUG - process_data: t=20.86, p=349.0, v=0.000, a=0.0, phase=INFLATING
2026-09-04 11:27:49,736 - DVPTest - DEBUG - 物理分类结果: STABLE
2026-09-04 11:27:49,737 - DVPTest - DEBUG - [UI] _on_plot_update 收到 209 个数据点
2026-09-04 11:27:49,741 - DVPTest - INFO - [串口] cuff=349 mmHg
2026-09-04 11:27:49,829 - DVPTest - DEBUG - 发出 sig_data: t=20.956, p=349.00
2026-09-04 11:27:49,829 - DVPTest - DEBUG - process_data: t=20.96, p=349.0, v=0.000, a=0.0, phase=INFLATING
2026-09-04 11:27:49,829 - DVPTest - DEBUG - 物理分类结果: STABLE
2026-09-04 11:27:49,829 - DVPTest - DEBUG - [UI] _on_plot_update 收到 210 个数据点
2026-09-04 11:27:49,831 - DVPTest - INFO - [串口] cuff=349 mmHg
2026-09-04 11:27:49,941 - DVPTest - DEBUG - 发出 sig_data: t=21.068, p=349.00
2026-09-04 11:27:49,942 - DVPTest - DEBUG - process_data: t=21.07, p=349.0, v=0.000, a=0.0, phase=INFLATING
2026-09-04 11:27:49,944 - DVPTest - DEBUG - 物理分类结果: STABLE
2026-09-04 11:27:49,945 - DVPTest - DEBUG - [UI] _on_plot_update 收到 211 个数据点
2026-09-04 11:27:49,948 - DVPTest - INFO - [串口] cuff=349 mmHg
2026-09-04 11:27:50,037 - DVPTest - DEBUG - 发出 sig_data: t=21.165, p=349.00
2026-09-04 11:27:50,038 - DVPTest - DEBUG - process_data: t=21.16, p=349.0, v=0.000, a=0.0, phase=INFLATING
2026-09-04 11:27:50,038 - DVPTest - DEBUG - 物理分类结果: STABLE
2026-09-04 11:27:50,038 - DVPTest - DEBUG - [UI] _on_plot_update 收到 212 个数据点
2026-09-04 11:27:50,041 - DVPTest - INFO - [串口] cuff=349 mmHg
2026-09-04 11:27:50,133 - DVPTest - DEBUG - 发出 sig_data: t=21.261, p=349.00
2026-09-04 11:27:50,134 - DVPTest - DEBUG - process_data: t=21.26, p=349.0, v=0.000, a=0.0, phase=INFLATING
2026-09-04 11:27:50,134 - DVPTest - DEBUG - 物理分类结果: STABLE
2026-09-04 11:27:50,134 - DVPTest - DEBUG - [UI] _on_plot_update 收到 213 个数据点
2026-09-04 11:27:50,135 - DVPTest - INFO - [串口] cuff=349 mmHg
2026-09-04 11:27:50,229 - DVPTest - DEBUG - 发出 sig_data: t=21.357, p=348.00
2026-09-04 11:27:50,232 - DVPTest - DEBUG - process_data: t=21.36, p=348.0, v=-10.399, a=-108.1, phase=INFLATING
2026-09-04 11:27:50,232 - DVPTest - DEBUG - 物理分类结果: DEFLATING
2026-09-04 11:27:50,233 - DVPTest - DEBUG - [UI] _on_plot_update 收到 214 个数据点
2026-09-04 11:27:50,236 - DVPTest - INFO - [串口] cuff=348 mmHg
2026-09-04 11:27:50,340 - DVPTest - DEBUG - 发出 sig_data: t=21.468, p=349.00
2026-09-04 11:27:50,341 - DVPTest - DEBUG - process_data: t=21.47, p=349.0, v=9.045, a=175.9, phase=INFLATING
2026-09-04 11:27:50,341 - DVPTest - DEBUG - 物理分类结果: INFLATING
2026-09-04 11:27:50,341 - DVPTest - DEBUG - [UI] _on_plot_update 收到 215 个数据点
2026-09-04 11:27:50,342 - DVPTest - INFO - [串口] cuff=349 mmHg
2026-09-04 11:27:50,436 - DVPTest - DEBUG - 发出 sig_data: t=21.564, p=349.00
2026-09-04 11:27:50,437 - DVPTest - DEBUG - process_data: t=21.56, p=349.0, v=0.000, a=-93.8, phase=INFLATING
2026-09-04 11:27:50,438 - DVPTest - DEBUG - 物理分类结果: STABLE
2026-09-04 11:27:50,439 - DVPTest - DEBUG - [UI] _on_plot_update 收到 216 个数据点
2026-09-04 11:27:50,443 - DVPTest - INFO - [串口] cuff=349 mmHg
2026-09-04 11:27:50,532 - DVPTest - DEBUG - 发出 sig_data: t=21.660, p=349.00
2026-09-04 11:27:50,534 - DVPTest - DEBUG - process_data: t=21.66, p=349.0, v=0.000, a=0.0, phase=INFLATING
2026-09-04 11:27:50,534 - DVPTest - DEBUG - 物理分类结果: STABLE
2026-09-04 11:27:50,535 - DVPTest - DEBUG - [UI] _on_plot_update 收到 217 个数据点
2026-09-04 11:27:50,537 - DVPTest - INFO - [串口] cuff=349 mmHg
2026-09-04 11:27:50,629 - DVPTest - DEBUG - 发出 sig_data: t=21.756, p=349.00
2026-09-04 11:27:50,629 - DVPTest - DEBUG - process_data: t=21.76, p=349.0, v=0.000, a=0.0, phase=INFLATING
2026-09-04 11:27:50,629 - DVPTest - DEBUG - 物理分类结果: STABLE
2026-09-04 11:27:50,630 - DVPTest - DEBUG - [UI] _on_plot_update 收到 218 个数据点
2026-09-04 11:27:50,633 - DVPTest - INFO - [串口] cuff=349 mmHg
2026-09-04 11:27:50,740 - DVPTest - DEBUG - 发出 sig_data: t=21.868, p=349.00
2026-09-04 11:27:50,741 - DVPTest - DEBUG - process_data: t=21.87, p=349.0, v=0.000, a=0.0, phase=INFLATING
2026-09-04 11:27:50,741 - DVPTest - DEBUG - 物理分类结果: STABLE
2026-09-04 11:27:50,742 - DVPTest - DEBUG - [UI] _on_plot_update 收到 219 个数据点
2026-09-04 11:27:50,746 - DVPTest - INFO - [串口] cuff=349 mmHg
2026-09-04 11:27:50,836 - DVPTest - DEBUG - 发出 sig_data: t=21.964, p=349.00
2026-09-04 11:27:50,837 - DVPTest - DEBUG - process_data: t=21.96, p=349.0, v=0.000, a=0.0, phase=INFLATING
2026-09-04 11:27:50,838 - DVPTest - DEBUG - 物理分类结果: STABLE
2026-09-04 11:27:50,838 - DVPTest - DEBUG - [UI] _on_plot_update 收到 220 个数据点
2026-09-04 11:27:50,840 - DVPTest - INFO - [串口] cuff=349 mmHg
2026-09-04 11:27:50,931 - DVPTest - DEBUG - 发出 sig_data: t=22.059, p=349.00
2026-09-04 11:27:50,932 - DVPTest - DEBUG - process_data: t=22.06, p=349.0, v=0.000, a=0.0, phase=INFLATING
2026-09-04 11:27:50,932 - DVPTest - DEBUG - 物理分类结果: STABLE
2026-09-04 11:27:50,934 - DVPTest - DEBUG - [UI] _on_plot_update 收到 221 个数据点
2026-09-04 11:27:50,938 - DVPTest - INFO - [串口] cuff=349 mmHg
2026-09-04 11:27:51,028 - DVPTest - DEBUG - 发出 sig_data: t=22.156, p=349.00
2026-09-04 11:27:51,031 - DVPTest - DEBUG - process_data: t=22.16, p=349.0, v=0.000, a=0.0, phase=INFLATING
2026-09-04 11:27:51,031 - DVPTest - DEBUG - 物理分类结果: STABLE
2026-09-04 11:27:51,032 - DVPTest - DEBUG - [UI] _on_plot_update 收到 222 个数据点
2026-09-04 11:27:51,036 - DVPTest - INFO - [串口] cuff=349 mmHg
2026-09-04 11:27:51,140 - DVPTest - DEBUG - 发出 sig_data: t=22.267, p=348.00
2026-09-04 11:27:51,141 - DVPTest - DEBUG - process_data: t=22.27, p=348.0, v=-8.988, a=-80.8, phase=INFLATING
2026-09-04 11:27:51,142 - DVPTest - DEBUG - 物理分类结果: DEFLATING
2026-09-04 11:27:51,142 - DVPTest - DEBUG - [UI] _on_plot_update 收到 223 个数据点
2026-09-04 11:27:51,144 - DVPTest - INFO - [串口] cuff=348 mmHg
2026-09-04 11:27:51,235 - DVPTest - DEBUG - 发出 sig_data: t=22.363, p=348.00
2026-09-04 11:27:51,236 - DVPTest - DEBUG - process_data: t=22.36, p=348.0, v=0.000, a=94.2, phase=INFLATING
2026-09-04 11:27:51,236 - DVPTest - DEBUG - 物理分类结果: STABLE
2026-09-04 11:27:51,236 - DVPTest - DEBUG - [UI] _on_plot_update 收到 224 个数据点
2026-09-04 11:27:51,237 - DVPTest - INFO - [串口] cuff=348 mmHg
2026-09-04 11:27:51,330 - DVPTest - DEBUG - 发出 sig_data: t=22.458, p=347.00
2026-09-04 11:27:51,331 - DVPTest - DEBUG - process_data: t=22.46, p=347.0, v=-10.462, a=-109.4, phase=INFLATING
2026-09-04 11:27:51,331 - DVPTest - DEBUG - 物理分类结果: DEFLATING
2026-09-04 11:27:51,331 - DVPTest - DEBUG - [UI] _on_plot_update 收到 225 个数据点
2026-09-04 11:27:51,333 - DVPTest - INFO - [串口] cuff=347 mmHg
2026-09-04 11:27:51,427 - DVPTest - DEBUG - 发出 sig_data: t=22.555, p=347.00
2026-09-04 11:27:51,428 - DVPTest - DEBUG - process_data: t=22.55, p=347.0, v=0.000, a=108.3, phase=INFLATING
2026-09-04 11:27:51,428 - DVPTest - DEBUG - 物理分类结果: STABLE
2026-09-04 11:27:51,429 - DVPTest - DEBUG - [UI] _on_plot_update 收到 226 个数据点
2026-09-04 11:27:51,432 - DVPTest - INFO - [串口] cuff=347 mmHg
2026-09-04 11:27:51,539 - DVPTest - DEBUG - 发出 sig_data: t=22.667, p=347.00
2026-09-04 11:27:51,540 - DVPTest - DEBUG - process_data: t=22.67, p=347.0, v=0.000, a=0.0, phase=INFLATING
2026-09-04 11:27:51,540 - DVPTest - DEBUG - 物理分类结果: STABLE
2026-09-04 11:27:51,541 - DVPTest - DEBUG - [UI] _on_plot_update 收到 227 个数据点
2026-09-04 11:27:51,544 - DVPTest - INFO - [串口] cuff=347 mmHg
2026-09-04 11:27:51,634 - DVPTest - DEBUG - 发出 sig_data: t=22.762, p=347.00
2026-09-04 11:27:51,635 - DVPTest - DEBUG - process_data: t=22.76, p=347.0, v=0.000, a=0.0, phase=INFLATING
2026-09-04 11:27:51,635 - DVPTest - DEBUG - 物理分类结果: STABLE
2026-09-04 11:27:51,636 - DVPTest - DEBUG - [UI] _on_plot_update 收到 228 个数据点
2026-09-04 11:27:51,638 - DVPTest - INFO - [串口] cuff=347 mmHg
2026-09-04 11:27:51,731 - DVPTest - DEBUG - 发出 sig_data: t=22.859, p=347.00
2026-09-04 11:27:51,734 - DVPTest - DEBUG - process_data: t=22.86, p=347.0, v=0.000, a=0.0, phase=INFLATING
2026-09-04 11:27:51,734 - DVPTest - DEBUG - 物理分类结果: STABLE
2026-09-04 11:27:51,735 - DVPTest - DEBUG - [UI] _on_plot_update 收到 229 个数据点
2026-09-04 11:27:51,739 - DVPTest - INFO - [串口] cuff=347 mmHg
2026-09-04 11:27:51,841 - DVPTest - DEBUG - 发出 sig_data: t=22.969, p=347.00
2026-09-04 11:27:51,842 - DVPTest - DEBUG - process_data: t=22.97, p=347.0, v=0.000, a=0.0, phase=INFLATING
2026-09-04 11:27:51,842 - DVPTest - DEBUG - 物理分类结果: STABLE
2026-09-04 11:27:51,842 - DVPTest - DEBUG - [UI] _on_plot_update 收到 230 个数据点
2026-09-04 11:27:51,844 - DVPTest - INFO - [串口] cuff=347 mmHg
2026-09-04 11:27:51,938 - DVPTest - DEBUG - 发出 sig_data: t=23.066, p=347.00
2026-09-04 11:27:51,939 - DVPTest - DEBUG - process_data: t=23.07, p=347.0, v=0.000, a=0.0, phase=INFLATING
2026-09-04 11:27:51,939 - DVPTest - DEBUG - 物理分类结果: STABLE
2026-09-04 11:27:51,940 - DVPTest - DEBUG - [UI] _on_plot_update 收到 231 个数据点
2026-09-04 11:27:51,942 - DVPTest - INFO - [串口] cuff=347 mmHg
2026-09-04 11:27:52,034 - DVPTest - DEBUG - 发出 sig_data: t=23.162, p=347.00
2026-09-04 11:27:52,035 - DVPTest - DEBUG - process_data: t=23.16, p=347.0, v=0.000, a=0.0, phase=INFLATING
2026-09-04 11:27:52,035 - DVPTest - DEBUG - 物理分类结果: STABLE
2026-09-04 11:27:52,037 - DVPTest - DEBUG - [UI] _on_plot_update 收到 232 个数据点
2026-09-04 11:27:52,039 - DVPTest - INFO - [串口] cuff=347 mmHg
2026-09-04 11:27:52,130 - DVPTest - DEBUG - 发出 sig_data: t=23.257, p=346.00
2026-09-04 11:27:52,131 - DVPTest - DEBUG - process_data: t=23.26, p=346.0, v=-10.511, a=-110.5, phase=INFLATING
2026-09-04 11:27:52,131 - DVPTest - DEBUG - 物理分类结果: DEFLATING
2026-09-04 11:27:52,132 - DVPTest - DEBUG - [UI] _on_plot_update 收到 233 个数据点
2026-09-04 11:27:52,133 - DVPTest - INFO - [串口] cuff=346 mmHg
2026-09-04 11:27:52,242 - DVPTest - DEBUG - 发出 sig_data: t=23.369, p=346.00
2026-09-04 11:27:52,243 - DVPTest - DEBUG - process_data: t=23.37, p=346.0, v=0.000, a=93.8, phase=INFLATING
2026-09-04 11:27:52,244 - DVPTest - DEBUG - 物理分类结果: STABLE
2026-09-04 11:27:52,244 - DVPTest - DEBUG - [UI] _on_plot_update 收到 234 个数据点
2026-09-04 11:27:52,249 - DVPTest - INFO - [串口] cuff=346 mmHg
2026-09-04 11:27:52,337 - DVPTest - DEBUG - 发出 sig_data: t=23.465, p=346.00
2026-09-04 11:27:52,338 - DVPTest - DEBUG - process_data: t=23.46, p=346.0, v=0.000, a=0.0, phase=INFLATING
2026-09-04 11:27:52,338 - DVPTest - DEBUG - 物理分类结果: STABLE
2026-09-04 11:27:52,338 - DVPTest - DEBUG - [UI] _on_plot_update 收到 235 个数据点
2026-09-04 11:27:52,340 - DVPTest - INFO - [串口] cuff=346 mmHg
2026-09-04 11:27:52,434 - DVPTest - DEBUG - 发出 sig_data: t=23.562, p=346.00
2026-09-04 11:27:52,435 - DVPTest - DEBUG - process_data: t=23.56, p=346.0, v=0.000, a=0.0, phase=INFLATING
2026-09-04 11:27:52,435 - DVPTest - DEBUG - 物理分类结果: STABLE
2026-09-04 11:27:52,436 - DVPTest - DEBUG - [UI] _on_plot_update 收到 236 个数据点
2026-09-04 11:27:52,439 - DVPTest - INFO - [串口] cuff=346 mmHg
2026-09-04 11:27:52,529 - DVPTest - DEBUG - 发出 sig_data: t=23.657, p=346.00
2026-09-04 11:27:52,530 - DVPTest - DEBUG - process_data: t=23.66, p=346.0, v=0.000, a=0.0, phase=INFLATING
2026-09-04 11:27:52,530 - DVPTest - DEBUG - 物理分类结果: STABLE
2026-09-04 11:27:52,531 - DVPTest - DEBUG - [UI] _on_plot_update 收到 237 个数据点
2026-09-04 11:27:52,534 - DVPTest - INFO - [串口] cuff=346 mmHg
2026-09-04 11:27:52,641 - DVPTest - DEBUG - 发出 sig_data: t=23.769, p=347.00
2026-09-04 11:27:52,642 - DVPTest - DEBUG - process_data: t=23.77, p=347.0, v=8.925, a=79.7, phase=INFLATING
2026-09-04 11:27:52,642 - DVPTest - DEBUG - 物理分类结果: INFLATING
2026-09-04 11:27:52,642 - DVPTest - DEBUG - [UI] _on_plot_update 收到 238 个数据点
2026-09-04 11:27:52,643 - DVPTest - INFO - [串口] cuff=347 mmHg
2026-09-04 11:27:52,737 - DVPTest - DEBUG - 发出 sig_data: t=23.865, p=347.00
2026-09-04 11:27:52,738 - DVPTest - DEBUG - process_data: t=23.86, p=347.0, v=0.000, a=-92.9, phase=INFLATING
2026-09-04 11:27:52,738 - DVPTest - DEBUG - 物理分类结果: STABLE
2026-09-04 11:27:52,739 - DVPTest - DEBUG - [UI] _on_plot_update 收到 239 个数据点
2026-09-04 11:27:52,742 - DVPTest - INFO - [串口] cuff=347 mmHg
2026-09-04 11:27:52,833 - DVPTest - DEBUG - 发出 sig_data: t=23.960, p=346.00
2026-09-04 11:27:52,834 - DVPTest - DEBUG - process_data: t=23.96, p=346.0, v=-10.482, a=-109.9, phase=INFLATING
2026-09-04 11:27:52,834 - DVPTest - DEBUG - 物理分类结果: DEFLATING
2026-09-04 11:27:52,834 - DVPTest - DEBUG - [UI] _on_plot_update 收到 240 个数据点
2026-09-04 11:27:52,835 - DVPTest - INFO - [串口] cuff=346 mmHg
2026-09-04 11:27:52,944 - DVPTest - DEBUG - 发出 sig_data: t=24.072, p=347.00
2026-09-04 11:27:52,944 - DVPTest - DEBUG - process_data: t=24.07, p=347.0, v=8.972, a=174.6, phase=INFLATING
2026-09-04 11:27:52,945 - DVPTest - DEBUG - 物理分类结果: INFLATING
2026-09-04 11:27:52,945 - DVPTest - DEBUG - [UI] _on_plot_update 收到 241 个数据点
2026-09-04 11:27:52,946 - DVPTest - INFO - [串口] cuff=347 mmHg
2026-09-04 11:27:53,041 - DVPTest - DEBUG - 发出 sig_data: t=24.168, p=347.00
2026-09-04 11:27:53,042 - DVPTest - DEBUG - process_data: t=24.17, p=347.0, v=0.000, a=-92.8, phase=INFLATING
2026-09-04 11:27:53,043 - DVPTest - DEBUG - 物理分类结果: STABLE
2026-09-04 11:27:53,043 - DVPTest - DEBUG - [UI] _on_plot_update 收到 242 个数据点
2026-09-04 11:27:53,046 - DVPTest - INFO - [串口] cuff=347 mmHg
2026-09-04 11:27:53,137 - DVPTest - DEBUG - 发出 sig_data: t=24.264, p=347.00
2026-09-04 11:27:53,138 - DVPTest - DEBUG - process_data: t=24.26, p=347.0, v=0.000, a=0.0, phase=INFLATING
2026-09-04 11:27:53,138 - DVPTest - DEBUG - 物理分类结果: STABLE
2026-09-04 11:27:53,139 - DVPTest - DEBUG - [UI] _on_plot_update 收到 243 个数据点
2026-09-04 11:27:53,142 - DVPTest - INFO - [串口] cuff=347 mmHg
2026-09-04 11:27:53,233 - DVPTest - DEBUG - 发出 sig_data: t=24.361, p=347.00
2026-09-04 11:27:53,235 - DVPTest - DEBUG - process_data: t=24.36, p=347.0, v=0.000, a=0.0, phase=INFLATING
2026-09-04 11:27:53,235 - DVPTest - DEBUG - 物理分类结果: STABLE
2026-09-04 11:27:53,236 - DVPTest - DEBUG - [UI] _on_plot_update 收到 244 个数据点
2026-09-04 11:27:53,239 - DVPTest - INFO - [串口] cuff=347 mmHg
2026-09-04 11:27:53,343 - DVPTest - DEBUG - 发出 sig_data: t=24.471, p=347.00
2026-09-04 11:27:53,344 - DVPTest - DEBUG - process_data: t=24.47, p=347.0, v=0.000, a=0.0, phase=INFLATING
2026-09-04 11:27:53,344 - DVPTest - DEBUG - 物理分类结果: STABLE
2026-09-04 11:27:53,345 - DVPTest - DEBUG - [UI] _on_plot_update 收到 245 个数据点
2026-09-04 11:27:53,348 - DVPTest - INFO - [串口] cuff=347 mmHg
2026-09-04 11:27:53,440 - DVPTest - DEBUG - 发出 sig_data: t=24.567, p=347.00
2026-09-04 11:27:53,440 - DVPTest - DEBUG - process_data: t=24.57, p=347.0, v=0.000, a=0.0, phase=INFLATING
2026-09-04 11:27:53,440 - DVPTest - DEBUG - 物理分类结果: STABLE
2026-09-04 11:27:53,441 - DVPTest - DEBUG - [UI] _on_plot_update 收到 246 个数据点
2026-09-04 11:27:53,443 - DVPTest - INFO - [串口] cuff=347 mmHg
2026-09-04 11:27:53,536 - DVPTest - DEBUG - 发出 sig_data: t=24.664, p=347.00
2026-09-04 11:27:53,537 - DVPTest - DEBUG - process_data: t=24.66, p=347.0, v=0.000, a=0.0, phase=INFLATING
2026-09-04 11:27:53,538 - DVPTest - DEBUG - 物理分类结果: STABLE
2026-09-04 11:27:53,540 - DVPTest - DEBUG - [UI] _on_plot_update 收到 247 个数据点
2026-09-04 11:27:53,543 - DVPTest - INFO - [串口] cuff=347 mmHg
2026-09-04 11:27:53,631 - DVPTest - DEBUG - 发出 sig_data: t=24.759, p=348.00
2026-09-04 11:27:53,633 - DVPTest - DEBUG - process_data: t=24.76, p=348.0, v=10.491, a=110.1, phase=INFLATING
2026-09-04 11:27:53,633 - DVPTest - DEBUG - 物理分类结果: INFLATING
2026-09-04 11:27:53,633 - DVPTest - DEBUG - [UI] _on_plot_update 收到 248 个数据点
2026-09-04 11:27:53,637 - DVPTest - INFO - [串口] cuff=348 mmHg
2026-09-04 11:27:53,743 - DVPTest - DEBUG - 发出 sig_data: t=24.871, p=348.00
2026-09-04 11:27:53,745 - DVPTest - DEBUG - process_data: t=24.87, p=348.0, v=0.000, a=-93.4, phase=INFLATING
2026-09-04 11:27:53,745 - DVPTest - DEBUG - 物理分类结果: STABLE
2026-09-04 11:27:53,746 - DVPTest - DEBUG - [UI] _on_plot_update 收到 249 个数据点
2026-09-04 11:27:53,748 - DVPTest - INFO - [串口] cuff=348 mmHg
2026-09-04 11:27:53,839 - DVPTest - DEBUG - 发出 sig_data: t=24.968, p=348.00
2026-09-04 11:27:53,841 - DVPTest - DEBUG - process_data: t=24.97, p=348.0, v=0.000, a=0.0, phase=INFLATING
2026-09-04 11:27:53,842 - DVPTest - DEBUG - 物理分类结果: STABLE
2026-09-04 11:27:53,843 - DVPTest - DEBUG - [UI] _on_plot_update 收到 250 个数据点
2026-09-04 11:27:53,846 - DVPTest - INFO - [串口] cuff=348 mmHg
2026-09-04 11:27:53,935 - DVPTest - DEBUG - 发出 sig_data: t=25.062, p=348.00
2026-09-04 11:27:53,935 - DVPTest - DEBUG - process_data: t=25.06, p=348.0, v=0.000, a=0.0, phase=INFLATING
2026-09-04 11:27:53,935 - DVPTest - DEBUG - 物理分类结果: STABLE
2026-09-04 11:27:53,935 - DVPTest - DEBUG - [UI] _on_plot_update 收到 251 个数据点
2026-09-04 11:27:53,937 - DVPTest - INFO - [串口] cuff=348 mmHg
2026-09-04 11:27:54,031 - DVPTest - DEBUG - 发出 sig_data: t=25.159, p=348.00
2026-09-04 11:27:54,033 - DVPTest - DEBUG - process_data: t=25.16, p=348.0, v=0.000, a=0.0, phase=INFLATING
2026-09-04 11:27:54,033 - DVPTest - DEBUG - 物理分类结果: STABLE
2026-09-04 11:27:54,034 - DVPTest - DEBUG - [UI] _on_plot_update 收到 252 个数据点
2026-09-04 11:27:54,038 - DVPTest - INFO - [串口] cuff=348 mmHg
2026-09-04 11:27:54,143 - DVPTest - DEBUG - 发出 sig_data: t=25.270, p=349.00
2026-09-04 11:27:54,144 - DVPTest - DEBUG - process_data: t=25.27, p=349.0, v=8.973, a=80.5, phase=INFLATING
2026-09-04 11:27:54,144 - DVPTest - DEBUG - 物理分类结果: INFLATING
2026-09-04 11:27:54,145 - DVPTest - DEBUG - [UI] _on_plot_update 收到 253 个数据点
2026-09-04 11:27:54,147 - DVPTest - INFO - [串口] cuff=349 mmHg
2026-09-04 11:27:54,238 - DVPTest - DEBUG - 发出 sig_data: t=25.366, p=349.00
2026-09-04 11:27:54,240 - DVPTest - DEBUG - process_data: t=25.37, p=349.0, v=0.000, a=-93.5, phase=INFLATING
2026-09-04 11:27:54,241 - DVPTest - DEBUG - 物理分类结果: STABLE
2026-09-04 11:27:54,241 - DVPTest - DEBUG - [UI] _on_plot_update 收到 254 个数据点
2026-09-04 11:27:54,246 - DVPTest - INFO - [串口] cuff=349 mmHg
2026-09-04 11:27:54,335 - DVPTest - DEBUG - 发出 sig_data: t=25.463, p=349.00
2026-09-04 11:27:54,336 - DVPTest - DEBUG - process_data: t=25.46, p=349.0, v=0.000, a=0.0, phase=INFLATING
2026-09-04 11:27:54,336 - DVPTest - DEBUG - 物理分类结果: STABLE
2026-09-04 11:27:54,337 - DVPTest - DEBUG - [UI] _on_plot_update 收到 255 个数据点
2026-09-04 11:27:54,339 - DVPTest - INFO - [串口] cuff=349 mmHg
2026-09-04 11:27:54,431 - DVPTest - DEBUG - 发出 sig_data: t=25.559, p=349.00
2026-09-04 11:27:54,432 - DVPTest - DEBUG - process_data: t=25.56, p=349.0, v=0.000, a=0.0, phase=INFLATING
2026-09-04 11:27:54,432 - DVPTest - DEBUG - 物理分类结果: STABLE
2026-09-04 11:27:54,433 - DVPTest - DEBUG - [UI] _on_plot_update 收到 256 个数据点
2026-09-04 11:27:54,435 - DVPTest - INFO - [串口] cuff=349 mmHg
2026-09-04 11:27:54,542 - DVPTest - DEBUG - 发出 sig_data: t=25.670, p=349.00
2026-09-04 11:27:54,545 - DVPTest - DEBUG - process_data: t=25.67, p=349.0, v=0.000, a=0.0, phase=INFLATING
2026-09-04 11:27:54,545 - DVPTest - DEBUG - 物理分类结果: STABLE
2026-09-04 11:27:54,545 - DVPTest - DEBUG - [UI] _on_plot_update 收到 257 个数据点
2026-09-04 11:27:54,549 - DVPTest - INFO - [串口] cuff=349 mmHg
2026-09-04 11:27:54,638 - DVPTest - DEBUG - 发出 sig_data: t=25.766, p=349.00
2026-09-04 11:27:54,640 - DVPTest - DEBUG - process_data: t=25.77, p=349.0, v=0.000, a=0.0, phase=INFLATING
2026-09-04 11:27:54,640 - DVPTest - DEBUG - 物理分类结果: STABLE
2026-09-04 11:27:54,641 - DVPTest - DEBUG - [UI] _on_plot_update 收到 258 个数据点
2026-09-04 11:27:54,646 - DVPTest - INFO - [串口] cuff=349 mmHg
2026-09-04 11:27:54,734 - DVPTest - DEBUG - 发出 sig_data: t=25.861, p=349.00
2026-09-04 11:27:54,735 - DVPTest - DEBUG - process_data: t=25.86, p=349.0, v=0.000, a=0.0, phase=INFLATING
2026-09-04 11:27:54,735 - DVPTest - DEBUG - 物理分类结果: STABLE
2026-09-04 11:27:54,735 - DVPTest - DEBUG - [UI] _on_plot_update 收到 259 个数据点
2026-09-04 11:27:54,738 - DVPTest - INFO - [串口] cuff=349 mmHg
2026-09-04 11:27:54,830 - DVPTest - DEBUG - 发出 sig_data: t=25.958, p=349.00
2026-09-04 11:27:54,831 - DVPTest - DEBUG - process_data: t=25.96, p=349.0, v=0.000, a=0.0, phase=INFLATING
2026-09-04 11:27:54,832 - DVPTest - DEBUG - 物理分类结果: STABLE
2026-09-04 11:27:54,833 - DVPTest - DEBUG - [UI] _on_plot_update 收到 260 个数据点
2026-09-04 11:27:54,836 - DVPTest - INFO - [串口] cuff=349 mmHg
2026-09-04 11:27:54,942 - DVPTest - DEBUG - 发出 sig_data: t=26.070, p=349.00
2026-09-04 11:27:54,943 - DVPTest - DEBUG - process_data: t=26.07, p=349.0, v=0.000, a=0.0, phase=INFLATING
2026-09-04 11:27:54,943 - DVPTest - DEBUG - 物理分类结果: STABLE
2026-09-04 11:27:54,944 - DVPTest - DEBUG - [UI] _on_plot_update 收到 261 个数据点
2026-09-04 11:27:54,945 - DVPTest - INFO - [串口] cuff=349 mmHg
2026-09-04 11:27:55,038 - DVPTest - DEBUG - 发出 sig_data: t=26.165, p=349.00
2026-09-04 11:27:55,039 - DVPTest - DEBUG - process_data: t=26.17, p=349.0, v=0.000, a=0.0, phase=INFLATING
2026-09-04 11:27:55,041 - DVPTest - DEBUG - 物理分类结果: STABLE
2026-09-04 11:27:55,042 - DVPTest - DEBUG - [UI] _on_plot_update 收到 262 个数据点
2026-09-04 11:27:55,045 - DVPTest - INFO - [串口] cuff=349 mmHg
2026-09-04 11:27:55,133 - DVPTest - DEBUG - 发出 sig_data: t=26.261, p=349.00
2026-09-04 11:27:55,136 - DVPTest - DEBUG - process_data: t=26.26, p=349.0, v=0.000, a=0.0, phase=INFLATING
2026-09-04 11:27:55,136 - DVPTest - DEBUG - 物理分类结果: STABLE
2026-09-04 11:27:55,137 - DVPTest - DEBUG - [UI] _on_plot_update 收到 263 个数据点
2026-09-04 11:27:55,140 - DVPTest - INFO - [串口] cuff=349 mmHg
2026-09-04 11:27:55,229 - DVPTest - DEBUG - 发出 sig_data: t=26.356, p=349.00
2026-09-04 11:27:55,229 - DVPTest - DEBUG - process_data: t=26.36, p=349.0, v=0.000, a=0.0, phase=INFLATING
2026-09-04 11:27:55,229 - DVPTest - DEBUG - 物理分类结果: STABLE
2026-09-04 11:27:55,230 - DVPTest - DEBUG - [UI] _on_plot_update 收到 264 个数据点
2026-09-04 11:27:55,232 - DVPTest - INFO - [串口] cuff=349 mmHg
2026-09-04 11:27:55,341 - DVPTest - DEBUG - 发出 sig_data: t=26.469, p=349.00
2026-09-04 11:27:55,343 - DVPTest - DEBUG - process_data: t=26.47, p=349.0, v=0.000, a=0.0, phase=INFLATING
2026-09-04 11:27:55,344 - DVPTest - DEBUG - 物理分类结果: STABLE
2026-09-04 11:27:55,344 - DVPTest - DEBUG - [UI] _on_plot_update 收到 265 个数据点
2026-09-04 11:27:55,347 - DVPTest - INFO - [串口] cuff=349 mmHg
2026-09-04 11:27:55,438 - DVPTest - DEBUG - 发出 sig_data: t=26.566, p=349.00
2026-09-04 11:27:55,440 - DVPTest - DEBUG - process_data: t=26.57, p=349.0, v=0.000, a=0.0, phase=INFLATING
2026-09-04 11:27:55,440 - DVPTest - DEBUG - 物理分类结果: STABLE
2026-09-04 11:27:55,441 - DVPTest - DEBUG - [UI] _on_plot_update 收到 266 个数据点
2026-09-04 11:27:55,445 - DVPTest - INFO - [串口] cuff=349 mmHg
2026-09-04 11:27:55,533 - DVPTest - DEBUG - 发出 sig_data: t=26.660, p=349.00
2026-09-04 11:27:55,533 - DVPTest - DEBUG - process_data: t=26.66, p=349.0, v=0.000, a=0.0, phase=INFLATING
2026-09-04 11:27:55,533 - DVPTest - DEBUG - 物理分类结果: STABLE
2026-09-04 11:27:55,533 - DVPTest - DEBUG - [UI] _on_plot_update 收到 267 个数据点
2026-09-04 11:27:55,535 - DVPTest - INFO - [串口] cuff=349 mmHg
2026-09-04 11:27:55,644 - DVPTest - DEBUG - 发出 sig_data: t=26.772, p=348.00
2026-09-04 11:27:55,646 - DVPTest - DEBUG - process_data: t=26.77, p=348.0, v=-8.967, a=-80.4, phase=INFLATING
2026-09-04 11:27:55,647 - DVPTest - DEBUG - 物理分类结果: DEFLATING
2026-09-04 11:27:55,647 - DVPTest - DEBUG - [UI] _on_plot_update 收到 268 个数据点
2026-09-04 11:27:55,650 - DVPTest - INFO - [串口] cuff=348 mmHg
2026-09-04 11:27:55,741 - DVPTest - DEBUG - 发出 sig_data: t=26.868, p=349.00
2026-09-04 11:27:55,742 - DVPTest - DEBUG - process_data: t=26.87, p=349.0, v=10.350, a=199.9, phase=INFLATING
2026-09-04 11:27:55,742 - DVPTest - DEBUG - 物理分类结果: INFLATING
2026-09-04 11:27:55,742 - DVPTest - DEBUG - [UI] _on_plot_update 收到 269 个数据点
2026-09-04 11:27:55,744 - DVPTest - INFO - [串口] cuff=349 mmHg
2026-09-04 11:27:55,837 - DVPTest - DEBUG - 发出 sig_data: t=26.964, p=349.00
2026-09-04 11:27:55,838 - DVPTest - DEBUG - process_data: t=26.96, p=349.0, v=0.000, a=-107.9, phase=INFLATING
2026-09-04 11:27:55,838 - DVPTest - DEBUG - 物理分类结果: STABLE
2026-09-04 11:27:55,839 - DVPTest - DEBUG - [UI] _on_plot_update 收到 270 个数据点
2026-09-04 11:27:55,840 - DVPTest - INFO - [串口] cuff=349 mmHg
2026-09-04 11:27:55,932 - DVPTest - DEBUG - 发出 sig_data: t=27.059, p=349.00
2026-09-04 11:27:55,933 - DVPTest - DEBUG - process_data: t=27.06, p=349.0, v=0.000, a=0.0, phase=INFLATING
2026-09-04 11:27:55,933 - DVPTest - DEBUG - 物理分类结果: STABLE
2026-09-04 11:27:55,934 - DVPTest - DEBUG - [UI] _on_plot_update 收到 271 个数据点
2026-09-04 11:27:55,938 - DVPTest - INFO - [串口] cuff=349 mmHg
2026-09-04 11:27:56,043 - DVPTest - DEBUG - 发出 sig_data: t=27.171, p=349.00
2026-09-04 11:27:56,044 - DVPTest - DEBUG - process_data: t=27.17, p=349.0, v=0.000, a=0.0, phase=INFLATING
2026-09-04 11:27:56,044 - DVPTest - DEBUG - 物理分类结果: STABLE
2026-09-04 11:27:56,044 - DVPTest - DEBUG - [UI] _on_plot_update 收到 272 个数据点
2026-09-04 11:27:56,045 - DVPTest - INFO - [串口] cuff=349 mmHg
2026-09-04 11:27:56,140 - DVPTest - DEBUG - 发出 sig_data: t=27.268, p=349.00
2026-09-04 11:27:56,141 - DVPTest - DEBUG - process_data: t=27.27, p=349.0, v=0.000, a=0.0, phase=INFLATING
2026-09-04 11:27:56,141 - DVPTest - DEBUG - 物理分类结果: STABLE
2026-09-04 11:27:56,141 - DVPTest - DEBUG - [UI] _on_plot_update 收到 273 个数据点
2026-09-04 11:27:56,144 - DVPTest - INFO - [串口] cuff=349 mmHg
2026-09-04 11:27:56,235 - DVPTest - DEBUG - 发出 sig_data: t=27.363, p=349.00
2026-09-04 11:27:56,237 - DVPTest - DEBUG - process_data: t=27.36, p=349.0, v=0.000, a=0.0, phase=INFLATING
2026-09-04 11:27:56,237 - DVPTest - DEBUG - 物理分类结果: STABLE
2026-09-04 11:27:56,238 - DVPTest - DEBUG - [UI] _on_plot_update 收到 274 个数据点
2026-09-04 11:27:56,241 - DVPTest - INFO - [串口] cuff=349 mmHg
2026-09-04 11:27:56,332 - DVPTest - DEBUG - 发出 sig_data: t=27.459, p=349.00
2026-09-04 11:27:56,332 - DVPTest - DEBUG - process_data: t=27.46, p=349.0, v=0.000, a=0.0, phase=INFLATING
2026-09-04 11:27:56,332 - DVPTest - DEBUG - 物理分类结果: STABLE
2026-09-04 11:27:56,332 - DVPTest - DEBUG - [UI] _on_plot_update 收到 275 个数据点
2026-09-04 11:27:56,334 - DVPTest - INFO - [串口] cuff=349 mmHg
2026-09-04 11:27:56,443 - DVPTest - DEBUG - 发出 sig_data: t=27.571, p=348.00
2026-09-04 11:27:56,446 - DVPTest - DEBUG - process_data: t=27.57, p=348.0, v=-8.947, a=-80.0, phase=INFLATING
2026-09-04 11:27:56,447 - DVPTest - DEBUG - 物理分类结果: DEFLATING
2026-09-04 11:27:56,448 - DVPTest - DEBUG - [UI] _on_plot_update 收到 276 个数据点
2026-09-04 11:27:56,452 - DVPTest - INFO - [串口] cuff=348 mmHg
2026-09-04 11:27:56,540 - DVPTest - DEBUG - 发出 sig_data: t=27.668, p=347.00
2026-09-04 11:27:56,542 - DVPTest - DEBUG - process_data: t=27.67, p=347.0, v=-10.340, a=-14.4, phase=INFLATING
2026-09-04 11:27:56,543 - DVPTest - DEBUG - 物理分类结果: DEFLATING
2026-09-04 11:27:56,544 - DVPTest - DEBUG - [UI] _on_plot_update 收到 277 个数据点
2026-09-04 11:27:56,547 - DVPTest - INFO - [串口] cuff=347 mmHg
2026-09-04 11:27:56,636 - DVPTest - DEBUG - 发出 sig_data: t=27.763, p=347.00
2026-09-04 11:27:56,636 - DVPTest - DEBUG - process_data: t=27.76, p=347.0, v=0.000, a=108.5, phase=INFLATING
2026-09-04 11:27:56,638 - DVPTest - DEBUG - 物理分类结果: STABLE
2026-09-04 11:27:56,638 - DVPTest - DEBUG - [UI] _on_plot_update 收到 278 个数据点
2026-09-04 11:27:56,641 - DVPTest - INFO - [串口] cuff=347 mmHg
2026-09-04 11:27:56,730 - DVPTest - DEBUG - 发出 sig_data: t=27.858, p=347.00
2026-09-04 11:27:56,731 - DVPTest - DEBUG - process_data: t=27.86, p=347.0, v=0.000, a=0.0, phase=INFLATING
2026-09-04 11:27:56,732 - DVPTest - DEBUG - 物理分类结果: STABLE
2026-09-04 11:27:56,732 - DVPTest - DEBUG - [UI] _on_plot_update 收到 279 个数据点
2026-09-04 11:27:56,734 - DVPTest - INFO - [串口] cuff=347 mmHg
2026-09-04 11:27:56,843 - DVPTest - DEBUG - 发出 sig_data: t=27.970, p=347.00
2026-09-04 11:27:56,843 - DVPTest - DEBUG - process_data: t=27.97, p=347.0, v=0.000, a=0.0, phase=INFLATING
2026-09-04 11:27:56,843 - DVPTest - DEBUG - 物理分类结果: STABLE
2026-09-04 11:27:56,843 - DVPTest - DEBUG - [UI] _on_plot_update 收到 280 个数据点
2026-09-04 11:27:56,845 - DVPTest - INFO - [串口] cuff=347 mmHg
2026-09-04 11:27:56,939 - DVPTest - DEBUG - 发出 sig_data: t=28.067, p=347.00
2026-09-04 11:27:56,940 - DVPTest - DEBUG - process_data: t=28.07, p=347.0, v=0.000, a=0.0, phase=INFLATING
2026-09-04 11:27:56,941 - DVPTest - DEBUG - 物理分类结果: STABLE
2026-09-04 11:27:56,941 - DVPTest - DEBUG - [UI] _on_plot_update 收到 281 个数据点
2026-09-04 11:27:56,944 - DVPTest - INFO - [串口] cuff=347 mmHg
2026-09-04 11:27:57,034 - DVPTest - DEBUG - 发出 sig_data: t=28.162, p=347.00
2026-09-04 11:27:57,035 - DVPTest - DEBUG - process_data: t=28.16, p=347.0, v=0.000, a=0.0, phase=INFLATING
2026-09-04 11:27:57,035 - DVPTest - DEBUG - 物理分类结果: STABLE
2026-09-04 11:27:57,037 - DVPTest - DEBUG - [UI] _on_plot_update 收到 282 个数据点
2026-09-04 11:27:57,040 - DVPTest - INFO - [串口] cuff=347 mmHg
2026-09-04 11:27:57,145 - DVPTest - DEBUG - 发出 sig_data: t=28.273, p=346.00
2026-09-04 11:27:57,146 - DVPTest - DEBUG - process_data: t=28.27, p=346.0, v=-8.998, a=-81.0, phase=INFLATING
2026-09-04 11:27:57,147 - DVPTest - DEBUG - 物理分类结果: DEFLATING
2026-09-04 11:27:57,147 - DVPTest - DEBUG - [UI] _on_plot_update 收到 283 个数据点
2026-09-04 11:27:57,149 - DVPTest - INFO - [串口] cuff=346 mmHg
2026-09-04 11:27:57,242 - DVPTest - DEBUG - 发出 sig_data: t=28.370, p=347.00
2026-09-04 11:27:57,244 - DVPTest - DEBUG - process_data: t=28.37, p=347.0, v=10.304, a=198.9, phase=INFLATING
2026-09-04 11:27:57,245 - DVPTest - DEBUG - 物理分类结果: INFLATING
2026-09-04 11:27:57,245 - DVPTest - DEBUG - [UI] _on_plot_update 收到 284 个数据点
2026-09-04 11:27:57,249 - DVPTest - INFO - [串口] cuff=347 mmHg
2026-09-04 11:27:57,338 - DVPTest - DEBUG - 发出 sig_data: t=28.465, p=347.00
2026-09-04 11:27:57,339 - DVPTest - DEBUG - process_data: t=28.47, p=347.0, v=0.000, a=-108.3, phase=INFLATING
2026-09-04 11:27:57,340 - DVPTest - DEBUG - 物理分类结果: STABLE
2026-09-04 11:27:57,340 - DVPTest - DEBUG - [UI] _on_plot_update 收到 285 个数据点
2026-09-04 11:27:57,342 - DVPTest - INFO - [串口] cuff=347 mmHg
2026-09-04 11:27:57,435 - DVPTest - DEBUG - 发出 sig_data: t=28.562, p=347.00
2026-09-04 11:27:57,436 - DVPTest - DEBUG - process_data: t=28.56, p=347.0, v=0.000, a=0.0, phase=INFLATING
2026-09-04 11:27:57,437 - DVPTest - DEBUG - 物理分类结果: STABLE
2026-09-04 11:27:57,437 - DVPTest - DEBUG - [UI] _on_plot_update 收到 286 个数据点
2026-09-04 11:27:57,442 - DVPTest - INFO - [串口] cuff=347 mmHg
2026-09-04 11:27:57,545 - DVPTest - DEBUG - 发出 sig_data: t=28.673, p=347.00
2026-09-04 11:27:57,546 - DVPTest - DEBUG - process_data: t=28.67, p=347.0, v=0.000, a=0.0, phase=INFLATING
2026-09-04 11:27:57,546 - DVPTest - DEBUG - 物理分类结果: STABLE
2026-09-04 11:27:57,546 - DVPTest - DEBUG - [UI] _on_plot_update 收到 287 个数据点
2026-09-04 11:27:57,548 - DVPTest - INFO - [串口] cuff=347 mmHg
2026-09-04 11:27:57,641 - DVPTest - DEBUG - 发出 sig_data: t=28.769, p=347.00
2026-09-04 11:27:57,643 - DVPTest - DEBUG - process_data: t=28.77, p=347.0, v=0.000, a=0.0, phase=INFLATING
2026-09-04 11:27:57,643 - DVPTest - DEBUG - 物理分类结果: STABLE
2026-09-04 11:27:57,644 - DVPTest - DEBUG - [UI] _on_plot_update 收到 288 个数据点
2026-09-04 11:27:57,648 - DVPTest - INFO - [串口] cuff=347 mmHg
2026-09-04 11:27:57,737 - DVPTest - DEBUG - 发出 sig_data: t=28.865, p=346.00
2026-09-04 11:27:57,738 - DVPTest - DEBUG - process_data: t=28.86, p=346.0, v=-10.489, a=-110.0, phase=INFLATING
2026-09-04 11:27:57,738 - DVPTest - DEBUG - 物理分类结果: DEFLATING
2026-09-04 11:27:57,739 - DVPTest - DEBUG - [UI] _on_plot_update 收到 289 个数据点
2026-09-04 11:27:57,742 - DVPTest - INFO - [串口] cuff=346 mmHg
2026-09-04 11:27:57,833 - DVPTest - DEBUG - 发出 sig_data: t=28.961, p=346.00
2026-09-04 11:27:57,833 - DVPTest - DEBUG - process_data: t=28.96, p=346.0, v=0.000, a=109.0, phase=INFLATING
2026-09-04 11:27:57,834 - DVPTest - DEBUG - 物理分类结果: STABLE
2026-09-04 11:27:57,834 - DVPTest - DEBUG - [UI] _on_plot_update 收到 290 个数据点
2026-09-04 11:27:57,836 - DVPTest - INFO - [串口] cuff=346 mmHg
2026-09-04 11:27:57,946 - DVPTest - DEBUG - 发出 sig_data: t=29.074, p=347.00
2026-09-04 11:27:57,947 - DVPTest - DEBUG - process_data: t=29.07, p=347.0, v=8.869, a=78.7, phase=INFLATING
2026-09-04 11:27:57,947 - DVPTest - DEBUG - 物理分类结果: INFLATING
2026-09-04 11:27:57,948 - DVPTest - DEBUG - [UI] _on_plot_update 收到 291 个数据点
2026-09-04 11:27:57,952 - DVPTest - INFO - [串口] cuff=347 mmHg
2026-09-04 11:27:58,041 - DVPTest - DEBUG - 发出 sig_data: t=29.169, p=347.00
2026-09-04 11:27:58,042 - DVPTest - DEBUG - process_data: t=29.17, p=347.0, v=0.000, a=-93.0, phase=INFLATING
2026-09-04 11:27:58,043 - DVPTest - DEBUG - 物理分类结果: STABLE
2026-09-04 11:27:58,044 - DVPTest - DEBUG - [UI] _on_plot_update 收到 292 个数据点
2026-09-04 11:27:58,046 - DVPTest - INFO - [串口] cuff=347 mmHg
2026-09-04 11:27:58,138 - DVPTest - DEBUG - 发出 sig_data: t=29.265, p=264.00
2026-09-04 11:27:58,142 - DVPTest - DEBUG - process_data: t=29.27, p=264.0, v=-862.342, a=-8959.4, phase=INFLATING
2026-09-04 11:27:58,143 - DVPTest - SUCCESS - ★ 泄气起始值 300.0 mmHg 真实穿越 @ 29.27s
2026-09-04 11:27:58,143 - DVPTest - DEBUG - 物理分类结果: DEFLATING
2026-09-04 11:27:58,143 - DVPTest - DEBUG - 有效泄气迹象，下降 85.0 mmHg，计数 1/3
2026-09-04 11:27:58,144 - DVPTest - DEBUG - [UI] _on_plot_update 收到 293 个数据点
2026-09-04 11:27:58,148 - DVPTest - INFO - [串口] cuff=264 mmHg
2026-09-04 11:27:58,234 - DVPTest - DEBUG - 发出 sig_data: t=29.361, p=217.00
2026-09-04 11:27:58,235 - DVPTest - DEBUG - process_data: t=29.36, p=217.0, v=-491.779, a=3877.3, phase=INFLATING
2026-09-04 11:27:58,235 - DVPTest - DEBUG - 物理分类结果: DEFLATING
2026-09-04 11:27:58,236 - DVPTest - DEBUG - 有效泄气迹象，下降 132.0 mmHg，计数 2/3
2026-09-04 11:27:58,237 - DVPTest - DEBUG - [UI] _on_plot_update 收到 294 个数据点
2026-09-04 11:27:58,240 - DVPTest - INFO - [串口] cuff=217 mmHg
2026-09-04 11:27:58,345 - DVPTest - DEBUG - 发出 sig_data: t=29.472, p=169.00
2026-09-04 11:27:58,345 - DVPTest - DEBUG - process_data: t=29.47, p=169.0, v=-430.631, a=548.6, phase=INFLATING
2026-09-04 11:27:58,345 - DVPTest - SUCCESS - ★ 泄气中间值 200.0 mmHg 真实穿越 @ 29.47s
2026-09-04 11:27:58,345 - DVPTest - DEBUG - 物理分类结果: DEFLATING
2026-09-04 11:27:58,345 - DVPTest - DEBUG - 有效泄气迹象，下降 180.0 mmHg，计数 3/3
2026-09-04 11:27:58,345 - DVPTest - WARNING - INFLATING → DEFLATING（保底），泄气开始，当前压力 169.0 @ 29.47s
2026-09-04 11:27:58,345 - DVPTest - DEBUG - [UI] _on_plot_update 收到 295 个数据点
2026-09-04 11:27:58,347 - DVPTest - INFO - [串口] cuff=169 mmHg
2026-09-04 11:27:58,440 - DVPTest - DEBUG - 发出 sig_data: t=29.568, p=118.00
2026-09-04 11:27:58,441 - DVPTest - DEBUG - process_data: t=29.57, p=118.0, v=-534.885, a=-1093.4, phase=DEFLATING
2026-09-04 11:27:58,441 - DVPTest - DEBUG - 物理分类结果: DEFLATING
2026-09-04 11:27:58,442 - DVPTest - DEBUG - [UI] _on_plot_update 收到 296 个数据点
2026-09-04 11:27:58,445 - DVPTest - INFO - [串口] cuff=118 mmHg
2026-09-04 11:27:58,536 - DVPTest - DEBUG - 发出 sig_data: t=29.664, p=70.00
2026-09-04 11:27:58,539 - DVPTest - DEBUG - process_data: t=29.66, p=70.0, v=-496.609, a=396.0, phase=DEFLATING
2026-09-04 11:27:58,540 - DVPTest - DEBUG - 物理分类结果: DEFLATING
2026-09-04 11:27:58,541 - DVPTest - DEBUG - [UI] _on_plot_update 收到 297 个数据点
2026-09-04 11:27:58,546 - DVPTest - INFO - [串口] cuff=70 mmHg
2026-09-04 11:27:58,648 - DVPTest - DEBUG - 发出 sig_data: t=29.776, p=36.00
2026-09-04 11:27:58,651 - DVPTest - DEBUG - process_data: t=29.78, p=36.0, v=-304.726, a=1719.8, phase=DEFLATING
2026-09-04 11:27:58,651 - DVPTest - DEBUG - 物理分类结果: DEFLATING
2026-09-04 11:27:58,652 - DVPTest - DEBUG - [UI] _on_plot_update 收到 298 个数据点
2026-09-04 11:27:58,656 - DVPTest - INFO - [串口] cuff=36 mmHg
2026-09-04 11:27:58,744 - DVPTest - DEBUG - 发出 sig_data: t=29.872, p=15.00
2026-09-04 11:27:58,746 - DVPTest - DEBUG - process_data: t=29.87, p=15.0, v=-218.665, a=896.1, phase=DEFLATING
2026-09-04 11:27:58,746 - DVPTest - DEBUG - 物理分类结果: DEFLATING
2026-09-04 11:27:58,747 - DVPTest - DEBUG - [UI] _on_plot_update 收到 299 个数据点
2026-09-04 11:27:58,751 - DVPTest - INFO - [串口] cuff=15 mmHg
2026-09-04 11:27:58,840 - DVPTest - DEBUG - 发出 sig_data: t=29.967, p=5.00
2026-09-04 11:27:58,841 - DVPTest - DEBUG - process_data: t=29.97, p=5.0, v=-104.782, a=1193.3, phase=DEFLATING
2026-09-04 11:27:58,841 - DVPTest - SUCCESS - ★ 泄气目标值 5.0 mmHg 真实穿越 @ 29.97s
2026-09-04 11:27:58,842 - DVPTest - INFO - 泄气结果输出（由目标值到达触发）: {'state': 'DONE', 'start': {'value': 300.0, 'time': 29.265288500115275, 'reached': True}, 'mid': {'value': 200.0, 'time': 29.47232409985736, 'reached': True}, 'target': {'value': 5.0, 'time': 29.967376499902457, 'reached': True}, 'peak': {'value': 348.0, 'time': 17.363387600053102}, 'inflection': {'value': 348.0, 'time': 17.363387600053102, 'rate': -3.305875832707394, 'method': '持续下降'}}
2026-09-04 11:27:58,842 - DVPTest - SUCCESS - ★ 泄气结果已触发（目标到达）
2026-09-04 11:27:58,842 - DVPTest - DEBUG - 物理分类结果: DEFLATING
2026-09-04 11:27:58,843 - DVPTest - DEBUG - [UI] _on_plot_update 收到 300 个数据点
2026-09-04 11:27:58,844 - DVPTest - INFO - [串口] cuff=5 mmHg
2026-09-04 11:27:58,935 - DVPTest - DEBUG - 发出 sig_data: t=30.063, p=0.00
2026-09-04 11:27:58,936 - DVPTest - DEBUG - process_data: t=30.06, p=0.0, v=-52.415, a=549.0, phase=DEFLATING
2026-09-04 11:27:58,936 - DVPTest - DEBUG - 物理分类结果: DEFLATING
2026-09-04 11:27:58,936 - DVPTest - DEBUG - [UI] _on_plot_update 收到 301 个数据点
2026-09-04 11:27:58,940 - DVPTest - INFO - 泄气目标已到达，且压力达到 0.2 mmHg，暂停绘图更新
2026-09-04 11:27:58,942 - DVPTest - INFO - [串口] cuff=0 mmHg
2026-09-04 11:27:59,048 - DVPTest - DEBUG - 发出 sig_data: t=30.176, p=0.00
2026-09-04 11:27:59,049 - DVPTest - DEBUG - process_data: t=30.18, p=0.0, v=0.000, a=464.6, phase=DEFLATING
2026-09-04 11:27:59,049 - DVPTest - DEBUG - 物理分类结果: STABLE
2026-09-04 11:27:59,050 - DVPTest - INFO - DEFLATING → DONE，泄气完成
2026-09-04 11:27:59,052 - DVPTest - INFO - [串口] cuff=0 mmHg
2026-09-04 11:27:59,143 - DVPTest - DEBUG - 发出 sig_data: t=30.270, p=0.00
2026-09-04 11:27:59,143 - DVPTest - DEBUG - 阶段 DONE，忽略新数据 t=30.27
2026-09-04 11:27:59,143 - DVPTest - INFO - [串口] cuff=0 mmHg
2026-09-04 11:27:59,239 - DVPTest - DEBUG - 发出 sig_data: t=30.366, p=0.00
2026-09-04 11:27:59,240 - DVPTest - DEBUG - 阶段 DONE，忽略新数据 t=30.37
2026-09-04 11:27:59,240 - DVPTest - INFO - [串口] cuff=0 mmHg
2026-09-04 11:27:59,335 - DVPTest - DEBUG - 发出 sig_data: t=30.462, p=0.00
2026-09-04 11:27:59,336 - DVPTest - DEBUG - 阶段 DONE，忽略新数据 t=30.46
2026-09-04 11:27:59,336 - DVPTest - INFO - [串口] cuff=0 mmHg
2026-09-04 11:27:59,446 - DVPTest - DEBUG - 发出 sig_data: t=30.574, p=0.00
2026-09-04 11:27:59,448 - DVPTest - DEBUG - 阶段 DONE，忽略新数据 t=30.57
2026-09-04 11:27:59,449 - DVPTest - INFO - [串口] cuff=0 mmHg
2026-09-04 11:27:59,544 - DVPTest - DEBUG - 发出 sig_data: t=30.671, p=0.00
2026-09-04 11:27:59,545 - DVPTest - DEBUG - 阶段 DONE，忽略新数据 t=30.67
2026-09-04 11:27:59,546 - DVPTest - INFO - [串口] cuff=0 mmHg
2026-09-04 11:27:59,638 - DVPTest - DEBUG - 发出 sig_data: t=30.766, p=0.00
2026-09-04 11:27:59,639 - DVPTest - DEBUG - 阶段 DONE，忽略新数据 t=30.77
2026-09-04 11:27:59,639 - DVPTest - INFO - [串口] cuff=0 mmHg
2026-09-04 11:27:59,735 - DVPTest - DEBUG - 发出 sig_data: t=30.862, p=0.00
2026-09-04 11:27:59,735 - DVPTest - DEBUG - 阶段 DONE，忽略新数据 t=30.86
2026-09-04 11:27:59,735 - DVPTest - INFO - [串口] cuff=0 mmHg
2026-09-04 11:27:59,847 - DVPTest - DEBUG - 发出 sig_data: t=30.974, p=0.00
2026-09-04 11:27:59,848 - DVPTest - DEBUG - 阶段 DONE，忽略新数据 t=30.97
2026-09-04 11:27:59,849 - DVPTest - INFO - [串口] cuff=0 mmHg
2026-09-04 11:27:59,942 - DVPTest - DEBUG - 发出 sig_data: t=31.070, p=0.00
2026-09-04 11:27:59,942 - DVPTest - DEBUG - 阶段 DONE，忽略新数据 t=31.07
2026-09-04 11:27:59,943 - DVPTest - INFO - [串口] cuff=0 mmHg
2026-09-04 11:28:00,038 - DVPTest - DEBUG - 发出 sig_data: t=31.166, p=0.00
2026-09-04 11:28:00,039 - DVPTest - DEBUG - 阶段 DONE，忽略新数据 t=31.17
2026-09-04 11:28:00,040 - DVPTest - INFO - [串口] cuff=0 mmHg
2026-09-04 11:28:00,134 - DVPTest - DEBUG - 发出 sig_data: t=31.262, p=0.00
2026-09-04 11:28:00,135 - DVPTest - DEBUG - 阶段 DONE，忽略新数据 t=31.26
2026-09-04 11:28:00,135 - DVPTest - INFO - [串口] cuff=0 mmHg
2026-09-04 11:28:00,246 - DVPTest - DEBUG - 发出 sig_data: t=31.374, p=0.00
2026-09-04 11:28:00,247 - DVPTest - DEBUG - 阶段 DONE，忽略新数据 t=31.37
2026-09-04 11:28:00,247 - DVPTest - INFO - [串口] cuff=0 mmHg
2026-09-04 11:28:00,341 - DVPTest - DEBUG - 发出 sig_data: t=31.469, p=0.00
2026-09-04 11:28:00,342 - DVPTest - DEBUG - 阶段 DONE，忽略新数据 t=31.47
2026-09-04 11:28:00,342 - DVPTest - INFO - [串口] cuff=0 mmHg
2026-09-04 11:28:00,437 - DVPTest - DEBUG - 发出 sig_data: t=31.565, p=0.00
2026-09-04 11:28:00,439 - DVPTest - DEBUG - 阶段 DONE，忽略新数据 t=31.56
2026-09-04 11:28:00,439 - DVPTest - INFO - [串口] cuff=0 mmHg
2026-09-04 11:28:00,549 - DVPTest - DEBUG - 发出 sig_data: t=31.677, p=0.00
2026-09-04 11:28:00,550 - DVPTest - DEBUG - 阶段 DONE，忽略新数据 t=31.68
2026-09-04 11:28:00,550 - DVPTest - INFO - [串口] cuff=0 mmHg
2026-09-04 11:28:00,645 - DVPTest - DEBUG - 发出 sig_data: t=31.773, p=0.00
2026-09-04 11:28:00,646 - DVPTest - DEBUG - 阶段 DONE，忽略新数据 t=31.77
2026-09-04 11:28:00,646 - DVPTest - INFO - [串口] cuff=0 mmHg
2026-09-04 11:28:00,741 - DVPTest - DEBUG - 发出 sig_data: t=31.869, p=0.00
2026-09-04 11:28:00,742 - DVPTest - DEBUG - 阶段 DONE，忽略新数据 t=31.87
2026-09-04 11:28:00,742 - DVPTest - INFO - [串口] cuff=0 mmHg
2026-09-04 11:28:00,837 - DVPTest - DEBUG - 发出 sig_data: t=31.964, p=0.00
2026-09-04 11:28:00,840 - DVPTest - DEBUG - 阶段 DONE，忽略新数据 t=31.96
2026-09-04 11:28:00,840 - DVPTest - INFO - [串口] cuff=0 mmHg
2026-09-04 11:28:00,948 - DVPTest - DEBUG - 发出 sig_data: t=32.076, p=0.00
2026-09-04 11:28:00,949 - DVPTest - DEBUG - 阶段 DONE，忽略新数据 t=32.08
2026-09-04 11:28:00,949 - DVPTest - INFO - [串口] cuff=0 mmHg
2026-09-04 11:28:01,044 - DVPTest - DEBUG - 发出 sig_data: t=32.172, p=0.00
2026-09-04 11:28:01,045 - DVPTest - DEBUG - 阶段 DONE，忽略新数据 t=32.17
2026-09-04 11:28:01,045 - DVPTest - INFO - [串口] cuff=0 mmHg
2026-09-04 11:28:01,140 - DVPTest - DEBUG - 发出 sig_data: t=32.268, p=0.00
2026-09-04 11:28:01,142 - DVPTest - DEBUG - 阶段 DONE，忽略新数据 t=32.27
2026-09-04 11:28:01,142 - DVPTest - INFO - [串口] cuff=0 mmHg
2026-09-04 11:28:01,236 - DVPTest - DEBUG - 发出 sig_data: t=32.364, p=0.00
2026-09-04 11:28:01,237 - DVPTest - DEBUG - 阶段 DONE，忽略新数据 t=32.36
2026-09-04 11:28:01,237 - DVPTest - INFO - [串口] cuff=0 mmHg
2026-09-04 11:28:01,348 - DVPTest - DEBUG - 发出 sig_data: t=32.475, p=0.00
2026-09-04 11:28:01,348 - DVPTest - DEBUG - 阶段 DONE，忽略新数据 t=32.48
2026-09-04 11:28:01,349 - DVPTest - INFO - [串口] cuff=0 mmHg
2026-09-04 11:28:01,444 - DVPTest - DEBUG - 发出 sig_data: t=32.572, p=0.00
2026-09-04 11:28:01,446 - DVPTest - DEBUG - 阶段 DONE，忽略新数据 t=32.57
2026-09-04 11:28:01,447 - DVPTest - INFO - [串口] cuff=0 mmHg
2026-09-04 11:28:01,540 - DVPTest - DEBUG - 发出 sig_data: t=32.667, p=0.00
2026-09-04 11:28:01,540 - DVPTest - DEBUG - 阶段 DONE，忽略新数据 t=32.67
2026-09-04 11:28:01,540 - DVPTest - INFO - [串口] cuff=0 mmHg
2026-09-04 11:28:01,636 - DVPTest - DEBUG - 发出 sig_data: t=32.763, p=0.00
2026-09-04 11:28:01,637 - DVPTest - DEBUG - 阶段 DONE，忽略新数据 t=32.76
2026-09-04 11:28:01,637 - DVPTest - INFO - [串口] cuff=0 mmHg
2026-09-04 11:28:01,747 - DVPTest - DEBUG - 发出 sig_data: t=32.875, p=0.00
2026-09-04 11:28:01,748 - DVPTest - DEBUG - 阶段 DONE，忽略新数据 t=32.87
2026-09-04 11:28:01,748 - DVPTest - INFO - [串口] cuff=0 mmHg
2026-09-04 11:28:01,843 - DVPTest - DEBUG - 发出 sig_data: t=32.971, p=0.00
2026-09-04 11:28:01,844 - DVPTest - DEBUG - 阶段 DONE，忽略新数据 t=32.97
2026-09-04 11:28:01,846 - DVPTest - INFO - [串口] cuff=0 mmHg
2026-09-04 11:28:01,940 - DVPTest - DEBUG - 发出 sig_data: t=33.067, p=0.00
2026-09-04 11:28:01,941 - DVPTest - DEBUG - 阶段 DONE，忽略新数据 t=33.07
2026-09-04 11:28:01,942 - DVPTest - INFO - [串口] cuff=0 mmHg
2026-09-04 11:28:02,035 - DVPTest - DEBUG - 发出 sig_data: t=33.163, p=0.00
2026-09-04 11:28:02,037 - DVPTest - DEBUG - 阶段 DONE，忽略新数据 t=33.16
2026-09-04 11:28:02,037 - DVPTest - INFO - [串口] cuff=0 mmHg
2026-09-04 11:28:02,147 - DVPTest - DEBUG - 发出 sig_data: t=33.275, p=0.00
2026-09-04 11:28:02,149 - DVPTest - DEBUG - 阶段 DONE，忽略新数据 t=33.27
2026-09-04 11:28:02,150 - DVPTest - INFO - [串口] cuff=0 mmHg
2026-09-04 11:28:02,242 - DVPTest - DEBUG - 发出 sig_data: t=33.370, p=0.00
2026-09-04 11:28:02,243 - DVPTest - DEBUG - 阶段 DONE，忽略新数据 t=33.37
2026-09-04 11:28:02,243 - DVPTest - INFO - [串口] cuff=0 mmHg
2026-09-04 11:28:02,339 - DVPTest - DEBUG - 发出 sig_data: t=33.466, p=0.00
2026-09-04 11:28:02,340 - DVPTest - DEBUG - 阶段 DONE，忽略新数据 t=33.47
2026-09-04 11:28:02,340 - DVPTest - INFO - [串口] cuff=0 mmHg
2026-09-04 11:28:02,450 - DVPTest - DEBUG - 发出 sig_data: t=33.578, p=0.00
2026-09-04 11:28:02,452 - DVPTest - DEBUG - 阶段 DONE，忽略新数据 t=33.58
2026-09-04 11:28:02,453 - DVPTest - INFO - [串口] cuff=0 mmHg
2026-09-04 11:28:02,546 - DVPTest - DEBUG - 发出 sig_data: t=33.674, p=0.00
2026-09-04 11:28:02,547 - DVPTest - DEBUG - 阶段 DONE，忽略新数据 t=33.67
2026-09-04 11:28:02,547 - DVPTest - INFO - [串口] cuff=0 mmHg
2026-09-04 11:28:02,642 - DVPTest - DEBUG - 发出 sig_data: t=33.770, p=0.00
2026-09-04 11:28:02,644 - DVPTest - DEBUG - 阶段 DONE，忽略新数据 t=33.77
2026-09-04 11:28:02,645 - DVPTest - INFO - [串口] cuff=0 mmHg
2026-09-04 11:28:02,738 - DVPTest - DEBUG - 发出 sig_data: t=33.866, p=0.00
2026-09-04 11:28:02,739 - DVPTest - DEBUG - 阶段 DONE，忽略新数据 t=33.87
2026-09-04 11:28:02,739 - DVPTest - INFO - [串口] cuff=0 mmHg
2026-09-04 11:28:02,850 - DVPTest - DEBUG - 发出 sig_data: t=33.978, p=0.00
2026-09-04 11:28:02,851 - DVPTest - DEBUG - 阶段 DONE，忽略新数据 t=33.98
2026-09-04 11:28:02,852 - DVPTest - INFO - [串口] cuff=0 mmHg
2026-09-04 11:28:02,946 - DVPTest - DEBUG - 发出 sig_data: t=34.074, p=0.00
2026-09-04 11:28:02,947 - DVPTest - DEBUG - 阶段 DONE，忽略新数据 t=34.07
2026-09-04 11:28:02,947 - DVPTest - INFO - [串口] cuff=0 mmHg
2026-09-04 11:28:03,042 - DVPTest - DEBUG - 发出 sig_data: t=34.170, p=0.00
2026-09-04 11:28:03,043 - DVPTest - DEBUG - 阶段 DONE，忽略新数据 t=34.17
2026-09-04 11:28:03,043 - DVPTest - INFO - [串口] cuff=0 mmHg
2026-09-04 11:28:03,137 - DVPTest - DEBUG - 发出 sig_data: t=34.265, p=0.00
2026-09-04 11:28:03,139 - DVPTest - DEBUG - 阶段 DONE，忽略新数据 t=34.26
2026-09-04 11:28:03,139 - DVPTest - INFO - [串口] cuff=0 mmHg
2026-09-04 11:28:03,249 - DVPTest - DEBUG - 发出 sig_data: t=34.377, p=0.00
2026-09-04 11:28:03,250 - DVPTest - DEBUG - 阶段 DONE，忽略新数据 t=34.38
2026-09-04 11:28:03,250 - DVPTest - INFO - [串口] cuff=0 mmHg
2026-09-04 11:28:03,345 - DVPTest - DEBUG - 发出 sig_data: t=34.472, p=0.00
2026-09-04 11:28:03,345 - DVPTest - DEBUG - 阶段 DONE，忽略新数据 t=34.47
2026-09-04 11:28:03,345 - DVPTest - INFO - [串口] cuff=0 mmHg
2026-09-04 11:28:03,441 - DVPTest - DEBUG - 发出 sig_data: t=34.569, p=0.00
2026-09-04 11:28:03,444 - DVPTest - DEBUG - 阶段 DONE，忽略新数据 t=34.57
2026-09-04 11:28:03,445 - DVPTest - INFO - [串口] cuff=0 mmHg
2026-09-04 11:28:03,537 - DVPTest - DEBUG - 发出 sig_data: t=34.664, p=0.00
2026-09-04 11:28:03,539 - DVPTest - DEBUG - 阶段 DONE，忽略新数据 t=34.66
2026-09-04 11:28:03,540 - DVPTest - INFO - [串口] cuff=0 mmHg
2026-09-04 11:28:03,649 - DVPTest - DEBUG - 发出 sig_data: t=34.776, p=0.00
2026-09-04 11:28:03,649 - DVPTest - DEBUG - 阶段 DONE，忽略新数据 t=34.78
2026-09-04 11:28:03,649 - DVPTest - INFO - [串口] cuff=0 mmHg
2026-09-04 11:28:03,744 - DVPTest - DEBUG - 发出 sig_data: t=34.872, p=0.00
2026-09-04 11:28:03,745 - DVPTest - DEBUG - 阶段 DONE，忽略新数据 t=34.87
2026-09-04 11:28:03,745 - DVPTest - INFO - [串口] cuff=0 mmHg
2026-09-04 11:28:03,841 - DVPTest - DEBUG - 发出 sig_data: t=34.968, p=0.00
2026-09-04 11:28:03,841 - DVPTest - DEBUG - 阶段 DONE，忽略新数据 t=34.97
2026-09-04 11:28:03,841 - DVPTest - INFO - [串口] cuff=0 mmHg
2026-09-04 11:28:03,951 - DVPTest - DEBUG - 发出 sig_data: t=35.079, p=0.00
2026-09-04 11:28:03,953 - DVPTest - DEBUG - 阶段 DONE，忽略新数据 t=35.08
2026-09-04 11:28:03,953 - DVPTest - INFO - [串口] cuff=0 mmHg
2026-09-04 11:28:04,051 - DVPTest - DEBUG - 发出 sig_data: t=35.178, p=0.00
2026-09-04 11:28:04,055 - DVPTest - DEBUG - 阶段 DONE，忽略新数据 t=35.18
2026-09-04 11:28:04,056 - DVPTest - INFO - [串口] cuff=0 mmHg
2026-09-04 11:28:04,144 - DVPTest - DEBUG - 发出 sig_data: t=35.271, p=0.00
2026-09-04 11:28:04,144 - DVPTest - DEBUG - 阶段 DONE，忽略新数据 t=35.27
2026-09-04 11:28:04,144 - DVPTest - INFO - [串口] cuff=0 mmHg
2026-09-04 11:28:04,240 - DVPTest - DEBUG - 发出 sig_data: t=35.368, p=0.00
2026-09-04 11:28:04,242 - DVPTest - DEBUG - 阶段 DONE，忽略新数据 t=35.37
2026-09-04 11:28:04,242 - DVPTest - INFO - [串口] cuff=0 mmHg
2026-09-04 11:28:04,351 - DVPTest - DEBUG - 发出 sig_data: t=35.478, p=0.00
2026-09-04 11:28:04,352 - DVPTest - DEBUG - 阶段 DONE，忽略新数据 t=35.48
2026-09-04 11:28:04,352 - DVPTest - INFO - [串口] cuff=0 mmHg
2026-09-04 11:28:04,448 - DVPTest - DEBUG - 发出 sig_data: t=35.576, p=0.00
2026-09-04 11:28:04,449 - DVPTest - DEBUG - 阶段 DONE，忽略新数据 t=35.58
2026-09-04 11:28:04,450 - DVPTest - INFO - [串口] cuff=0 mmHg
2026-09-04 11:28:04,543 - DVPTest - DEBUG - 发出 sig_data: t=35.671, p=0.00
2026-09-04 11:28:04,545 - DVPTest - DEBUG - 阶段 DONE，忽略新数据 t=35.67
2026-09-04 11:28:04,546 - DVPTest - INFO - [串口] cuff=0 mmHg
2026-09-04 11:28:04,639 - DVPTest - DEBUG - 发出 sig_data: t=35.766, p=0.00
2026-09-04 11:28:04,641 - DVPTest - DEBUG - 阶段 DONE，忽略新数据 t=35.77
2026-09-04 11:28:04,641 - DVPTest - INFO - [串口] cuff=0 mmHg
2026-09-04 11:28:04,751 - DVPTest - DEBUG - 发出 sig_data: t=35.879, p=0.00
2026-09-04 11:28:04,755 - DVPTest - DEBUG - 阶段 DONE，忽略新数据 t=35.88
2026-09-04 11:28:04,757 - DVPTest - INFO - [串口] cuff=0 mmHg
2026-09-04 11:28:04,847 - DVPTest - DEBUG - 发出 sig_data: t=35.974, p=0.00
2026-09-04 11:28:04,848 - DVPTest - DEBUG - 阶段 DONE，忽略新数据 t=35.97
2026-09-04 11:28:04,848 - DVPTest - INFO - [串口] cuff=0 mmHg
2026-09-04 11:28:04,943 - DVPTest - DEBUG - 发出 sig_data: t=36.071, p=0.00
2026-09-04 11:28:04,944 - DVPTest - DEBUG - 阶段 DONE，忽略新数据 t=36.07
2026-09-04 11:28:04,945 - DVPTest - INFO - [串口] cuff=0 mmHg
2026-09-04 11:28:05,039 - DVPTest - DEBUG - 发出 sig_data: t=36.166, p=0.00
2026-09-04 11:28:05,040 - DVPTest - DEBUG - 阶段 DONE，忽略新数据 t=36.17
2026-09-04 11:28:05,041 - DVPTest - INFO - [串口] cuff=0 mmHg
2026-09-04 11:28:05,150 - DVPTest - DEBUG - 发出 sig_data: t=36.277, p=0.00
2026-09-04 11:28:05,151 - DVPTest - DEBUG - 阶段 DONE，忽略新数据 t=36.28
2026-09-04 11:28:05,151 - DVPTest - INFO - [串口] cuff=0 mmHg
2026-09-04 11:28:05,247 - DVPTest - DEBUG - 发出 sig_data: t=36.374, p=0.00
2026-09-04 11:28:05,247 - DVPTest - DEBUG - 阶段 DONE，忽略新数据 t=36.37
2026-09-04 11:28:05,247 - DVPTest - INFO - [串口] cuff=0 mmHg
2026-09-04 11:28:05,342 - DVPTest - DEBUG - 发出 sig_data: t=36.469, p=0.00
2026-09-04 11:28:05,343 - DVPTest - DEBUG - 阶段 DONE，忽略新数据 t=36.47
2026-09-04 11:28:05,343 - DVPTest - INFO - [串口] cuff=0 mmHg
2026-09-04 11:28:05,438 - DVPTest - DEBUG - 发出 sig_data: t=36.566, p=0.00
2026-09-04 11:28:05,439 - DVPTest - DEBUG - 阶段 DONE，忽略新数据 t=36.57
2026-09-04 11:28:05,439 - DVPTest - INFO - [串口] cuff=0 mmHg
2026-09-04 11:28:05,550 - DVPTest - DEBUG - 发出 sig_data: t=36.678, p=0.00
2026-09-04 11:28:05,551 - DVPTest - DEBUG - 阶段 DONE，忽略新数据 t=36.68
2026-09-04 11:28:05,551 - DVPTest - INFO - [串口] cuff=0 mmHg
2026-09-04 11:28:05,646 - DVPTest - DEBUG - 发出 sig_data: t=36.773, p=0.00
2026-09-04 11:28:05,646 - DVPTest - DEBUG - 阶段 DONE，忽略新数据 t=36.77
2026-09-04 11:28:05,646 - DVPTest - INFO - [串口] cuff=0 mmHg
2026-09-04 11:28:05,742 - DVPTest - DEBUG - 发出 sig_data: t=36.869, p=0.00
2026-09-04 11:28:05,743 - DVPTest - DEBUG - 阶段 DONE，忽略新数据 t=36.87
2026-09-04 11:28:05,743 - DVPTest - INFO - [串口] cuff=0 mmHg
2026-09-04 11:28:05,837 - DVPTest - DEBUG - 发出 sig_data: t=36.965, p=0.00
2026-09-04 11:28:05,839 - DVPTest - DEBUG - 阶段 DONE，忽略新数据 t=36.96
2026-09-04 11:28:05,839 - DVPTest - INFO - [串口] cuff=0 mmHg
2026-09-04 11:28:05,949 - DVPTest - DEBUG - 发出 sig_data: t=37.077, p=0.00
2026-09-04 11:28:05,952 - DVPTest - DEBUG - 阶段 DONE，忽略新数据 t=37.08
2026-09-04 11:28:05,953 - DVPTest - INFO - [串口] cuff=0 mmHg
2026-09-04 11:28:06,046 - DVPTest - DEBUG - 发出 sig_data: t=37.173, p=0.00
2026-09-04 11:28:06,047 - DVPTest - DEBUG - 阶段 DONE，忽略新数据 t=37.17
2026-09-04 11:28:06,047 - DVPTest - INFO - [串口] cuff=0 mmHg
2026-09-04 11:28:06,141 - DVPTest - DEBUG - 发出 sig_data: t=37.268, p=0.00
2026-09-04 11:28:06,141 - DVPTest - DEBUG - 阶段 DONE，忽略新数据 t=37.27
2026-09-04 11:28:06,141 - DVPTest - INFO - [串口] cuff=0 mmHg
2026-09-04 11:28:06,252 - DVPTest - DEBUG - 发出 sig_data: t=37.380, p=0.00
2026-09-04 11:28:06,254 - DVPTest - DEBUG - 阶段 DONE，忽略新数据 t=37.38
2026-09-04 11:28:06,254 - DVPTest - INFO - [串口] cuff=0 mmHg
2026-09-04 11:28:06,349 - DVPTest - DEBUG - 发出 sig_data: t=37.476, p=0.00
2026-09-04 11:28:06,349 - DVPTest - DEBUG - 阶段 DONE，忽略新数据 t=37.48
2026-09-04 11:28:06,349 - DVPTest - INFO - [串口] cuff=0 mmHg
2026-09-04 11:28:06,445 - DVPTest - DEBUG - 发出 sig_data: t=37.572, p=0.00
2026-09-04 11:28:06,450 - DVPTest - DEBUG - 阶段 DONE，忽略新数据 t=37.57
2026-09-04 11:28:06,451 - DVPTest - INFO - [串口] cuff=0 mmHg
2026-09-04 11:28:06,541 - DVPTest - DEBUG - 发出 sig_data: t=37.669, p=0.00
2026-09-04 11:28:06,544 - DVPTest - DEBUG - 阶段 DONE，忽略新数据 t=37.67
2026-09-04 11:28:06,545 - DVPTest - INFO - [串口] cuff=0 mmHg
2026-09-04 11:28:06,652 - DVPTest - DEBUG - 发出 sig_data: t=37.780, p=0.00
2026-09-04 11:28:06,653 - DVPTest - DEBUG - 阶段 DONE，忽略新数据 t=37.78
2026-09-04 11:28:06,654 - DVPTest - INFO - [串口] cuff=0 mmHg
2026-09-04 11:28:06,748 - DVPTest - DEBUG - 发出 sig_data: t=37.876, p=0.00
2026-09-04 11:28:06,750 - DVPTest - DEBUG - 阶段 DONE，忽略新数据 t=37.88
2026-09-04 11:28:06,751 - DVPTest - INFO - [串口] cuff=0 mmHg
2026-09-04 11:28:06,844 - DVPTest - DEBUG - 发出 sig_data: t=37.972, p=0.00
2026-09-04 11:28:06,846 - DVPTest - DEBUG - 阶段 DONE，忽略新数据 t=37.97
2026-09-04 11:28:06,846 - DVPTest - INFO - [串口] cuff=0 mmHg
2026-09-04 11:28:06,940 - DVPTest - DEBUG - 发出 sig_data: t=38.067, p=0.00
2026-09-04 11:28:06,941 - DVPTest - DEBUG - 阶段 DONE，忽略新数据 t=38.07
2026-09-04 11:28:06,941 - DVPTest - INFO - [串口] cuff=0 mmHg
2026-09-04 11:28:07,052 - DVPTest - DEBUG - 发出 sig_data: t=38.180, p=0.00
2026-09-04 11:28:07,054 - DVPTest - DEBUG - 阶段 DONE，忽略新数据 t=38.18
2026-09-04 11:28:07,055 - DVPTest - INFO - [串口] cuff=0 mmHg
2026-09-04 11:28:07,149 - DVPTest - DEBUG - 发出 sig_data: t=38.276, p=0.00
2026-09-04 11:28:07,150 - DVPTest - DEBUG - 阶段 DONE，忽略新数据 t=38.28
2026-09-04 11:28:07,150 - DVPTest - INFO - [串口] cuff=0 mmHg
2026-09-04 11:28:07,243 - DVPTest - DEBUG - 发出 sig_data: t=38.370, p=0.00
2026-09-04 11:28:07,244 - DVPTest - DEBUG - 阶段 DONE，忽略新数据 t=38.37
2026-09-04 11:28:07,244 - DVPTest - INFO - [串口] cuff=0 mmHg
2026-09-04 11:28:07,339 - DVPTest - DEBUG - 发出 sig_data: t=38.467, p=0.00
2026-09-04 11:28:07,340 - DVPTest - DEBUG - 阶段 DONE，忽略新数据 t=38.47
2026-09-04 11:28:07,340 - DVPTest - INFO - [串口] cuff=0 mmHg
2026-09-04 11:28:07,451 - DVPTest - DEBUG - 发出 sig_data: t=38.578, p=0.00
2026-09-04 11:28:07,452 - DVPTest - DEBUG - 阶段 DONE，忽略新数据 t=38.58
2026-09-04 11:28:07,452 - DVPTest - INFO - [串口] cuff=0 mmHg
2026-09-04 11:28:07,547 - DVPTest - DEBUG - 发出 sig_data: t=38.674, p=0.00
2026-09-04 11:28:07,548 - DVPTest - DEBUG - 阶段 DONE，忽略新数据 t=38.67
2026-09-04 11:28:07,548 - DVPTest - INFO - [串口] cuff=0 mmHg
2026-09-04 11:28:07,643 - DVPTest - DEBUG - 发出 sig_data: t=38.770, p=0.00
2026-09-04 11:28:07,644 - DVPTest - DEBUG - 阶段 DONE，忽略新数据 t=38.77
2026-09-04 11:28:07,644 - DVPTest - INFO - [串口] cuff=0 mmHg
2026-09-04 11:28:07,739 - DVPTest - DEBUG - 发出 sig_data: t=38.866, p=0.00
2026-09-04 11:28:07,740 - DVPTest - DEBUG - 阶段 DONE，忽略新数据 t=38.87
2026-09-04 11:28:07,740 - DVPTest - INFO - [串口] cuff=0 mmHg
2026-09-04 11:28:07,852 - DVPTest - DEBUG - 发出 sig_data: t=38.979, p=0.00
2026-09-04 11:28:07,852 - DVPTest - DEBUG - 阶段 DONE，忽略新数据 t=38.98
2026-09-04 11:28:07,852 - DVPTest - INFO - [串口] cuff=0 mmHg
2026-09-04 11:28:07,946 - DVPTest - DEBUG - 发出 sig_data: t=39.073, p=0.00
2026-09-04 11:28:07,947 - DVPTest - DEBUG - 阶段 DONE，忽略新数据 t=39.07
2026-09-04 11:28:07,947 - DVPTest - INFO - [串口] cuff=0 mmHg
2026-09-04 11:28:08,042 - DVPTest - DEBUG - 发出 sig_data: t=39.170, p=0.00
2026-09-04 11:28:08,043 - DVPTest - DEBUG - 阶段 DONE，忽略新数据 t=39.17
2026-09-04 11:28:08,044 - DVPTest - INFO - [串口] cuff=0 mmHg
2026-09-04 11:28:08,137 - DVPTest - DEBUG - 发出 sig_data: t=39.265, p=0.00
2026-09-04 11:28:08,139 - DVPTest - DEBUG - 阶段 DONE，忽略新数据 t=39.27
2026-09-04 11:28:08,140 - DVPTest - INFO - [串口] cuff=0 mmHg
2026-09-04 11:28:08,249 - DVPTest - DEBUG - 发出 sig_data: t=39.377, p=0.00
2026-09-04 11:28:08,250 - DVPTest - DEBUG - 阶段 DONE，忽略新数据 t=39.38
2026-09-04 11:28:08,250 - DVPTest - INFO - [串口] cuff=0 mmHg
2026-09-04 11:28:08,346 - DVPTest - DEBUG - 发出 sig_data: t=39.474, p=0.00
2026-09-04 11:28:08,348 - DVPTest - DEBUG - 阶段 DONE，忽略新数据 t=39.47
2026-09-04 11:28:08,349 - DVPTest - INFO - [串口] cuff=0 mmHg
2026-09-04 11:28:08,442 - DVPTest - DEBUG - 发出 sig_data: t=39.569, p=0.00
2026-09-04 11:28:08,443 - DVPTest - DEBUG - 阶段 DONE，忽略新数据 t=39.57
2026-09-04 11:28:08,443 - DVPTest - INFO - [串口] cuff=0 mmHg
2026-09-04 11:28:08,553 - DVPTest - DEBUG - 发出 sig_data: t=39.681, p=0.00
2026-09-04 11:28:08,554 - DVPTest - DEBUG - 阶段 DONE，忽略新数据 t=39.68
2026-09-04 11:28:08,554 - DVPTest - INFO - [串口] cuff=0 mmHg
2026-09-04 11:28:08,650 - DVPTest - DEBUG - 发出 sig_data: t=39.777, p=0.00
2026-09-04 11:28:08,651 - DVPTest - DEBUG - 阶段 DONE，忽略新数据 t=39.78
2026-09-04 11:28:08,651 - DVPTest - INFO - [串口] cuff=0 mmHg
2026-09-04 11:28:08,745 - DVPTest - DEBUG - 发出 sig_data: t=39.872, p=0.00
2026-09-04 11:28:08,746 - DVPTest - DEBUG - 阶段 DONE，忽略新数据 t=39.87
2026-09-04 11:28:08,746 - DVPTest - INFO - [串口] cuff=0 mmHg
2026-09-04 11:28:08,841 - DVPTest - DEBUG - 发出 sig_data: t=39.969, p=0.00
2026-09-04 11:28:08,842 - DVPTest - DEBUG - 阶段 DONE，忽略新数据 t=39.97
2026-09-04 11:28:08,842 - DVPTest - INFO - [串口] cuff=0 mmHg
2026-09-04 11:28:08,952 - DVPTest - DEBUG - 发出 sig_data: t=40.080, p=0.00
2026-09-04 11:28:08,952 - DVPTest - DEBUG - 阶段 DONE，忽略新数据 t=40.08
2026-09-04 11:28:08,953 - DVPTest - INFO - [串口] cuff=0 mmHg
2026-09-04 11:28:09,049 - DVPTest - DEBUG - 发出 sig_data: t=40.176, p=0.00
2026-09-04 11:28:09,050 - DVPTest - DEBUG - 阶段 DONE，忽略新数据 t=40.18
2026-09-04 11:28:09,050 - DVPTest - INFO - [串口] cuff=0 mmHg
2026-09-04 11:28:09,145 - DVPTest - DEBUG - 发出 sig_data: t=40.272, p=0.00
2026-09-04 11:28:09,146 - DVPTest - DEBUG - 阶段 DONE，忽略新数据 t=40.27
2026-09-04 11:28:09,146 - DVPTest - INFO - [串口] cuff=0 mmHg
2026-09-04 11:28:09,241 - DVPTest - DEBUG - 发出 sig_data: t=40.369, p=0.00
2026-09-04 11:28:09,243 - DVPTest - DEBUG - 阶段 DONE，忽略新数据 t=40.37
2026-09-04 11:28:09,244 - DVPTest - INFO - [串口] cuff=0 mmHg
2026-09-04 11:28:09,352 - DVPTest - DEBUG - 发出 sig_data: t=40.480, p=0.00
2026-09-04 11:28:09,353 - DVPTest - DEBUG - 阶段 DONE，忽略新数据 t=40.48
2026-09-04 11:28:09,353 - DVPTest - INFO - [串口] cuff=0 mmHg
2026-09-04 11:28:09,448 - DVPTest - DEBUG - 发出 sig_data: t=40.576, p=0.00
2026-09-04 11:28:09,449 - DVPTest - DEBUG - 阶段 DONE，忽略新数据 t=40.58
2026-09-04 11:28:09,449 - DVPTest - INFO - [串口] cuff=0 mmHg
2026-09-04 11:28:09,543 - DVPTest - DEBUG - 发出 sig_data: t=40.670, p=0.00
2026-09-04 11:28:09,544 - DVPTest - DEBUG - 阶段 DONE，忽略新数据 t=40.67
2026-09-04 11:28:09,544 - DVPTest - INFO - [串口] cuff=0 mmHg
2026-09-04 11:28:09,640 - DVPTest - DEBUG - 发出 sig_data: t=40.767, p=0.00
2026-09-04 11:28:09,641 - DVPTest - DEBUG - 阶段 DONE，忽略新数据 t=40.77
2026-09-04 11:28:09,641 - DVPTest - INFO - [串口] cuff=0 mmHg
2026-09-04 11:28:09,752 - DVPTest - DEBUG - 发出 sig_data: t=40.879, p=0.00
2026-09-04 11:28:09,752 - DVPTest - DEBUG - 阶段 DONE，忽略新数据 t=40.88
2026-09-04 11:28:09,752 - DVPTest - INFO - [串口] cuff=0 mmHg
2026-09-04 11:28:09,847 - DVPTest - DEBUG - 发出 sig_data: t=40.975, p=0.00
2026-09-04 11:28:09,848 - DVPTest - DEBUG - 阶段 DONE，忽略新数据 t=40.97
2026-09-04 11:28:09,848 - DVPTest - INFO - [串口] cuff=0 mmHg
2026-09-04 11:28:09,943 - DVPTest - DEBUG - 发出 sig_data: t=41.071, p=0.00
2026-09-04 11:28:09,945 - DVPTest - DEBUG - 阶段 DONE，忽略新数据 t=41.07
2026-09-04 11:28:09,946 - DVPTest - INFO - [串口] cuff=0 mmHg
2026-09-04 11:28:10,038 - DVPTest - DEBUG - 发出 sig_data: t=41.166, p=0.00
2026-09-04 11:28:10,039 - DVPTest - DEBUG - 阶段 DONE，忽略新数据 t=41.17
2026-09-04 11:28:10,039 - DVPTest - INFO - [串口] cuff=0 mmHg
2026-09-04 11:28:10,151 - DVPTest - DEBUG - 发出 sig_data: t=41.278, p=0.00
2026-09-04 11:28:10,152 - DVPTest - DEBUG - 阶段 DONE，忽略新数据 t=41.28
2026-09-04 11:28:10,152 - DVPTest - INFO - [串口] cuff=0 mmHg
2026-09-04 11:28:10,247 - DVPTest - DEBUG - 发出 sig_data: t=41.374, p=0.00
2026-09-04 11:28:10,248 - DVPTest - DEBUG - 阶段 DONE，忽略新数据 t=41.37
2026-09-04 11:28:10,248 - DVPTest - INFO - [串口] cuff=0 mmHg
2026-09-04 11:28:10,342 - DVPTest - DEBUG - 发出 sig_data: t=41.469, p=0.00
2026-09-04 11:28:10,343 - DVPTest - DEBUG - 阶段 DONE，忽略新数据 t=41.47
2026-09-04 11:28:10,343 - DVPTest - INFO - [串口] cuff=0 mmHg
2026-09-04 11:28:10,438 - DVPTest - DEBUG - 发出 sig_data: t=41.566, p=0.00
2026-09-04 11:28:10,439 - DVPTest - DEBUG - 阶段 DONE，忽略新数据 t=41.57
2026-09-04 11:28:10,439 - DVPTest - INFO - [串口] cuff=0 mmHg
2026-09-04 11:28:10,550 - DVPTest - DEBUG - 发出 sig_data: t=41.677, p=0.00
2026-09-04 11:28:10,551 - DVPTest - DEBUG - 阶段 DONE，忽略新数据 t=41.68
2026-09-04 11:28:10,551 - DVPTest - INFO - [串口] cuff=0 mmHg
2026-09-04 11:28:10,646 - DVPTest - DEBUG - 发出 sig_data: t=41.773, p=0.00
2026-09-04 11:28:10,647 - DVPTest - DEBUG - 阶段 DONE，忽略新数据 t=41.77
2026-09-04 11:28:10,647 - DVPTest - INFO - [串口] cuff=0 mmHg
2026-09-04 11:28:10,742 - DVPTest - DEBUG - 发出 sig_data: t=41.870, p=0.00
2026-09-04 11:28:10,743 - DVPTest - DEBUG - 阶段 DONE，忽略新数据 t=41.87
2026-09-04 11:28:10,743 - DVPTest - INFO - [串口] cuff=0 mmHg
2026-09-04 11:28:10,853 - DVPTest - DEBUG - 发出 sig_data: t=41.981, p=0.00
2026-09-04 11:28:10,856 - DVPTest - DEBUG - 阶段 DONE，忽略新数据 t=41.98
2026-09-04 11:28:10,857 - DVPTest - INFO - [串口] cuff=0 mmHg
2026-09-04 11:28:10,950 - DVPTest - DEBUG - 发出 sig_data: t=42.078, p=0.00
2026-09-04 11:28:11,046 - DVPTest - DEBUG - 发出 sig_data: t=42.173, p=0.00
2026-09-04 11:28:11,069 - DVPTest - DEBUG - 阶段 DONE，忽略新数据 t=42.08
2026-09-04 11:28:11,070 - DVPTest - INFO - [串口] cuff=0 mmHg
2026-09-04 11:28:11,083 - DVPTest - DEBUG - 阶段 DONE，忽略新数据 t=42.17
2026-09-04 11:28:11,083 - DVPTest - INFO - [串口] cuff=0 mmHg
2026-09-04 11:28:11,141 - DVPTest - DEBUG - 发出 sig_data: t=42.269, p=0.00
2026-09-04 11:28:11,142 - DVPTest - DEBUG - 阶段 DONE，忽略新数据 t=42.27
2026-09-04 11:28:11,142 - DVPTest - INFO - [串口] cuff=0 mmHg
2026-09-04 11:28:11,253 - DVPTest - DEBUG - 发出 sig_data: t=42.380, p=0.00
2026-09-04 11:28:11,253 - DVPTest - DEBUG - 阶段 DONE，忽略新数据 t=42.38
2026-09-04 11:28:11,253 - DVPTest - INFO - [串口] cuff=0 mmHg
2026-09-04 11:28:11,349 - DVPTest - DEBUG - 发出 sig_data: t=42.477, p=0.00
2026-09-04 11:28:11,350 - DVPTest - DEBUG - 阶段 DONE，忽略新数据 t=42.48
2026-09-04 11:28:11,350 - DVPTest - INFO - [串口] cuff=0 mmHg
2026-09-04 11:28:11,445 - DVPTest - DEBUG - 发出 sig_data: t=42.572, p=0.00
2026-09-04 11:28:11,446 - DVPTest - DEBUG - 阶段 DONE，忽略新数据 t=42.57
2026-09-04 11:28:11,446 - DVPTest - INFO - [串口] cuff=0 mmHg
2026-09-04 11:28:11,540 - DVPTest - DEBUG - 发出 sig_data: t=42.668, p=0.00
2026-09-04 11:28:11,542 - DVPTest - DEBUG - 阶段 DONE，忽略新数据 t=42.67
2026-09-04 11:28:11,542 - DVPTest - INFO - [串口] cuff=0 mmHg
2026-09-04 11:28:11,653 - DVPTest - DEBUG - 发出 sig_data: t=42.780, p=0.00
2026-09-04 11:28:11,654 - DVPTest - DEBUG - 阶段 DONE，忽略新数据 t=42.78
2026-09-04 11:28:11,654 - DVPTest - INFO - [串口] cuff=0 mmHg
2026-09-04 11:28:11,749 - DVPTest - DEBUG - 发出 sig_data: t=42.876, p=0.00
2026-09-04 11:28:11,749 - DVPTest - DEBUG - 阶段 DONE，忽略新数据 t=42.88
2026-09-04 11:28:11,749 - DVPTest - INFO - [串口] cuff=0 mmHg
2026-09-04 11:28:11,845 - DVPTest - DEBUG - 发出 sig_data: t=42.972, p=0.00
2026-09-04 11:28:11,846 - DVPTest - DEBUG - 阶段 DONE，忽略新数据 t=42.97
2026-09-04 11:28:11,846 - DVPTest - INFO - [串口] cuff=0 mmHg
2026-09-04 11:28:11,941 - DVPTest - DEBUG - 发出 sig_data: t=43.068, p=0.00
2026-09-04 11:28:11,942 - DVPTest - DEBUG - 阶段 DONE，忽略新数据 t=43.07
2026-09-04 11:28:11,942 - DVPTest - INFO - [串口] cuff=0 mmHg
2026-09-04 11:28:12,052 - DVPTest - DEBUG - 发出 sig_data: t=43.180, p=0.00
2026-09-04 11:28:12,053 - DVPTest - DEBUG - 阶段 DONE，忽略新数据 t=43.18
2026-09-04 11:28:12,053 - DVPTest - INFO - [串口] cuff=0 mmHg
2026-09-04 11:28:12,148 - DVPTest - DEBUG - 发出 sig_data: t=43.275, p=0.00
2026-09-04 11:28:12,149 - DVPTest - DEBUG - 阶段 DONE，忽略新数据 t=43.28
2026-09-04 11:28:12,150 - DVPTest - INFO - [串口] cuff=0 mmHg
2026-09-04 11:28:12,244 - DVPTest - DEBUG - 发出 sig_data: t=43.371, p=0.00
2026-09-04 11:28:12,244 - DVPTest - DEBUG - 阶段 DONE，忽略新数据 t=43.37
2026-09-04 11:28:12,244 - DVPTest - INFO - [串口] cuff=0 mmHg
2026-09-04 11:28:12,339 - DVPTest - DEBUG - 发出 sig_data: t=43.466, p=0.00
2026-09-04 11:28:12,340 - DVPTest - DEBUG - 阶段 DONE，忽略新数据 t=43.47
2026-09-04 11:28:12,340 - DVPTest - INFO - [串口] cuff=0 mmHg
2026-09-04 11:28:12,451 - DVPTest - DEBUG - 发出 sig_data: t=43.579, p=0.00
2026-09-04 11:28:12,453 - DVPTest - DEBUG - 阶段 DONE，忽略新数据 t=43.58
2026-09-04 11:28:12,453 - DVPTest - INFO - [串口] cuff=0 mmHg
2026-09-04 11:28:12,548 - DVPTest - DEBUG - 发出 sig_data: t=43.675, p=0.00
2026-09-04 11:28:12,548 - DVPTest - DEBUG - 阶段 DONE，忽略新数据 t=43.67
2026-09-04 11:28:12,548 - DVPTest - INFO - [串口] cuff=0 mmHg
2026-09-04 11:28:12,643 - DVPTest - DEBUG - 发出 sig_data: t=43.771, p=0.00
2026-09-04 11:28:12,645 - DVPTest - DEBUG - 阶段 DONE，忽略新数据 t=43.77
2026-09-04 11:28:12,645 - DVPTest - INFO - [串口] cuff=0 mmHg
2026-09-04 11:28:12,739 - DVPTest - DEBUG - 发出 sig_data: t=43.866, p=0.00
2026-09-04 11:28:12,741 - DVPTest - DEBUG - 阶段 DONE，忽略新数据 t=43.87
2026-09-04 11:28:12,742 - DVPTest - INFO - [串口] cuff=0 mmHg
2026-09-04 11:28:12,851 - DVPTest - DEBUG - 发出 sig_data: t=43.978, p=0.00
2026-09-04 11:28:12,852 - DVPTest - DEBUG - 阶段 DONE，忽略新数据 t=43.98
2026-09-04 11:28:12,852 - DVPTest - INFO - [串口] cuff=0 mmHg
2026-09-04 11:28:12,947 - DVPTest - DEBUG - 发出 sig_data: t=44.074, p=0.00
2026-09-04 11:28:12,948 - DVPTest - DEBUG - 阶段 DONE，忽略新数据 t=44.07
2026-09-04 11:28:12,948 - DVPTest - INFO - [串口] cuff=0 mmHg
2026-09-04 11:28:13,042 - DVPTest - DEBUG - 发出 sig_data: t=44.169, p=0.00
2026-09-04 11:28:13,043 - DVPTest - DEBUG - 阶段 DONE，忽略新数据 t=44.17
2026-09-04 11:28:13,044 - DVPTest - INFO - [串口] cuff=0 mmHg
2026-09-04 11:28:13,139 - DVPTest - DEBUG - 发出 sig_data: t=44.266, p=0.00
2026-09-04 11:28:13,141 - DVPTest - DEBUG - 阶段 DONE，忽略新数据 t=44.27
2026-09-04 11:28:13,142 - DVPTest - INFO - [串口] cuff=0 mmHg
2026-09-04 11:28:13,250 - DVPTest - DEBUG - 发出 sig_data: t=44.378, p=0.00
2026-09-04 11:28:13,251 - DVPTest - DEBUG - 阶段 DONE，忽略新数据 t=44.38
2026-09-04 11:28:13,251 - DVPTest - INFO - [串口] cuff=0 mmHg
2026-09-04 11:28:13,346 - DVPTest - DEBUG - 发出 sig_data: t=44.473, p=0.00
2026-09-04 11:28:13,347 - DVPTest - DEBUG - 阶段 DONE，忽略新数据 t=44.47
2026-09-04 11:28:13,347 - DVPTest - INFO - [串口] cuff=0 mmHg
2026-09-04 11:28:13,442 - DVPTest - DEBUG - 发出 sig_data: t=44.569, p=0.00
2026-09-04 11:28:13,444 - DVPTest - DEBUG - 阶段 DONE，忽略新数据 t=44.57
2026-09-04 11:28:13,444 - DVPTest - INFO - [串口] cuff=0 mmHg
2026-09-04 11:28:13,553 - DVPTest - DEBUG - 发出 sig_data: t=44.680, p=0.00
2026-09-04 11:28:13,554 - DVPTest - DEBUG - 阶段 DONE，忽略新数据 t=44.68
2026-09-04 11:28:13,555 - DVPTest - INFO - [串口] cuff=0 mmHg
2026-09-04 11:28:13,649 - DVPTest - DEBUG - 发出 sig_data: t=44.776, p=0.00
2026-09-04 11:28:13,650 - DVPTest - DEBUG - 阶段 DONE，忽略新数据 t=44.78
2026-09-04 11:28:13,650 - DVPTest - INFO - [串口] cuff=0 mmHg
2026-09-04 11:28:13,746 - DVPTest - DEBUG - 发出 sig_data: t=44.873, p=0.00
2026-09-04 11:28:13,747 - DVPTest - DEBUG - 阶段 DONE，忽略新数据 t=44.87
2026-09-04 11:28:13,747 - DVPTest - INFO - [串口] cuff=0 mmHg
2026-09-04 11:28:13,841 - DVPTest - DEBUG - 发出 sig_data: t=44.968, p=0.00
2026-09-04 11:28:13,842 - DVPTest - DEBUG - 阶段 DONE，忽略新数据 t=44.97
2026-09-04 11:28:13,842 - DVPTest - INFO - [串口] cuff=0 mmHg
2026-09-04 11:28:13,954 - DVPTest - DEBUG - 发出 sig_data: t=45.081, p=0.00
2026-09-04 11:28:13,954 - DVPTest - DEBUG - 阶段 DONE，忽略新数据 t=45.08
2026-09-04 11:28:13,954 - DVPTest - INFO - [串口] cuff=0 mmHg
2026-09-04 11:28:14,049 - DVPTest - DEBUG - 发出 sig_data: t=45.176, p=0.00
2026-09-04 11:28:14,050 - DVPTest - DEBUG - 阶段 DONE，忽略新数据 t=45.18
2026-09-04 11:28:14,050 - DVPTest - INFO - [串口] cuff=0 mmHg
2026-09-04 11:28:14,145 - DVPTest - DEBUG - 发出 sig_data: t=45.272, p=0.00
2026-09-04 11:28:14,146 - DVPTest - DEBUG - 阶段 DONE，忽略新数据 t=45.27
2026-09-04 11:28:14,146 - DVPTest - INFO - [串口] cuff=0 mmHg
2026-09-04 11:28:14,241 - DVPTest - DEBUG - 发出 sig_data: t=45.368, p=0.00
2026-09-04 11:28:14,242 - DVPTest - DEBUG - 阶段 DONE，忽略新数据 t=45.37
2026-09-04 11:28:14,242 - DVPTest - INFO - [串口] cuff=0 mmHg
2026-09-04 11:28:14,353 - DVPTest - DEBUG - 发出 sig_data: t=45.480, p=0.00
2026-09-04 11:28:14,354 - DVPTest - DEBUG - 阶段 DONE，忽略新数据 t=45.48
2026-09-04 11:28:14,354 - DVPTest - INFO - [串口] cuff=0 mmHg
2026-09-04 11:28:14,448 - DVPTest - DEBUG - 发出 sig_data: t=45.575, p=0.00
2026-09-04 11:28:14,449 - DVPTest - DEBUG - 阶段 DONE，忽略新数据 t=45.58
2026-09-04 11:28:14,449 - DVPTest - INFO - [串口] cuff=0 mmHg
2026-09-04 11:28:14,544 - DVPTest - DEBUG - 发出 sig_data: t=45.672, p=0.00
2026-09-04 11:28:14,546 - DVPTest - DEBUG - 阶段 DONE，忽略新数据 t=45.67
2026-09-04 11:28:14,546 - DVPTest - INFO - [串口] cuff=0 mmHg
2026-09-04 11:28:14,640 - DVPTest - DEBUG - 发出 sig_data: t=45.768, p=0.00
2026-09-04 11:28:14,642 - DVPTest - DEBUG - 阶段 DONE，忽略新数据 t=45.77
2026-09-04 11:28:14,642 - DVPTest - INFO - [串口] cuff=0 mmHg
2026-09-04 11:28:14,752 - DVPTest - DEBUG - 发出 sig_data: t=45.879, p=0.00
2026-09-04 11:28:14,753 - DVPTest - DEBUG - 阶段 DONE，忽略新数据 t=45.88
2026-09-04 11:28:14,753 - DVPTest - INFO - [串口] cuff=0 mmHg
2026-09-04 11:28:14,848 - DVPTest - DEBUG - 发出 sig_data: t=45.975, p=0.00
2026-09-04 11:28:14,849 - DVPTest - DEBUG - 阶段 DONE，忽略新数据 t=45.98
2026-09-04 11:28:14,850 - DVPTest - INFO - [串口] cuff=0 mmHg
2026-09-04 11:28:14,944 - DVPTest - DEBUG - 发出 sig_data: t=46.071, p=0.00
2026-09-04 11:28:14,944 - DVPTest - DEBUG - 阶段 DONE，忽略新数据 t=46.07
2026-09-04 11:28:14,944 - DVPTest - INFO - [串口] cuff=0 mmHg
2026-09-04 11:28:15,039 - DVPTest - DEBUG - 发出 sig_data: t=46.167, p=0.00
2026-09-04 11:28:15,043 - DVPTest - DEBUG - 阶段 DONE，忽略新数据 t=46.17
2026-09-04 11:28:15,043 - DVPTest - INFO - [串口] cuff=0 mmHg
2026-09-04 11:28:15,151 - DVPTest - DEBUG - 发出 sig_data: t=46.278, p=0.00
2026-09-04 11:28:15,153 - DVPTest - DEBUG - 阶段 DONE，忽略新数据 t=46.28
2026-09-04 11:28:15,154 - DVPTest - INFO - [串口] cuff=0 mmHg
2026-09-04 11:28:15,247 - DVPTest - DEBUG - 发出 sig_data: t=46.374, p=0.00
2026-09-04 11:28:15,247 - DVPTest - DEBUG - 阶段 DONE，忽略新数据 t=46.37
2026-09-04 11:28:15,247 - DVPTest - INFO - [串口] cuff=0 mmHg
2026-09-04 11:28:15,343 - DVPTest - DEBUG - 发出 sig_data: t=46.470, p=0.00
2026-09-04 11:28:15,344 - DVPTest - DEBUG - 阶段 DONE，忽略新数据 t=46.47
2026-09-04 11:28:15,344 - DVPTest - INFO - [串口] cuff=0 mmHg
2026-09-04 11:28:15,439 - DVPTest - DEBUG - 发出 sig_data: t=46.566, p=0.00
2026-09-04 11:28:15,440 - DVPTest - DEBUG - 阶段 DONE，忽略新数据 t=46.57
2026-09-04 11:28:15,440 - DVPTest - INFO - [串口] cuff=0 mmHg
2026-09-04 11:28:15,551 - DVPTest - DEBUG - 发出 sig_data: t=46.678, p=0.00
2026-09-04 11:28:15,551 - DVPTest - DEBUG - 阶段 DONE，忽略新数据 t=46.68
2026-09-04 11:28:15,551 - DVPTest - INFO - [串口] cuff=0 mmHg
2026-09-04 11:28:15,647 - DVPTest - DEBUG - 发出 sig_data: t=46.774, p=0.00
2026-09-04 11:28:15,648 - DVPTest - DEBUG - 阶段 DONE，忽略新数据 t=46.77
2026-09-04 11:28:15,648 - DVPTest - INFO - [串口] cuff=0 mmHg
2026-09-04 11:28:15,743 - DVPTest - DEBUG - 发出 sig_data: t=46.870, p=0.00
2026-09-04 11:28:15,743 - DVPTest - DEBUG - 阶段 DONE，忽略新数据 t=46.87
2026-09-04 11:28:15,743 - DVPTest - INFO - [串口] cuff=0 mmHg
2026-09-04 11:28:15,854 - DVPTest - DEBUG - 发出 sig_data: t=46.981, p=0.00
2026-09-04 11:28:15,855 - DVPTest - DEBUG - 阶段 DONE，忽略新数据 t=46.98
2026-09-04 11:28:15,858 - DVPTest - INFO - [串口] cuff=0 mmHg
2026-09-04 11:28:15,951 - DVPTest - DEBUG - 发出 sig_data: t=47.078, p=0.00
2026-09-04 11:28:15,952 - DVPTest - DEBUG - 阶段 DONE，忽略新数据 t=47.08
2026-09-04 11:28:15,952 - DVPTest - INFO - [串口] cuff=0 mmHg
2026-09-04 11:28:16,046 - DVPTest - DEBUG - 发出 sig_data: t=47.173, p=0.00
2026-09-04 11:28:16,047 - DVPTest - DEBUG - 阶段 DONE，忽略新数据 t=47.17
2026-09-04 11:28:16,047 - DVPTest - INFO - [串口] cuff=0 mmHg
2026-09-04 11:28:16,142 - DVPTest - DEBUG - 发出 sig_data: t=47.269, p=0.00
2026-09-04 11:28:16,142 - DVPTest - DEBUG - 阶段 DONE，忽略新数据 t=47.27
2026-09-04 11:28:16,142 - DVPTest - INFO - [串口] cuff=0 mmHg
2026-09-04 11:28:16,254 - DVPTest - DEBUG - 发出 sig_data: t=47.381, p=0.00
2026-09-04 11:28:16,254 - DVPTest - DEBUG - 阶段 DONE，忽略新数据 t=47.38
2026-09-04 11:28:16,254 - DVPTest - INFO - [串口] cuff=0 mmHg
2026-09-04 11:28:16,349 - DVPTest - DEBUG - 发出 sig_data: t=47.476, p=0.00
2026-09-04 11:28:16,350 - DVPTest - DEBUG - 阶段 DONE，忽略新数据 t=47.48
2026-09-04 11:28:16,350 - DVPTest - INFO - [串口] cuff=0 mmHg
2026-09-04 11:28:16,445 - DVPTest - DEBUG - 发出 sig_data: t=47.572, p=0.00
2026-09-04 11:28:16,446 - DVPTest - DEBUG - 阶段 DONE，忽略新数据 t=47.57
2026-09-04 11:28:16,446 - DVPTest - INFO - [串口] cuff=0 mmHg
2026-09-04 11:28:16,541 - DVPTest - DEBUG - 发出 sig_data: t=47.668, p=0.00
2026-09-04 11:28:16,542 - DVPTest - DEBUG - 阶段 DONE，忽略新数据 t=47.67
2026-09-04 11:28:16,542 - DVPTest - INFO - [串口] cuff=0 mmHg
2026-09-04 11:28:16,653 - DVPTest - DEBUG - 发出 sig_data: t=47.780, p=0.00
2026-09-04 11:28:16,654 - DVPTest - DEBUG - 阶段 DONE，忽略新数据 t=47.78
2026-09-04 11:28:16,655 - DVPTest - INFO - [串口] cuff=0 mmHg
2026-09-04 11:28:16,749 - DVPTest - DEBUG - 发出 sig_data: t=47.876, p=0.00
2026-09-04 11:28:16,750 - DVPTest - DEBUG - 阶段 DONE，忽略新数据 t=47.88
2026-09-04 11:28:16,750 - DVPTest - INFO - [串口] cuff=0 mmHg
2026-09-04 11:28:16,849 - DVPTest - DEBUG - 发出 sig_data: t=47.976, p=0.00
2026-09-04 11:28:16,849 - DVPTest - DEBUG - 阶段 DONE，忽略新数据 t=47.98
2026-09-04 11:28:16,849 - DVPTest - INFO - [串口] cuff=0 mmHg
2026-09-04 11:28:16,941 - DVPTest - DEBUG - 发出 sig_data: t=48.068, p=0.00
2026-09-04 11:28:16,945 - DVPTest - DEBUG - 阶段 DONE，忽略新数据 t=48.07
2026-09-04 11:28:16,946 - DVPTest - INFO - [串口] cuff=0 mmHg
2026-09-04 11:28:17,052 - DVPTest - DEBUG - 发出 sig_data: t=48.179, p=0.00
2026-09-04 11:28:17,053 - DVPTest - DEBUG - 阶段 DONE，忽略新数据 t=48.18
2026-09-04 11:28:17,054 - DVPTest - INFO - [串口] cuff=0 mmHg
2026-09-04 11:28:17,148 - DVPTest - DEBUG - 发出 sig_data: t=48.275, p=0.00
2026-09-04 11:28:17,151 - DVPTest - DEBUG - 阶段 DONE，忽略新数据 t=48.28
2026-09-04 11:28:17,151 - DVPTest - INFO - [串口] cuff=0 mmHg
2026-09-04 11:28:17,245 - DVPTest - DEBUG - 发出 sig_data: t=48.372, p=0.00
2026-09-04 11:28:17,245 - DVPTest - DEBUG - 阶段 DONE，忽略新数据 t=48.37
2026-09-04 11:28:17,245 - DVPTest - INFO - [串口] cuff=0 mmHg
2026-09-04 11:28:17,340 - DVPTest - DEBUG - 发出 sig_data: t=48.467, p=0.00
2026-09-04 11:28:17,341 - DVPTest - DEBUG - 阶段 DONE，忽略新数据 t=48.47
2026-09-04 11:28:17,341 - DVPTest - INFO - [串口] cuff=0 mmHg
2026-09-04 11:28:17,451 - DVPTest - DEBUG - 发出 sig_data: t=48.579, p=0.00
2026-09-04 11:28:17,453 - DVPTest - DEBUG - 阶段 DONE，忽略新数据 t=48.58
2026-09-04 11:28:17,453 - DVPTest - INFO - [串口] cuff=0 mmHg
2026-09-04 11:28:17,548 - DVPTest - DEBUG - 发出 sig_data: t=48.675, p=0.00
2026-09-04 11:28:17,549 - DVPTest - DEBUG - 阶段 DONE，忽略新数据 t=48.68
2026-09-04 11:28:17,549 - DVPTest - INFO - [串口] cuff=0 mmHg
2026-09-04 11:28:17,643 - DVPTest - DEBUG - 发出 sig_data: t=48.771, p=0.00
2026-09-04 11:28:17,645 - DVPTest - DEBUG - 阶段 DONE，忽略新数据 t=48.77
2026-09-04 11:28:17,646 - DVPTest - INFO - [串口] cuff=0 mmHg
2026-09-04 11:28:17,754 - DVPTest - DEBUG - 发出 sig_data: t=48.882, p=0.00
2026-09-04 11:28:17,756 - DVPTest - DEBUG - 阶段 DONE，忽略新数据 t=48.88
2026-09-04 11:28:17,756 - DVPTest - INFO - [串口] cuff=0 mmHg
2026-09-04 11:28:17,851 - DVPTest - DEBUG - 发出 sig_data: t=48.978, p=0.00
2026-09-04 11:28:17,852 - DVPTest - DEBUG - 阶段 DONE，忽略新数据 t=48.98
2026-09-04 11:28:17,852 - DVPTest - INFO - [串口] cuff=0 mmHg
2026-09-04 11:28:17,947 - DVPTest - DEBUG - 发出 sig_data: t=49.074, p=0.00
2026-09-04 11:28:17,948 - DVPTest - DEBUG - 阶段 DONE，忽略新数据 t=49.07
2026-09-04 11:28:17,948 - DVPTest - INFO - [串口] cuff=0 mmHg
2026-09-04 11:28:18,043 - DVPTest - DEBUG - 发出 sig_data: t=49.171, p=0.00
2026-09-04 11:28:18,044 - DVPTest - DEBUG - 阶段 DONE，忽略新数据 t=49.17
2026-09-04 11:28:18,044 - DVPTest - INFO - [串口] cuff=0 mmHg
2026-09-04 11:28:18,155 - DVPTest - DEBUG - 发出 sig_data: t=49.282, p=0.00
2026-09-04 11:28:18,155 - DVPTest - DEBUG - 阶段 DONE，忽略新数据 t=49.28
2026-09-04 11:28:18,155 - DVPTest - INFO - [串口] cuff=0 mmHg
2026-09-04 11:28:18,250 - DVPTest - DEBUG - 发出 sig_data: t=49.377, p=0.00
2026-09-04 11:28:18,251 - DVPTest - DEBUG - 阶段 DONE，忽略新数据 t=49.38
2026-09-04 11:28:18,251 - DVPTest - INFO - [串口] cuff=0 mmHg
2026-09-04 11:28:18,346 - DVPTest - DEBUG - 发出 sig_data: t=49.473, p=0.00
2026-09-04 11:28:18,346 - DVPTest - DEBUG - 阶段 DONE，忽略新数据 t=49.47
2026-09-04 11:28:18,346 - DVPTest - INFO - [串口] cuff=0 mmHg
2026-09-04 11:28:18,445 - DVPTest - DEBUG - 发出 sig_data: t=49.572, p=0.00
2026-09-04 11:28:18,446 - DVPTest - DEBUG - 阶段 DONE，忽略新数据 t=49.57
2026-09-04 11:28:18,446 - DVPTest - INFO - [串口] cuff=0 mmHg
2026-09-04 11:28:18,555 - DVPTest - DEBUG - 发出 sig_data: t=49.682, p=0.00
2026-09-04 11:28:18,557 - DVPTest - DEBUG - 阶段 DONE，忽略新数据 t=49.68
2026-09-04 11:28:18,558 - DVPTest - INFO - [串口] cuff=0 mmHg
2026-09-04 11:28:18,650 - DVPTest - DEBUG - 发出 sig_data: t=49.777, p=0.00
2026-09-04 11:28:18,651 - DVPTest - DEBUG - 阶段 DONE，忽略新数据 t=49.78
2026-09-04 11:28:18,651 - DVPTest - INFO - [串口] cuff=0 mmHg
2026-09-04 11:28:18,746 - DVPTest - DEBUG - 发出 sig_data: t=49.874, p=0.00
2026-09-04 11:28:18,747 - DVPTest - DEBUG - 阶段 DONE，忽略新数据 t=49.87
2026-09-04 11:28:18,747 - DVPTest - INFO - [串口] cuff=0 mmHg
2026-09-04 11:28:18,841 - DVPTest - DEBUG - 发出 sig_data: t=49.968, p=0.00
2026-09-04 11:28:18,842 - DVPTest - DEBUG - 阶段 DONE，忽略新数据 t=49.97
2026-09-04 11:28:18,842 - DVPTest - INFO - [串口] cuff=0 mmHg
2026-09-04 11:28:18,953 - DVPTest - DEBUG - 发出 sig_data: t=50.080, p=0.00
2026-09-04 11:28:18,954 - DVPTest - DEBUG - 阶段 DONE，忽略新数据 t=50.08
2026-09-04 11:28:18,954 - DVPTest - INFO - [串口] cuff=0 mmHg
2026-09-04 11:28:19,050 - DVPTest - DEBUG - 发出 sig_data: t=50.177, p=0.00
2026-09-04 11:28:19,051 - DVPTest - DEBUG - 阶段 DONE，忽略新数据 t=50.18
2026-09-04 11:28:19,052 - DVPTest - INFO - [串口] cuff=0 mmHg
2026-09-04 11:28:19,057 - DVPTest - INFO - 视图已锁定，不再自动适配缩放
2026-09-04 11:28:19,145 - DVPTest - DEBUG - 发出 sig_data: t=50.272, p=0.00
2026-09-04 11:28:19,146 - DVPTest - DEBUG - 阶段 DONE，忽略新数据 t=50.27
2026-09-04 11:28:19,147 - DVPTest - INFO - [串口] cuff=0 mmHg
2026-09-04 11:28:19,241 - DVPTest - DEBUG - 发出 sig_data: t=50.368, p=0.00
2026-09-04 11:28:19,242 - DVPTest - DEBUG - 阶段 DONE，忽略新数据 t=50.37
2026-09-04 11:28:19,242 - DVPTest - INFO - [串口] cuff=0 mmHg
2026-09-04 11:28:19,353 - DVPTest - DEBUG - 发出 sig_data: t=50.480, p=0.00
2026-09-04 11:28:19,354 - DVPTest - DEBUG - 阶段 DONE，忽略新数据 t=50.48
2026-09-04 11:28:19,354 - DVPTest - INFO - [串口] cuff=0 mmHg
2026-09-04 11:28:19,449 - DVPTest - DEBUG - 发出 sig_data: t=50.576, p=0.00
2026-09-04 11:28:19,449 - DVPTest - DEBUG - 阶段 DONE，忽略新数据 t=50.58
2026-09-04 11:28:19,449 - DVPTest - INFO - [串口] cuff=0 mmHg
2026-09-04 11:28:19,539 - DVPTest - INFO - 视图已解锁，恢复自动适配
2026-09-04 11:28:19,552 - DVPTest - DEBUG - 发出 sig_data: t=50.679, p=0.00
2026-09-04 11:28:19,558 - DVPTest - DEBUG - 阶段 DONE，忽略新数据 t=50.68
2026-09-04 11:28:19,558 - DVPTest - INFO - [串口] cuff=0 mmHg
2026-09-04 11:28:19,641 - DVPTest - DEBUG - 发出 sig_data: t=50.768, p=0.00
2026-09-04 11:28:19,642 - DVPTest - DEBUG - 阶段 DONE，忽略新数据 t=50.77
2026-09-04 11:28:19,642 - DVPTest - INFO - [串口] cuff=0 mmHg
2026-09-04 11:28:19,753 - DVPTest - DEBUG - 发出 sig_data: t=50.880, p=0.00
2026-09-04 11:28:19,753 - DVPTest - DEBUG - 阶段 DONE，忽略新数据 t=50.88
2026-09-04 11:28:19,753 - DVPTest - INFO - [串口] cuff=0 mmHg
2026-09-04 11:28:19,848 - DVPTest - DEBUG - 发出 sig_data: t=50.975, p=0.00
2026-09-04 11:28:19,849 - DVPTest - DEBUG - 阶段 DONE，忽略新数据 t=50.97
2026-09-04 11:28:19,850 - DVPTest - INFO - [串口] cuff=0 mmHg
2026-09-04 11:28:19,944 - DVPTest - DEBUG - 发出 sig_data: t=51.072, p=0.00
2026-09-04 11:28:19,945 - DVPTest - DEBUG - 阶段 DONE，忽略新数据 t=51.07
2026-09-04 11:28:19,945 - DVPTest - INFO - [串口] cuff=0 mmHg
2026-09-04 11:28:20,055 - DVPTest - DEBUG - 发出 sig_data: t=51.182, p=0.00
2026-09-04 11:28:20,056 - DVPTest - DEBUG - 阶段 DONE，忽略新数据 t=51.18
2026-09-04 11:28:20,056 - DVPTest - INFO - [串口] cuff=0 mmHg
2026-09-04 11:28:20,151 - DVPTest - DEBUG - 发出 sig_data: t=51.279, p=0.00
2026-09-04 11:28:20,153 - DVPTest - DEBUG - 阶段 DONE，忽略新数据 t=51.28
2026-09-04 11:28:20,154 - DVPTest - INFO - [串口] cuff=0 mmHg
2026-09-04 11:28:20,248 - DVPTest - DEBUG - 发出 sig_data: t=51.375, p=0.00
2026-09-04 11:28:20,248 - DVPTest - DEBUG - 阶段 DONE，忽略新数据 t=51.37
2026-09-04 11:28:20,248 - DVPTest - INFO - [串口] cuff=0 mmHg
2026-09-04 11:28:20,347 - DVPTest - DEBUG - 发出 sig_data: t=51.474, p=0.00
2026-09-04 11:28:20,348 - DVPTest - DEBUG - 阶段 DONE，忽略新数据 t=51.47
2026-09-04 11:28:20,348 - DVPTest - INFO - [串口] cuff=0 mmHg
2026-09-04 11:28:20,455 - DVPTest - DEBUG - 发出 sig_data: t=51.582, p=0.00
2026-09-04 11:28:20,456 - DVPTest - DEBUG - 阶段 DONE，忽略新数据 t=51.58
2026-09-04 11:28:20,457 - DVPTest - INFO - [串口] cuff=0 mmHg
2026-09-04 11:28:20,552 - DVPTest - DEBUG - 发出 sig_data: t=51.678, p=0.00
2026-09-04 11:28:20,552 - DVPTest - DEBUG - 阶段 DONE，忽略新数据 t=51.68
2026-09-04 11:28:20,552 - DVPTest - INFO - [串口] cuff=0 mmHg
2026-09-04 11:28:20,648 - DVPTest - DEBUG - 发出 sig_data: t=51.775, p=0.00
2026-09-04 11:28:20,649 - DVPTest - DEBUG - 阶段 DONE，忽略新数据 t=51.78
2026-09-04 11:28:20,649 - DVPTest - INFO - [串口] cuff=0 mmHg
2026-09-04 11:28:20,743 - DVPTest - DEBUG - 发出 sig_data: t=51.870, p=0.00
2026-09-04 11:28:20,743 - DVPTest - DEBUG - 阶段 DONE，忽略新数据 t=51.87
2026-09-04 11:28:20,743 - DVPTest - INFO - [串口] cuff=0 mmHg
2026-09-04 11:28:20,855 - DVPTest - DEBUG - 发出 sig_data: t=51.982, p=0.00
2026-09-04 11:28:20,856 - DVPTest - DEBUG - 阶段 DONE，忽略新数据 t=51.98
2026-09-04 11:28:20,856 - DVPTest - INFO - [串口] cuff=0 mmHg
2026-09-04 11:28:20,950 - DVPTest - DEBUG - 发出 sig_data: t=52.078, p=0.00
2026-09-04 11:28:20,953 - DVPTest - DEBUG - 阶段 DONE，忽略新数据 t=52.08
2026-09-04 11:28:20,953 - DVPTest - INFO - [串口] cuff=0 mmHg
2026-09-04 11:28:21,046 - DVPTest - DEBUG - 发出 sig_data: t=52.173, p=0.00
2026-09-04 11:28:21,046 - DVPTest - DEBUG - 阶段 DONE，忽略新数据 t=52.17
2026-09-04 11:28:21,046 - DVPTest - INFO - [串口] cuff=0 mmHg
2026-09-04 11:28:21,144 - DVPTest - DEBUG - 发出 sig_data: t=52.271, p=0.00
2026-09-04 11:28:21,145 - DVPTest - DEBUG - 阶段 DONE，忽略新数据 t=52.27
2026-09-04 11:28:21,146 - DVPTest - INFO - [串口] cuff=0 mmHg
2026-09-04 11:28:21,254 - DVPTest - DEBUG - 发出 sig_data: t=52.382, p=0.00
2026-09-04 11:28:21,256 - DVPTest - DEBUG - 阶段 DONE，忽略新数据 t=52.38
2026-09-04 11:28:21,257 - DVPTest - INFO - [串口] cuff=0 mmHg
2026-09-04 11:28:21,349 - DVPTest - DEBUG - 发出 sig_data: t=52.476, p=0.00
2026-09-04 11:28:21,350 - DVPTest - DEBUG - 阶段 DONE，忽略新数据 t=52.48
2026-09-04 11:28:21,350 - DVPTest - INFO - [串口] cuff=0 mmHg
2026-09-04 11:28:21,446 - DVPTest - DEBUG - 发出 sig_data: t=52.573, p=0.00
2026-09-04 11:28:21,447 - DVPTest - DEBUG - 阶段 DONE，忽略新数据 t=52.57
2026-09-04 11:28:21,448 - DVPTest - INFO - [串口] cuff=0 mmHg
2026-09-04 11:28:21,557 - DVPTest - DEBUG - 发出 sig_data: t=52.684, p=0.00
2026-09-04 11:28:21,559 - DVPTest - DEBUG - 阶段 DONE，忽略新数据 t=52.68
2026-09-04 11:28:21,560 - DVPTest - INFO - [串口] cuff=0 mmHg
2026-09-04 11:28:21,585 - DVPTest - INFO - 视图已锁定，不再自动适配缩放
2026-09-04 11:28:21,654 - DVPTest - DEBUG - 发出 sig_data: t=52.781, p=0.00
2026-09-04 11:28:21,655 - DVPTest - DEBUG - 阶段 DONE，忽略新数据 t=52.78
2026-09-04 11:28:21,655 - DVPTest - INFO - [串口] cuff=0 mmHg
2026-09-04 11:28:21,750 - DVPTest - DEBUG - 发出 sig_data: t=52.877, p=0.00
2026-09-04 11:28:21,752 - DVPTest - DEBUG - 阶段 DONE，忽略新数据 t=52.88
2026-09-04 11:28:21,752 - DVPTest - INFO - [串口] cuff=0 mmHg
2026-09-04 11:28:21,846 - DVPTest - DEBUG - 发出 sig_data: t=52.973, p=0.00
2026-09-04 11:28:21,846 - DVPTest - DEBUG - 阶段 DONE，忽略新数据 t=52.97
2026-09-04 11:28:21,846 - DVPTest - INFO - [串口] cuff=0 mmHg
2026-09-04 11:28:21,957 - DVPTest - DEBUG - 发出 sig_data: t=53.084, p=0.00
2026-09-04 11:28:21,958 - DVPTest - DEBUG - 阶段 DONE，忽略新数据 t=53.08
2026-09-04 11:28:21,958 - DVPTest - INFO - [串口] cuff=0 mmHg
2026-09-04 11:28:22,053 - DVPTest - DEBUG - 发出 sig_data: t=53.180, p=0.00
2026-09-04 11:28:22,054 - DVPTest - DEBUG - 阶段 DONE，忽略新数据 t=53.18
2026-09-04 11:28:22,054 - DVPTest - INFO - [串口] cuff=0 mmHg
2026-09-04 11:28:22,129 - DVPTest - INFO - 视图已解锁，恢复自动适配
2026-09-04 11:28:22,149 - DVPTest - DEBUG - 发出 sig_data: t=53.276, p=0.00
2026-09-04 11:28:22,149 - DVPTest - DEBUG - 阶段 DONE，忽略新数据 t=53.28
2026-09-04 11:28:22,149 - DVPTest - INFO - [串口] cuff=0 mmHg
2026-09-04 11:28:22,244 - DVPTest - DEBUG - 发出 sig_data: t=53.372, p=0.00
2026-09-04 11:28:22,247 - DVPTest - DEBUG - 阶段 DONE，忽略新数据 t=53.37
2026-09-04 11:28:22,248 - DVPTest - INFO - [串口] cuff=0 mmHg
2026-09-04 11:28:22,356 - DVPTest - DEBUG - 发出 sig_data: t=53.483, p=0.00
2026-09-04 11:28:22,357 - DVPTest - DEBUG - 阶段 DONE，忽略新数据 t=53.48
2026-09-04 11:28:22,357 - DVPTest - INFO - [串口] cuff=0 mmHg
2026-09-04 11:28:22,452 - DVPTest - DEBUG - 发出 sig_data: t=53.579, p=0.00
2026-09-04 11:28:22,452 - DVPTest - DEBUG - 阶段 DONE，忽略新数据 t=53.58
2026-09-04 11:28:22,452 - DVPTest - INFO - [串口] cuff=0 mmHg
2026-09-04 11:28:22,548 - DVPTest - DEBUG - 发出 sig_data: t=53.675, p=0.00
2026-09-04 11:28:22,549 - DVPTest - DEBUG - 阶段 DONE，忽略新数据 t=53.68
2026-09-04 11:28:22,549 - DVPTest - INFO - [串口] cuff=0 mmHg
2026-09-04 11:28:22,644 - DVPTest - DEBUG - 发出 sig_data: t=53.771, p=0.00
2026-09-04 11:28:22,645 - DVPTest - DEBUG - 阶段 DONE，忽略新数据 t=53.77
2026-09-04 11:28:22,645 - DVPTest - INFO - [串口] cuff=0 mmHg
2026-09-04 11:28:22,756 - DVPTest - DEBUG - 发出 sig_data: t=53.883, p=0.00
2026-09-04 11:28:22,758 - DVPTest - DEBUG - 阶段 DONE，忽略新数据 t=53.88
2026-09-04 11:28:22,759 - DVPTest - INFO - [串口] cuff=0 mmHg
2026-09-04 11:28:22,852 - DVPTest - DEBUG - 发出 sig_data: t=53.980, p=0.00
2026-09-04 11:28:22,854 - DVPTest - DEBUG - 阶段 DONE，忽略新数据 t=53.98
2026-09-04 11:28:22,854 - DVPTest - INFO - [串口] cuff=0 mmHg
2026-09-04 11:28:22,948 - DVPTest - DEBUG - 发出 sig_data: t=54.075, p=0.00
2026-09-04 11:28:22,948 - DVPTest - DEBUG - 阶段 DONE，忽略新数据 t=54.07
2026-09-04 11:28:22,948 - DVPTest - INFO - [串口] cuff=0 mmHg
2026-09-04 11:28:23,059 - DVPTest - DEBUG - 发出 sig_data: t=54.186, p=0.00
2026-09-04 11:28:23,060 - DVPTest - DEBUG - 阶段 DONE，忽略新数据 t=54.19
2026-09-04 11:28:23,060 - DVPTest - INFO - [串口] cuff=0 mmHg
2026-09-04 11:28:23,155 - DVPTest - DEBUG - 发出 sig_data: t=54.282, p=0.00
2026-09-04 11:28:23,156 - DVPTest - DEBUG - 阶段 DONE，忽略新数据 t=54.28
2026-09-04 11:28:23,156 - DVPTest - INFO - [串口] cuff=0 mmHg
2026-09-04 11:28:23,252 - DVPTest - DEBUG - 发出 sig_data: t=54.379, p=0.00
2026-09-04 11:28:23,252 - DVPTest - DEBUG - 阶段 DONE，忽略新数据 t=54.38
2026-09-04 11:28:23,252 - DVPTest - INFO - [串口] cuff=0 mmHg
2026-09-04 11:28:23,347 - DVPTest - DEBUG - 发出 sig_data: t=54.474, p=0.00
2026-09-04 11:28:23,349 - DVPTest - DEBUG - 阶段 DONE，忽略新数据 t=54.47
2026-09-04 11:28:23,350 - DVPTest - INFO - [串口] cuff=0 mmHg
2026-09-04 11:28:23,458 - DVPTest - DEBUG - 发出 sig_data: t=54.585, p=0.00
2026-09-04 11:28:23,459 - DVPTest - DEBUG - 阶段 DONE，忽略新数据 t=54.59
2026-09-04 11:28:23,459 - DVPTest - INFO - [串口] cuff=0 mmHg
2026-09-04 11:28:23,555 - DVPTest - DEBUG - 发出 sig_data: t=54.682, p=0.00
2026-09-04 11:28:23,557 - DVPTest - DEBUG - 阶段 DONE，忽略新数据 t=54.68
2026-09-04 11:28:23,558 - DVPTest - INFO - [串口] cuff=0 mmHg
2026-09-04 11:28:23,651 - DVPTest - DEBUG - 发出 sig_data: t=54.778, p=0.00
2026-09-04 11:28:23,652 - DVPTest - DEBUG - 阶段 DONE，忽略新数据 t=54.78
2026-09-04 11:28:23,652 - DVPTest - INFO - [串口] cuff=0 mmHg
2026-09-04 11:28:23,746 - DVPTest - DEBUG - 发出 sig_data: t=54.873, p=0.00
2026-09-04 11:28:23,747 - DVPTest - DEBUG - 阶段 DONE，忽略新数据 t=54.87
2026-09-04 11:28:23,747 - DVPTest - INFO - [串口] cuff=0 mmHg
2026-09-04 11:28:23,858 - DVPTest - DEBUG - 发出 sig_data: t=54.985, p=0.00
2026-09-04 11:28:23,858 - DVPTest - DEBUG - 阶段 DONE，忽略新数据 t=54.98
2026-09-04 11:28:23,858 - DVPTest - INFO - [串口] cuff=0 mmHg
2026-09-04 11:28:23,954 - DVPTest - DEBUG - 发出 sig_data: t=55.081, p=0.00
2026-09-04 11:28:23,955 - DVPTest - DEBUG - 阶段 DONE，忽略新数据 t=55.08
2026-09-04 11:28:23,955 - DVPTest - INFO - [串口] cuff=0 mmHg
2026-09-04 11:28:24,050 - DVPTest - DEBUG - 发出 sig_data: t=55.177, p=0.00
2026-09-04 11:28:24,051 - DVPTest - DEBUG - 阶段 DONE，忽略新数据 t=55.18
2026-09-04 11:28:24,052 - DVPTest - INFO - [串口] cuff=0 mmHg
2026-09-04 11:28:24,146 - DVPTest - DEBUG - 发出 sig_data: t=55.273, p=0.00
2026-09-04 11:28:24,148 - DVPTest - DEBUG - 阶段 DONE，忽略新数据 t=55.27
2026-09-04 11:28:24,149 - DVPTest - INFO - [串口] cuff=0 mmHg
2026-09-04 11:28:24,258 - DVPTest - DEBUG - 发出 sig_data: t=55.385, p=0.00
2026-09-04 11:28:24,258 - DVPTest - DEBUG - 阶段 DONE，忽略新数据 t=55.38
2026-09-04 11:28:24,258 - DVPTest - INFO - [串口] cuff=0 mmHg
2026-09-04 11:28:24,353 - DVPTest - DEBUG - 发出 sig_data: t=55.481, p=0.00
2026-09-04 11:28:24,355 - DVPTest - DEBUG - 阶段 DONE，忽略新数据 t=55.48
2026-09-04 11:28:24,356 - DVPTest - INFO - [串口] cuff=0 mmHg
2026-09-04 11:28:24,450 - DVPTest - DEBUG - 发出 sig_data: t=55.577, p=0.00
2026-09-04 11:28:24,451 - DVPTest - DEBUG - 阶段 DONE，忽略新数据 t=55.58
2026-09-04 11:28:24,452 - DVPTest - INFO - [串口] cuff=0 mmHg
2026-09-04 11:28:24,545 - DVPTest - DEBUG - 发出 sig_data: t=55.672, p=0.00
2026-09-04 11:28:24,546 - DVPTest - DEBUG - 阶段 DONE，忽略新数据 t=55.67
2026-09-04 11:28:24,546 - DVPTest - INFO - [串口] cuff=0 mmHg
2026-09-04 11:28:24,657 - DVPTest - DEBUG - 发出 sig_data: t=55.784, p=0.00
2026-09-04 11:28:24,658 - DVPTest - DEBUG - 阶段 DONE，忽略新数据 t=55.78
2026-09-04 11:28:24,658 - DVPTest - INFO - [串口] cuff=0 mmHg
2026-09-04 11:28:24,753 - DVPTest - DEBUG - 发出 sig_data: t=55.880, p=0.00
2026-09-04 11:28:24,753 - DVPTest - DEBUG - 阶段 DONE，忽略新数据 t=55.88
2026-09-04 11:28:24,753 - DVPTest - INFO - [串口] cuff=0 mmHg
2026-09-04 11:28:24,849 - DVPTest - DEBUG - 发出 sig_data: t=55.976, p=0.00
2026-09-04 11:28:24,849 - DVPTest - DEBUG - 阶段 DONE，忽略新数据 t=55.98
2026-09-04 11:28:24,850 - DVPTest - INFO - [串口] cuff=0 mmHg
2026-09-04 11:28:24,944 - DVPTest - DEBUG - 发出 sig_data: t=56.071, p=0.00
2026-09-04 11:28:24,945 - DVPTest - DEBUG - 阶段 DONE，忽略新数据 t=56.07
2026-09-04 11:28:24,946 - DVPTest - INFO - [串口] cuff=0 mmHg
2026-09-04 11:28:25,057 - DVPTest - DEBUG - 发出 sig_data: t=56.184, p=0.00
2026-09-04 11:28:25,058 - DVPTest - DEBUG - 阶段 DONE，忽略新数据 t=56.18
2026-09-04 11:28:25,058 - DVPTest - INFO - [串口] cuff=0 mmHg
2026-09-04 11:28:25,153 - DVPTest - DEBUG - 发出 sig_data: t=56.281, p=0.00
2026-09-04 11:28:25,155 - DVPTest - DEBUG - 阶段 DONE，忽略新数据 t=56.28
2026-09-04 11:28:25,155 - DVPTest - INFO - [串口] cuff=0 mmHg
2026-09-04 11:28:25,248 - DVPTest - DEBUG - 发出 sig_data: t=56.375, p=0.00
2026-09-04 11:28:25,249 - DVPTest - DEBUG - 阶段 DONE，忽略新数据 t=56.37
2026-09-04 11:28:25,249 - DVPTest - INFO - [串口] cuff=0 mmHg
2026-09-04 11:28:25,344 - DVPTest - DEBUG - 发出 sig_data: t=56.471, p=0.00
2026-09-04 11:28:25,345 - DVPTest - DEBUG - 阶段 DONE，忽略新数据 t=56.47
2026-09-04 11:28:25,345 - DVPTest - INFO - [串口] cuff=0 mmHg
2026-09-04 11:28:25,456 - DVPTest - DEBUG - 发出 sig_data: t=56.583, p=0.00
2026-09-04 11:28:25,457 - DVPTest - DEBUG - 阶段 DONE，忽略新数据 t=56.58
2026-09-04 11:28:25,457 - DVPTest - INFO - [串口] cuff=0 mmHg
2026-09-04 11:28:25,551 - DVPTest - DEBUG - 发出 sig_data: t=56.678, p=0.00
2026-09-04 11:28:25,552 - DVPTest - DEBUG - 阶段 DONE，忽略新数据 t=56.68
2026-09-04 11:28:25,552 - DVPTest - INFO - [串口] cuff=0 mmHg
2026-09-04 11:28:25,647 - DVPTest - DEBUG - 发出 sig_data: t=56.774, p=0.00
2026-09-04 11:28:25,649 - DVPTest - DEBUG - 阶段 DONE，忽略新数据 t=56.77
2026-09-04 11:28:25,651 - DVPTest - INFO - [串口] cuff=0 mmHg
2026-09-04 11:28:25,759 - DVPTest - DEBUG - 发出 sig_data: t=56.886, p=0.00
2026-09-04 11:28:25,760 - DVPTest - DEBUG - 阶段 DONE，忽略新数据 t=56.89
2026-09-04 11:28:25,761 - DVPTest - INFO - [串口] cuff=0 mmHg
2026-09-04 11:28:25,856 - DVPTest - DEBUG - 发出 sig_data: t=56.983, p=0.00
2026-09-04 11:28:25,856 - DVPTest - DEBUG - 阶段 DONE，忽略新数据 t=56.98
2026-09-04 11:28:25,856 - DVPTest - INFO - [串口] cuff=0 mmHg
2026-09-04 11:28:25,951 - DVPTest - DEBUG - 发出 sig_data: t=57.079, p=0.00
2026-09-04 11:28:25,953 - DVPTest - DEBUG - 阶段 DONE，忽略新数据 t=57.08
2026-09-04 11:28:25,954 - DVPTest - INFO - [串口] cuff=0 mmHg
2026-09-04 11:28:26,047 - DVPTest - DEBUG - 发出 sig_data: t=57.174, p=0.00
2026-09-04 11:28:26,048 - DVPTest - DEBUG - 阶段 DONE，忽略新数据 t=57.17
2026-09-04 11:28:26,048 - DVPTest - INFO - [串口] cuff=0 mmHg
2026-09-04 11:28:26,117 - DVPTest - INFO - 切换主题为: dark
2026-09-04 11:28:26,164 - DVPTest - DEBUG - 发出 sig_data: t=57.291, p=0.00
2026-09-04 11:28:26,167 - DVPTest - DEBUG - 阶段 DONE，忽略新数据 t=57.29
2026-09-04 11:28:26,167 - DVPTest - INFO - [串口] cuff=0 mmHg
2026-09-04 11:28:26,255 - DVPTest - DEBUG - 发出 sig_data: t=57.382, p=0.00
2026-09-04 11:28:26,258 - DVPTest - DEBUG - 阶段 DONE，忽略新数据 t=57.38
2026-09-04 11:28:26,258 - DVPTest - INFO - [串口] cuff=0 mmHg
2026-09-04 11:28:26,350 - DVPTest - DEBUG - 发出 sig_data: t=57.477, p=0.00
2026-09-04 11:28:26,351 - DVPTest - DEBUG - 阶段 DONE，忽略新数据 t=57.48
2026-09-04 11:28:26,351 - DVPTest - INFO - [串口] cuff=0 mmHg
2026-09-04 11:28:26,446 - DVPTest - DEBUG - 发出 sig_data: t=57.573, p=0.00
2026-09-04 11:28:26,447 - DVPTest - DEBUG - 阶段 DONE，忽略新数据 t=57.57
2026-09-04 11:28:26,447 - DVPTest - INFO - [串口] cuff=0 mmHg
2026-09-04 11:28:26,558 - DVPTest - DEBUG - 发出 sig_data: t=57.686, p=0.00
2026-09-04 11:28:26,559 - DVPTest - DEBUG - 阶段 DONE，忽略新数据 t=57.69
2026-09-04 11:28:26,559 - DVPTest - INFO - [串口] cuff=0 mmHg
2026-09-04 11:28:26,654 - DVPTest - DEBUG - 发出 sig_data: t=57.781, p=0.00
2026-09-04 11:28:26,655 - DVPTest - DEBUG - 阶段 DONE，忽略新数据 t=57.78
2026-09-04 11:28:26,655 - DVPTest - INFO - [串口] cuff=0 mmHg
2026-09-04 11:28:26,750 - DVPTest - DEBUG - 发出 sig_data: t=57.877, p=0.00
2026-09-04 11:28:26,751 - DVPTest - DEBUG - 阶段 DONE，忽略新数据 t=57.88
2026-09-04 11:28:26,752 - DVPTest - INFO - [串口] cuff=0 mmHg
2026-09-04 11:28:26,846 - DVPTest - DEBUG - 发出 sig_data: t=57.973, p=0.00
2026-09-04 11:28:26,847 - DVPTest - DEBUG - 阶段 DONE，忽略新数据 t=57.97
2026-09-04 11:28:26,848 - DVPTest - INFO - [串口] cuff=0 mmHg
2026-09-04 11:28:26,958 - DVPTest - DEBUG - 发出 sig_data: t=58.084, p=0.00
2026-09-04 11:28:26,958 - DVPTest - DEBUG - 阶段 DONE，忽略新数据 t=58.08
2026-09-04 11:28:26,958 - DVPTest - INFO - [串口] cuff=0 mmHg
2026-09-04 11:28:27,054 - DVPTest - DEBUG - 发出 sig_data: t=58.180, p=0.00
2026-09-04 11:28:27,056 - DVPTest - DEBUG - 阶段 DONE，忽略新数据 t=58.18
2026-09-04 11:28:27,057 - DVPTest - INFO - [串口] cuff=0 mmHg
2026-09-04 11:28:27,149 - DVPTest - DEBUG - 发出 sig_data: t=58.276, p=0.00
2026-09-04 11:28:27,150 - DVPTest - DEBUG - 阶段 DONE，忽略新数据 t=58.28
2026-09-04 11:28:27,150 - DVPTest - INFO - [串口] cuff=0 mmHg
2026-09-04 11:28:27,245 - DVPTest - DEBUG - 发出 sig_data: t=58.372, p=0.00
2026-09-04 11:28:27,246 - DVPTest - DEBUG - 阶段 DONE，忽略新数据 t=58.37
2026-09-04 11:28:27,246 - DVPTest - INFO - [串口] cuff=0 mmHg
2026-09-04 11:28:27,357 - DVPTest - DEBUG - 发出 sig_data: t=58.484, p=0.00
2026-09-04 11:28:27,359 - DVPTest - DEBUG - 阶段 DONE，忽略新数据 t=58.48
2026-09-04 11:28:27,360 - DVPTest - INFO - [串口] cuff=0 mmHg
2026-09-04 11:28:27,453 - DVPTest - DEBUG - 发出 sig_data: t=58.579, p=0.00
2026-09-04 11:28:27,453 - DVPTest - DEBUG - 阶段 DONE，忽略新数据 t=58.58
2026-09-04 11:28:27,453 - DVPTest - INFO - [串口] cuff=0 mmHg
2026-09-04 11:28:27,549 - DVPTest - DEBUG - 发出 sig_data: t=58.676, p=0.00
2026-09-04 11:28:27,550 - DVPTest - DEBUG - 阶段 DONE，忽略新数据 t=58.68
2026-09-04 11:28:27,550 - DVPTest - INFO - [串口] cuff=0 mmHg
2026-09-04 11:28:27,661 - DVPTest - DEBUG - 发出 sig_data: t=58.788, p=0.00
2026-09-04 11:28:27,666 - DVPTest - DEBUG - 阶段 DONE，忽略新数据 t=58.79
2026-09-04 11:28:27,666 - DVPTest - INFO - [串口] cuff=0 mmHg
2026-09-04 11:28:27,756 - DVPTest - DEBUG - 发出 sig_data: t=58.883, p=0.00
2026-09-04 11:28:27,757 - DVPTest - DEBUG - 阶段 DONE，忽略新数据 t=58.88
2026-09-04 11:28:27,757 - DVPTest - INFO - [串口] cuff=0 mmHg
2026-09-04 11:28:27,853 - DVPTest - DEBUG - 发出 sig_data: t=58.980, p=0.00
2026-09-04 11:28:27,854 - DVPTest - DEBUG - 阶段 DONE，忽略新数据 t=58.98
2026-09-04 11:28:27,855 - DVPTest - INFO - [串口] cuff=0 mmHg
2026-09-04 11:28:27,949 - DVPTest - DEBUG - 发出 sig_data: t=59.076, p=0.00
2026-09-04 11:28:27,949 - DVPTest - DEBUG - 阶段 DONE，忽略新数据 t=59.08
2026-09-04 11:28:27,951 - DVPTest - INFO - [串口] cuff=0 mmHg
2026-09-04 11:28:28,060 - DVPTest - DEBUG - 发出 sig_data: t=59.187, p=0.00
2026-09-04 11:28:28,061 - DVPTest - DEBUG - 阶段 DONE，忽略新数据 t=59.19
2026-09-04 11:28:28,062 - DVPTest - INFO - [串口] cuff=0 mmHg
2026-09-04 11:28:28,156 - DVPTest - DEBUG - 发出 sig_data: t=59.283, p=0.00
2026-09-04 11:28:28,158 - DVPTest - DEBUG - 阶段 DONE，忽略新数据 t=59.28
2026-09-04 11:28:28,159 - DVPTest - INFO - [串口] cuff=0 mmHg
2026-09-04 11:28:28,252 - DVPTest - DEBUG - 发出 sig_data: t=59.379, p=0.00
2026-09-04 11:28:28,253 - DVPTest - DEBUG - 阶段 DONE，忽略新数据 t=59.38
2026-09-04 11:28:28,253 - DVPTest - INFO - [串口] cuff=0 mmHg
2026-09-04 11:28:28,363 - DVPTest - DEBUG - 发出 sig_data: t=59.490, p=0.00
2026-09-04 11:28:28,365 - DVPTest - DEBUG - 阶段 DONE，忽略新数据 t=59.49
2026-09-04 11:28:28,365 - DVPTest - INFO - [串口] cuff=0 mmHg
2026-09-04 11:28:28,459 - DVPTest - DEBUG - 发出 sig_data: t=59.586, p=0.00
2026-09-04 11:28:28,461 - DVPTest - DEBUG - 阶段 DONE，忽略新数据 t=59.59
2026-09-04 11:28:28,462 - DVPTest - INFO - [串口] cuff=0 mmHg
2026-09-04 11:28:28,555 - DVPTest - DEBUG - 发出 sig_data: t=59.682, p=0.00
2026-09-04 11:28:28,556 - DVPTest - DEBUG - 阶段 DONE，忽略新数据 t=59.68
2026-09-04 11:28:28,556 - DVPTest - INFO - [串口] cuff=0 mmHg
2026-09-04 11:28:28,651 - DVPTest - DEBUG - 发出 sig_data: t=59.778, p=0.00
2026-09-04 11:28:28,652 - DVPTest - DEBUG - 阶段 DONE，忽略新数据 t=59.78
2026-09-04 11:28:28,652 - DVPTest - INFO - [串口] cuff=0 mmHg
2026-09-04 11:28:28,763 - DVPTest - DEBUG - 发出 sig_data: t=59.890, p=0.00
2026-09-04 11:28:28,763 - DVPTest - DEBUG - 阶段 DONE，忽略新数据 t=59.89
2026-09-04 11:28:28,764 - DVPTest - INFO - [串口] cuff=0 mmHg
2026-09-04 11:28:28,859 - DVPTest - DEBUG - 发出 sig_data: t=59.986, p=0.00
2026-09-04 11:28:28,860 - DVPTest - DEBUG - 阶段 DONE，忽略新数据 t=59.99
2026-09-04 11:28:28,860 - DVPTest - INFO - [串口] cuff=0 mmHg
2026-09-04 11:28:28,955 - DVPTest - DEBUG - 发出 sig_data: t=60.082, p=0.00
2026-09-04 11:28:28,956 - DVPTest - DEBUG - 阶段 DONE，忽略新数据 t=60.08
2026-09-04 11:28:28,958 - DVPTest - INFO - [串口] cuff=0 mmHg
2026-09-04 11:28:29,051 - DVPTest - DEBUG - 发出 sig_data: t=60.177, p=0.00
2026-09-04 11:28:29,051 - DVPTest - DEBUG - 阶段 DONE，忽略新数据 t=60.18
2026-09-04 11:28:29,051 - DVPTest - INFO - [串口] cuff=0 mmHg
2026-09-04 11:28:29,162 - DVPTest - DEBUG - 发出 sig_data: t=60.289, p=0.00
2026-09-04 11:28:29,163 - DVPTest - DEBUG - 阶段 DONE，忽略新数据 t=60.29
2026-09-04 11:28:29,163 - DVPTest - INFO - [串口] cuff=0 mmHg
2026-09-04 11:28:29,258 - DVPTest - DEBUG - 发出 sig_data: t=60.386, p=0.00
2026-09-04 11:28:29,260 - DVPTest - DEBUG - 阶段 DONE，忽略新数据 t=60.39
2026-09-04 11:28:29,260 - DVPTest - INFO - [串口] cuff=0 mmHg
2026-09-04 11:28:29,354 - DVPTest - DEBUG - 发出 sig_data: t=60.481, p=0.00
2026-09-04 11:28:29,355 - DVPTest - DEBUG - 阶段 DONE，忽略新数据 t=60.48
2026-09-04 11:28:29,355 - DVPTest - INFO - [串口] cuff=0 mmHg
2026-09-04 11:28:29,450 - DVPTest - DEBUG - 发出 sig_data: t=60.577, p=0.00
2026-09-04 11:28:29,451 - DVPTest - DEBUG - 阶段 DONE，忽略新数据 t=60.58
2026-09-04 11:28:29,451 - DVPTest - INFO - [串口] cuff=0 mmHg
2026-09-04 11:28:29,561 - DVPTest - DEBUG - 发出 sig_data: t=60.688, p=0.00
2026-09-04 11:28:29,562 - DVPTest - DEBUG - 阶段 DONE，忽略新数据 t=60.69
2026-09-04 11:28:29,562 - DVPTest - INFO - [串口] cuff=0 mmHg
2026-09-04 11:28:29,657 - DVPTest - DEBUG - 发出 sig_data: t=60.785, p=0.00
2026-09-04 11:28:29,659 - DVPTest - DEBUG - 阶段 DONE，忽略新数据 t=60.78
2026-09-04 11:28:29,659 - DVPTest - INFO - [串口] cuff=0 mmHg
2026-09-04 11:28:29,753 - DVPTest - DEBUG - 发出 sig_data: t=60.880, p=0.00
2026-09-04 11:28:29,755 - DVPTest - DEBUG - 阶段 DONE，忽略新数据 t=60.88
2026-09-04 11:28:29,756 - DVPTest - INFO - [串口] cuff=0 mmHg
2026-09-04 11:28:29,850 - DVPTest - DEBUG - 发出 sig_data: t=60.976, p=0.00
2026-09-04 11:28:29,850 - DVPTest - DEBUG - 阶段 DONE，忽略新数据 t=60.98
2026-09-04 11:28:29,850 - DVPTest - INFO - [串口] cuff=0 mmHg
2026-09-04 11:28:29,962 - DVPTest - DEBUG - 发出 sig_data: t=61.089, p=0.00
2026-09-04 11:28:29,966 - DVPTest - DEBUG - 阶段 DONE，忽略新数据 t=61.09
2026-09-04 11:28:29,966 - DVPTest - INFO - [串口] cuff=0 mmHg
2026-09-04 11:28:30,058 - DVPTest - DEBUG - 发出 sig_data: t=61.185, p=0.00
2026-09-04 11:28:30,058 - DVPTest - DEBUG - 阶段 DONE，忽略新数据 t=61.18
2026-09-04 11:28:30,058 - DVPTest - INFO - [串口] cuff=0 mmHg
2026-09-04 11:28:30,153 - DVPTest - DEBUG - 发出 sig_data: t=61.280, p=0.00
2026-09-04 11:28:30,154 - DVPTest - DEBUG - 阶段 DONE，忽略新数据 t=61.28
2026-09-04 11:28:30,154 - DVPTest - INFO - [串口] cuff=0 mmHg
2026-09-04 11:28:30,249 - DVPTest - DEBUG - 发出 sig_data: t=61.376, p=0.00
2026-09-04 11:28:30,250 - DVPTest - DEBUG - 阶段 DONE，忽略新数据 t=61.38
2026-09-04 11:28:30,250 - DVPTest - INFO - [串口] cuff=0 mmHg
2026-09-04 11:28:30,360 - DVPTest - DEBUG - 发出 sig_data: t=61.487, p=0.00
2026-09-04 11:28:30,361 - DVPTest - DEBUG - 阶段 DONE，忽略新数据 t=61.49
2026-09-04 11:28:30,361 - DVPTest - INFO - [串口] cuff=0 mmHg
2026-09-04 11:28:30,456 - DVPTest - DEBUG - 发出 sig_data: t=61.583, p=0.00
2026-09-04 11:28:30,457 - DVPTest - DEBUG - 阶段 DONE，忽略新数据 t=61.58
2026-09-04 11:28:30,457 - DVPTest - INFO - [串口] cuff=0 mmHg
2026-09-04 11:28:30,552 - DVPTest - DEBUG - 发出 sig_data: t=61.679, p=0.00
2026-09-04 11:28:30,553 - DVPTest - DEBUG - 阶段 DONE，忽略新数据 t=61.68
2026-09-04 11:28:30,553 - DVPTest - INFO - [串口] cuff=0 mmHg
2026-09-04 11:28:30,663 - DVPTest - DEBUG - 发出 sig_data: t=61.791, p=0.00
2026-09-04 11:28:30,666 - DVPTest - DEBUG - 阶段 DONE，忽略新数据 t=61.79
2026-09-04 11:28:30,666 - DVPTest - INFO - [串口] cuff=0 mmHg
2026-09-04 11:28:30,760 - DVPTest - DEBUG - 发出 sig_data: t=61.886, p=0.00
2026-09-04 11:28:30,760 - DVPTest - DEBUG - 阶段 DONE，忽略新数据 t=61.89
2026-09-04 11:28:30,760 - DVPTest - INFO - [串口] cuff=0 mmHg
2026-09-04 11:28:30,856 - DVPTest - DEBUG - 发出 sig_data: t=61.983, p=0.00
2026-09-04 11:28:30,856 - DVPTest - DEBUG - 阶段 DONE，忽略新数据 t=61.98
2026-09-04 11:28:30,856 - DVPTest - INFO - [串口] cuff=0 mmHg
2026-09-04 11:28:30,952 - DVPTest - DEBUG - 发出 sig_data: t=62.079, p=0.00
2026-09-04 11:28:30,953 - DVPTest - DEBUG - 阶段 DONE，忽略新数据 t=62.08
2026-09-04 11:28:30,953 - DVPTest - INFO - [串口] cuff=0 mmHg
2026-09-04 11:28:31,064 - DVPTest - DEBUG - 发出 sig_data: t=62.191, p=0.00
2026-09-04 11:28:31,065 - DVPTest - DEBUG - 阶段 DONE，忽略新数据 t=62.19
2026-09-04 11:28:31,065 - DVPTest - INFO - [串口] cuff=0 mmHg
2026-09-04 11:28:31,159 - DVPTest - DEBUG - 发出 sig_data: t=62.286, p=0.00
2026-09-04 11:28:31,161 - DVPTest - DEBUG - 阶段 DONE，忽略新数据 t=62.29
2026-09-04 11:28:31,161 - DVPTest - INFO - [串口] cuff=0 mmHg
2026-09-04 11:28:31,255 - DVPTest - DEBUG - 发出 sig_data: t=62.382, p=0.00
2026-09-04 11:28:31,256 - DVPTest - DEBUG - 阶段 DONE，忽略新数据 t=62.38
2026-09-04 11:28:31,256 - DVPTest - INFO - [串口] cuff=0 mmHg
2026-09-04 11:28:31,351 - DVPTest - DEBUG - 发出 sig_data: t=62.478, p=0.00
2026-09-04 11:28:31,353 - DVPTest - DEBUG - 阶段 DONE，忽略新数据 t=62.48
2026-09-04 11:28:31,353 - DVPTest - INFO - [串口] cuff=0 mmHg
2026-09-04 11:28:31,463 - DVPTest - DEBUG - 发出 sig_data: t=62.590, p=0.00
2026-09-04 11:28:31,464 - DVPTest - DEBUG - 阶段 DONE，忽略新数据 t=62.59
2026-09-04 11:28:31,464 - DVPTest - INFO - [串口] cuff=0 mmHg
2026-09-04 11:28:31,559 - DVPTest - DEBUG - 发出 sig_data: t=62.686, p=0.00
2026-09-04 11:28:31,560 - DVPTest - DEBUG - 阶段 DONE，忽略新数据 t=62.69
2026-09-04 11:28:31,560 - DVPTest - INFO - [串口] cuff=0 mmHg
2026-09-04 11:28:31,655 - DVPTest - DEBUG - 发出 sig_data: t=62.782, p=0.00
2026-09-04 11:28:31,655 - DVPTest - DEBUG - 阶段 DONE，忽略新数据 t=62.78
2026-09-04 11:28:31,655 - DVPTest - INFO - [串口] cuff=0 mmHg
2026-09-04 11:28:31,751 - DVPTest - DEBUG - 发出 sig_data: t=62.878, p=0.00
2026-09-04 11:28:31,752 - DVPTest - DEBUG - 阶段 DONE，忽略新数据 t=62.88
2026-09-04 11:28:31,752 - DVPTest - INFO - [串口] cuff=0 mmHg
2026-09-04 11:28:31,862 - DVPTest - DEBUG - 发出 sig_data: t=62.989, p=0.00
2026-09-04 11:28:31,863 - DVPTest - DEBUG - 阶段 DONE，忽略新数据 t=62.99
2026-09-04 11:28:31,863 - DVPTest - INFO - [串口] cuff=0 mmHg
2026-09-04 11:28:31,958 - DVPTest - DEBUG - 发出 sig_data: t=63.085, p=0.00
2026-09-04 11:28:31,959 - DVPTest - DEBUG - 阶段 DONE，忽略新数据 t=63.08
2026-09-04 11:28:31,959 - DVPTest - INFO - [串口] cuff=0 mmHg
2026-09-04 11:28:32,054 - DVPTest - DEBUG - 发出 sig_data: t=63.180, p=0.00
2026-09-04 11:28:32,054 - DVPTest - DEBUG - 阶段 DONE，忽略新数据 t=63.18
2026-09-04 11:28:32,054 - DVPTest - INFO - [串口] cuff=0 mmHg
2026-09-04 11:28:32,150 - DVPTest - DEBUG - 发出 sig_data: t=63.277, p=0.00
2026-09-04 11:28:32,153 - DVPTest - DEBUG - 阶段 DONE，忽略新数据 t=63.28
2026-09-04 11:28:32,153 - DVPTest - INFO - [串口] cuff=0 mmHg
2026-09-04 11:28:32,262 - DVPTest - DEBUG - 发出 sig_data: t=63.388, p=0.00
2026-09-04 11:28:32,262 - DVPTest - DEBUG - 阶段 DONE，忽略新数据 t=63.39
2026-09-04 11:28:32,262 - DVPTest - INFO - [串口] cuff=0 mmHg
2026-09-04 11:28:32,357 - DVPTest - DEBUG - 发出 sig_data: t=63.484, p=0.00
2026-09-04 11:28:32,359 - DVPTest - DEBUG - 阶段 DONE，忽略新数据 t=63.48
2026-09-04 11:28:32,360 - DVPTest - INFO - [串口] cuff=0 mmHg
2026-09-04 11:28:32,454 - DVPTest - DEBUG - 发出 sig_data: t=63.581, p=0.00
2026-09-04 11:28:32,455 - DVPTest - DEBUG - 阶段 DONE，忽略新数据 t=63.58
2026-09-04 11:28:32,455 - DVPTest - INFO - [串口] cuff=0 mmHg
2026-09-04 11:28:32,549 - DVPTest - DEBUG - 发出 sig_data: t=63.676, p=0.00
2026-09-04 11:28:32,549 - DVPTest - DEBUG - 阶段 DONE，忽略新数据 t=63.68
2026-09-04 11:28:32,549 - DVPTest - INFO - [串口] cuff=0 mmHg
2026-09-04 11:28:32,661 - DVPTest - DEBUG - 发出 sig_data: t=63.788, p=0.00
2026-09-04 11:28:32,663 - DVPTest - DEBUG - 阶段 DONE，忽略新数据 t=63.79
2026-09-04 11:28:32,663 - DVPTest - INFO - [串口] cuff=0 mmHg
2026-09-04 11:28:32,757 - DVPTest - DEBUG - 发出 sig_data: t=63.883, p=0.00
2026-09-04 11:28:32,757 - DVPTest - DEBUG - 阶段 DONE，忽略新数据 t=63.88
2026-09-04 11:28:32,757 - DVPTest - INFO - [串口] cuff=0 mmHg
2026-09-04 11:28:32,852 - DVPTest - DEBUG - 发出 sig_data: t=63.979, p=0.00
2026-09-04 11:28:32,944 - DVPTest - DEBUG - 阶段 DONE，忽略新数据 t=63.98
2026-09-04 11:28:32,946 - DVPTest - INFO - [串口] cuff=0 mmHg
2026-09-04 11:28:32,946 - DVPTest - INFO - 退出程序：测试未运行，直接断开
2026-09-04 11:28:33,060 - DVPTest - INFO - run() 结束
2026-09-04 11:28:33,061 - DVPTest - DEBUG - [TestManager] reset 完成
2026-09-04 11:28:33,061 - DVPTest - INFO - 数据已重置，绘图恢复
2026-09-04 11:28:33,062 - DVPTest - SUCCESS - 已断开串口
