2026-09-02 13:58:15,087 - DVPTest - INFO - === test_managers.py 已加载（新版本）===
2026-09-02 13:58:15,087 - DVPTest - INFO - [TestManager] 初始化完成（完全解耦 + InflectionDetector 版）
2026-09-02 13:58:16,010 - DVPTest - DEBUG - [UI] MainWindow 初始化完成
2026-09-02 13:58:35,296 - DVPTest - DEBUG - [TestManager] reset 完成
2026-09-02 13:58:35,297 - DVPTest - DEBUG - [UI] _on_plot_update 收到 699 个数据点
2026-09-02 13:58:35,299 - DVPTest - SUCCESS - 已加载波形: 1.csv
2026-09-02 13:58:35,300 - DVPTest - DEBUG - [TestManager] reset 完成
2026-09-02 13:58:35,300 - DVPTest - DEBUG - process_data: t=0.03, p=0.0, v=0.000, a=0.0, phase=IDLE
2026-09-02 13:58:35,301 - DVPTest - DEBUG - 充气峰值更新: 0.0 @ 0.03s
2026-09-02 13:58:35,303 - DVPTest - DEBUG - 物理分类结果: STABLE
2026-09-02 13:58:35,304 - DVPTest - DEBUG - process_data: t=0.12, p=0.0, v=0.000, a=0.0, phase=IDLE
2026-09-02 13:58:35,305 - DVPTest - DEBUG - 物理分类结果: STABLE
2026-09-02 13:58:35,307 - DVPTest - DEBUG - process_data: t=0.22, p=0.0, v=0.000, a=0.0, phase=IDLE
2026-09-02 13:58:35,309 - DVPTest - DEBUG - 物理分类结果: STABLE
2026-09-02 13:58:35,310 - DVPTest - DEBUG - process_data: t=0.32, p=0.0, v=0.000, a=0.0, phase=IDLE
2026-09-02 13:58:35,310 - DVPTest - DEBUG - 物理分类结果: STABLE
2026-09-02 13:58:35,311 - DVPTest - DEBUG - process_data: t=0.43, p=0.0, v=0.000, a=0.0, phase=IDLE
2026-09-02 13:58:35,311 - DVPTest - DEBUG - 物理分类结果: STABLE
2026-09-02 13:58:35,312 - DVPTest - DEBUG - process_data: t=0.52, p=11.0, v=113.402, a=1169.1, phase=IDLE
2026-09-02 13:58:35,312 - DVPTest - DEBUG - 充气峰值更新: 11.0 @ 0.52s
2026-09-02 13:58:35,313 - DVPTest - DEBUG - 充气起始值 5.0 mmHg 到达 @ 0.52s
2026-09-02 13:58:35,313 - DVPTest - DEBUG - 物理分类结果: INFLATING
2026-09-02 13:58:35,314 - DVPTest - INFO - IDLE → INFLATING @ 0.52s, p=11.0
2026-09-02 13:58:35,314 - DVPTest - DEBUG - process_data: t=0.62, p=25.0, v=145.833, a=337.8, phase=INFLATING
2026-09-02 13:58:35,314 - DVPTest - DEBUG - 充气峰值更新: 25.0 @ 0.62s
2026-09-02 13:58:35,315 - DVPTest - DEBUG - 物理分类结果: INFLATING
2026-09-02 13:58:35,315 - DVPTest - DEBUG - process_data: t=0.72, p=35.0, v=104.167, a=-434.0, phase=INFLATING
2026-09-02 13:58:35,316 - DVPTest - DEBUG - 充气峰值更新: 35.0 @ 0.72s
2026-09-02 13:58:35,316 - DVPTest - DEBUG - 物理分类结果: INFLATING
2026-09-02 13:58:35,317 - DVPTest - DEBUG - process_data: t=0.83, p=46.0, v=98.214, a=-53.1, phase=INFLATING
2026-09-02 13:58:35,317 - DVPTest - DEBUG - 充气峰值更新: 46.0 @ 0.83s
2026-09-02 13:58:35,317 - DVPTest - DEBUG - 物理分类结果: INFLATING
2026-09-02 13:58:35,319 - DVPTest - DEBUG - process_data: t=0.92, p=56.0, v=105.263, a=74.2, phase=INFLATING
2026-09-02 13:58:35,320 - DVPTest - DEBUG - 充气峰值更新: 56.0 @ 0.92s
2026-09-02 13:58:35,320 - DVPTest - DEBUG - 物理分类结果: INFLATING
2026-09-02 13:58:35,320 - DVPTest - DEBUG - process_data: t=1.02, p=66.0, v=104.167, a=-11.4, phase=INFLATING
2026-09-02 13:58:35,321 - DVPTest - DEBUG - 充气峰值更新: 66.0 @ 1.02s
2026-09-02 13:58:35,321 - DVPTest - DEBUG - 物理分类结果: INFLATING
2026-09-02 13:58:35,322 - DVPTest - DEBUG - process_data: t=1.11, p=71.0, v=52.083, a=-542.5, phase=INFLATING
2026-09-02 13:58:35,322 - DVPTest - DEBUG - 充气峰值更新: 71.0 @ 1.11s
2026-09-02 13:58:35,323 - DVPTest - DEBUG - 物理分类结果: INFLATING
2026-09-02 13:58:35,323 - DVPTest - DEBUG - process_data: t=1.23, p=79.0, v=71.429, a=172.7, phase=INFLATING
2026-09-02 13:58:35,324 - DVPTest - DEBUG - 充气峰值更新: 79.0 @ 1.23s
2026-09-02 13:58:35,324 - DVPTest - DEBUG - 物理分类结果: INFLATING
2026-09-02 13:58:35,325 - DVPTest - DEBUG - process_data: t=1.32, p=87.0, v=84.211, a=134.5, phase=INFLATING
2026-09-02 13:58:35,325 - DVPTest - DEBUG - 充气峰值更新: 87.0 @ 1.32s
2026-09-02 13:58:35,325 - DVPTest - DEBUG - 物理分类结果: INFLATING
2026-09-02 13:58:35,326 - DVPTest - DEBUG - process_data: t=1.42, p=98.0, v=114.583, a=316.4, phase=INFLATING
2026-09-02 13:58:35,326 - DVPTest - DEBUG - 充气峰值更新: 98.0 @ 1.42s
2026-09-02 13:58:35,326 - DVPTest - DEBUG - 物理分类结果: INFLATING
2026-09-02 13:58:35,327 - DVPTest - DEBUG - process_data: t=1.51, p=103.0, v=52.083, a=-651.0, phase=INFLATING
2026-09-02 13:58:35,327 - DVPTest - DEBUG - 充气峰值更新: 103.0 @ 1.51s
2026-09-02 13:58:35,327 - DVPTest - DEBUG - 物理分类结果: INFLATING
2026-09-02 13:58:35,328 - DVPTest - DEBUG - process_data: t=1.63, p=115.0, v=107.143, a=491.6, phase=INFLATING
2026-09-02 13:58:35,328 - DVPTest - DEBUG - 充气峰值更新: 115.0 @ 1.63s
2026-09-02 13:58:35,328 - DVPTest - DEBUG - 物理分类结果: INFLATING
2026-09-02 13:58:35,328 - DVPTest - DEBUG - process_data: t=1.72, p=117.0, v=20.833, a=-899.1, phase=INFLATING
2026-09-02 13:58:35,329 - DVPTest - DEBUG - 充气峰值更新: 117.0 @ 1.72s
2026-09-02 13:58:35,329 - DVPTest - DEBUG - 物理分类结果: INFLATING
2026-09-02 13:58:35,329 - DVPTest - DEBUG - process_data: t=1.82, p=128.0, v=113.402, a=954.3, phase=INFLATING
2026-09-02 13:58:35,329 - DVPTest - DEBUG - 充气峰值更新: 128.0 @ 1.82s
2026-09-02 13:58:35,330 - DVPTest - DEBUG - 物理分类结果: INFLATING
2026-09-02 13:58:35,330 - DVPTest - DEBUG - process_data: t=1.91, p=131.0, v=31.579, a=-861.3, phase=INFLATING
2026-09-02 13:58:35,331 - DVPTest - DEBUG - 充气峰值更新: 131.0 @ 1.91s
2026-09-02 13:58:35,331 - DVPTest - DEBUG - 物理分类结果: INFLATING
2026-09-02 13:58:35,331 - DVPTest - DEBUG - process_data: t=2.03, p=138.0, v=62.500, a=276.1, phase=INFLATING
2026-09-02 13:58:35,331 - DVPTest - DEBUG - 充气峰值更新: 138.0 @ 2.03s
2026-09-02 13:58:35,332 - DVPTest - DEBUG - 物理分类结果: INFLATING
2026-09-02 13:58:35,332 - DVPTest - DEBUG - process_data: t=2.12, p=147.0, v=93.750, a=325.5, phase=INFLATING
2026-09-02 13:58:35,332 - DVPTest - DEBUG - 充气峰值更新: 147.0 @ 2.12s
2026-09-02 13:58:35,333 - DVPTest - DEBUG - 物理分类结果: INFLATING
2026-09-02 13:58:35,333 - DVPTest - DEBUG - process_data: t=2.22, p=152.0, v=52.083, a=-434.0, phase=INFLATING
2026-09-02 13:58:35,333 - DVPTest - DEBUG - 充气峰值更新: 152.0 @ 2.22s
2026-09-02 13:58:35,333 - DVPTest - DEBUG - 物理分类结果: INFLATING
2026-09-02 13:58:35,334 - DVPTest - DEBUG - process_data: t=2.33, p=155.0, v=27.027, a=-225.7, phase=INFLATING
2026-09-02 13:58:35,334 - DVPTest - DEBUG - 充气峰值更新: 155.0 @ 2.33s
2026-09-02 13:58:35,335 - DVPTest - DEBUG - 物理分类结果: INFLATING
2026-09-02 13:58:35,335 - DVPTest - DEBUG - process_data: t=2.42, p=162.0, v=72.917, a=478.0, phase=INFLATING
2026-09-02 13:58:35,335 - DVPTest - DEBUG - 充气峰值更新: 162.0 @ 2.42s
2026-09-02 13:58:35,335 - DVPTest - DEBUG - 物理分类结果: INFLATING
2026-09-02 13:58:35,336 - DVPTest - DEBUG - process_data: t=2.52, p=167.0, v=52.083, a=-217.0, phase=INFLATING
2026-09-02 13:58:35,336 - DVPTest - DEBUG - 充气峰值更新: 167.0 @ 2.52s
2026-09-02 13:58:35,336 - DVPTest - DEBUG - 物理分类结果: INFLATING
2026-09-02 13:58:35,336 - DVPTest - DEBUG - process_data: t=2.62, p=172.0, v=51.546, a=-5.5, phase=INFLATING
2026-09-02 13:58:35,338 - DVPTest - DEBUG - 充气峰值更新: 172.0 @ 2.62s
2026-09-02 13:58:35,338 - DVPTest - DEBUG - 物理分类结果: INFLATING
2026-09-02 13:58:35,338 - DVPTest - DEBUG - process_data: t=2.73, p=178.0, v=54.054, a=22.6, phase=INFLATING
2026-09-02 13:58:35,339 - DVPTest - DEBUG - 充气峰值更新: 178.0 @ 2.73s
2026-09-02 13:58:35,339 - DVPTest - DEBUG - 物理分类结果: INFLATING
2026-09-02 13:58:35,340 - DVPTest - DEBUG - process_data: t=2.83, p=184.0, v=62.500, a=88.0, phase=INFLATING
2026-09-02 13:58:35,340 - DVPTest - DEBUG - 充气峰值更新: 184.0 @ 2.83s
2026-09-02 13:58:35,341 - DVPTest - DEBUG - 物理分类结果: INFLATING
2026-09-02 13:58:35,341 - DVPTest - DEBUG - process_data: t=2.92, p=192.0, v=84.211, a=228.5, phase=INFLATING
2026-09-02 13:58:35,342 - DVPTest - DEBUG - 充气峰值更新: 192.0 @ 2.92s
2026-09-02 13:58:35,342 - DVPTest - DEBUG - 物理分类结果: INFLATING
2026-09-02 13:58:35,343 - DVPTest - DEBUG - process_data: t=3.02, p=199.0, v=72.917, a=-117.6, phase=INFLATING
2026-09-02 13:58:35,343 - DVPTest - DEBUG - 充气峰值更新: 199.0 @ 3.02s
2026-09-02 13:58:35,343 - DVPTest - DEBUG - 物理分类结果: INFLATING
2026-09-02 13:58:35,344 - DVPTest - DEBUG - process_data: t=3.13, p=204.0, v=44.643, a=-252.4, phase=INFLATING
2026-09-02 13:58:35,344 - DVPTest - DEBUG - 充气峰值更新: 204.0 @ 3.13s
2026-09-02 13:58:35,344 - DVPTest - DEBUG - 充气中间值 200.0 mmHg 到达 @ 3.13s
2026-09-02 13:58:35,345 - DVPTest - DEBUG - 物理分类结果: INFLATING
2026-09-02 13:58:35,345 - DVPTest - DEBUG - process_data: t=3.22, p=205.0, v=10.417, a=-356.5, phase=INFLATING
2026-09-02 13:58:35,345 - DVPTest - DEBUG - 充气峰值更新: 205.0 @ 3.22s
2026-09-02 13:58:35,346 - DVPTest - DEBUG - 物理分类结果: INFLATING
2026-09-02 13:58:35,346 - DVPTest - DEBUG - process_data: t=3.32, p=211.0, v=63.158, a=555.2, phase=INFLATING
2026-09-02 13:58:35,346 - DVPTest - DEBUG - 充气峰值更新: 211.0 @ 3.32s
2026-09-02 13:58:35,347 - DVPTest - DEBUG - 物理分类结果: INFLATING
2026-09-02 13:58:35,347 - DVPTest - DEBUG - process_data: t=3.42, p=220.0, v=92.784, a=305.4, phase=INFLATING
2026-09-02 13:58:35,347 - DVPTest - DEBUG - 充气峰值更新: 220.0 @ 3.42s
2026-09-02 13:58:35,347 - DVPTest - DEBUG - 物理分类结果: INFLATING
2026-09-02 13:58:35,348 - DVPTest - DEBUG - process_data: t=3.53, p=222.0, v=17.857, a=-669.0, phase=INFLATING
2026-09-02 13:58:35,348 - DVPTest - DEBUG - 充气峰值更新: 222.0 @ 3.53s
2026-09-02 13:58:35,348 - DVPTest - DEBUG - 物理分类结果: INFLATING
2026-09-02 13:58:35,348 - DVPTest - DEBUG - process_data: t=3.62, p=230.0, v=84.211, a=698.5, phase=INFLATING
2026-09-02 13:58:35,349 - DVPTest - DEBUG - 充气峰值更新: 230.0 @ 3.62s
2026-09-02 13:58:35,349 - DVPTest - DEBUG - 物理分类结果: INFLATING
2026-09-02 13:58:35,349 - DVPTest - DEBUG - process_data: t=3.72, p=230.0, v=0.000, a=-868.1, phase=INFLATING
2026-09-02 13:58:35,349 - DVPTest - DEBUG - 物理分类结果: STABLE
2026-09-02 13:58:35,351 - DVPTest - DEBUG - process_data: t=3.83, p=233.0, v=27.273, a=247.9, phase=INFLATING
2026-09-02 13:58:35,352 - DVPTest - DEBUG - 充气峰值更新: 233.0 @ 3.83s
2026-09-02 13:58:35,352 - DVPTest - DEBUG - 物理分类结果: INFLATING
2026-09-02 13:58:35,352 - DVPTest - DEBUG - process_data: t=3.93, p=231.0, v=-20.619, a=-493.7, phase=INFLATING
2026-09-02 13:58:35,353 - DVPTest - DEBUG - 物理分类结果: DEFLATING
2026-09-02 13:58:35,353 - DVPTest - DEBUG - process_data: t=4.02, p=230.0, v=-10.417, a=106.3, phase=INFLATING
2026-09-02 13:58:35,353 - DVPTest - INFO - ★ 泄气拐点确认 [持续下降]: p=231.00 @ t=3.927s, rate=-10.42
2026-09-02 13:58:35,355 - DVPTest - SUCCESS - ★ 泄气拐点确认 [持续下降]: p=231.00 @ t=3.927s, rate=-10.42
2026-09-02 13:58:35,356 - DVPTest - INFO - 充气结果输出（由泄气拐点触发）: {'state': 'DONE', 'start': {'value': 5.0, 'time': 0.524, 'reached': True}, 'mid': {'value': 200.0, 'time': 3.128, 'reached': True}, 'target': {'value': 300.0, 'time': None, 'reached': False}, 'peak': {'value': 233.0, 'time': 3.83}}
2026-09-02 13:58:35,356 - DVPTest - SUCCESS - ★ 充气结果已触发（拐点）
2026-09-02 13:58:35,357 - DVPTest - DEBUG - [UI] _on_result_text: key=inflate, text=起始值5→中间值200 时间2.60s 速率74.88mmHg/s  起始值5→峰值233 时间3.31s 速率68.97mmHg/s
2026-09-02 13:58:35,357 - DVPTest - DEBUG - 物理分类结果: DEFLATING
2026-09-02 13:58:35,357 - DVPTest - DEBUG - process_data: t=4.12, p=229.0, v=-10.526, a=-1.2, phase=INFLATING
2026-09-02 13:58:35,358 - DVPTest - DEBUG - 物理分类结果: DEFLATING
2026-09-02 13:58:35,358 - DVPTest - DEBUG - process_data: t=4.23, p=228.0, v=-8.929, a=14.3, phase=INFLATING
2026-09-02 13:58:35,358 - DVPTest - DEBUG - 物理分类结果: DEFLATING
2026-09-02 13:58:35,359 - DVPTest - DEBUG - 有效泄气迹象，下降 5.0 mmHg，计数 1/3
2026-09-02 13:58:35,359 - DVPTest - DEBUG - process_data: t=4.33, p=227.0, v=-10.417, a=-15.5, phase=INFLATING
2026-09-02 13:58:35,359 - DVPTest - DEBUG - 物理分类结果: DEFLATING
2026-09-02 13:58:35,360 - DVPTest - DEBUG - 有效泄气迹象，下降 6.0 mmHg，计数 2/3
2026-09-02 13:58:35,360 - DVPTest - DEBUG - process_data: t=4.42, p=227.0, v=0.000, a=107.4, phase=INFLATING
2026-09-02 13:58:35,360 - DVPTest - DEBUG - 物理分类结果: STABLE
2026-09-02 13:58:35,361 - DVPTest - DEBUG - process_data: t=4.52, p=226.0, v=-10.526, a=-110.8, phase=INFLATING
2026-09-02 13:58:35,361 - DVPTest - DEBUG - 物理分类结果: DEFLATING
2026-09-02 13:58:35,362 - DVPTest - DEBUG - 有效泄气迹象，下降 7.0 mmHg，计数 1/3
2026-09-02 13:58:35,362 - DVPTest - DEBUG - process_data: t=4.63, p=225.0, v=-8.850, a=14.8, phase=INFLATING
2026-09-02 13:58:35,362 - DVPTest - DEBUG - 物理分类结果: DEFLATING
2026-09-02 13:58:35,363 - DVPTest - DEBUG - 有效泄气迹象，下降 8.0 mmHg，计数 2/3
2026-09-02 13:58:35,363 - DVPTest - DEBUG - process_data: t=4.73, p=225.0, v=0.000, a=93.2, phase=INFLATING
2026-09-02 13:58:35,363 - DVPTest - DEBUG - 物理分类结果: STABLE
2026-09-02 13:58:35,363 - DVPTest - DEBUG - process_data: t=4.82, p=224.0, v=-10.526, a=-110.8, phase=INFLATING
2026-09-02 13:58:35,364 - DVPTest - DEBUG - 物理分类结果: DEFLATING
2026-09-02 13:58:35,364 - DVPTest - DEBUG - 有效泄气迹象，下降 9.0 mmHg，计数 1/3
2026-09-02 13:58:35,364 - DVPTest - DEBUG - process_data: t=4.92, p=224.0, v=0.000, a=109.6, phase=INFLATING
2026-09-02 13:58:35,365 - DVPTest - DEBUG - 物理分类结果: STABLE
2026-09-02 13:58:35,365 - DVPTest - DEBUG - process_data: t=5.03, p=223.0, v=-8.929, a=-79.7, phase=INFLATING
2026-09-02 13:58:35,365 - DVPTest - DEBUG - 物理分类结果: DEFLATING
2026-09-02 13:58:35,366 - DVPTest - DEBUG - 有效泄气迹象，下降 10.0 mmHg，计数 1/3
2026-09-02 13:58:35,367 - DVPTest - DEBUG - process_data: t=5.12, p=223.0, v=0.000, a=93.0, phase=INFLATING
2026-09-02 13:58:35,367 - DVPTest - DEBUG - 物理分类结果: STABLE
2026-09-02 13:58:35,368 - DVPTest - DEBUG - process_data: t=5.22, p=222.0, v=-10.417, a=-108.5, phase=INFLATING
2026-09-02 13:58:35,368 - DVPTest - DEBUG - 物理分类结果: DEFLATING
2026-09-02 13:58:35,368 - DVPTest - DEBUG - 有效泄气迹象，下降 11.0 mmHg，计数 1/3
2026-09-02 13:58:35,369 - DVPTest - DEBUG - process_data: t=5.32, p=222.0, v=0.000, a=108.5, phase=INFLATING
2026-09-02 13:58:35,369 - DVPTest - DEBUG - 物理分类结果: STABLE
2026-09-02 13:58:35,370 - DVPTest - DEBUG - process_data: t=5.43, p=222.0, v=0.000, a=0.0, phase=INFLATING
2026-09-02 13:58:35,370 - DVPTest - DEBUG - 物理分类结果: STABLE
2026-09-02 13:58:35,370 - DVPTest - DEBUG - process_data: t=5.52, p=221.0, v=-10.526, a=-110.8, phase=INFLATING
2026-09-02 13:58:35,371 - DVPTest - DEBUG - 物理分类结果: DEFLATING
2026-09-02 13:58:35,372 - DVPTest - DEBUG - 有效泄气迹象，下降 12.0 mmHg，计数 1/3
2026-09-02 13:58:35,373 - DVPTest - DEBUG - process_data: t=5.62, p=221.0, v=0.000, a=109.6, phase=INFLATING
2026-09-02 13:58:35,374 - DVPTest - DEBUG - 物理分类结果: STABLE
2026-09-02 13:58:35,374 - DVPTest - DEBUG - process_data: t=5.72, p=221.0, v=0.000, a=0.0, phase=INFLATING
2026-09-02 13:58:35,375 - DVPTest - DEBUG - 物理分类结果: STABLE
2026-09-02 13:58:35,375 - DVPTest - DEBUG - process_data: t=5.83, p=221.0, v=0.000, a=0.0, phase=INFLATING
2026-09-02 13:58:35,376 - DVPTest - DEBUG - 物理分类结果: STABLE
2026-09-02 13:58:35,376 - DVPTest - DEBUG - process_data: t=5.92, p=220.0, v=-10.526, a=-110.8, phase=INFLATING
2026-09-02 13:58:35,377 - DVPTest - DEBUG - 物理分类结果: DEFLATING
2026-09-02 13:58:35,377 - DVPTest - DEBUG - 有效泄气迹象，下降 13.0 mmHg，计数 1/3
2026-09-02 13:58:35,378 - DVPTest - DEBUG - process_data: t=6.02, p=220.0, v=0.000, a=109.6, phase=INFLATING
2026-09-02 13:58:35,378 - DVPTest - DEBUG - 物理分类结果: STABLE
2026-09-02 13:58:35,378 - DVPTest - DEBUG - process_data: t=6.13, p=220.0, v=0.000, a=0.0, phase=INFLATING
2026-09-02 13:58:35,379 - DVPTest - DEBUG - 物理分类结果: STABLE
2026-09-02 13:58:35,379 - DVPTest - DEBUG - process_data: t=6.23, p=220.0, v=0.000, a=0.0, phase=INFLATING
2026-09-02 13:58:35,379 - DVPTest - DEBUG - 物理分类结果: STABLE
2026-09-02 13:58:35,380 - DVPTest - DEBUG - process_data: t=6.32, p=220.0, v=0.000, a=0.0, phase=INFLATING
2026-09-02 13:58:35,380 - DVPTest - DEBUG - 物理分类结果: STABLE
2026-09-02 13:58:35,380 - DVPTest - DEBUG - process_data: t=6.42, p=219.0, v=-10.417, a=-108.5, phase=INFLATING
2026-09-02 13:58:35,381 - DVPTest - DEBUG - 物理分类结果: DEFLATING
2026-09-02 13:58:35,382 - DVPTest - DEBUG - 有效泄气迹象，下降 14.0 mmHg，计数 1/3
2026-09-02 13:58:35,382 - DVPTest - DEBUG - process_data: t=6.53, p=219.0, v=0.000, a=93.8, phase=INFLATING
2026-09-02 13:58:35,383 - DVPTest - DEBUG - 物理分类结果: STABLE
2026-09-02 13:58:35,383 - DVPTest - DEBUG - process_data: t=6.63, p=219.0, v=0.000, a=0.0, phase=INFLATING
2026-09-02 13:58:35,383 - DVPTest - DEBUG - 物理分类结果: STABLE
2026-09-02 13:58:35,383 - DVPTest - DEBUG - process_data: t=6.72, p=219.0, v=0.000, a=0.0, phase=INFLATING
2026-09-02 13:58:35,384 - DVPTest - DEBUG - 物理分类结果: STABLE
2026-09-02 13:58:35,384 - DVPTest - DEBUG - process_data: t=6.82, p=219.0, v=0.000, a=0.0, phase=INFLATING
2026-09-02 13:58:35,385 - DVPTest - DEBUG - 物理分类结果: STABLE
2026-09-02 13:58:35,385 - DVPTest - DEBUG - process_data: t=6.93, p=219.0, v=0.000, a=0.0, phase=INFLATING
2026-09-02 13:58:35,385 - DVPTest - DEBUG - 物理分类结果: STABLE
2026-09-02 13:58:35,386 - DVPTest - DEBUG - process_data: t=7.03, p=219.0, v=0.000, a=0.0, phase=INFLATING
2026-09-02 13:58:35,386 - DVPTest - DEBUG - 物理分类结果: STABLE
2026-09-02 13:58:35,386 - DVPTest - DEBUG - process_data: t=7.12, p=218.0, v=-10.309, a=-106.3, phase=INFLATING
2026-09-02 13:58:35,387 - DVPTest - DEBUG - 物理分类结果: DEFLATING
2026-09-02 13:58:35,387 - DVPTest - DEBUG - 有效泄气迹象，下降 15.0 mmHg，计数 1/3
2026-09-02 13:58:35,388 - DVPTest - DEBUG - process_data: t=7.22, p=218.0, v=0.000, a=108.5, phase=INFLATING
2026-09-02 13:58:35,389 - DVPTest - DEBUG - 物理分类结果: STABLE
2026-09-02 13:58:35,389 - DVPTest - DEBUG - process_data: t=7.33, p=218.0, v=0.000, a=0.0, phase=INFLATING
2026-09-02 13:58:35,391 - DVPTest - DEBUG - 物理分类结果: STABLE
2026-09-02 13:58:35,391 - DVPTest - DEBUG - process_data: t=7.42, p=218.0, v=0.000, a=0.0, phase=INFLATING
2026-09-02 13:58:35,392 - DVPTest - DEBUG - 物理分类结果: STABLE
2026-09-02 13:58:35,392 - DVPTest - DEBUG - process_data: t=7.52, p=218.0, v=0.000, a=0.0, phase=INFLATING
2026-09-02 13:58:35,393 - DVPTest - DEBUG - 物理分类结果: STABLE
2026-09-02 13:58:35,393 - DVPTest - DEBUG - process_data: t=7.62, p=218.0, v=0.000, a=0.0, phase=INFLATING
2026-09-02 13:58:35,393 - DVPTest - DEBUG - 物理分类结果: STABLE
2026-09-02 13:58:35,394 - DVPTest - DEBUG - process_data: t=7.73, p=218.0, v=0.000, a=0.0, phase=INFLATING
2026-09-02 13:58:35,394 - DVPTest - DEBUG - 物理分类结果: STABLE
2026-09-02 13:58:35,395 - DVPTest - DEBUG - process_data: t=7.83, p=218.0, v=0.000, a=0.0, phase=INFLATING
2026-09-02 13:58:35,395 - DVPTest - DEBUG - 物理分类结果: STABLE
2026-09-02 13:58:35,395 - DVPTest - DEBUG - process_data: t=7.92, p=218.0, v=0.000, a=0.0, phase=INFLATING
2026-09-02 13:58:35,396 - DVPTest - DEBUG - 物理分类结果: STABLE
2026-09-02 13:58:35,396 - DVPTest - DEBUG - process_data: t=8.02, p=218.0, v=0.000, a=0.0, phase=INFLATING
2026-09-02 13:58:35,397 - DVPTest - DEBUG - 物理分类结果: STABLE
2026-09-02 13:58:35,397 - DVPTest - DEBUG - process_data: t=8.13, p=218.0, v=0.000, a=0.0, phase=INFLATING
2026-09-02 13:58:35,398 - DVPTest - DEBUG - 物理分类结果: STABLE
2026-09-02 13:58:35,398 - DVPTest - DEBUG - process_data: t=8.22, p=218.0, v=0.000, a=0.0, phase=INFLATING
2026-09-02 13:58:35,398 - DVPTest - DEBUG - 物理分类结果: STABLE
2026-09-02 13:58:35,398 - DVPTest - DEBUG - process_data: t=8.32, p=218.0, v=0.000, a=0.0, phase=INFLATING
2026-09-02 13:58:35,399 - DVPTest - DEBUG - 物理分类结果: STABLE
2026-09-02 13:58:35,399 - DVPTest - DEBUG - process_data: t=8.43, p=217.0, v=-9.091, a=-82.6, phase=INFLATING
2026-09-02 13:58:35,399 - DVPTest - DEBUG - 物理分类结果: DEFLATING
2026-09-02 13:58:35,399 - DVPTest - DEBUG - 有效泄气迹象，下降 16.0 mmHg，计数 1/3
2026-09-02 13:58:35,400 - DVPTest - DEBUG - process_data: t=8.53, p=217.0, v=0.000, a=94.7, phase=INFLATING
2026-09-02 13:58:35,400 - DVPTest - DEBUG - 物理分类结果: STABLE
2026-09-02 13:58:35,400 - DVPTest - DEBUG - process_data: t=8.62, p=217.0, v=0.000, a=0.0, phase=INFLATING
2026-09-02 13:58:35,401 - DVPTest - DEBUG - 物理分类结果: STABLE
2026-09-02 13:58:35,401 - DVPTest - DEBUG - process_data: t=8.72, p=217.0, v=0.000, a=0.0, phase=INFLATING
2026-09-02 13:58:35,401 - DVPTest - DEBUG - 物理分类结果: STABLE
2026-09-02 13:58:35,402 - DVPTest - DEBUG - process_data: t=8.83, p=217.0, v=0.000, a=0.0, phase=INFLATING
2026-09-02 13:58:35,402 - DVPTest - DEBUG - 物理分类结果: STABLE
2026-09-02 13:58:35,402 - DVPTest - DEBUG - process_data: t=8.93, p=217.0, v=0.000, a=0.0, phase=INFLATING
2026-09-02 13:58:35,403 - DVPTest - DEBUG - 物理分类结果: STABLE
2026-09-02 13:58:35,403 - DVPTest - DEBUG - process_data: t=9.02, p=217.0, v=0.000, a=0.0, phase=INFLATING
2026-09-02 13:58:35,404 - DVPTest - DEBUG - 物理分类结果: STABLE
2026-09-02 13:58:35,404 - DVPTest - DEBUG - process_data: t=9.12, p=217.0, v=0.000, a=0.0, phase=INFLATING
2026-09-02 13:58:35,404 - DVPTest - DEBUG - 物理分类结果: STABLE
2026-09-02 13:58:35,405 - DVPTest - DEBUG - process_data: t=9.23, p=217.0, v=0.000, a=0.0, phase=INFLATING
2026-09-02 13:58:35,406 - DVPTest - DEBUG - 物理分类结果: STABLE
2026-09-02 13:58:35,406 - DVPTest - DEBUG - process_data: t=9.33, p=217.0, v=0.000, a=0.0, phase=INFLATING
2026-09-02 13:58:35,407 - DVPTest - DEBUG - 物理分类结果: STABLE
2026-09-02 13:58:35,408 - DVPTest - DEBUG - process_data: t=9.42, p=217.0, v=0.000, a=0.0, phase=INFLATING
2026-09-02 13:58:35,408 - DVPTest - DEBUG - 物理分类结果: STABLE
2026-09-02 13:58:35,409 - DVPTest - DEBUG - process_data: t=9.52, p=217.0, v=0.000, a=0.0, phase=INFLATING
2026-09-02 13:58:35,409 - DVPTest - DEBUG - 物理分类结果: STABLE
2026-09-02 13:58:35,410 - DVPTest - DEBUG - process_data: t=9.63, p=217.0, v=0.000, a=0.0, phase=INFLATING
2026-09-02 13:58:35,410 - DVPTest - DEBUG - 物理分类结果: STABLE
2026-09-02 13:58:35,412 - DVPTest - DEBUG - process_data: t=9.73, p=217.0, v=0.000, a=0.0, phase=INFLATING
2026-09-02 13:58:35,412 - DVPTest - DEBUG - 物理分类结果: STABLE
2026-09-02 13:58:35,413 - DVPTest - DEBUG - process_data: t=9.82, p=217.0, v=0.000, a=0.0, phase=INFLATING
2026-09-02 13:58:35,413 - DVPTest - DEBUG - 物理分类结果: STABLE
2026-09-02 13:58:35,414 - DVPTest - DEBUG - process_data: t=9.92, p=217.0, v=0.000, a=0.0, phase=INFLATING
2026-09-02 13:58:35,415 - DVPTest - DEBUG - 物理分类结果: STABLE
2026-09-02 13:58:35,416 - DVPTest - DEBUG - process_data: t=10.03, p=217.0, v=0.000, a=0.0, phase=INFLATING
2026-09-02 13:58:35,416 - DVPTest - DEBUG - 物理分类结果: STABLE
2026-09-02 13:58:35,417 - DVPTest - DEBUG - process_data: t=10.13, p=217.0, v=0.000, a=0.0, phase=INFLATING
2026-09-02 13:58:35,417 - DVPTest - DEBUG - 物理分类结果: STABLE
2026-09-02 13:58:35,417 - DVPTest - DEBUG - process_data: t=10.22, p=217.0, v=0.000, a=0.0, phase=INFLATING
2026-09-02 13:58:35,418 - DVPTest - DEBUG - 物理分类结果: STABLE
2026-09-02 13:58:35,418 - DVPTest - DEBUG - process_data: t=10.33, p=217.0, v=0.000, a=0.0, phase=INFLATING
2026-09-02 13:58:35,419 - DVPTest - DEBUG - 物理分类结果: STABLE
2026-09-02 13:58:35,419 - DVPTest - DEBUG - process_data: t=10.43, p=217.0, v=0.000, a=0.0, phase=INFLATING
2026-09-02 13:58:35,420 - DVPTest - DEBUG - 物理分类结果: STABLE
2026-09-02 13:58:35,420 - DVPTest - DEBUG - process_data: t=10.52, p=217.0, v=0.000, a=0.0, phase=INFLATING
2026-09-02 13:58:35,420 - DVPTest - DEBUG - 物理分类结果: STABLE
2026-09-02 13:58:35,421 - DVPTest - DEBUG - process_data: t=10.62, p=217.0, v=0.000, a=0.0, phase=INFLATING
2026-09-02 13:58:35,421 - DVPTest - DEBUG - 物理分类结果: STABLE
2026-09-02 13:58:35,422 - DVPTest - DEBUG - process_data: t=10.73, p=217.0, v=0.000, a=0.0, phase=INFLATING
2026-09-02 13:58:35,422 - DVPTest - DEBUG - 物理分类结果: STABLE
2026-09-02 13:58:35,423 - DVPTest - DEBUG - process_data: t=10.83, p=217.0, v=0.000, a=0.0, phase=INFLATING
2026-09-02 13:58:35,423 - DVPTest - DEBUG - 物理分类结果: STABLE
2026-09-02 13:58:35,424 - DVPTest - DEBUG - process_data: t=10.92, p=217.0, v=0.000, a=0.0, phase=INFLATING
2026-09-02 13:58:35,425 - DVPTest - DEBUG - 物理分类结果: STABLE
2026-09-02 13:58:35,425 - DVPTest - DEBUG - process_data: t=11.02, p=217.0, v=0.000, a=0.0, phase=INFLATING
2026-09-02 13:58:35,425 - DVPTest - DEBUG - 物理分类结果: STABLE
2026-09-02 13:58:35,426 - DVPTest - DEBUG - process_data: t=11.13, p=216.0, v=-8.929, a=-79.7, phase=INFLATING
2026-09-02 13:58:35,426 - DVPTest - DEBUG - 物理分类结果: DEFLATING
2026-09-02 13:58:35,427 - DVPTest - DEBUG - 有效泄气迹象，下降 17.0 mmHg，计数 1/3
2026-09-02 13:58:35,427 - DVPTest - DEBUG - process_data: t=11.23, p=217.0, v=10.417, a=201.5, phase=INFLATING
2026-09-02 13:58:35,428 - DVPTest - DEBUG - 物理分类结果: INFLATING
2026-09-02 13:58:35,428 - DVPTest - DEBUG - process_data: t=11.32, p=217.0, v=0.000, a=-109.6, phase=INFLATING
2026-09-02 13:58:35,430 - DVPTest - DEBUG - 物理分类结果: STABLE
2026-09-02 13:58:35,430 - DVPTest - DEBUG - process_data: t=11.42, p=217.0, v=0.000, a=0.0, phase=INFLATING
2026-09-02 13:58:35,431 - DVPTest - DEBUG - 物理分类结果: STABLE
2026-09-02 13:58:35,431 - DVPTest - DEBUG - process_data: t=11.53, p=217.0, v=0.000, a=0.0, phase=INFLATING
2026-09-02 13:58:35,432 - DVPTest - DEBUG - 物理分类结果: STABLE
2026-09-02 13:58:35,432 - DVPTest - DEBUG - process_data: t=11.63, p=216.0, v=-10.417, a=-108.5, phase=INFLATING
2026-09-02 13:58:35,432 - DVPTest - DEBUG - 物理分类结果: DEFLATING
2026-09-02 13:58:35,432 - DVPTest - DEBUG - 有效泄气迹象，下降 17.0 mmHg，计数 1/3
2026-09-02 13:58:35,433 - DVPTest - DEBUG - process_data: t=11.72, p=216.0, v=0.000, a=108.5, phase=INFLATING
2026-09-02 13:58:35,433 - DVPTest - DEBUG - 物理分类结果: STABLE
2026-09-02 13:58:35,433 - DVPTest - DEBUG - process_data: t=11.82, p=216.0, v=0.000, a=0.0, phase=INFLATING
2026-09-02 13:58:35,434 - DVPTest - DEBUG - 物理分类结果: STABLE
2026-09-02 13:58:35,434 - DVPTest - DEBUG - process_data: t=11.93, p=216.0, v=0.000, a=0.0, phase=INFLATING
2026-09-02 13:58:35,434 - DVPTest - DEBUG - 物理分类结果: STABLE
2026-09-02 13:58:35,435 - DVPTest - DEBUG - process_data: t=12.03, p=216.0, v=0.000, a=0.0, phase=INFLATING
2026-09-02 13:58:35,435 - DVPTest - DEBUG - 物理分类结果: STABLE
2026-09-02 13:58:35,435 - DVPTest - DEBUG - process_data: t=12.12, p=216.0, v=0.000, a=0.0, phase=INFLATING
2026-09-02 13:58:35,436 - DVPTest - DEBUG - 物理分类结果: STABLE
2026-09-02 13:58:35,436 - DVPTest - DEBUG - process_data: t=12.22, p=216.0, v=0.000, a=0.0, phase=INFLATING
2026-09-02 13:58:35,437 - DVPTest - DEBUG - 物理分类结果: STABLE
2026-09-02 13:58:35,437 - DVPTest - DEBUG - process_data: t=12.33, p=216.0, v=0.000, a=0.0, phase=INFLATING
2026-09-02 13:58:35,437 - DVPTest - DEBUG - 物理分类结果: STABLE
2026-09-02 13:58:35,438 - DVPTest - DEBUG - process_data: t=12.43, p=216.0, v=0.000, a=0.0, phase=INFLATING
2026-09-02 13:58:35,438 - DVPTest - DEBUG - 物理分类结果: STABLE
2026-09-02 13:58:35,438 - DVPTest - DEBUG - process_data: t=12.52, p=216.0, v=0.000, a=0.0, phase=INFLATING
2026-09-02 13:58:35,439 - DVPTest - DEBUG - 物理分类结果: STABLE
2026-09-02 13:58:35,439 - DVPTest - DEBUG - process_data: t=12.63, p=216.0, v=0.000, a=0.0, phase=INFLATING
2026-09-02 13:58:35,439 - DVPTest - DEBUG - 物理分类结果: STABLE
2026-09-02 13:58:35,440 - DVPTest - DEBUG - process_data: t=12.73, p=216.0, v=0.000, a=0.0, phase=INFLATING
2026-09-02 13:58:35,440 - DVPTest - DEBUG - 物理分类结果: STABLE
2026-09-02 13:58:35,441 - DVPTest - DEBUG - process_data: t=12.82, p=216.0, v=0.000, a=0.0, phase=INFLATING
2026-09-02 13:58:35,441 - DVPTest - DEBUG - 物理分类结果: STABLE
2026-09-02 13:58:35,441 - DVPTest - DEBUG - process_data: t=12.92, p=216.0, v=0.000, a=0.0, phase=INFLATING
2026-09-02 13:58:35,442 - DVPTest - DEBUG - 物理分类结果: STABLE
2026-09-02 13:58:35,442 - DVPTest - DEBUG - process_data: t=13.03, p=216.0, v=0.000, a=0.0, phase=INFLATING
2026-09-02 13:58:35,442 - DVPTest - DEBUG - 物理分类结果: STABLE
2026-09-02 13:58:35,443 - DVPTest - DEBUG - process_data: t=13.13, p=216.0, v=0.000, a=0.0, phase=INFLATING
2026-09-02 13:58:35,443 - DVPTest - DEBUG - 物理分类结果: STABLE
2026-09-02 13:58:35,443 - DVPTest - DEBUG - process_data: t=13.22, p=216.0, v=0.000, a=0.0, phase=INFLATING
2026-09-02 13:58:35,445 - DVPTest - DEBUG - 物理分类结果: STABLE
2026-09-02 13:58:35,445 - DVPTest - DEBUG - process_data: t=13.32, p=216.0, v=0.000, a=0.0, phase=INFLATING
2026-09-02 13:58:35,445 - DVPTest - DEBUG - 物理分类结果: STABLE
2026-09-02 13:58:35,446 - DVPTest - DEBUG - process_data: t=13.43, p=216.0, v=0.000, a=0.0, phase=INFLATING
2026-09-02 13:58:35,446 - DVPTest - DEBUG - 物理分类结果: STABLE
2026-09-02 13:58:35,447 - DVPTest - DEBUG - process_data: t=13.53, p=216.0, v=0.000, a=0.0, phase=INFLATING
2026-09-02 13:58:35,447 - DVPTest - DEBUG - 物理分类结果: STABLE
2026-09-02 13:58:35,447 - DVPTest - DEBUG - process_data: t=13.62, p=216.0, v=0.000, a=0.0, phase=INFLATING
2026-09-02 13:58:35,447 - DVPTest - DEBUG - 物理分类结果: STABLE
2026-09-02 13:58:35,448 - DVPTest - DEBUG - process_data: t=13.72, p=216.0, v=0.000, a=0.0, phase=INFLATING
2026-09-02 13:58:35,448 - DVPTest - DEBUG - 物理分类结果: STABLE
2026-09-02 13:58:35,448 - DVPTest - DEBUG - process_data: t=13.83, p=216.0, v=0.000, a=0.0, phase=INFLATING
2026-09-02 13:58:35,448 - DVPTest - DEBUG - 物理分类结果: STABLE
2026-09-02 13:58:35,449 - DVPTest - DEBUG - process_data: t=13.93, p=216.0, v=0.000, a=0.0, phase=INFLATING
2026-09-02 13:58:35,449 - DVPTest - DEBUG - 物理分类结果: STABLE
2026-09-02 13:58:35,449 - DVPTest - DEBUG - process_data: t=14.02, p=216.0, v=0.000, a=0.0, phase=INFLATING
2026-09-02 13:58:35,450 - DVPTest - DEBUG - 物理分类结果: STABLE
2026-09-02 13:58:35,450 - DVPTest - DEBUG - process_data: t=14.12, p=216.0, v=0.000, a=0.0, phase=INFLATING
2026-09-02 13:58:35,450 - DVPTest - DEBUG - 物理分类结果: STABLE
2026-09-02 13:58:35,451 - DVPTest - DEBUG - process_data: t=14.23, p=216.0, v=0.000, a=0.0, phase=INFLATING
2026-09-02 13:58:35,451 - DVPTest - DEBUG - 物理分类结果: STABLE
2026-09-02 13:58:35,451 - DVPTest - DEBUG - process_data: t=14.33, p=216.0, v=0.000, a=0.0, phase=INFLATING
2026-09-02 13:58:35,451 - DVPTest - DEBUG - 物理分类结果: STABLE
2026-09-02 13:58:35,452 - DVPTest - DEBUG - process_data: t=14.42, p=216.0, v=0.000, a=0.0, phase=INFLATING
2026-09-02 13:58:35,452 - DVPTest - DEBUG - 物理分类结果: STABLE
2026-09-02 13:58:35,452 - DVPTest - DEBUG - process_data: t=14.52, p=216.0, v=0.000, a=0.0, phase=INFLATING
2026-09-02 13:58:35,453 - DVPTest - DEBUG - 物理分类结果: STABLE
2026-09-02 13:58:35,453 - DVPTest - DEBUG - process_data: t=14.63, p=216.0, v=0.000, a=0.0, phase=INFLATING
2026-09-02 13:58:35,453 - DVPTest - DEBUG - 物理分类结果: STABLE
2026-09-02 13:58:35,453 - DVPTest - DEBUG - process_data: t=14.73, p=216.0, v=0.000, a=0.0, phase=INFLATING
2026-09-02 13:58:35,454 - DVPTest - DEBUG - 物理分类结果: STABLE
2026-09-02 13:58:35,454 - DVPTest - DEBUG - process_data: t=14.82, p=216.0, v=0.000, a=0.0, phase=INFLATING
2026-09-02 13:58:35,454 - DVPTest - DEBUG - 物理分类结果: STABLE
2026-09-02 13:58:35,455 - DVPTest - DEBUG - process_data: t=14.93, p=216.0, v=0.000, a=0.0, phase=INFLATING
2026-09-02 13:58:35,455 - DVPTest - DEBUG - 物理分类结果: STABLE
2026-09-02 13:58:35,456 - DVPTest - DEBUG - process_data: t=15.03, p=216.0, v=0.000, a=0.0, phase=INFLATING
2026-09-02 13:58:35,456 - DVPTest - DEBUG - 物理分类结果: STABLE
2026-09-02 13:58:35,457 - DVPTest - DEBUG - process_data: t=15.13, p=216.0, v=0.000, a=0.0, phase=INFLATING
2026-09-02 13:58:35,457 - DVPTest - DEBUG - 物理分类结果: STABLE
2026-09-02 13:58:35,458 - DVPTest - DEBUG - process_data: t=15.22, p=216.0, v=0.000, a=0.0, phase=INFLATING
2026-09-02 13:58:35,458 - DVPTest - DEBUG - 物理分类结果: STABLE
2026-09-02 13:58:35,459 - DVPTest - DEBUG - process_data: t=15.33, p=216.0, v=0.000, a=0.0, phase=INFLATING
2026-09-02 13:58:35,459 - DVPTest - DEBUG - 物理分类结果: STABLE
2026-09-02 13:58:35,460 - DVPTest - DEBUG - process_data: t=15.43, p=216.0, v=0.000, a=0.0, phase=INFLATING
2026-09-02 13:58:35,460 - DVPTest - DEBUG - 物理分类结果: STABLE
2026-09-02 13:58:35,461 - DVPTest - DEBUG - process_data: t=15.53, p=216.0, v=0.000, a=0.0, phase=INFLATING
2026-09-02 13:58:35,461 - DVPTest - DEBUG - 物理分类结果: STABLE
2026-09-02 13:58:35,461 - DVPTest - DEBUG - process_data: t=15.62, p=216.0, v=0.000, a=0.0, phase=INFLATING
2026-09-02 13:58:35,461 - DVPTest - DEBUG - 物理分类结果: STABLE
2026-09-02 13:58:35,463 - DVPTest - DEBUG - process_data: t=15.73, p=216.0, v=0.000, a=0.0, phase=INFLATING
2026-09-02 13:58:35,463 - DVPTest - DEBUG - 物理分类结果: STABLE
2026-09-02 13:58:35,463 - DVPTest - DEBUG - process_data: t=15.83, p=216.0, v=0.000, a=0.0, phase=INFLATING
2026-09-02 13:58:35,464 - DVPTest - DEBUG - 物理分类结果: STABLE
2026-09-02 13:58:35,464 - DVPTest - DEBUG - process_data: t=15.93, p=216.0, v=0.000, a=0.0, phase=INFLATING
2026-09-02 13:58:35,464 - DVPTest - DEBUG - 物理分类结果: STABLE
2026-09-02 13:58:35,464 - DVPTest - DEBUG - process_data: t=16.02, p=216.0, v=0.000, a=0.0, phase=INFLATING
2026-09-02 13:58:35,465 - DVPTest - DEBUG - 物理分类结果: STABLE
2026-09-02 13:58:35,465 - DVPTest - DEBUG - process_data: t=16.13, p=216.0, v=0.000, a=0.0, phase=INFLATING
2026-09-02 13:58:35,465 - DVPTest - DEBUG - 物理分类结果: STABLE
2026-09-02 13:58:35,466 - DVPTest - DEBUG - process_data: t=16.23, p=216.0, v=0.000, a=0.0, phase=INFLATING
2026-09-02 13:58:35,466 - DVPTest - DEBUG - 物理分类结果: STABLE
2026-09-02 13:58:35,467 - DVPTest - DEBUG - process_data: t=16.32, p=216.0, v=0.000, a=0.0, phase=INFLATING
2026-09-02 13:58:35,467 - DVPTest - DEBUG - 物理分类结果: STABLE
2026-09-02 13:58:35,467 - DVPTest - DEBUG - process_data: t=16.43, p=216.0, v=0.000, a=0.0, phase=INFLATING
2026-09-02 13:58:35,467 - DVPTest - DEBUG - 物理分类结果: STABLE
2026-09-02 13:58:35,468 - DVPTest - DEBUG - process_data: t=16.53, p=216.0, v=0.000, a=0.0, phase=INFLATING
2026-09-02 13:58:35,468 - DVPTest - DEBUG - 物理分类结果: STABLE
2026-09-02 13:58:35,468 - DVPTest - DEBUG - process_data: t=16.63, p=216.0, v=0.000, a=0.0, phase=INFLATING
2026-09-02 13:58:35,469 - DVPTest - DEBUG - 物理分类结果: STABLE
2026-09-02 13:58:35,469 - DVPTest - DEBUG - process_data: t=16.72, p=216.0, v=0.000, a=0.0, phase=INFLATING
2026-09-02 13:58:35,469 - DVPTest - DEBUG - 物理分类结果: STABLE
2026-09-02 13:58:35,470 - DVPTest - DEBUG - process_data: t=16.84, p=216.0, v=0.000, a=0.0, phase=INFLATING
2026-09-02 13:58:35,470 - DVPTest - DEBUG - 物理分类结果: STABLE
2026-09-02 13:58:35,470 - DVPTest - DEBUG - process_data: t=16.93, p=216.0, v=0.000, a=0.0, phase=INFLATING
2026-09-02 13:58:35,471 - DVPTest - DEBUG - 物理分类结果: STABLE
2026-09-02 13:58:35,471 - DVPTest - DEBUG - process_data: t=17.03, p=216.0, v=0.000, a=0.0, phase=INFLATING
2026-09-02 13:58:35,472 - DVPTest - DEBUG - 物理分类结果: STABLE
2026-09-02 13:58:35,472 - DVPTest - DEBUG - process_data: t=17.12, p=216.0, v=0.000, a=0.0, phase=INFLATING
2026-09-02 13:58:35,472 - DVPTest - DEBUG - 物理分类结果: STABLE
2026-09-02 13:58:35,473 - DVPTest - DEBUG - process_data: t=17.23, p=216.0, v=0.000, a=0.0, phase=INFLATING
2026-09-02 13:58:35,473 - DVPTest - DEBUG - 物理分类结果: STABLE
2026-09-02 13:58:35,474 - DVPTest - DEBUG - process_data: t=17.33, p=216.0, v=0.000, a=0.0, phase=INFLATING
2026-09-02 13:58:35,474 - DVPTest - DEBUG - 物理分类结果: STABLE
2026-09-02 13:58:35,474 - DVPTest - DEBUG - process_data: t=17.43, p=216.0, v=0.000, a=0.0, phase=INFLATING
2026-09-02 13:58:35,476 - DVPTest - DEBUG - 物理分类结果: STABLE
2026-09-02 13:58:35,476 - DVPTest - DEBUG - process_data: t=17.52, p=216.0, v=0.000, a=0.0, phase=INFLATING
2026-09-02 13:58:35,476 - DVPTest - DEBUG - 物理分类结果: STABLE
2026-09-02 13:58:35,477 - DVPTest - DEBUG - process_data: t=17.63, p=216.0, v=0.000, a=0.0, phase=INFLATING
2026-09-02 13:58:35,477 - DVPTest - DEBUG - 物理分类结果: STABLE
2026-09-02 13:58:35,477 - DVPTest - DEBUG - process_data: t=17.73, p=216.0, v=0.000, a=0.0, phase=INFLATING
2026-09-02 13:58:35,478 - DVPTest - DEBUG - 物理分类结果: STABLE
2026-09-02 13:58:35,478 - DVPTest - DEBUG - process_data: t=17.83, p=216.0, v=0.000, a=0.0, phase=INFLATING
2026-09-02 13:58:35,478 - DVPTest - DEBUG - 物理分类结果: STABLE
2026-09-02 13:58:35,479 - DVPTest - DEBUG - process_data: t=17.92, p=216.0, v=0.000, a=0.0, phase=INFLATING
2026-09-02 13:58:35,479 - DVPTest - DEBUG - 物理分类结果: STABLE
2026-09-02 13:58:35,479 - DVPTest - DEBUG - process_data: t=18.04, p=216.0, v=0.000, a=0.0, phase=INFLATING
2026-09-02 13:58:35,479 - DVPTest - DEBUG - 物理分类结果: STABLE
2026-09-02 13:58:35,480 - DVPTest - DEBUG - process_data: t=18.13, p=216.0, v=0.000, a=0.0, phase=INFLATING
2026-09-02 13:58:35,480 - DVPTest - DEBUG - 物理分类结果: STABLE
2026-09-02 13:58:35,480 - DVPTest - DEBUG - process_data: t=18.23, p=216.0, v=0.000, a=0.0, phase=INFLATING
2026-09-02 13:58:35,480 - DVPTest - DEBUG - 物理分类结果: STABLE
2026-09-02 13:58:35,481 - DVPTest - DEBUG - process_data: t=18.32, p=216.0, v=0.000, a=0.0, phase=INFLATING
2026-09-02 13:58:35,481 - DVPTest - DEBUG - 物理分类结果: STABLE
2026-09-02 13:58:35,481 - DVPTest - DEBUG - process_data: t=18.43, p=216.0, v=0.000, a=0.0, phase=INFLATING
2026-09-02 13:58:35,481 - DVPTest - DEBUG - 物理分类结果: STABLE
2026-09-02 13:58:35,482 - DVPTest - DEBUG - process_data: t=18.53, p=216.0, v=0.000, a=0.0, phase=INFLATING
2026-09-02 13:58:35,482 - DVPTest - DEBUG - 物理分类结果: STABLE
2026-09-02 13:58:35,482 - DVPTest - DEBUG - process_data: t=18.62, p=216.0, v=0.000, a=0.0, phase=INFLATING
2026-09-02 13:58:35,483 - DVPTest - DEBUG - 物理分类结果: STABLE
2026-09-02 13:58:35,483 - DVPTest - DEBUG - process_data: t=18.72, p=216.0, v=0.000, a=0.0, phase=INFLATING
2026-09-02 13:58:35,483 - DVPTest - DEBUG - 物理分类结果: STABLE
2026-09-02 13:58:35,483 - DVPTest - DEBUG - process_data: t=18.83, p=216.0, v=0.000, a=0.0, phase=INFLATING
2026-09-02 13:58:35,484 - DVPTest - DEBUG - 物理分类结果: STABLE
2026-09-02 13:58:35,484 - DVPTest - DEBUG - process_data: t=18.93, p=216.0, v=0.000, a=0.0, phase=INFLATING
2026-09-02 13:58:35,484 - DVPTest - DEBUG - 物理分类结果: STABLE
2026-09-02 13:58:35,484 - DVPTest - DEBUG - process_data: t=19.02, p=216.0, v=0.000, a=0.0, phase=INFLATING
2026-09-02 13:58:35,485 - DVPTest - DEBUG - 物理分类结果: STABLE
2026-09-02 13:58:35,485 - DVPTest - DEBUG - process_data: t=19.14, p=216.0, v=0.000, a=0.0, phase=INFLATING
2026-09-02 13:58:35,485 - DVPTest - DEBUG - 物理分类结果: STABLE
2026-09-02 13:58:35,485 - DVPTest - DEBUG - process_data: t=19.23, p=216.0, v=0.000, a=0.0, phase=INFLATING
2026-09-02 13:58:35,486 - DVPTest - DEBUG - 物理分类结果: STABLE
2026-09-02 13:58:35,486 - DVPTest - DEBUG - process_data: t=19.33, p=216.0, v=0.000, a=0.0, phase=INFLATING
2026-09-02 13:58:35,486 - DVPTest - DEBUG - 物理分类结果: STABLE
2026-09-02 13:58:35,486 - DVPTest - DEBUG - process_data: t=19.42, p=216.0, v=0.000, a=0.0, phase=INFLATING
2026-09-02 13:58:35,487 - DVPTest - DEBUG - 物理分类结果: STABLE
2026-09-02 13:58:35,487 - DVPTest - DEBUG - process_data: t=19.54, p=216.0, v=0.000, a=0.0, phase=INFLATING
2026-09-02 13:58:35,487 - DVPTest - DEBUG - 物理分类结果: STABLE
2026-09-02 13:58:35,489 - DVPTest - DEBUG - process_data: t=19.63, p=216.0, v=0.000, a=0.0, phase=INFLATING
2026-09-02 13:58:35,489 - DVPTest - DEBUG - 物理分类结果: STABLE
2026-09-02 13:58:35,489 - DVPTest - DEBUG - process_data: t=19.73, p=216.0, v=0.000, a=0.0, phase=INFLATING
2026-09-02 13:58:35,490 - DVPTest - DEBUG - 物理分类结果: STABLE
2026-09-02 13:58:35,491 - DVPTest - DEBUG - process_data: t=19.82, p=216.0, v=0.000, a=0.0, phase=INFLATING
2026-09-02 13:58:35,493 - DVPTest - DEBUG - 物理分类结果: STABLE
2026-09-02 13:58:35,493 - DVPTest - DEBUG - process_data: t=19.93, p=216.0, v=0.000, a=0.0, phase=INFLATING
2026-09-02 13:58:35,494 - DVPTest - DEBUG - 物理分类结果: STABLE
2026-09-02 13:58:35,494 - DVPTest - DEBUG - process_data: t=20.03, p=216.0, v=0.000, a=0.0, phase=INFLATING
2026-09-02 13:58:35,494 - DVPTest - DEBUG - 物理分类结果: STABLE
2026-09-02 13:58:35,494 - DVPTest - DEBUG - process_data: t=20.13, p=216.0, v=0.000, a=0.0, phase=INFLATING
2026-09-02 13:58:35,495 - DVPTest - DEBUG - 物理分类结果: STABLE
2026-09-02 13:58:35,495 - DVPTest - DEBUG - process_data: t=20.22, p=216.0, v=0.000, a=0.0, phase=INFLATING
2026-09-02 13:58:35,495 - DVPTest - DEBUG - 物理分类结果: STABLE
2026-09-02 13:58:35,496 - DVPTest - DEBUG - process_data: t=20.33, p=216.0, v=0.000, a=0.0, phase=INFLATING
2026-09-02 13:58:35,496 - DVPTest - DEBUG - 物理分类结果: STABLE
2026-09-02 13:58:35,496 - DVPTest - DEBUG - process_data: t=20.43, p=216.0, v=0.000, a=0.0, phase=INFLATING
2026-09-02 13:58:35,496 - DVPTest - DEBUG - 物理分类结果: STABLE
2026-09-02 13:58:35,497 - DVPTest - DEBUG - process_data: t=20.52, p=216.0, v=0.000, a=0.0, phase=INFLATING
2026-09-02 13:58:35,497 - DVPTest - DEBUG - 物理分类结果: STABLE
2026-09-02 13:58:35,497 - DVPTest - DEBUG - process_data: t=20.62, p=216.0, v=0.000, a=0.0, phase=INFLATING
2026-09-02 13:58:35,497 - DVPTest - DEBUG - 物理分类结果: STABLE
2026-09-02 13:58:35,498 - DVPTest - DEBUG - process_data: t=20.73, p=216.0, v=0.000, a=0.0, phase=INFLATING
2026-09-02 13:58:35,498 - DVPTest - DEBUG - 物理分类结果: STABLE
2026-09-02 13:58:35,498 - DVPTest - DEBUG - process_data: t=20.83, p=216.0, v=0.000, a=0.0, phase=INFLATING
2026-09-02 13:58:35,499 - DVPTest - DEBUG - 物理分类结果: STABLE
2026-09-02 13:58:35,499 - DVPTest - DEBUG - process_data: t=20.93, p=216.0, v=0.000, a=0.0, phase=INFLATING
2026-09-02 13:58:35,499 - DVPTest - DEBUG - 物理分类结果: STABLE
2026-09-02 13:58:35,499 - DVPTest - DEBUG - process_data: t=21.02, p=216.0, v=0.000, a=0.0, phase=INFLATING
2026-09-02 13:58:35,500 - DVPTest - DEBUG - 物理分类结果: STABLE
2026-09-02 13:58:35,500 - DVPTest - DEBUG - process_data: t=21.13, p=216.0, v=0.000, a=0.0, phase=INFLATING
2026-09-02 13:58:35,500 - DVPTest - DEBUG - 物理分类结果: STABLE
2026-09-02 13:58:35,501 - DVPTest - DEBUG - process_data: t=21.23, p=216.0, v=0.000, a=0.0, phase=INFLATING
2026-09-02 13:58:35,501 - DVPTest - DEBUG - 物理分类结果: STABLE
2026-09-02 13:58:35,501 - DVPTest - DEBUG - process_data: t=21.32, p=216.0, v=0.000, a=0.0, phase=INFLATING
2026-09-02 13:58:35,502 - DVPTest - DEBUG - 物理分类结果: STABLE
2026-09-02 13:58:35,502 - DVPTest - DEBUG - process_data: t=21.43, p=216.0, v=0.000, a=0.0, phase=INFLATING
2026-09-02 13:58:35,502 - DVPTest - DEBUG - 物理分类结果: STABLE
2026-09-02 13:58:35,502 - DVPTest - DEBUG - process_data: t=21.53, p=216.0, v=0.000, a=0.0, phase=INFLATING
2026-09-02 13:58:35,502 - DVPTest - DEBUG - 物理分类结果: STABLE
2026-09-02 13:58:35,502 - DVPTest - DEBUG - process_data: t=21.63, p=216.0, v=0.000, a=0.0, phase=INFLATING
2026-09-02 13:58:35,504 - DVPTest - DEBUG - 物理分类结果: STABLE
2026-09-02 13:58:35,504 - DVPTest - DEBUG - process_data: t=21.73, p=216.0, v=0.000, a=0.0, phase=INFLATING
2026-09-02 13:58:35,504 - DVPTest - DEBUG - 物理分类结果: STABLE
2026-09-02 13:58:35,505 - DVPTest - DEBUG - process_data: t=21.84, p=216.0, v=0.000, a=0.0, phase=INFLATING
2026-09-02 13:58:35,505 - DVPTest - DEBUG - 物理分类结果: STABLE
2026-09-02 13:58:35,505 - DVPTest - DEBUG - process_data: t=21.93, p=215.0, v=-10.417, a=-108.5, phase=INFLATING
2026-09-02 13:58:35,506 - DVPTest - DEBUG - 物理分类结果: DEFLATING
2026-09-02 13:58:35,506 - DVPTest - DEBUG - 有效泄气迹象，下降 18.0 mmHg，计数 1/3
2026-09-02 13:58:35,507 - DVPTest - DEBUG - process_data: t=22.03, p=215.0, v=0.000, a=108.5, phase=INFLATING
2026-09-02 13:58:35,508 - DVPTest - DEBUG - 物理分类结果: STABLE
2026-09-02 13:58:35,508 - DVPTest - DEBUG - process_data: t=22.13, p=215.0, v=0.000, a=0.0, phase=INFLATING
2026-09-02 13:58:35,509 - DVPTest - DEBUG - 物理分类结果: STABLE
2026-09-02 13:58:35,509 - DVPTest - DEBUG - process_data: t=22.23, p=215.0, v=0.000, a=0.0, phase=INFLATING
2026-09-02 13:58:35,509 - DVPTest - DEBUG - 物理分类结果: STABLE
2026-09-02 13:58:35,510 - DVPTest - DEBUG - process_data: t=22.33, p=215.0, v=0.000, a=0.0, phase=INFLATING
2026-09-02 13:58:35,510 - DVPTest - DEBUG - 物理分类结果: STABLE
2026-09-02 13:58:35,511 - DVPTest - DEBUG - process_data: t=22.43, p=215.0, v=0.000, a=0.0, phase=INFLATING
2026-09-02 13:58:35,511 - DVPTest - DEBUG - 物理分类结果: STABLE
2026-09-02 13:58:35,512 - DVPTest - DEBUG - process_data: t=22.52, p=215.0, v=0.000, a=0.0, phase=INFLATING
2026-09-02 13:58:35,512 - DVPTest - DEBUG - 物理分类结果: STABLE
2026-09-02 13:58:35,512 - DVPTest - DEBUG - process_data: t=22.63, p=215.0, v=0.000, a=0.0, phase=INFLATING
2026-09-02 13:58:35,512 - DVPTest - DEBUG - 物理分类结果: STABLE
2026-09-02 13:58:35,513 - DVPTest - DEBUG - process_data: t=22.73, p=216.0, v=10.417, a=108.5, phase=INFLATING
2026-09-02 13:58:35,514 - DVPTest - DEBUG - 物理分类结果: INFLATING
2026-09-02 13:58:35,514 - DVPTest - DEBUG - process_data: t=22.83, p=215.0, v=-10.417, a=-217.0, phase=INFLATING
2026-09-02 13:58:35,514 - DVPTest - DEBUG - 物理分类结果: DEFLATING
2026-09-02 13:58:35,514 - DVPTest - DEBUG - 有效泄气迹象，下降 18.0 mmHg，计数 1/3
2026-09-02 13:58:35,516 - DVPTest - DEBUG - process_data: t=22.92, p=215.0, v=0.000, a=108.5, phase=INFLATING
2026-09-02 13:58:35,516 - DVPTest - DEBUG - 物理分类结果: STABLE
2026-09-02 13:58:35,516 - DVPTest - DEBUG - process_data: t=23.03, p=216.0, v=8.929, a=79.7, phase=INFLATING
2026-09-02 13:58:35,517 - DVPTest - DEBUG - 物理分类结果: INFLATING
2026-09-02 13:58:35,517 - DVPTest - DEBUG - process_data: t=23.13, p=215.0, v=-10.417, a=-201.5, phase=INFLATING
2026-09-02 13:58:35,517 - DVPTest - DEBUG - 物理分类结果: DEFLATING
2026-09-02 13:58:35,517 - DVPTest - DEBUG - 有效泄气迹象，下降 18.0 mmHg，计数 1/3
2026-09-02 13:58:35,518 - DVPTest - DEBUG - process_data: t=23.23, p=215.0, v=0.000, a=109.6, phase=INFLATING
2026-09-02 13:58:35,518 - DVPTest - DEBUG - 物理分类结果: STABLE
2026-09-02 13:58:35,518 - DVPTest - DEBUG - process_data: t=23.32, p=215.0, v=0.000, a=0.0, phase=INFLATING
2026-09-02 13:58:35,519 - DVPTest - DEBUG - 物理分类结果: STABLE
2026-09-02 13:58:35,519 - DVPTest - DEBUG - process_data: t=23.43, p=215.0, v=0.000, a=0.0, phase=INFLATING
2026-09-02 13:58:35,519 - DVPTest - DEBUG - 物理分类结果: STABLE
2026-09-02 13:58:35,519 - DVPTest - DEBUG - process_data: t=23.53, p=215.0, v=0.000, a=0.0, phase=INFLATING
2026-09-02 13:58:35,520 - DVPTest - DEBUG - 物理分类结果: STABLE
2026-09-02 13:58:35,520 - DVPTest - DEBUG - process_data: t=23.62, p=215.0, v=0.000, a=0.0, phase=INFLATING
2026-09-02 13:58:35,520 - DVPTest - DEBUG - 物理分类结果: STABLE
2026-09-02 13:58:35,520 - DVPTest - DEBUG - process_data: t=23.74, p=215.0, v=0.000, a=0.0, phase=INFLATING
2026-09-02 13:58:35,521 - DVPTest - DEBUG - 物理分类结果: STABLE
2026-09-02 13:58:35,521 - DVPTest - DEBUG - process_data: t=23.83, p=215.0, v=0.000, a=0.0, phase=INFLATING
2026-09-02 13:58:35,522 - DVPTest - DEBUG - 物理分类结果: STABLE
2026-09-02 13:58:35,523 - DVPTest - DEBUG - process_data: t=23.93, p=215.0, v=0.000, a=0.0, phase=INFLATING
2026-09-02 13:58:35,523 - DVPTest - DEBUG - 物理分类结果: STABLE
2026-09-02 13:58:35,523 - DVPTest - DEBUG - process_data: t=24.02, p=215.0, v=0.000, a=0.0, phase=INFLATING
2026-09-02 13:58:35,524 - DVPTest - DEBUG - 物理分类结果: STABLE
2026-09-02 13:58:35,524 - DVPTest - DEBUG - process_data: t=24.14, p=215.0, v=0.000, a=0.0, phase=INFLATING
2026-09-02 13:58:35,524 - DVPTest - DEBUG - 物理分类结果: STABLE
2026-09-02 13:58:35,525 - DVPTest - DEBUG - process_data: t=24.23, p=215.0, v=0.000, a=0.0, phase=INFLATING
2026-09-02 13:58:35,525 - DVPTest - DEBUG - 物理分类结果: STABLE
2026-09-02 13:58:35,525 - DVPTest - DEBUG - process_data: t=24.33, p=215.0, v=0.000, a=0.0, phase=INFLATING
2026-09-02 13:58:35,526 - DVPTest - DEBUG - 物理分类结果: STABLE
2026-09-02 13:58:35,526 - DVPTest - DEBUG - process_data: t=24.42, p=215.0, v=0.000, a=0.0, phase=INFLATING
2026-09-02 13:58:35,527 - DVPTest - DEBUG - 物理分类结果: STABLE
2026-09-02 13:58:35,527 - DVPTest - DEBUG - process_data: t=24.54, p=215.0, v=0.000, a=0.0, phase=INFLATING
2026-09-02 13:58:35,527 - DVPTest - DEBUG - 物理分类结果: STABLE
2026-09-02 13:58:35,528 - DVPTest - DEBUG - process_data: t=24.63, p=215.0, v=0.000, a=0.0, phase=INFLATING
2026-09-02 13:58:35,528 - DVPTest - DEBUG - 物理分类结果: STABLE
2026-09-02 13:58:35,529 - DVPTest - DEBUG - process_data: t=24.73, p=215.0, v=0.000, a=0.0, phase=INFLATING
2026-09-02 13:58:35,529 - DVPTest - DEBUG - 物理分类结果: STABLE
2026-09-02 13:58:35,529 - DVPTest - DEBUG - process_data: t=24.82, p=215.0, v=0.000, a=0.0, phase=INFLATING
2026-09-02 13:58:35,531 - DVPTest - DEBUG - 物理分类结果: STABLE
2026-09-02 13:58:35,531 - DVPTest - DEBUG - process_data: t=24.93, p=215.0, v=0.000, a=0.0, phase=INFLATING
2026-09-02 13:58:35,531 - DVPTest - DEBUG - 物理分类结果: STABLE
2026-09-02 13:58:35,532 - DVPTest - DEBUG - process_data: t=25.03, p=215.0, v=0.000, a=0.0, phase=INFLATING
2026-09-02 13:58:35,532 - DVPTest - DEBUG - 物理分类结果: STABLE
2026-09-02 13:58:35,532 - DVPTest - DEBUG - process_data: t=25.13, p=215.0, v=0.000, a=0.0, phase=INFLATING
2026-09-02 13:58:35,533 - DVPTest - DEBUG - 物理分类结果: STABLE
2026-09-02 13:58:35,533 - DVPTest - DEBUG - process_data: t=25.22, p=215.0, v=0.000, a=0.0, phase=INFLATING
2026-09-02 13:58:35,533 - DVPTest - DEBUG - 物理分类结果: STABLE
2026-09-02 13:58:35,534 - DVPTest - DEBUG - process_data: t=25.33, p=215.0, v=0.000, a=0.0, phase=INFLATING
2026-09-02 13:58:35,534 - DVPTest - DEBUG - 物理分类结果: STABLE
2026-09-02 13:58:35,534 - DVPTest - DEBUG - process_data: t=25.43, p=215.0, v=0.000, a=0.0, phase=INFLATING
2026-09-02 13:58:35,534 - DVPTest - DEBUG - 物理分类结果: STABLE
2026-09-02 13:58:35,535 - DVPTest - DEBUG - process_data: t=25.53, p=215.0, v=0.000, a=0.0, phase=INFLATING
2026-09-02 13:58:35,535 - DVPTest - DEBUG - 物理分类结果: STABLE
2026-09-02 13:58:35,535 - DVPTest - DEBUG - process_data: t=25.64, p=215.0, v=0.000, a=0.0, phase=INFLATING
2026-09-02 13:58:35,536 - DVPTest - DEBUG - 物理分类结果: STABLE
2026-09-02 13:58:35,536 - DVPTest - DEBUG - process_data: t=25.73, p=215.0, v=0.000, a=0.0, phase=INFLATING
2026-09-02 13:58:35,536 - DVPTest - DEBUG - 物理分类结果: STABLE
2026-09-02 13:58:35,537 - DVPTest - DEBUG - process_data: t=25.83, p=215.0, v=0.000, a=0.0, phase=INFLATING
2026-09-02 13:58:35,537 - DVPTest - DEBUG - 物理分类结果: STABLE
2026-09-02 13:58:35,538 - DVPTest - DEBUG - process_data: t=25.93, p=215.0, v=0.000, a=0.0, phase=INFLATING
2026-09-02 13:58:35,539 - DVPTest - DEBUG - 物理分类结果: STABLE
2026-09-02 13:58:35,540 - DVPTest - DEBUG - process_data: t=26.04, p=215.0, v=0.000, a=0.0, phase=INFLATING
2026-09-02 13:58:35,540 - DVPTest - DEBUG - 物理分类结果: STABLE
2026-09-02 13:58:35,540 - DVPTest - DEBUG - process_data: t=26.13, p=215.0, v=0.000, a=0.0, phase=INFLATING
2026-09-02 13:58:35,542 - DVPTest - DEBUG - 物理分类结果: STABLE
2026-09-02 13:58:35,542 - DVPTest - DEBUG - process_data: t=26.23, p=215.0, v=0.000, a=0.0, phase=INFLATING
2026-09-02 13:58:35,543 - DVPTest - DEBUG - 物理分类结果: STABLE
2026-09-02 13:58:35,543 - DVPTest - DEBUG - process_data: t=26.32, p=215.0, v=0.000, a=0.0, phase=INFLATING
2026-09-02 13:58:35,544 - DVPTest - DEBUG - 物理分类结果: STABLE
2026-09-02 13:58:35,544 - DVPTest - DEBUG - process_data: t=26.44, p=215.0, v=0.000, a=0.0, phase=INFLATING
2026-09-02 13:58:35,544 - DVPTest - DEBUG - 物理分类结果: STABLE
2026-09-02 13:58:35,545 - DVPTest - DEBUG - process_data: t=26.53, p=215.0, v=0.000, a=0.0, phase=INFLATING
2026-09-02 13:58:35,545 - DVPTest - DEBUG - 物理分类结果: STABLE
2026-09-02 13:58:35,545 - DVPTest - DEBUG - process_data: t=26.63, p=215.0, v=0.000, a=0.0, phase=INFLATING
2026-09-02 13:58:35,546 - DVPTest - DEBUG - 物理分类结果: STABLE
2026-09-02 13:58:35,546 - DVPTest - DEBUG - process_data: t=26.72, p=215.0, v=0.000, a=0.0, phase=INFLATING
2026-09-02 13:58:35,546 - DVPTest - DEBUG - 物理分类结果: STABLE
2026-09-02 13:58:35,547 - DVPTest - DEBUG - process_data: t=26.84, p=215.0, v=0.000, a=0.0, phase=INFLATING
2026-09-02 13:58:35,547 - DVPTest - DEBUG - 物理分类结果: STABLE
2026-09-02 13:58:35,547 - DVPTest - DEBUG - process_data: t=26.93, p=215.0, v=0.000, a=0.0, phase=INFLATING
2026-09-02 13:58:35,555 - DVPTest - DEBUG - 物理分类结果: STABLE
2026-09-02 13:58:35,556 - DVPTest - DEBUG - process_data: t=27.03, p=215.0, v=0.000, a=0.0, phase=INFLATING
2026-09-02 13:58:35,557 - DVPTest - DEBUG - 物理分类结果: STABLE
2026-09-02 13:58:35,558 - DVPTest - DEBUG - process_data: t=27.12, p=215.0, v=0.000, a=0.0, phase=INFLATING
2026-09-02 13:58:35,560 - DVPTest - DEBUG - 物理分类结果: STABLE
2026-09-02 13:58:35,561 - DVPTest - DEBUG - process_data: t=27.24, p=215.0, v=0.000, a=0.0, phase=INFLATING
2026-09-02 13:58:35,562 - DVPTest - DEBUG - 物理分类结果: STABLE
2026-09-02 13:58:35,562 - DVPTest - DEBUG - process_data: t=27.33, p=215.0, v=0.000, a=0.0, phase=INFLATING
2026-09-02 13:58:35,563 - DVPTest - DEBUG - 物理分类结果: STABLE
2026-09-02 13:58:35,565 - DVPTest - DEBUG - process_data: t=27.43, p=215.0, v=0.000, a=0.0, phase=INFLATING
2026-09-02 13:58:35,566 - DVPTest - DEBUG - 物理分类结果: STABLE
2026-09-02 13:58:35,566 - DVPTest - DEBUG - process_data: t=27.54, p=215.0, v=0.000, a=0.0, phase=INFLATING
2026-09-02 13:58:35,567 - DVPTest - DEBUG - 物理分类结果: STABLE
2026-09-02 13:58:35,568 - DVPTest - DEBUG - process_data: t=27.64, p=215.0, v=0.000, a=0.0, phase=INFLATING
2026-09-02 13:58:35,570 - DVPTest - DEBUG - 物理分类结果: STABLE
2026-09-02 13:58:35,572 - DVPTest - DEBUG - process_data: t=27.73, p=215.0, v=0.000, a=0.0, phase=INFLATING
2026-09-02 13:58:35,573 - DVPTest - DEBUG - 物理分类结果: STABLE
2026-09-02 13:58:35,573 - DVPTest - DEBUG - process_data: t=27.83, p=215.0, v=0.000, a=0.0, phase=INFLATING
2026-09-02 13:58:35,574 - DVPTest - DEBUG - 物理分类结果: STABLE
2026-09-02 13:58:35,575 - DVPTest - DEBUG - process_data: t=27.94, p=215.0, v=0.000, a=0.0, phase=INFLATING
2026-09-02 13:58:35,577 - DVPTest - DEBUG - 物理分类结果: STABLE
2026-09-02 13:58:35,578 - DVPTest - DEBUG - process_data: t=28.03, p=215.0, v=0.000, a=0.0, phase=INFLATING
2026-09-02 13:58:35,578 - DVPTest - DEBUG - 物理分类结果: STABLE
2026-09-02 13:58:35,579 - DVPTest - DEBUG - process_data: t=28.13, p=215.0, v=0.000, a=0.0, phase=INFLATING
2026-09-02 13:58:35,580 - DVPTest - DEBUG - 物理分类结果: STABLE
2026-09-02 13:58:35,580 - DVPTest - DEBUG - process_data: t=28.23, p=215.0, v=0.000, a=0.0, phase=INFLATING
2026-09-02 13:58:35,580 - DVPTest - DEBUG - 物理分类结果: STABLE
2026-09-02 13:58:35,581 - DVPTest - DEBUG - process_data: t=28.34, p=215.0, v=0.000, a=0.0, phase=INFLATING
2026-09-02 13:58:35,581 - DVPTest - DEBUG - 物理分类结果: STABLE
2026-09-02 13:58:35,582 - DVPTest - DEBUG - process_data: t=28.43, p=215.0, v=0.000, a=0.0, phase=INFLATING
2026-09-02 13:58:35,582 - DVPTest - DEBUG - 物理分类结果: STABLE
2026-09-02 13:58:35,585 - DVPTest - DEBUG - process_data: t=28.53, p=215.0, v=0.000, a=0.0, phase=INFLATING
2026-09-02 13:58:35,585 - DVPTest - DEBUG - 物理分类结果: STABLE
2026-09-02 13:58:35,586 - DVPTest - DEBUG - process_data: t=28.62, p=215.0, v=0.000, a=0.0, phase=INFLATING
2026-09-02 13:58:35,587 - DVPTest - DEBUG - 物理分类结果: STABLE
2026-09-02 13:58:35,587 - DVPTest - DEBUG - process_data: t=28.74, p=215.0, v=0.000, a=0.0, phase=INFLATING
2026-09-02 13:58:35,588 - DVPTest - DEBUG - 物理分类结果: STABLE
2026-09-02 13:58:35,588 - DVPTest - DEBUG - process_data: t=28.83, p=215.0, v=0.000, a=0.0, phase=INFLATING
2026-09-02 13:58:35,589 - DVPTest - DEBUG - 物理分类结果: STABLE
2026-09-02 13:58:35,589 - DVPTest - DEBUG - process_data: t=28.93, p=215.0, v=0.000, a=0.0, phase=INFLATING
2026-09-02 13:58:35,590 - DVPTest - DEBUG - 物理分类结果: STABLE
2026-09-02 13:58:35,590 - DVPTest - DEBUG - process_data: t=29.02, p=215.0, v=0.000, a=0.0, phase=INFLATING
2026-09-02 13:58:35,591 - DVPTest - DEBUG - 物理分类结果: STABLE
2026-09-02 13:58:35,591 - DVPTest - DEBUG - process_data: t=29.14, p=215.0, v=0.000, a=0.0, phase=INFLATING
2026-09-02 13:58:35,591 - DVPTest - DEBUG - 物理分类结果: STABLE
2026-09-02 13:58:35,592 - DVPTest - DEBUG - process_data: t=29.23, p=215.0, v=0.000, a=0.0, phase=INFLATING
2026-09-02 13:58:35,592 - DVPTest - DEBUG - 物理分类结果: STABLE
2026-09-02 13:58:35,592 - DVPTest - DEBUG - process_data: t=29.33, p=215.0, v=0.000, a=0.0, phase=INFLATING
2026-09-02 13:58:35,593 - DVPTest - DEBUG - 物理分类结果: STABLE
2026-09-02 13:58:35,593 - DVPTest - DEBUG - process_data: t=29.42, p=215.0, v=0.000, a=0.0, phase=INFLATING
2026-09-02 13:58:35,594 - DVPTest - DEBUG - 物理分类结果: STABLE
2026-09-02 13:58:35,594 - DVPTest - DEBUG - process_data: t=29.54, p=215.0, v=0.000, a=0.0, phase=INFLATING
2026-09-02 13:58:35,594 - DVPTest - DEBUG - 物理分类结果: STABLE
2026-09-02 13:58:35,595 - DVPTest - DEBUG - process_data: t=29.65, p=215.0, v=0.000, a=0.0, phase=INFLATING
2026-09-02 13:58:35,597 - DVPTest - DEBUG - 物理分类结果: STABLE
2026-09-02 13:58:35,598 - DVPTest - DEBUG - process_data: t=29.73, p=215.0, v=0.000, a=0.0, phase=INFLATING
2026-09-02 13:58:35,598 - DVPTest - DEBUG - 物理分类结果: STABLE
2026-09-02 13:58:35,600 - DVPTest - DEBUG - process_data: t=29.84, p=215.0, v=0.000, a=0.0, phase=INFLATING
2026-09-02 13:58:35,601 - DVPTest - DEBUG - 物理分类结果: STABLE
2026-09-02 13:58:35,603 - DVPTest - DEBUG - process_data: t=29.93, p=215.0, v=0.000, a=0.0, phase=INFLATING
2026-09-02 13:58:35,604 - DVPTest - DEBUG - 物理分类结果: STABLE
2026-09-02 13:58:35,605 - DVPTest - DEBUG - process_data: t=30.03, p=215.0, v=0.000, a=0.0, phase=INFLATING
2026-09-02 13:58:35,607 - DVPTest - DEBUG - 物理分类结果: STABLE
2026-09-02 13:58:35,608 - DVPTest - DEBUG - process_data: t=30.13, p=215.0, v=0.000, a=0.0, phase=INFLATING
2026-09-02 13:58:35,609 - DVPTest - DEBUG - 物理分类结果: STABLE
2026-09-02 13:58:35,610 - DVPTest - DEBUG - process_data: t=30.24, p=215.0, v=0.000, a=0.0, phase=INFLATING
2026-09-02 13:58:35,611 - DVPTest - DEBUG - 物理分类结果: STABLE
2026-09-02 13:58:35,611 - DVPTest - DEBUG - process_data: t=30.33, p=215.0, v=0.000, a=0.0, phase=INFLATING
2026-09-02 13:58:35,612 - DVPTest - DEBUG - 物理分类结果: STABLE
2026-09-02 13:58:35,613 - DVPTest - DEBUG - process_data: t=30.43, p=215.0, v=0.000, a=0.0, phase=INFLATING
2026-09-02 13:58:35,613 - DVPTest - DEBUG - 物理分类结果: STABLE
2026-09-02 13:58:35,613 - DVPTest - DEBUG - process_data: t=30.53, p=215.0, v=0.000, a=0.0, phase=INFLATING
2026-09-02 13:58:35,614 - DVPTest - DEBUG - 物理分类结果: STABLE
2026-09-02 13:58:35,615 - DVPTest - DEBUG - process_data: t=30.64, p=215.0, v=0.000, a=0.0, phase=INFLATING
2026-09-02 13:58:35,615 - DVPTest - DEBUG - 物理分类结果: STABLE
2026-09-02 13:58:35,615 - DVPTest - DEBUG - process_data: t=30.73, p=215.0, v=0.000, a=0.0, phase=INFLATING
2026-09-02 13:58:35,616 - DVPTest - DEBUG - 物理分类结果: STABLE
2026-09-02 13:58:35,616 - DVPTest - DEBUG - process_data: t=30.83, p=215.0, v=0.000, a=0.0, phase=INFLATING
2026-09-02 13:58:35,617 - DVPTest - DEBUG - 物理分类结果: STABLE
2026-09-02 13:58:35,617 - DVPTest - DEBUG - process_data: t=30.93, p=215.0, v=0.000, a=0.0, phase=INFLATING
2026-09-02 13:58:35,617 - DVPTest - DEBUG - 物理分类结果: STABLE
2026-09-02 13:58:35,618 - DVPTest - DEBUG - process_data: t=31.04, p=215.0, v=0.000, a=0.0, phase=INFLATING
2026-09-02 13:58:35,618 - DVPTest - DEBUG - 物理分类结果: STABLE
2026-09-02 13:58:35,618 - DVPTest - DEBUG - process_data: t=31.13, p=215.0, v=0.000, a=0.0, phase=INFLATING
2026-09-02 13:58:35,618 - DVPTest - DEBUG - 物理分类结果: STABLE
2026-09-02 13:58:35,620 - DVPTest - DEBUG - process_data: t=31.23, p=215.0, v=0.000, a=0.0, phase=INFLATING
2026-09-02 13:58:35,620 - DVPTest - DEBUG - 物理分类结果: STABLE
2026-09-02 13:58:35,620 - DVPTest - DEBUG - process_data: t=31.32, p=215.0, v=0.000, a=0.0, phase=INFLATING
2026-09-02 13:58:35,621 - DVPTest - DEBUG - 物理分类结果: STABLE
2026-09-02 13:58:35,621 - DVPTest - DEBUG - process_data: t=31.44, p=215.0, v=0.000, a=0.0, phase=INFLATING
2026-09-02 13:58:35,622 - DVPTest - DEBUG - 物理分类结果: STABLE
2026-09-02 13:58:35,622 - DVPTest - DEBUG - process_data: t=31.53, p=215.0, v=0.000, a=0.0, phase=INFLATING
2026-09-02 13:58:35,623 - DVPTest - DEBUG - 物理分类结果: STABLE
2026-09-02 13:58:35,623 - DVPTest - DEBUG - process_data: t=31.63, p=215.0, v=0.000, a=0.0, phase=INFLATING
2026-09-02 13:58:35,624 - DVPTest - DEBUG - 物理分类结果: STABLE
2026-09-02 13:58:35,624 - DVPTest - DEBUG - process_data: t=31.73, p=215.0, v=0.000, a=0.0, phase=INFLATING
2026-09-02 13:58:35,625 - DVPTest - DEBUG - 物理分类结果: STABLE
2026-09-02 13:58:35,625 - DVPTest - DEBUG - process_data: t=31.84, p=215.0, v=0.000, a=0.0, phase=INFLATING
2026-09-02 13:58:35,626 - DVPTest - DEBUG - 物理分类结果: STABLE
2026-09-02 13:58:35,626 - DVPTest - DEBUG - process_data: t=31.93, p=215.0, v=0.000, a=0.0, phase=INFLATING
2026-09-02 13:58:35,626 - DVPTest - DEBUG - 物理分类结果: STABLE
2026-09-02 13:58:35,627 - DVPTest - DEBUG - process_data: t=32.03, p=215.0, v=0.000, a=0.0, phase=INFLATING
2026-09-02 13:58:35,627 - DVPTest - DEBUG - 物理分类结果: STABLE
2026-09-02 13:58:35,628 - DVPTest - DEBUG - process_data: t=32.14, p=215.0, v=0.000, a=0.0, phase=INFLATING
2026-09-02 13:58:35,628 - DVPTest - DEBUG - 物理分类结果: STABLE
2026-09-02 13:58:35,628 - DVPTest - DEBUG - process_data: t=32.23, p=215.0, v=0.000, a=0.0, phase=INFLATING
2026-09-02 13:58:35,629 - DVPTest - DEBUG - 物理分类结果: STABLE
2026-09-02 13:58:35,629 - DVPTest - DEBUG - process_data: t=32.33, p=215.0, v=0.000, a=0.0, phase=INFLATING
2026-09-02 13:58:35,629 - DVPTest - DEBUG - 物理分类结果: STABLE
2026-09-02 13:58:35,630 - DVPTest - DEBUG - process_data: t=32.43, p=215.0, v=0.000, a=0.0, phase=INFLATING
2026-09-02 13:58:35,630 - DVPTest - DEBUG - 物理分类结果: STABLE
2026-09-02 13:58:35,630 - DVPTest - DEBUG - process_data: t=32.54, p=215.0, v=0.000, a=0.0, phase=INFLATING
2026-09-02 13:58:35,631 - DVPTest - DEBUG - 物理分类结果: STABLE
2026-09-02 13:58:35,631 - DVPTest - DEBUG - process_data: t=32.63, p=215.0, v=0.000, a=0.0, phase=INFLATING
2026-09-02 13:58:35,631 - DVPTest - DEBUG - 物理分类结果: STABLE
2026-09-02 13:58:35,632 - DVPTest - DEBUG - process_data: t=32.73, p=215.0, v=0.000, a=0.0, phase=INFLATING
2026-09-02 13:58:35,632 - DVPTest - DEBUG - 物理分类结果: STABLE
2026-09-02 13:58:35,632 - DVPTest - DEBUG - process_data: t=32.83, p=215.0, v=0.000, a=0.0, phase=INFLATING
2026-09-02 13:58:35,634 - DVPTest - DEBUG - 物理分类结果: STABLE
2026-09-02 13:58:35,634 - DVPTest - DEBUG - process_data: t=32.94, p=215.0, v=0.000, a=0.0, phase=INFLATING
2026-09-02 13:58:35,635 - DVPTest - DEBUG - 物理分类结果: STABLE
2026-09-02 13:58:35,635 - DVPTest - DEBUG - process_data: t=33.03, p=215.0, v=0.000, a=0.0, phase=INFLATING
2026-09-02 13:58:35,635 - DVPTest - DEBUG - 物理分类结果: STABLE
2026-09-02 13:58:35,636 - DVPTest - DEBUG - process_data: t=33.13, p=215.0, v=0.000, a=0.0, phase=INFLATING
2026-09-02 13:58:35,636 - DVPTest - DEBUG - 物理分类结果: STABLE
2026-09-02 13:58:35,636 - DVPTest - DEBUG - process_data: t=33.23, p=215.0, v=0.000, a=0.0, phase=INFLATING
2026-09-02 13:58:35,637 - DVPTest - DEBUG - 物理分类结果: STABLE
2026-09-02 13:58:35,637 - DVPTest - DEBUG - process_data: t=33.34, p=215.0, v=0.000, a=0.0, phase=INFLATING
2026-09-02 13:58:35,637 - DVPTest - DEBUG - 物理分类结果: STABLE
2026-09-02 13:58:35,638 - DVPTest - DEBUG - process_data: t=33.43, p=215.0, v=0.000, a=0.0, phase=INFLATING
2026-09-02 13:58:35,638 - DVPTest - DEBUG - 物理分类结果: STABLE
2026-09-02 13:58:35,638 - DVPTest - DEBUG - process_data: t=33.53, p=215.0, v=0.000, a=0.0, phase=INFLATING
2026-09-02 13:58:35,639 - DVPTest - DEBUG - 物理分类结果: STABLE
2026-09-02 13:58:35,639 - DVPTest - DEBUG - process_data: t=33.63, p=215.0, v=0.000, a=0.0, phase=INFLATING
2026-09-02 13:58:35,640 - DVPTest - DEBUG - 物理分类结果: STABLE
2026-09-02 13:58:35,640 - DVPTest - DEBUG - process_data: t=33.74, p=215.0, v=0.000, a=0.0, phase=INFLATING
2026-09-02 13:58:35,641 - DVPTest - DEBUG - 物理分类结果: STABLE
2026-09-02 13:58:35,641 - DVPTest - DEBUG - process_data: t=33.83, p=215.0, v=0.000, a=0.0, phase=INFLATING
2026-09-02 13:58:35,642 - DVPTest - DEBUG - 物理分类结果: STABLE
2026-09-02 13:58:35,643 - DVPTest - DEBUG - process_data: t=33.93, p=215.0, v=0.000, a=0.0, phase=INFLATING
2026-09-02 13:58:35,643 - DVPTest - DEBUG - 物理分类结果: STABLE
2026-09-02 13:58:35,643 - DVPTest - DEBUG - process_data: t=34.02, p=215.0, v=0.000, a=0.0, phase=INFLATING
2026-09-02 13:58:35,644 - DVPTest - DEBUG - 物理分类结果: STABLE
2026-09-02 13:58:35,644 - DVPTest - DEBUG - process_data: t=34.14, p=215.0, v=0.000, a=0.0, phase=INFLATING
2026-09-02 13:58:35,644 - DVPTest - DEBUG - 物理分类结果: STABLE
2026-09-02 13:58:35,645 - DVPTest - DEBUG - process_data: t=34.23, p=215.0, v=0.000, a=0.0, phase=INFLATING
2026-09-02 13:58:35,645 - DVPTest - DEBUG - 物理分类结果: STABLE
2026-09-02 13:58:35,645 - DVPTest - DEBUG - process_data: t=34.33, p=215.0, v=0.000, a=0.0, phase=INFLATING
2026-09-02 13:58:35,647 - DVPTest - DEBUG - 物理分类结果: STABLE
2026-09-02 13:58:35,647 - DVPTest - DEBUG - process_data: t=34.42, p=215.0, v=0.000, a=0.0, phase=INFLATING
2026-09-02 13:58:35,647 - DVPTest - DEBUG - 物理分类结果: STABLE
2026-09-02 13:58:35,647 - DVPTest - DEBUG - process_data: t=34.54, p=215.0, v=0.000, a=0.0, phase=INFLATING
2026-09-02 13:58:35,648 - DVPTest - DEBUG - 物理分类结果: STABLE
2026-09-02 13:58:35,648 - DVPTest - DEBUG - process_data: t=34.63, p=215.0, v=0.000, a=0.0, phase=INFLATING
2026-09-02 13:58:35,648 - DVPTest - DEBUG - 物理分类结果: STABLE
2026-09-02 13:58:35,649 - DVPTest - DEBUG - process_data: t=34.73, p=215.0, v=0.000, a=0.0, phase=INFLATING
2026-09-02 13:58:35,649 - DVPTest - DEBUG - 物理分类结果: STABLE
2026-09-02 13:58:35,650 - DVPTest - DEBUG - process_data: t=34.84, p=215.0, v=0.000, a=0.0, phase=INFLATING
2026-09-02 13:58:35,650 - DVPTest - DEBUG - 物理分类结果: STABLE
2026-09-02 13:58:35,650 - DVPTest - DEBUG - process_data: t=34.94, p=215.0, v=0.000, a=0.0, phase=INFLATING
2026-09-02 13:58:35,650 - DVPTest - DEBUG - 物理分类结果: STABLE
2026-09-02 13:58:35,651 - DVPTest - DEBUG - process_data: t=35.03, p=215.0, v=0.000, a=0.0, phase=INFLATING
2026-09-02 13:58:35,651 - DVPTest - DEBUG - 物理分类结果: STABLE
2026-09-02 13:58:35,651 - DVPTest - DEBUG - process_data: t=35.13, p=215.0, v=0.000, a=0.0, phase=INFLATING
2026-09-02 13:58:35,651 - DVPTest - DEBUG - 物理分类结果: STABLE
2026-09-02 13:58:35,652 - DVPTest - DEBUG - process_data: t=35.24, p=215.0, v=0.000, a=0.0, phase=INFLATING
2026-09-02 13:58:35,652 - DVPTest - DEBUG - 物理分类结果: STABLE
2026-09-02 13:58:35,652 - DVPTest - DEBUG - process_data: t=35.34, p=215.0, v=0.000, a=0.0, phase=INFLATING
2026-09-02 13:58:35,653 - DVPTest - DEBUG - 物理分类结果: STABLE
2026-09-02 13:58:35,653 - DVPTest - DEBUG - process_data: t=35.43, p=215.0, v=0.000, a=0.0, phase=INFLATING
2026-09-02 13:58:35,653 - DVPTest - DEBUG - 物理分类结果: STABLE
2026-09-02 13:58:35,654 - DVPTest - DEBUG - process_data: t=35.53, p=215.0, v=0.000, a=0.0, phase=INFLATING
2026-09-02 13:58:35,654 - DVPTest - DEBUG - 物理分类结果: STABLE
2026-09-02 13:58:35,654 - DVPTest - DEBUG - process_data: t=35.64, p=215.0, v=0.000, a=0.0, phase=INFLATING
2026-09-02 13:58:35,655 - DVPTest - DEBUG - 物理分类结果: STABLE
2026-09-02 13:58:35,655 - DVPTest - DEBUG - process_data: t=35.73, p=215.0, v=0.000, a=0.0, phase=INFLATING
2026-09-02 13:58:35,656 - DVPTest - DEBUG - 物理分类结果: STABLE
2026-09-02 13:58:35,656 - DVPTest - DEBUG - process_data: t=35.83, p=215.0, v=0.000, a=0.0, phase=INFLATING
2026-09-02 13:58:35,657 - DVPTest - DEBUG - 物理分类结果: STABLE
2026-09-02 13:58:35,658 - DVPTest - DEBUG - process_data: t=35.93, p=215.0, v=0.000, a=0.0, phase=INFLATING
2026-09-02 13:58:35,659 - DVPTest - DEBUG - 物理分类结果: STABLE
2026-09-02 13:58:35,659 - DVPTest - DEBUG - process_data: t=36.04, p=215.0, v=0.000, a=0.0, phase=INFLATING
2026-09-02 13:58:35,660 - DVPTest - DEBUG - 物理分类结果: STABLE
2026-09-02 13:58:35,660 - DVPTest - DEBUG - process_data: t=36.13, p=215.0, v=0.000, a=0.0, phase=INFLATING
2026-09-02 13:58:35,661 - DVPTest - DEBUG - 物理分类结果: STABLE
2026-09-02 13:58:35,661 - DVPTest - DEBUG - process_data: t=36.23, p=215.0, v=0.000, a=0.0, phase=INFLATING
2026-09-02 13:58:35,662 - DVPTest - DEBUG - 物理分类结果: STABLE
2026-09-02 13:58:35,662 - DVPTest - DEBUG - process_data: t=36.33, p=215.0, v=0.000, a=0.0, phase=INFLATING
2026-09-02 13:58:35,663 - DVPTest - DEBUG - 物理分类结果: STABLE
2026-09-02 13:58:35,663 - DVPTest - DEBUG - process_data: t=36.44, p=214.0, v=-8.929, a=-79.7, phase=INFLATING
2026-09-02 13:58:35,664 - DVPTest - DEBUG - 物理分类结果: DEFLATING
2026-09-02 13:58:35,664 - DVPTest - DEBUG - 有效泄气迹象，下降 19.0 mmHg，计数 1/3
2026-09-02 13:58:35,664 - DVPTest - DEBUG - process_data: t=36.53, p=215.0, v=10.417, a=201.5, phase=INFLATING
2026-09-02 13:58:35,665 - DVPTest - DEBUG - 物理分类结果: INFLATING
2026-09-02 13:58:35,665 - DVPTest - DEBUG - process_data: t=36.63, p=214.0, v=-10.417, a=-217.0, phase=INFLATING
2026-09-02 13:58:35,665 - DVPTest - DEBUG - 物理分类结果: DEFLATING
2026-09-02 13:58:35,666 - DVPTest - DEBUG - 有效泄气迹象，下降 19.0 mmHg，计数 1/3
2026-09-02 13:58:35,666 - DVPTest - DEBUG - process_data: t=36.73, p=214.0, v=0.000, a=108.5, phase=INFLATING
2026-09-02 13:58:35,666 - DVPTest - DEBUG - 物理分类结果: STABLE
2026-09-02 13:58:35,667 - DVPTest - DEBUG - process_data: t=36.84, p=215.0, v=9.009, a=81.2, phase=INFLATING
2026-09-02 13:58:35,667 - DVPTest - DEBUG - 物理分类结果: INFLATING
2026-09-02 13:58:35,667 - DVPTest - DEBUG - process_data: t=36.93, p=214.0, v=-10.417, a=-202.4, phase=INFLATING
2026-09-02 13:58:35,668 - DVPTest - DEBUG - 物理分类结果: DEFLATING
2026-09-02 13:58:35,668 - DVPTest - DEBUG - 有效泄气迹象，下降 19.0 mmHg，计数 1/3
2026-09-02 13:58:35,669 - DVPTest - DEBUG - process_data: t=37.03, p=214.0, v=0.000, a=108.5, phase=INFLATING
2026-09-02 13:58:35,669 - DVPTest - DEBUG - 物理分类结果: STABLE
2026-09-02 13:58:35,670 - DVPTest - DEBUG - process_data: t=37.14, p=214.0, v=0.000, a=0.0, phase=INFLATING
2026-09-02 13:58:35,670 - DVPTest - DEBUG - 物理分类结果: STABLE
2026-09-02 13:58:35,670 - DVPTest - DEBUG - process_data: t=37.24, p=214.0, v=0.000, a=0.0, phase=INFLATING
2026-09-02 13:58:35,671 - DVPTest - DEBUG - 物理分类结果: STABLE
2026-09-02 13:58:35,672 - DVPTest - DEBUG - process_data: t=37.33, p=214.0, v=0.000, a=0.0, phase=INFLATING
2026-09-02 13:58:35,672 - DVPTest - DEBUG - 物理分类结果: STABLE
2026-09-02 13:58:35,673 - DVPTest - DEBUG - process_data: t=37.43, p=214.0, v=0.000, a=0.0, phase=INFLATING
2026-09-02 13:58:35,673 - DVPTest - DEBUG - 物理分类结果: STABLE
2026-09-02 13:58:35,674 - DVPTest - DEBUG - process_data: t=37.54, p=214.0, v=0.000, a=0.0, phase=INFLATING
2026-09-02 13:58:35,674 - DVPTest - DEBUG - 物理分类结果: STABLE
2026-09-02 13:58:35,676 - DVPTest - DEBUG - process_data: t=37.63, p=214.0, v=0.000, a=0.0, phase=INFLATING
2026-09-02 13:58:35,676 - DVPTest - DEBUG - 物理分类结果: STABLE
2026-09-02 13:58:35,676 - DVPTest - DEBUG - process_data: t=37.73, p=214.0, v=0.000, a=0.0, phase=INFLATING
2026-09-02 13:58:35,677 - DVPTest - DEBUG - 物理分类结果: STABLE
2026-09-02 13:58:35,677 - DVPTest - DEBUG - process_data: t=37.83, p=214.0, v=0.000, a=0.0, phase=INFLATING
2026-09-02 13:58:35,678 - DVPTest - DEBUG - 物理分类结果: STABLE
2026-09-02 13:58:35,678 - DVPTest - DEBUG - process_data: t=37.94, p=214.0, v=0.000, a=0.0, phase=INFLATING
2026-09-02 13:58:35,679 - DVPTest - DEBUG - 物理分类结果: STABLE
2026-09-02 13:58:35,679 - DVPTest - DEBUG - process_data: t=38.03, p=214.0, v=0.000, a=0.0, phase=INFLATING
2026-09-02 13:58:35,680 - DVPTest - DEBUG - 物理分类结果: STABLE
2026-09-02 13:58:35,680 - DVPTest - DEBUG - process_data: t=38.13, p=214.0, v=0.000, a=0.0, phase=INFLATING
2026-09-02 13:58:35,681 - DVPTest - DEBUG - 物理分类结果: STABLE
2026-09-02 13:58:35,681 - DVPTest - DEBUG - process_data: t=38.23, p=214.0, v=0.000, a=0.0, phase=INFLATING
2026-09-02 13:58:35,682 - DVPTest - DEBUG - 物理分类结果: STABLE
2026-09-02 13:58:35,682 - DVPTest - DEBUG - process_data: t=38.34, p=214.0, v=0.000, a=0.0, phase=INFLATING
2026-09-02 13:58:35,682 - DVPTest - DEBUG - 物理分类结果: STABLE
2026-09-02 13:58:35,683 - DVPTest - DEBUG - process_data: t=38.43, p=214.0, v=0.000, a=0.0, phase=INFLATING
2026-09-02 13:58:35,683 - DVPTest - DEBUG - 物理分类结果: STABLE
2026-09-02 13:58:35,684 - DVPTest - DEBUG - process_data: t=38.53, p=214.0, v=0.000, a=0.0, phase=INFLATING
2026-09-02 13:58:35,684 - DVPTest - DEBUG - 物理分类结果: STABLE
2026-09-02 13:58:35,685 - DVPTest - DEBUG - process_data: t=38.63, p=214.0, v=0.000, a=0.0, phase=INFLATING
2026-09-02 13:58:35,686 - DVPTest - DEBUG - 物理分类结果: STABLE
2026-09-02 13:58:35,686 - DVPTest - DEBUG - process_data: t=38.74, p=215.0, v=9.009, a=81.2, phase=INFLATING
2026-09-02 13:58:35,687 - DVPTest - DEBUG - 物理分类结果: INFLATING
2026-09-02 13:58:35,687 - DVPTest - DEBUG - process_data: t=38.83, p=215.0, v=0.000, a=-92.9, phase=INFLATING
2026-09-02 13:58:35,688 - DVPTest - DEBUG - 物理分类结果: STABLE
2026-09-02 13:58:35,688 - DVPTest - DEBUG - process_data: t=38.93, p=214.0, v=-10.526, a=-110.8, phase=INFLATING
2026-09-02 13:58:35,690 - DVPTest - DEBUG - 物理分类结果: DEFLATING
2026-09-02 13:58:35,691 - DVPTest - DEBUG - 有效泄气迹象，下降 19.0 mmHg，计数 1/3
2026-09-02 13:58:35,692 - DVPTest - DEBUG - process_data: t=39.04, p=214.0, v=0.000, a=94.8, phase=INFLATING
2026-09-02 13:58:35,692 - DVPTest - DEBUG - 物理分类结果: STABLE
2026-09-02 13:58:35,693 - DVPTest - DEBUG - process_data: t=39.14, p=214.0, v=0.000, a=0.0, phase=INFLATING
2026-09-02 13:58:35,694 - DVPTest - DEBUG - 物理分类结果: STABLE
2026-09-02 13:58:35,694 - DVPTest - DEBUG - process_data: t=39.23, p=214.0, v=0.000, a=0.0, phase=INFLATING
2026-09-02 13:58:35,695 - DVPTest - DEBUG - 物理分类结果: STABLE
2026-09-02 13:58:35,695 - DVPTest - DEBUG - process_data: t=39.33, p=214.0, v=0.000, a=0.0, phase=INFLATING
2026-09-02 13:58:35,696 - DVPTest - DEBUG - 物理分类结果: STABLE
2026-09-02 13:58:35,696 - DVPTest - DEBUG - process_data: t=39.44, p=214.0, v=0.000, a=0.0, phase=INFLATING
2026-09-02 13:58:35,697 - DVPTest - DEBUG - 物理分类结果: STABLE
2026-09-02 13:58:35,697 - DVPTest - DEBUG - process_data: t=39.54, p=214.0, v=0.000, a=0.0, phase=INFLATING
2026-09-02 13:58:35,697 - DVPTest - DEBUG - 物理分类结果: STABLE
2026-09-02 13:58:35,698 - DVPTest - DEBUG - process_data: t=39.63, p=214.0, v=0.000, a=0.0, phase=INFLATING
2026-09-02 13:58:35,698 - DVPTest - DEBUG - 物理分类结果: STABLE
2026-09-02 13:58:35,699 - DVPTest - DEBUG - process_data: t=39.73, p=214.0, v=0.000, a=0.0, phase=INFLATING
2026-09-02 13:58:35,699 - DVPTest - DEBUG - 物理分类结果: STABLE
2026-09-02 13:58:35,700 - DVPTest - DEBUG - process_data: t=39.84, p=214.0, v=0.000, a=0.0, phase=INFLATING
2026-09-02 13:58:35,700 - DVPTest - DEBUG - 物理分类结果: STABLE
2026-09-02 13:58:35,701 - DVPTest - DEBUG - process_data: t=39.94, p=214.0, v=0.000, a=0.0, phase=INFLATING
2026-09-02 13:58:35,701 - DVPTest - DEBUG - 物理分类结果: STABLE
2026-09-02 13:58:35,701 - DVPTest - DEBUG - process_data: t=40.03, p=214.0, v=0.000, a=0.0, phase=INFLATING
2026-09-02 13:58:35,702 - DVPTest - DEBUG - 物理分类结果: STABLE
2026-09-02 13:58:35,702 - DVPTest - DEBUG - process_data: t=40.13, p=214.0, v=0.000, a=0.0, phase=INFLATING
2026-09-02 13:58:35,702 - DVPTest - DEBUG - 物理分类结果: STABLE
2026-09-02 13:58:35,702 - DVPTest - DEBUG - process_data: t=40.24, p=214.0, v=0.000, a=0.0, phase=INFLATING
2026-09-02 13:58:35,702 - DVPTest - DEBUG - 物理分类结果: STABLE
2026-09-02 13:58:35,704 - DVPTest - DEBUG - process_data: t=40.34, p=214.0, v=0.000, a=0.0, phase=INFLATING
2026-09-02 13:58:35,704 - DVPTest - DEBUG - 物理分类结果: STABLE
2026-09-02 13:58:35,704 - DVPTest - DEBUG - process_data: t=40.43, p=214.0, v=0.000, a=0.0, phase=INFLATING
2026-09-02 13:58:35,705 - DVPTest - DEBUG - 物理分类结果: STABLE
2026-09-02 13:58:35,705 - DVPTest - DEBUG - process_data: t=40.53, p=214.0, v=0.000, a=0.0, phase=INFLATING
2026-09-02 13:58:35,706 - DVPTest - DEBUG - 物理分类结果: STABLE
2026-09-02 13:58:35,706 - DVPTest - DEBUG - process_data: t=40.64, p=214.0, v=0.000, a=0.0, phase=INFLATING
2026-09-02 13:58:35,707 - DVPTest - DEBUG - 物理分类结果: STABLE
2026-09-02 13:58:35,707 - DVPTest - DEBUG - process_data: t=40.73, p=214.0, v=0.000, a=0.0, phase=INFLATING
2026-09-02 13:58:35,708 - DVPTest - DEBUG - 物理分类结果: STABLE
2026-09-02 13:58:35,709 - DVPTest - DEBUG - process_data: t=40.83, p=214.0, v=0.000, a=0.0, phase=INFLATING
2026-09-02 13:58:35,709 - DVPTest - DEBUG - 物理分类结果: STABLE
2026-09-02 13:58:35,711 - DVPTest - DEBUG - process_data: t=40.93, p=214.0, v=0.000, a=0.0, phase=INFLATING
2026-09-02 13:58:35,711 - DVPTest - DEBUG - 物理分类结果: STABLE
2026-09-02 13:58:35,712 - DVPTest - DEBUG - process_data: t=41.04, p=214.0, v=0.000, a=0.0, phase=INFLATING
2026-09-02 13:58:35,712 - DVPTest - DEBUG - 物理分类结果: STABLE
2026-09-02 13:58:35,712 - DVPTest - DEBUG - process_data: t=41.13, p=214.0, v=0.000, a=0.0, phase=INFLATING
2026-09-02 13:58:35,713 - DVPTest - DEBUG - 物理分类结果: STABLE
2026-09-02 13:58:35,713 - DVPTest - DEBUG - process_data: t=41.23, p=214.0, v=0.000, a=0.0, phase=INFLATING
2026-09-02 13:58:35,714 - DVPTest - DEBUG - 物理分类结果: STABLE
2026-09-02 13:58:35,714 - DVPTest - DEBUG - process_data: t=41.34, p=214.0, v=0.000, a=0.0, phase=INFLATING
2026-09-02 13:58:35,714 - DVPTest - DEBUG - 物理分类结果: STABLE
2026-09-02 13:58:35,715 - DVPTest - DEBUG - process_data: t=41.44, p=214.0, v=0.000, a=0.0, phase=INFLATING
2026-09-02 13:58:35,715 - DVPTest - DEBUG - 物理分类结果: STABLE
2026-09-02 13:58:35,716 - DVPTest - DEBUG - process_data: t=41.53, p=214.0, v=0.000, a=0.0, phase=INFLATING
2026-09-02 13:58:35,716 - DVPTest - DEBUG - 物理分类结果: STABLE
2026-09-02 13:58:35,716 - DVPTest - DEBUG - process_data: t=41.63, p=214.0, v=0.000, a=0.0, phase=INFLATING
2026-09-02 13:58:35,717 - DVPTest - DEBUG - 物理分类结果: STABLE
2026-09-02 13:58:35,717 - DVPTest - DEBUG - process_data: t=41.74, p=214.0, v=0.000, a=0.0, phase=INFLATING
2026-09-02 13:58:35,717 - DVPTest - DEBUG - 物理分类结果: STABLE
2026-09-02 13:58:35,718 - DVPTest - DEBUG - process_data: t=41.84, p=214.0, v=0.000, a=0.0, phase=INFLATING
2026-09-02 13:58:35,718 - DVPTest - DEBUG - 物理分类结果: STABLE
2026-09-02 13:58:35,718 - DVPTest - DEBUG - process_data: t=41.93, p=214.0, v=0.000, a=0.0, phase=INFLATING
2026-09-02 13:58:35,719 - DVPTest - DEBUG - 物理分类结果: STABLE
2026-09-02 13:58:35,719 - DVPTest - DEBUG - process_data: t=42.03, p=214.0, v=0.000, a=0.0, phase=INFLATING
2026-09-02 13:58:35,719 - DVPTest - DEBUG - 物理分类结果: STABLE
2026-09-02 13:58:35,719 - DVPTest - DEBUG - process_data: t=42.14, p=214.0, v=0.000, a=0.0, phase=INFLATING
2026-09-02 13:58:35,720 - DVPTest - DEBUG - 物理分类结果: STABLE
2026-09-02 13:58:35,720 - DVPTest - DEBUG - process_data: t=42.24, p=214.0, v=0.000, a=0.0, phase=INFLATING
2026-09-02 13:58:35,721 - DVPTest - DEBUG - 物理分类结果: STABLE
2026-09-02 13:58:35,721 - DVPTest - DEBUG - process_data: t=42.33, p=214.0, v=0.000, a=0.0, phase=INFLATING
2026-09-02 13:58:35,721 - DVPTest - DEBUG - 物理分类结果: STABLE
2026-09-02 13:58:35,722 - DVPTest - DEBUG - process_data: t=42.43, p=214.0, v=0.000, a=0.0, phase=INFLATING
2026-09-02 13:58:35,722 - DVPTest - DEBUG - 物理分类结果: STABLE
2026-09-02 13:58:35,723 - DVPTest - DEBUG - process_data: t=42.54, p=214.0, v=0.000, a=0.0, phase=INFLATING
2026-09-02 13:58:35,723 - DVPTest - DEBUG - 物理分类结果: STABLE
2026-09-02 13:58:35,724 - DVPTest - DEBUG - process_data: t=42.63, p=214.0, v=0.000, a=0.0, phase=INFLATING
2026-09-02 13:58:35,725 - DVPTest - DEBUG - 物理分类结果: STABLE
2026-09-02 13:58:35,726 - DVPTest - DEBUG - process_data: t=42.73, p=214.0, v=0.000, a=0.0, phase=INFLATING
2026-09-02 13:58:35,727 - DVPTest - DEBUG - 物理分类结果: STABLE
2026-09-02 13:58:35,728 - DVPTest - DEBUG - process_data: t=42.83, p=214.0, v=0.000, a=0.0, phase=INFLATING
2026-09-02 13:58:35,729 - DVPTest - DEBUG - 物理分类结果: STABLE
2026-09-02 13:58:35,729 - DVPTest - DEBUG - process_data: t=42.94, p=214.0, v=0.000, a=0.0, phase=INFLATING
2026-09-02 13:58:35,730 - DVPTest - DEBUG - 物理分类结果: STABLE
2026-09-02 13:58:35,730 - DVPTest - DEBUG - process_data: t=43.03, p=214.0, v=0.000, a=0.0, phase=INFLATING
2026-09-02 13:58:35,731 - DVPTest - DEBUG - 物理分类结果: STABLE
2026-09-02 13:58:35,731 - DVPTest - DEBUG - process_data: t=43.13, p=214.0, v=0.000, a=0.0, phase=INFLATING
2026-09-02 13:58:35,732 - DVPTest - DEBUG - 物理分类结果: STABLE
2026-09-02 13:58:35,733 - DVPTest - DEBUG - process_data: t=43.23, p=214.0, v=0.000, a=0.0, phase=INFLATING
2026-09-02 13:58:35,734 - DVPTest - DEBUG - 物理分类结果: STABLE
2026-09-02 13:58:35,734 - DVPTest - DEBUG - process_data: t=43.34, p=214.0, v=0.000, a=0.0, phase=INFLATING
2026-09-02 13:58:35,736 - DVPTest - DEBUG - 物理分类结果: STABLE
2026-09-02 13:58:35,737 - DVPTest - DEBUG - process_data: t=43.44, p=214.0, v=0.000, a=0.0, phase=INFLATING
2026-09-02 13:58:35,738 - DVPTest - DEBUG - 物理分类结果: STABLE
2026-09-02 13:58:35,741 - DVPTest - DEBUG - process_data: t=43.53, p=214.0, v=0.000, a=0.0, phase=INFLATING
2026-09-02 13:58:35,744 - DVPTest - DEBUG - 物理分类结果: STABLE
2026-09-02 13:58:35,745 - DVPTest - DEBUG - process_data: t=43.64, p=214.0, v=0.000, a=0.0, phase=INFLATING
2026-09-02 13:58:35,746 - DVPTest - DEBUG - 物理分类结果: STABLE
2026-09-02 13:58:35,746 - DVPTest - DEBUG - process_data: t=43.74, p=214.0, v=0.000, a=0.0, phase=INFLATING
2026-09-02 13:58:35,747 - DVPTest - DEBUG - 物理分类结果: STABLE
2026-09-02 13:58:35,748 - DVPTest - DEBUG - process_data: t=43.83, p=214.0, v=0.000, a=0.0, phase=INFLATING
2026-09-02 13:58:35,748 - DVPTest - DEBUG - 物理分类结果: STABLE
2026-09-02 13:58:35,749 - DVPTest - DEBUG - process_data: t=43.93, p=214.0, v=0.000, a=0.0, phase=INFLATING
2026-09-02 13:58:35,749 - DVPTest - DEBUG - 物理分类结果: STABLE
2026-09-02 13:58:35,750 - DVPTest - DEBUG - process_data: t=44.04, p=214.0, v=0.000, a=0.0, phase=INFLATING
2026-09-02 13:58:35,751 - DVPTest - DEBUG - 物理分类结果: STABLE
2026-09-02 13:58:35,751 - DVPTest - DEBUG - process_data: t=44.14, p=214.0, v=0.000, a=0.0, phase=INFLATING
2026-09-02 13:58:35,752 - DVPTest - DEBUG - 物理分类结果: STABLE
2026-09-02 13:58:35,752 - DVPTest - DEBUG - process_data: t=44.23, p=214.0, v=0.000, a=0.0, phase=INFLATING
2026-09-02 13:58:35,753 - DVPTest - DEBUG - 物理分类结果: STABLE
2026-09-02 13:58:35,754 - DVPTest - DEBUG - process_data: t=44.33, p=214.0, v=0.000, a=0.0, phase=INFLATING
2026-09-02 13:58:35,755 - DVPTest - DEBUG - 物理分类结果: STABLE
2026-09-02 13:58:35,756 - DVPTest - DEBUG - process_data: t=44.44, p=214.0, v=0.000, a=0.0, phase=INFLATING
2026-09-02 13:58:35,757 - DVPTest - DEBUG - 物理分类结果: STABLE
2026-09-02 13:58:35,758 - DVPTest - DEBUG - process_data: t=44.54, p=214.0, v=0.000, a=0.0, phase=INFLATING
2026-09-02 13:58:35,759 - DVPTest - DEBUG - 物理分类结果: STABLE
2026-09-02 13:58:35,759 - DVPTest - DEBUG - process_data: t=44.63, p=214.0, v=0.000, a=0.0, phase=INFLATING
2026-09-02 13:58:35,760 - DVPTest - DEBUG - 物理分类结果: STABLE
2026-09-02 13:58:35,760 - DVPTest - DEBUG - process_data: t=44.73, p=214.0, v=0.000, a=0.0, phase=INFLATING
2026-09-02 13:58:35,761 - DVPTest - DEBUG - 物理分类结果: STABLE
2026-09-02 13:58:35,761 - DVPTest - DEBUG - process_data: t=44.84, p=214.0, v=0.000, a=0.0, phase=INFLATING
2026-09-02 13:58:35,762 - DVPTest - DEBUG - 物理分类结果: STABLE
2026-09-02 13:58:35,763 - DVPTest - DEBUG - process_data: t=44.94, p=214.0, v=0.000, a=0.0, phase=INFLATING
2026-09-02 13:58:35,763 - DVPTest - DEBUG - 物理分类结果: STABLE
2026-09-02 13:58:35,763 - DVPTest - DEBUG - process_data: t=45.03, p=214.0, v=0.000, a=0.0, phase=INFLATING
2026-09-02 13:58:35,765 - DVPTest - DEBUG - 物理分类结果: STABLE
2026-09-02 13:58:35,765 - DVPTest - DEBUG - process_data: t=45.14, p=214.0, v=0.000, a=0.0, phase=INFLATING
2026-09-02 13:58:35,766 - DVPTest - DEBUG - 物理分类结果: STABLE
2026-09-02 13:58:35,766 - DVPTest - DEBUG - process_data: t=45.24, p=214.0, v=0.000, a=0.0, phase=INFLATING
2026-09-02 13:58:35,767 - DVPTest - DEBUG - 物理分类结果: STABLE
2026-09-02 13:58:35,767 - DVPTest - DEBUG - process_data: t=45.34, p=214.0, v=0.000, a=0.0, phase=INFLATING
2026-09-02 13:58:35,767 - DVPTest - DEBUG - 物理分类结果: STABLE
2026-09-02 13:58:35,768 - DVPTest - DEBUG - process_data: t=45.43, p=214.0, v=0.000, a=0.0, phase=INFLATING
2026-09-02 13:58:35,768 - DVPTest - DEBUG - 物理分类结果: STABLE
2026-09-02 13:58:35,769 - DVPTest - DEBUG - process_data: t=45.54, p=214.0, v=0.000, a=0.0, phase=INFLATING
2026-09-02 13:58:35,769 - DVPTest - DEBUG - 物理分类结果: STABLE
2026-09-02 13:58:35,770 - DVPTest - DEBUG - process_data: t=45.64, p=214.0, v=0.000, a=0.0, phase=INFLATING
2026-09-02 13:58:35,770 - DVPTest - DEBUG - 物理分类结果: STABLE
2026-09-02 13:58:35,770 - DVPTest - DEBUG - process_data: t=45.73, p=214.0, v=0.000, a=0.0, phase=INFLATING
2026-09-02 13:58:35,772 - DVPTest - DEBUG - 物理分类结果: STABLE
2026-09-02 13:58:35,773 - DVPTest - DEBUG - process_data: t=45.83, p=214.0, v=0.000, a=0.0, phase=INFLATING
2026-09-02 13:58:35,775 - DVPTest - DEBUG - 物理分类结果: STABLE
2026-09-02 13:58:35,776 - DVPTest - DEBUG - process_data: t=45.94, p=214.0, v=0.000, a=0.0, phase=INFLATING
2026-09-02 13:58:35,777 - DVPTest - DEBUG - 物理分类结果: STABLE
2026-09-02 13:58:35,778 - DVPTest - DEBUG - process_data: t=46.04, p=214.0, v=0.000, a=0.0, phase=INFLATING
2026-09-02 13:58:35,779 - DVPTest - DEBUG - 物理分类结果: STABLE
2026-09-02 13:58:35,780 - DVPTest - DEBUG - process_data: t=46.13, p=214.0, v=0.000, a=0.0, phase=INFLATING
2026-09-02 13:58:35,780 - DVPTest - DEBUG - 物理分类结果: STABLE
2026-09-02 13:58:35,780 - DVPTest - DEBUG - process_data: t=46.23, p=214.0, v=0.000, a=0.0, phase=INFLATING
2026-09-02 13:58:35,782 - DVPTest - DEBUG - 物理分类结果: STABLE
2026-09-02 13:58:35,782 - DVPTest - DEBUG - process_data: t=46.34, p=214.0, v=0.000, a=0.0, phase=INFLATING
2026-09-02 13:58:35,783 - DVPTest - DEBUG - 物理分类结果: STABLE
2026-09-02 13:58:35,783 - DVPTest - DEBUG - process_data: t=46.44, p=214.0, v=0.000, a=0.0, phase=INFLATING
2026-09-02 13:58:35,783 - DVPTest - DEBUG - 物理分类结果: STABLE
2026-09-02 13:58:35,784 - DVPTest - DEBUG - process_data: t=46.54, p=214.0, v=0.000, a=0.0, phase=INFLATING
2026-09-02 13:58:35,784 - DVPTest - DEBUG - 物理分类结果: STABLE
2026-09-02 13:58:35,785 - DVPTest - DEBUG - process_data: t=46.65, p=214.0, v=0.000, a=0.0, phase=INFLATING
2026-09-02 13:58:35,785 - DVPTest - DEBUG - 物理分类结果: STABLE
2026-09-02 13:58:35,786 - DVPTest - DEBUG - process_data: t=46.74, p=214.0, v=0.000, a=0.0, phase=INFLATING
2026-09-02 13:58:35,786 - DVPTest - DEBUG - 物理分类结果: STABLE
2026-09-02 13:58:35,789 - DVPTest - DEBUG - process_data: t=46.84, p=214.0, v=0.000, a=0.0, phase=INFLATING
2026-09-02 13:58:35,790 - DVPTest - DEBUG - 物理分类结果: STABLE
2026-09-02 13:58:35,793 - DVPTest - DEBUG - process_data: t=46.93, p=214.0, v=0.000, a=0.0, phase=INFLATING
2026-09-02 13:58:35,794 - DVPTest - DEBUG - 物理分类结果: STABLE
2026-09-02 13:58:35,795 - DVPTest - DEBUG - process_data: t=47.04, p=214.0, v=0.000, a=0.0, phase=INFLATING
2026-09-02 13:58:35,795 - DVPTest - DEBUG - 物理分类结果: STABLE
2026-09-02 13:58:35,795 - DVPTest - DEBUG - process_data: t=47.14, p=214.0, v=0.000, a=0.0, phase=INFLATING
2026-09-02 13:58:35,796 - DVPTest - DEBUG - 物理分类结果: STABLE
2026-09-02 13:58:35,797 - DVPTest - DEBUG - process_data: t=47.24, p=214.0, v=0.000, a=0.0, phase=INFLATING
2026-09-02 13:58:35,797 - DVPTest - DEBUG - 物理分类结果: STABLE
2026-09-02 13:58:35,798 - DVPTest - DEBUG - process_data: t=47.33, p=214.0, v=0.000, a=0.0, phase=INFLATING
2026-09-02 13:58:35,799 - DVPTest - DEBUG - 物理分类结果: STABLE
2026-09-02 13:58:35,799 - DVPTest - DEBUG - process_data: t=47.44, p=214.0, v=0.000, a=0.0, phase=INFLATING
2026-09-02 13:58:35,800 - DVPTest - DEBUG - 物理分类结果: STABLE
2026-09-02 13:58:35,800 - DVPTest - DEBUG - process_data: t=47.54, p=214.0, v=0.000, a=0.0, phase=INFLATING
2026-09-02 13:58:35,801 - DVPTest - DEBUG - 物理分类结果: STABLE
2026-09-02 13:58:35,801 - DVPTest - DEBUG - process_data: t=47.64, p=214.0, v=0.000, a=0.0, phase=INFLATING
2026-09-02 13:58:35,802 - DVPTest - DEBUG - 物理分类结果: STABLE
2026-09-02 13:58:35,802 - DVPTest - DEBUG - process_data: t=47.73, p=214.0, v=0.000, a=0.0, phase=INFLATING
2026-09-02 13:58:35,802 - DVPTest - DEBUG - 物理分类结果: STABLE
2026-09-02 13:58:35,804 - DVPTest - DEBUG - process_data: t=47.84, p=214.0, v=0.000, a=0.0, phase=INFLATING
2026-09-02 13:58:35,804 - DVPTest - DEBUG - 物理分类结果: STABLE
2026-09-02 13:58:35,805 - DVPTest - DEBUG - process_data: t=47.94, p=214.0, v=0.000, a=0.0, phase=INFLATING
2026-09-02 13:58:35,805 - DVPTest - DEBUG - 物理分类结果: STABLE
2026-09-02 13:58:35,806 - DVPTest - DEBUG - process_data: t=48.03, p=214.0, v=0.000, a=0.0, phase=INFLATING
2026-09-02 13:58:35,806 - DVPTest - DEBUG - 物理分类结果: STABLE
2026-09-02 13:58:35,807 - DVPTest - DEBUG - process_data: t=48.13, p=214.0, v=0.000, a=0.0, phase=INFLATING
2026-09-02 13:58:35,809 - DVPTest - DEBUG - 物理分类结果: STABLE
2026-09-02 13:58:35,810 - DVPTest - DEBUG - process_data: t=48.24, p=214.0, v=0.000, a=0.0, phase=INFLATING
2026-09-02 13:58:35,810 - DVPTest - DEBUG - 物理分类结果: STABLE
2026-09-02 13:58:35,811 - DVPTest - DEBUG - process_data: t=48.34, p=214.0, v=0.000, a=0.0, phase=INFLATING
2026-09-02 13:58:35,811 - DVPTest - DEBUG - 物理分类结果: STABLE
2026-09-02 13:58:35,812 - DVPTest - DEBUG - process_data: t=48.43, p=214.0, v=0.000, a=0.0, phase=INFLATING
2026-09-02 13:58:35,812 - DVPTest - DEBUG - 物理分类结果: STABLE
2026-09-02 13:58:35,813 - DVPTest - DEBUG - process_data: t=48.53, p=214.0, v=0.000, a=0.0, phase=INFLATING
2026-09-02 13:58:35,813 - DVPTest - DEBUG - 物理分类结果: STABLE
2026-09-02 13:58:35,814 - DVPTest - DEBUG - process_data: t=48.64, p=214.0, v=0.000, a=0.0, phase=INFLATING
2026-09-02 13:58:35,815 - DVPTest - DEBUG - 物理分类结果: STABLE
2026-09-02 13:58:35,815 - DVPTest - DEBUG - process_data: t=48.74, p=214.0, v=0.000, a=0.0, phase=INFLATING
2026-09-02 13:58:35,816 - DVPTest - DEBUG - 物理分类结果: STABLE
2026-09-02 13:58:35,816 - DVPTest - DEBUG - process_data: t=48.83, p=214.0, v=0.000, a=0.0, phase=INFLATING
2026-09-02 13:58:35,817 - DVPTest - DEBUG - 物理分类结果: STABLE
2026-09-02 13:58:35,818 - DVPTest - DEBUG - process_data: t=48.93, p=214.0, v=0.000, a=0.0, phase=INFLATING
2026-09-02 13:58:35,818 - DVPTest - DEBUG - 物理分类结果: STABLE
2026-09-02 13:58:35,820 - DVPTest - DEBUG - process_data: t=49.04, p=214.0, v=0.000, a=0.0, phase=INFLATING
2026-09-02 13:58:35,820 - DVPTest - DEBUG - 物理分类结果: STABLE
2026-09-02 13:58:35,821 - DVPTest - DEBUG - process_data: t=49.14, p=214.0, v=0.000, a=0.0, phase=INFLATING
2026-09-02 13:58:35,821 - DVPTest - DEBUG - 物理分类结果: STABLE
2026-09-02 13:58:35,823 - DVPTest - DEBUG - process_data: t=49.23, p=214.0, v=0.000, a=0.0, phase=INFLATING
2026-09-02 13:58:35,824 - DVPTest - DEBUG - 物理分类结果: STABLE
2026-09-02 13:58:35,824 - DVPTest - DEBUG - process_data: t=49.34, p=214.0, v=0.000, a=0.0, phase=INFLATING
2026-09-02 13:58:35,825 - DVPTest - DEBUG - 物理分类结果: STABLE
2026-09-02 13:58:35,826 - DVPTest - DEBUG - process_data: t=49.44, p=214.0, v=0.000, a=0.0, phase=INFLATING
2026-09-02 13:58:35,826 - DVPTest - DEBUG - 物理分类结果: STABLE
2026-09-02 13:58:35,827 - DVPTest - DEBUG - process_data: t=49.54, p=214.0, v=0.000, a=0.0, phase=INFLATING
2026-09-02 13:58:35,827 - DVPTest - DEBUG - 物理分类结果: STABLE
2026-09-02 13:58:35,828 - DVPTest - DEBUG - process_data: t=49.63, p=214.0, v=0.000, a=0.0, phase=INFLATING
2026-09-02 13:58:35,828 - DVPTest - DEBUG - 物理分类结果: STABLE
2026-09-02 13:58:35,829 - DVPTest - DEBUG - process_data: t=49.74, p=214.0, v=0.000, a=0.0, phase=INFLATING
2026-09-02 13:58:35,829 - DVPTest - DEBUG - 物理分类结果: STABLE
2026-09-02 13:58:35,830 - DVPTest - DEBUG - process_data: t=49.84, p=214.0, v=0.000, a=0.0, phase=INFLATING
2026-09-02 13:58:35,830 - DVPTest - DEBUG - 物理分类结果: STABLE
2026-09-02 13:58:35,831 - DVPTest - DEBUG - process_data: t=49.94, p=214.0, v=0.000, a=0.0, phase=INFLATING
2026-09-02 13:58:35,831 - DVPTest - DEBUG - 物理分类结果: STABLE
2026-09-02 13:58:35,833 - DVPTest - DEBUG - process_data: t=50.03, p=214.0, v=0.000, a=0.0, phase=INFLATING
2026-09-02 13:58:35,834 - DVPTest - DEBUG - 物理分类结果: STABLE
2026-09-02 13:58:35,835 - DVPTest - DEBUG - process_data: t=50.14, p=214.0, v=0.000, a=0.0, phase=INFLATING
2026-09-02 13:58:35,835 - DVPTest - DEBUG - 物理分类结果: STABLE
2026-09-02 13:58:35,835 - DVPTest - DEBUG - process_data: t=50.24, p=214.0, v=0.000, a=0.0, phase=INFLATING
2026-09-02 13:58:35,836 - DVPTest - DEBUG - 物理分类结果: STABLE
2026-09-02 13:58:35,836 - DVPTest - DEBUG - process_data: t=50.34, p=214.0, v=0.000, a=0.0, phase=INFLATING
2026-09-02 13:58:35,837 - DVPTest - DEBUG - 物理分类结果: STABLE
2026-09-02 13:58:35,837 - DVPTest - DEBUG - process_data: t=50.43, p=214.0, v=0.000, a=0.0, phase=INFLATING
2026-09-02 13:58:35,837 - DVPTest - DEBUG - 物理分类结果: STABLE
2026-09-02 13:58:35,838 - DVPTest - DEBUG - process_data: t=50.54, p=214.0, v=0.000, a=0.0, phase=INFLATING
2026-09-02 13:58:35,838 - DVPTest - DEBUG - 物理分类结果: STABLE
2026-09-02 13:58:35,838 - DVPTest - DEBUG - process_data: t=50.64, p=214.0, v=0.000, a=0.0, phase=INFLATING
2026-09-02 13:58:35,839 - DVPTest - DEBUG - 物理分类结果: STABLE
2026-09-02 13:58:35,839 - DVPTest - DEBUG - process_data: t=50.73, p=214.0, v=0.000, a=0.0, phase=INFLATING
2026-09-02 13:58:35,840 - DVPTest - DEBUG - 物理分类结果: STABLE
2026-09-02 13:58:35,840 - DVPTest - DEBUG - process_data: t=50.83, p=214.0, v=0.000, a=0.0, phase=INFLATING
2026-09-02 13:58:35,840 - DVPTest - DEBUG - 物理分类结果: STABLE
2026-09-02 13:58:35,841 - DVPTest - DEBUG - process_data: t=50.94, p=214.0, v=0.000, a=0.0, phase=INFLATING
2026-09-02 13:58:35,841 - DVPTest - DEBUG - 物理分类结果: STABLE
2026-09-02 13:58:35,842 - DVPTest - DEBUG - process_data: t=51.04, p=214.0, v=0.000, a=0.0, phase=INFLATING
2026-09-02 13:58:35,842 - DVPTest - DEBUG - 物理分类结果: STABLE
2026-09-02 13:58:35,843 - DVPTest - DEBUG - process_data: t=51.13, p=214.0, v=0.000, a=0.0, phase=INFLATING
2026-09-02 13:58:35,843 - DVPTest - DEBUG - 物理分类结果: STABLE
2026-09-02 13:58:35,843 - DVPTest - DEBUG - process_data: t=51.23, p=214.0, v=0.000, a=0.0, phase=INFLATING
2026-09-02 13:58:35,844 - DVPTest - DEBUG - 物理分类结果: STABLE
2026-09-02 13:58:35,844 - DVPTest - DEBUG - process_data: t=51.34, p=214.0, v=0.000, a=0.0, phase=INFLATING
2026-09-02 13:58:35,844 - DVPTest - DEBUG - 物理分类结果: STABLE
2026-09-02 13:58:35,845 - DVPTest - DEBUG - process_data: t=51.44, p=214.0, v=0.000, a=0.0, phase=INFLATING
2026-09-02 13:58:35,845 - DVPTest - DEBUG - 物理分类结果: STABLE
2026-09-02 13:58:35,845 - DVPTest - DEBUG - process_data: t=51.54, p=214.0, v=0.000, a=0.0, phase=INFLATING
2026-09-02 13:58:35,846 - DVPTest - DEBUG - 物理分类结果: STABLE
2026-09-02 13:58:35,846 - DVPTest - DEBUG - process_data: t=51.65, p=214.0, v=0.000, a=0.0, phase=INFLATING
2026-09-02 13:58:35,846 - DVPTest - DEBUG - 物理分类结果: STABLE
2026-09-02 13:58:35,847 - DVPTest - DEBUG - process_data: t=51.74, p=214.0, v=0.000, a=0.0, phase=INFLATING
2026-09-02 13:58:35,847 - DVPTest - DEBUG - 物理分类结果: STABLE
2026-09-02 13:58:35,847 - DVPTest - DEBUG - process_data: t=51.84, p=214.0, v=0.000, a=0.0, phase=INFLATING
2026-09-02 13:58:35,847 - DVPTest - DEBUG - 物理分类结果: STABLE
2026-09-02 13:58:35,849 - DVPTest - DEBUG - process_data: t=51.93, p=214.0, v=0.000, a=0.0, phase=INFLATING
2026-09-02 13:58:35,850 - DVPTest - DEBUG - 物理分类结果: STABLE
2026-09-02 13:58:35,850 - DVPTest - DEBUG - process_data: t=52.04, p=129.0, v=-765.766, a=-6898.8, phase=INFLATING
2026-09-02 13:58:35,850 - DVPTest - SUCCESS - ★ 泄气中间值 200.0 mmHg 真实穿越 @ 52.04s
2026-09-02 13:58:35,851 - DVPTest - DEBUG - 物理分类结果: DEFLATING
2026-09-02 13:58:35,851 - DVPTest - DEBUG - 有效泄气迹象，下降 104.0 mmHg，计数 1/3
2026-09-02 13:58:35,851 - DVPTest - DEBUG - process_data: t=52.14, p=65.0, v=-666.667, a=1032.3, phase=INFLATING
2026-09-02 13:58:35,852 - DVPTest - DEBUG - 物理分类结果: DEFLATING
2026-09-02 13:58:35,852 - DVPTest - DEBUG - 有效泄气迹象，下降 168.0 mmHg，计数 2/3
2026-09-02 13:58:35,852 - DVPTest - DEBUG - process_data: t=52.24, p=27.0, v=-395.833, a=2821.2, phase=INFLATING
2026-09-02 13:58:35,853 - DVPTest - DEBUG - 物理分类结果: DEFLATING
2026-09-02 13:58:35,853 - DVPTest - DEBUG - 有效泄气迹象，下降 206.0 mmHg，计数 3/3
2026-09-02 13:58:35,853 - DVPTest - WARNING - INFLATING → DEFLATING（保底），泄气开始，当前压力 27.0 @ 52.24s
2026-09-02 13:58:35,854 - DVPTest - DEBUG - process_data: t=52.33, p=8.0, v=-195.876, a=2061.4, phase=DEFLATING
2026-09-02 13:58:35,854 - DVPTest - DEBUG - 物理分类结果: DEFLATING
2026-09-02 13:58:35,854 - DVPTest - DEBUG - process_data: t=52.44, p=1.0, v=-63.063, a=1196.5, phase=DEFLATING
2026-09-02 13:58:35,855 - DVPTest - SUCCESS - ★ 泄气目标值 5.0 mmHg 真实穿越 @ 52.44s
2026-09-02 13:58:35,855 - DVPTest - INFO - 泄气结果输出（由目标值到达触发）: {'state': 'DONE', 'start': {'value': 300.0, 'time': None, 'reached': False}, 'mid': {'value': 200.0, 'time': 52.044, 'reached': True}, 'target': {'value': 5.0, 'time': 52.444, 'reached': True}, 'peak': {'value': 231.0, 'time': 3.927}, 'inflection': {'value': 231.0, 'time': 3.927, 'rate': -10.416666666666705, 'method': '持续下降'}}
2026-09-02 13:58:35,856 - DVPTest - SUCCESS - ★ 泄气结果已触发（目标到达）
2026-09-02 13:58:35,857 - DVPTest - DEBUG - [UI] _on_result_text: key=deflate, text=峰值231→目标值5 时间48.52s 速率4.66mmHg/s  中间值200→目标值5 时间0.40s 速率487.50mmHg/s
2026-09-02 13:58:35,858 - DVPTest - DEBUG - 物理分类结果: DEFLATING
2026-09-02 13:58:35,858 - DVPTest - DEBUG - process_data: t=52.54, p=0.0, v=-10.417, a=548.4, phase=DEFLATING
2026-09-02 13:58:35,859 - DVPTest - DEBUG - 物理分类结果: DEFLATING
2026-09-02 13:58:35,859 - DVPTest - DEBUG - process_data: t=52.64, p=0.0, v=0.000, a=108.5, phase=DEFLATING
2026-09-02 13:58:35,860 - DVPTest - DEBUG - 物理分类结果: STABLE
2026-09-02 13:58:35,860 - DVPTest - INFO - DEFLATING → DONE，泄气完成
2026-09-02 13:58:35,860 - DVPTest - DEBUG - 阶段 DONE，忽略新数据 t=52.73
2026-09-02 13:58:35,861 - DVPTest - DEBUG - 阶段 DONE，忽略新数据 t=52.84
2026-09-02 13:58:35,861 - DVPTest - DEBUG - 阶段 DONE，忽略新数据 t=52.94
2026-09-02 13:58:35,862 - DVPTest - DEBUG - 阶段 DONE，忽略新数据 t=53.04
2026-09-02 13:58:35,862 - DVPTest - DEBUG - 阶段 DONE，忽略新数据 t=53.13
2026-09-02 13:58:35,862 - DVPTest - DEBUG - 阶段 DONE，忽略新数据 t=53.24
2026-09-02 13:58:35,863 - DVPTest - DEBUG - 阶段 DONE，忽略新数据 t=53.34
2026-09-02 13:58:35,863 - DVPTest - DEBUG - 阶段 DONE，忽略新数据 t=53.44
2026-09-02 13:58:35,863 - DVPTest - DEBUG - 阶段 DONE，忽略新数据 t=53.53
2026-09-02 13:58:35,863 - DVPTest - DEBUG - 阶段 DONE，忽略新数据 t=53.64
2026-09-02 13:58:35,865 - DVPTest - DEBUG - 阶段 DONE，忽略新数据 t=53.74
2026-09-02 13:58:35,866 - DVPTest - DEBUG - 阶段 DONE，忽略新数据 t=53.84
2026-09-02 13:58:35,866 - DVPTest - DEBUG - 阶段 DONE，忽略新数据 t=53.93
2026-09-02 13:58:35,866 - DVPTest - DEBUG - 阶段 DONE，忽略新数据 t=54.04
2026-09-02 13:58:35,866 - DVPTest - DEBUG - 阶段 DONE，忽略新数据 t=54.14
2026-09-02 13:58:35,867 - DVPTest - DEBUG - 阶段 DONE，忽略新数据 t=54.23
2026-09-02 13:58:35,867 - DVPTest - DEBUG - 阶段 DONE，忽略新数据 t=54.34
2026-09-02 13:58:35,867 - DVPTest - DEBUG - 阶段 DONE，忽略新数据 t=54.44
2026-09-02 13:58:35,868 - DVPTest - DEBUG - 阶段 DONE，忽略新数据 t=54.54
2026-09-02 13:58:35,868 - DVPTest - DEBUG - 阶段 DONE，忽略新数据 t=54.63
2026-09-02 13:58:35,868 - DVPTest - DEBUG - 阶段 DONE，忽略新数据 t=54.74
2026-09-02 13:58:35,869 - DVPTest - DEBUG - 阶段 DONE，忽略新数据 t=54.84
2026-09-02 13:58:35,869 - DVPTest - DEBUG - 阶段 DONE，忽略新数据 t=54.94
2026-09-02 13:58:35,869 - DVPTest - DEBUG - 阶段 DONE，忽略新数据 t=55.03
2026-09-02 13:58:35,869 - DVPTest - DEBUG - 阶段 DONE，忽略新数据 t=55.15
2026-09-02 13:58:35,870 - DVPTest - DEBUG - 阶段 DONE，忽略新数据 t=55.24
2026-09-02 13:58:35,870 - DVPTest - DEBUG - 阶段 DONE，忽略新数据 t=55.34
2026-09-02 13:58:35,870 - DVPTest - DEBUG - 阶段 DONE，忽略新数据 t=55.43
2026-09-02 13:58:35,870 - DVPTest - DEBUG - 阶段 DONE，忽略新数据 t=55.54
2026-09-02 13:58:35,872 - DVPTest - DEBUG - 阶段 DONE，忽略新数据 t=55.64
2026-09-02 13:58:35,872 - DVPTest - DEBUG - 阶段 DONE，忽略新数据 t=55.73
2026-09-02 13:58:35,872 - DVPTest - DEBUG - 阶段 DONE，忽略新数据 t=55.83
2026-09-02 13:58:35,873 - DVPTest - DEBUG - 阶段 DONE，忽略新数据 t=55.94
2026-09-02 13:58:35,874 - DVPTest - DEBUG - 阶段 DONE，忽略新数据 t=56.04
2026-09-02 13:58:35,874 - DVPTest - DEBUG - 阶段 DONE，忽略新数据 t=56.13
2026-09-02 13:58:35,875 - DVPTest - DEBUG - 阶段 DONE，忽略新数据 t=56.23
2026-09-02 13:58:35,875 - DVPTest - DEBUG - 阶段 DONE，忽略新数据 t=56.34
2026-09-02 13:58:35,875 - DVPTest - DEBUG - 阶段 DONE，忽略新数据 t=56.44
2026-09-02 13:58:35,876 - DVPTest - DEBUG - 阶段 DONE，忽略新数据 t=56.53
2026-09-02 13:58:35,876 - DVPTest - DEBUG - 阶段 DONE，忽略新数据 t=56.63
2026-09-02 13:58:35,876 - DVPTest - DEBUG - 阶段 DONE，忽略新数据 t=56.74
2026-09-02 13:58:35,876 - DVPTest - DEBUG - 阶段 DONE，忽略新数据 t=56.84
2026-09-02 13:58:35,877 - DVPTest - DEBUG - 阶段 DONE，忽略新数据 t=57.05
2026-09-02 13:58:35,877 - DVPTest - DEBUG - 阶段 DONE，忽略新数据 t=57.14
2026-09-02 13:58:35,878 - DVPTest - DEBUG - 阶段 DONE，忽略新数据 t=57.24
2026-09-02 13:58:35,878 - DVPTest - DEBUG - 阶段 DONE，忽略新数据 t=57.33
2026-09-02 13:58:35,878 - DVPTest - DEBUG - 阶段 DONE，忽略新数据 t=57.45
2026-09-02 13:58:35,878 - DVPTest - DEBUG - 阶段 DONE，忽略新数据 t=57.54
2026-09-02 13:58:35,879 - DVPTest - DEBUG - 阶段 DONE，忽略新数据 t=57.64
2026-09-02 13:58:35,879 - DVPTest - DEBUG - 阶段 DONE，忽略新数据 t=57.73
2026-09-02 13:58:35,879 - DVPTest - DEBUG - 阶段 DONE，忽略新数据 t=57.84
2026-09-02 13:58:35,879 - DVPTest - DEBUG - 阶段 DONE，忽略新数据 t=57.94
2026-09-02 13:58:35,879 - DVPTest - DEBUG - 阶段 DONE，忽略新数据 t=58.04
2026-09-02 13:58:35,881 - DVPTest - DEBUG - 阶段 DONE，忽略新数据 t=58.13
2026-09-02 13:58:35,882 - DVPTest - DEBUG - 阶段 DONE，忽略新数据 t=58.24
2026-09-02 13:58:35,882 - DVPTest - DEBUG - 阶段 DONE，忽略新数据 t=58.34
2026-09-02 13:58:35,883 - DVPTest - DEBUG - 阶段 DONE，忽略新数据 t=58.44
2026-09-02 13:58:35,883 - DVPTest - DEBUG - 阶段 DONE，忽略新数据 t=58.53
2026-09-02 13:58:35,884 - DVPTest - DEBUG - 阶段 DONE，忽略新数据 t=58.64
2026-09-02 13:58:35,884 - DVPTest - DEBUG - 阶段 DONE，忽略新数据 t=58.74
2026-09-02 13:58:35,885 - DVPTest - DEBUG - 阶段 DONE，忽略新数据 t=58.84
2026-09-02 13:58:35,885 - DVPTest - DEBUG - 阶段 DONE，忽略新数据 t=58.95
2026-09-02 13:58:35,885 - DVPTest - DEBUG - 阶段 DONE，忽略新数据 t=59.04
2026-09-02 13:58:35,886 - DVPTest - DEBUG - 阶段 DONE，忽略新数据 t=59.14
2026-09-02 13:58:35,886 - DVPTest - DEBUG - 阶段 DONE，忽略新数据 t=59.23
2026-09-02 13:58:35,886 - DVPTest - DEBUG - 阶段 DONE，忽略新数据 t=59.35
2026-09-02 13:58:35,887 - DVPTest - DEBUG - 阶段 DONE，忽略新数据 t=59.44
2026-09-02 13:58:35,887 - DVPTest - DEBUG - 阶段 DONE，忽略新数据 t=59.54
2026-09-02 13:58:35,888 - DVPTest - DEBUG - 阶段 DONE，忽略新数据 t=59.63
2026-09-02 13:58:35,889 - DVPTest - DEBUG - 阶段 DONE，忽略新数据 t=59.75
2026-09-02 13:58:35,890 - DVPTest - DEBUG - 阶段 DONE，忽略新数据 t=59.84
2026-09-02 13:58:35,890 - DVPTest - DEBUG - 阶段 DONE，忽略新数据 t=59.94
2026-09-02 13:58:35,891 - DVPTest - DEBUG - 阶段 DONE，忽略新数据 t=60.03
2026-09-02 13:58:35,891 - DVPTest - DEBUG - 阶段 DONE，忽略新数据 t=60.15
2026-09-02 13:58:35,892 - DVPTest - DEBUG - 阶段 DONE，忽略新数据 t=60.24
2026-09-02 13:58:35,892 - DVPTest - DEBUG - 阶段 DONE，忽略新数据 t=60.34
2026-09-02 13:58:35,894 - DVPTest - DEBUG - 阶段 DONE，忽略新数据 t=60.43
2026-09-02 13:58:35,894 - DVPTest - DEBUG - 阶段 DONE，忽略新数据 t=60.54
2026-09-02 13:58:35,895 - DVPTest - DEBUG - 阶段 DONE，忽略新数据 t=60.64
2026-09-02 13:58:35,898 - DVPTest - DEBUG - 阶段 DONE，忽略新数据 t=60.74
2026-09-02 13:58:35,898 - DVPTest - DEBUG - 阶段 DONE，忽略新数据 t=60.83
2026-09-02 13:58:35,899 - DVPTest - DEBUG - 阶段 DONE，忽略新数据 t=60.94
2026-09-02 13:58:35,900 - DVPTest - DEBUG - 阶段 DONE，忽略新数据 t=61.04
2026-09-02 13:58:35,901 - DVPTest - DEBUG - 阶段 DONE，忽略新数据 t=61.13
2026-09-02 13:58:35,902 - DVPTest - DEBUG - 阶段 DONE，忽略新数据 t=61.25
2026-09-02 13:58:35,902 - DVPTest - DEBUG - 阶段 DONE，忽略新数据 t=61.34
2026-09-02 13:58:35,903 - DVPTest - DEBUG - 阶段 DONE，忽略新数据 t=61.44
2026-09-02 13:58:35,904 - DVPTest - DEBUG - 阶段 DONE，忽略新数据 t=61.53
2026-09-02 13:58:35,905 - DVPTest - DEBUG - 阶段 DONE，忽略新数据 t=61.65
2026-09-02 13:58:35,905 - DVPTest - DEBUG - 阶段 DONE，忽略新数据 t=61.74
2026-09-02 13:58:35,906 - DVPTest - DEBUG - 阶段 DONE，忽略新数据 t=61.84
2026-09-02 13:58:35,907 - DVPTest - DEBUG - 阶段 DONE，忽略新数据 t=61.94
2026-09-02 13:58:35,907 - DVPTest - DEBUG - 阶段 DONE，忽略新数据 t=62.05
2026-09-02 13:58:35,908 - DVPTest - DEBUG - 阶段 DONE，忽略新数据 t=62.14
2026-09-02 13:58:35,908 - DVPTest - DEBUG - 阶段 DONE，忽略新数据 t=62.24
2026-09-02 13:58:35,909 - DVPTest - DEBUG - 阶段 DONE，忽略新数据 t=62.33
2026-09-02 13:58:35,910 - DVPTest - DEBUG - 阶段 DONE，忽略新数据 t=62.45
2026-09-02 13:58:35,913 - DVPTest - DEBUG - 阶段 DONE，忽略新数据 t=62.54
2026-09-02 13:58:35,914 - DVPTest - DEBUG - 阶段 DONE，忽略新数据 t=62.64
2026-09-02 13:58:35,914 - DVPTest - DEBUG - 阶段 DONE，忽略新数据 t=62.73
2026-09-02 13:58:35,915 - DVPTest - DEBUG - 阶段 DONE，忽略新数据 t=62.84
2026-09-02 13:58:35,916 - DVPTest - DEBUG - 阶段 DONE，忽略新数据 t=62.94
2026-09-02 13:58:35,916 - DVPTest - DEBUG - 阶段 DONE，忽略新数据 t=63.04
2026-09-02 13:58:35,917 - DVPTest - DEBUG - 阶段 DONE，忽略新数据 t=63.13
2026-09-02 13:58:35,918 - DVPTest - DEBUG - 阶段 DONE，忽略新数据 t=63.24
2026-09-02 13:58:35,918 - DVPTest - DEBUG - 阶段 DONE，忽略新数据 t=63.34
2026-09-02 13:58:35,919 - DVPTest - DEBUG - 阶段 DONE，忽略新数据 t=63.44
2026-09-02 13:58:35,920 - DVPTest - DEBUG - 阶段 DONE，忽略新数据 t=63.55
2026-09-02 13:58:35,920 - DVPTest - DEBUG - 阶段 DONE，忽略新数据 t=63.64
2026-09-02 13:58:35,921 - DVPTest - DEBUG - 阶段 DONE，忽略新数据 t=63.74
2026-09-02 13:58:35,922 - DVPTest - DEBUG - 阶段 DONE，忽略新数据 t=63.84
2026-09-02 13:58:35,923 - DVPTest - DEBUG - 阶段 DONE，忽略新数据 t=63.95
2026-09-02 13:58:35,923 - DVPTest - DEBUG - 阶段 DONE，忽略新数据 t=64.04
2026-09-02 13:58:35,926 - DVPTest - DEBUG - 阶段 DONE，忽略新数据 t=64.14
2026-09-02 13:58:35,927 - DVPTest - DEBUG - 阶段 DONE，忽略新数据 t=64.23
2026-09-02 13:58:35,927 - DVPTest - DEBUG - 阶段 DONE，忽略新数据 t=64.35
2026-09-02 13:58:35,928 - DVPTest - DEBUG - 阶段 DONE，忽略新数据 t=64.44
2026-09-02 13:58:35,928 - DVPTest - DEBUG - 阶段 DONE，忽略新数据 t=64.54
2026-09-02 13:58:35,929 - DVPTest - DEBUG - 阶段 DONE，忽略新数据 t=64.63
2026-09-02 13:58:35,929 - DVPTest - DEBUG - 阶段 DONE，忽略新数据 t=64.75
2026-09-02 13:58:35,930 - DVPTest - DEBUG - 阶段 DONE，忽略新数据 t=64.84
2026-09-02 13:58:35,930 - DVPTest - DEBUG - 阶段 DONE，忽略新数据 t=64.94
2026-09-02 13:58:35,931 - DVPTest - DEBUG - 阶段 DONE，忽略新数据 t=65.03
2026-09-02 13:58:35,932 - DVPTest - DEBUG - 阶段 DONE，忽略新数据 t=65.15
2026-09-02 13:58:35,932 - DVPTest - DEBUG - 阶段 DONE，忽略新数据 t=65.24
2026-09-02 13:58:35,932 - DVPTest - DEBUG - 阶段 DONE，忽略新数据 t=65.34
2026-09-02 13:58:35,933 - DVPTest - DEBUG - 阶段 DONE，忽略新数据 t=65.43
2026-09-02 13:58:35,933 - DVPTest - DEBUG - 阶段 DONE，忽略新数据 t=65.54
2026-09-02 13:58:35,934 - DVPTest - DEBUG - 阶段 DONE，忽略新数据 t=65.64
2026-09-02 13:58:35,934 - DVPTest - DEBUG - 阶段 DONE，忽略新数据 t=65.74
2026-09-02 13:58:35,934 - DVPTest - DEBUG - 阶段 DONE，忽略新数据 t=65.85
2026-09-02 13:58:35,935 - DVPTest - DEBUG - 阶段 DONE，忽略新数据 t=65.94
2026-09-02 13:58:35,936 - DVPTest - DEBUG - 阶段 DONE，忽略新数据 t=66.04
2026-09-02 13:58:35,936 - DVPTest - DEBUG - 阶段 DONE，忽略新数据 t=66.14
2026-09-02 13:58:35,937 - DVPTest - DEBUG - 阶段 DONE，忽略新数据 t=66.25
2026-09-02 13:58:35,937 - DVPTest - DEBUG - 阶段 DONE，忽略新数据 t=66.34
2026-09-02 13:58:35,938 - DVPTest - DEBUG - 阶段 DONE，忽略新数据 t=66.44
2026-09-02 13:58:35,938 - DVPTest - DEBUG - 阶段 DONE，忽略新数据 t=66.55
2026-09-02 13:58:35,940 - DVPTest - DEBUG - 阶段 DONE，忽略新数据 t=66.65
2026-09-02 13:58:35,940 - DVPTest - DEBUG - 阶段 DONE，忽略新数据 t=66.74
2026-09-02 13:58:35,941 - DVPTest - DEBUG - 阶段 DONE，忽略新数据 t=66.84
2026-09-02 13:58:35,943 - DVPTest - DEBUG - 阶段 DONE，忽略新数据 t=66.95
2026-09-02 13:58:35,944 - DVPTest - DEBUG - 阶段 DONE，忽略新数据 t=67.05
2026-09-02 13:58:35,945 - DVPTest - DEBUG - 阶段 DONE，忽略新数据 t=67.14
2026-09-02 13:58:35,945 - DVPTest - DEBUG - 阶段 DONE，忽略新数据 t=67.24
2026-09-02 13:58:35,946 - DVPTest - DEBUG - 阶段 DONE，忽略新数据 t=67.35
2026-09-02 13:58:35,946 - DVPTest - DEBUG - 阶段 DONE，忽略新数据 t=67.45
2026-09-02 13:58:35,947 - DVPTest - DEBUG - 阶段 DONE，忽略新数据 t=67.54
2026-09-02 13:58:35,949 - DVPTest - DEBUG - 阶段 DONE，忽略新数据 t=67.64
2026-09-02 13:58:35,949 - DVPTest - DEBUG - 阶段 DONE，忽略新数据 t=67.75
2026-09-02 13:58:35,950 - DVPTest - DEBUG - 阶段 DONE，忽略新数据 t=67.84
2026-09-02 13:58:35,950 - DVPTest - DEBUG - 阶段 DONE，忽略新数据 t=67.94
2026-09-02 13:58:35,951 - DVPTest - DEBUG - 阶段 DONE，忽略新数据 t=68.04
2026-09-02 13:58:35,951 - DVPTest - DEBUG - 阶段 DONE，忽略新数据 t=68.15
2026-09-02 13:58:35,952 - DVPTest - DEBUG - 阶段 DONE，忽略新数据 t=68.24
2026-09-02 13:58:35,952 - DVPTest - DEBUG - 阶段 DONE，忽略新数据 t=68.34
2026-09-02 13:58:35,952 - DVPTest - DEBUG - 阶段 DONE，忽略新数据 t=68.44
2026-09-02 13:58:35,953 - DVPTest - DEBUG - 阶段 DONE，忽略新数据 t=68.55
2026-09-02 13:58:35,953 - DVPTest - DEBUG - 阶段 DONE，忽略新数据 t=68.64
2026-09-02 13:58:35,953 - DVPTest - DEBUG - 阶段 DONE，忽略新数据 t=68.74
2026-09-02 13:58:35,954 - DVPTest - DEBUG - 阶段 DONE，忽略新数据 t=68.84
2026-09-02 13:58:35,954 - DVPTest - DEBUG - 阶段 DONE，忽略新数据 t=68.95
2026-09-02 13:58:35,954 - DVPTest - DEBUG - 阶段 DONE，忽略新数据 t=69.04
2026-09-02 13:58:35,955 - DVPTest - DEBUG - 阶段 DONE，忽略新数据 t=69.14
2026-09-02 13:58:35,955 - DVPTest - DEBUG - 阶段 DONE，忽略新数据 t=69.25
2026-09-02 13:58:35,956 - DVPTest - DEBUG - 阶段 DONE，忽略新数据 t=69.35
2026-09-02 13:58:35,956 - DVPTest - DEBUG - 阶段 DONE，忽略新数据 t=69.44
2026-09-02 13:58:35,957 - DVPTest - DEBUG - 阶段 DONE，忽略新数据 t=69.54
2026-09-02 13:58:35,958 - DVPTest - DEBUG - 阶段 DONE，忽略新数据 t=69.65
2026-09-02 13:58:35,958 - DVPTest - DEBUG - 阶段 DONE，忽略新数据 t=69.75
2026-09-02 13:58:35,959 - DVPTest - DEBUG - 阶段 DONE，忽略新数据 t=69.84
2026-09-02 13:58:35,959 - DVPTest - DEBUG - 阶段 DONE，忽略新数据 t=69.94
2026-09-02 13:58:35,960 - DVPTest - DEBUG - [UI] _on_result_text: key=inflate, text=起始值5→中间值200 时间2.60s 速率74.88mmHg/s  起始值5→峰值233 时间3.31s 速率68.97mmHg/s
2026-09-02 13:58:35,960 - DVPTest - DEBUG - [UI] _on_result_text: key=deflate, text=峰值231→目标值5 时间48.52s 速率4.66mmHg/s  中间值200→目标值5 时间0.40s 速率487.50mmHg/s
2026-09-02 13:58:35,961 - DVPTest - SUCCESS - 已加载波形: 1.csv
2026-09-02 13:58:46,423 - DVPTest - INFO - 光标 C1 已添加 (x=51.79, y=213.94)
2026-09-02 13:58:49,958 - DVPTest - INFO - 光标 C2 已添加 (x=52.71, y=0.13)
2026-09-02 13:58:53,062 - DVPTest - INFO - 光标 B1 已添加 (x=30.21, y=297.30)
2026-09-02 13:58:55,303 - DVPTest - INFO - 光标测量已关闭
2026-09-02 13:59:17,935 - DVPTest - DEBUG - [TestManager] reset 完成
2026-09-02 13:59:17,935 - DVPTest - DEBUG - [UI] _on_plot_update 收到 699 个数据点
2026-09-02 13:59:17,936 - DVPTest - SUCCESS - 已加载波形: 1.csv
2026-09-02 13:59:17,937 - DVPTest - DEBUG - [TestManager] reset 完成
2026-09-02 13:59:17,937 - DVPTest - DEBUG - process_data: t=0.03, p=0.0, v=0.000, a=0.0, phase=IDLE
2026-09-02 13:59:17,937 - DVPTest - DEBUG - 充气峰值更新: 0.0 @ 0.03s
2026-09-02 13:59:17,937 - DVPTest - DEBUG - 物理分类结果: STABLE
2026-09-02 13:59:17,937 - DVPTest - DEBUG - process_data: t=0.12, p=0.0, v=0.000, a=0.0, phase=IDLE
2026-09-02 13:59:17,937 - DVPTest - DEBUG - 物理分类结果: STABLE
2026-09-02 13:59:17,937 - DVPTest - DEBUG - process_data: t=0.22, p=0.0, v=0.000, a=0.0, phase=IDLE
2026-09-02 13:59:17,937 - DVPTest - DEBUG - 物理分类结果: STABLE
2026-09-02 13:59:17,937 - DVPTest - DEBUG - process_data: t=0.32, p=0.0, v=0.000, a=0.0, phase=IDLE
2026-09-02 13:59:17,937 - DVPTest - DEBUG - 物理分类结果: STABLE
2026-09-02 13:59:17,937 - DVPTest - DEBUG - process_data: t=0.43, p=0.0, v=0.000, a=0.0, phase=IDLE
2026-09-02 13:59:17,937 - DVPTest - DEBUG - 物理分类结果: STABLE
2026-09-02 13:59:17,937 - DVPTest - DEBUG - process_data: t=0.52, p=11.0, v=113.402, a=1169.1, phase=IDLE
2026-09-02 13:59:17,937 - DVPTest - DEBUG - 充气峰值更新: 11.0 @ 0.52s
2026-09-02 13:59:17,937 - DVPTest - DEBUG - 充气起始值 5.0 mmHg 到达 @ 0.52s
2026-09-02 13:59:17,938 - DVPTest - DEBUG - 物理分类结果: INFLATING
2026-09-02 13:59:17,938 - DVPTest - INFO - IDLE → INFLATING @ 0.52s, p=11.0
2026-09-02 13:59:17,938 - DVPTest - DEBUG - process_data: t=0.62, p=25.0, v=145.833, a=337.8, phase=INFLATING
2026-09-02 13:59:17,938 - DVPTest - DEBUG - 充气峰值更新: 25.0 @ 0.62s
2026-09-02 13:59:17,938 - DVPTest - DEBUG - 物理分类结果: INFLATING
2026-09-02 13:59:17,938 - DVPTest - DEBUG - process_data: t=0.72, p=35.0, v=104.167, a=-434.0, phase=INFLATING
2026-09-02 13:59:17,938 - DVPTest - DEBUG - 充气峰值更新: 35.0 @ 0.72s
2026-09-02 13:59:17,938 - DVPTest - DEBUG - 物理分类结果: INFLATING
2026-09-02 13:59:17,938 - DVPTest - DEBUG - process_data: t=0.83, p=46.0, v=98.214, a=-53.1, phase=INFLATING
2026-09-02 13:59:17,938 - DVPTest - DEBUG - 充气峰值更新: 46.0 @ 0.83s
2026-09-02 13:59:17,938 - DVPTest - DEBUG - 物理分类结果: INFLATING
2026-09-02 13:59:17,939 - DVPTest - DEBUG - process_data: t=0.92, p=56.0, v=105.263, a=74.2, phase=INFLATING
2026-09-02 13:59:17,939 - DVPTest - DEBUG - 充气峰值更新: 56.0 @ 0.92s
2026-09-02 13:59:17,939 - DVPTest - DEBUG - 物理分类结果: INFLATING
2026-09-02 13:59:17,939 - DVPTest - DEBUG - process_data: t=1.02, p=66.0, v=104.167, a=-11.4, phase=INFLATING
2026-09-02 13:59:17,939 - DVPTest - DEBUG - 充气峰值更新: 66.0 @ 1.02s
2026-09-02 13:59:17,939 - DVPTest - DEBUG - 物理分类结果: INFLATING
2026-09-02 13:59:17,939 - DVPTest - DEBUG - process_data: t=1.11, p=71.0, v=52.083, a=-542.5, phase=INFLATING
2026-09-02 13:59:17,939 - DVPTest - DEBUG - 充气峰值更新: 71.0 @ 1.11s
2026-09-02 13:59:17,939 - DVPTest - DEBUG - 物理分类结果: INFLATING
2026-09-02 13:59:17,939 - DVPTest - DEBUG - process_data: t=1.23, p=79.0, v=71.429, a=172.7, phase=INFLATING
2026-09-02 13:59:17,939 - DVPTest - DEBUG - 充气峰值更新: 79.0 @ 1.23s
2026-09-02 13:59:17,939 - DVPTest - DEBUG - 物理分类结果: INFLATING
2026-09-02 13:59:17,939 - DVPTest - DEBUG - process_data: t=1.32, p=87.0, v=84.211, a=134.5, phase=INFLATING
2026-09-02 13:59:17,939 - DVPTest - DEBUG - 充气峰值更新: 87.0 @ 1.32s
2026-09-02 13:59:17,939 - DVPTest - DEBUG - 物理分类结果: INFLATING
2026-09-02 13:59:17,939 - DVPTest - DEBUG - process_data: t=1.42, p=98.0, v=114.583, a=316.4, phase=INFLATING
2026-09-02 13:59:17,940 - DVPTest - DEBUG - 充气峰值更新: 98.0 @ 1.42s
2026-09-02 13:59:17,940 - DVPTest - DEBUG - 物理分类结果: INFLATING
2026-09-02 13:59:17,940 - DVPTest - DEBUG - process_data: t=1.51, p=103.0, v=52.083, a=-651.0, phase=INFLATING
2026-09-02 13:59:17,940 - DVPTest - DEBUG - 充气峰值更新: 103.0 @ 1.51s
2026-09-02 13:59:17,940 - DVPTest - DEBUG - 物理分类结果: INFLATING
2026-09-02 13:59:17,940 - DVPTest - DEBUG - process_data: t=1.63, p=115.0, v=107.143, a=491.6, phase=INFLATING
2026-09-02 13:59:17,940 - DVPTest - DEBUG - 充气峰值更新: 115.0 @ 1.63s
2026-09-02 13:59:17,940 - DVPTest - DEBUG - 物理分类结果: INFLATING
2026-09-02 13:59:17,940 - DVPTest - DEBUG - process_data: t=1.72, p=117.0, v=20.833, a=-899.1, phase=INFLATING
2026-09-02 13:59:17,942 - DVPTest - DEBUG - 充气峰值更新: 117.0 @ 1.72s
2026-09-02 13:59:17,942 - DVPTest - DEBUG - 物理分类结果: INFLATING
2026-09-02 13:59:17,942 - DVPTest - DEBUG - process_data: t=1.82, p=128.0, v=113.402, a=954.3, phase=INFLATING
2026-09-02 13:59:17,942 - DVPTest - DEBUG - 充气峰值更新: 128.0 @ 1.82s
2026-09-02 13:59:17,942 - DVPTest - DEBUG - 物理分类结果: INFLATING
2026-09-02 13:59:17,942 - DVPTest - DEBUG - process_data: t=1.91, p=131.0, v=31.579, a=-861.3, phase=INFLATING
2026-09-02 13:59:17,942 - DVPTest - DEBUG - 充气峰值更新: 131.0 @ 1.91s
2026-09-02 13:59:17,942 - DVPTest - DEBUG - 物理分类结果: INFLATING
2026-09-02 13:59:17,942 - DVPTest - DEBUG - process_data: t=2.03, p=138.0, v=62.500, a=276.1, phase=INFLATING
2026-09-02 13:59:17,942 - DVPTest - DEBUG - 充气峰值更新: 138.0 @ 2.03s
2026-09-02 13:59:17,943 - DVPTest - DEBUG - 物理分类结果: INFLATING
2026-09-02 13:59:17,943 - DVPTest - DEBUG - process_data: t=2.12, p=147.0, v=93.750, a=325.5, phase=INFLATING
2026-09-02 13:59:17,943 - DVPTest - DEBUG - 充气峰值更新: 147.0 @ 2.12s
2026-09-02 13:59:17,943 - DVPTest - DEBUG - 物理分类结果: INFLATING
2026-09-02 13:59:17,943 - DVPTest - DEBUG - process_data: t=2.22, p=152.0, v=52.083, a=-434.0, phase=INFLATING
2026-09-02 13:59:17,943 - DVPTest - DEBUG - 充气峰值更新: 152.0 @ 2.22s
2026-09-02 13:59:17,943 - DVPTest - DEBUG - 物理分类结果: INFLATING
2026-09-02 13:59:17,943 - DVPTest - DEBUG - process_data: t=2.33, p=155.0, v=27.027, a=-225.7, phase=INFLATING
2026-09-02 13:59:17,943 - DVPTest - DEBUG - 充气峰值更新: 155.0 @ 2.33s
2026-09-02 13:59:17,943 - DVPTest - DEBUG - 物理分类结果: INFLATING
2026-09-02 13:59:17,943 - DVPTest - DEBUG - process_data: t=2.42, p=162.0, v=72.917, a=478.0, phase=INFLATING
2026-09-02 13:59:17,943 - DVPTest - DEBUG - 充气峰值更新: 162.0 @ 2.42s
2026-09-02 13:59:17,943 - DVPTest - DEBUG - 物理分类结果: INFLATING
2026-09-02 13:59:17,943 - DVPTest - DEBUG - process_data: t=2.52, p=167.0, v=52.083, a=-217.0, phase=INFLATING
2026-09-02 13:59:17,944 - DVPTest - DEBUG - 充气峰值更新: 167.0 @ 2.52s
2026-09-02 13:59:17,944 - DVPTest - DEBUG - 物理分类结果: INFLATING
2026-09-02 13:59:17,944 - DVPTest - DEBUG - process_data: t=2.62, p=172.0, v=51.546, a=-5.5, phase=INFLATING
2026-09-02 13:59:17,944 - DVPTest - DEBUG - 充气峰值更新: 172.0 @ 2.62s
2026-09-02 13:59:17,944 - DVPTest - DEBUG - 物理分类结果: INFLATING
2026-09-02 13:59:17,944 - DVPTest - DEBUG - process_data: t=2.73, p=178.0, v=54.054, a=22.6, phase=INFLATING
2026-09-02 13:59:17,944 - DVPTest - DEBUG - 充气峰值更新: 178.0 @ 2.73s
2026-09-02 13:59:17,944 - DVPTest - DEBUG - 物理分类结果: INFLATING
2026-09-02 13:59:17,944 - DVPTest - DEBUG - process_data: t=2.83, p=184.0, v=62.500, a=88.0, phase=INFLATING
2026-09-02 13:59:17,944 - DVPTest - DEBUG - 充气峰值更新: 184.0 @ 2.83s
2026-09-02 13:59:17,944 - DVPTest - DEBUG - 物理分类结果: INFLATING
2026-09-02 13:59:17,944 - DVPTest - DEBUG - process_data: t=2.92, p=192.0, v=84.211, a=228.5, phase=INFLATING
2026-09-02 13:59:17,944 - DVPTest - DEBUG - 充气峰值更新: 192.0 @ 2.92s
2026-09-02 13:59:17,944 - DVPTest - DEBUG - 物理分类结果: INFLATING
2026-09-02 13:59:17,944 - DVPTest - DEBUG - process_data: t=3.02, p=199.0, v=72.917, a=-117.6, phase=INFLATING
2026-09-02 13:59:17,944 - DVPTest - DEBUG - 充气峰值更新: 199.0 @ 3.02s
2026-09-02 13:59:17,944 - DVPTest - DEBUG - 物理分类结果: INFLATING
2026-09-02 13:59:17,945 - DVPTest - DEBUG - process_data: t=3.13, p=204.0, v=44.643, a=-252.4, phase=INFLATING
2026-09-02 13:59:17,945 - DVPTest - DEBUG - 充气峰值更新: 204.0 @ 3.13s
2026-09-02 13:59:17,945 - DVPTest - DEBUG - 充气中间值 200.0 mmHg 到达 @ 3.13s
2026-09-02 13:59:17,945 - DVPTest - DEBUG - 物理分类结果: INFLATING
2026-09-02 13:59:17,945 - DVPTest - DEBUG - process_data: t=3.22, p=205.0, v=10.417, a=-356.5, phase=INFLATING
2026-09-02 13:59:17,945 - DVPTest - DEBUG - 充气峰值更新: 205.0 @ 3.22s
2026-09-02 13:59:17,945 - DVPTest - DEBUG - 物理分类结果: INFLATING
2026-09-02 13:59:17,945 - DVPTest - DEBUG - process_data: t=3.32, p=211.0, v=63.158, a=555.2, phase=INFLATING
2026-09-02 13:59:17,945 - DVPTest - DEBUG - 充气峰值更新: 211.0 @ 3.32s
2026-09-02 13:59:17,945 - DVPTest - DEBUG - 物理分类结果: INFLATING
2026-09-02 13:59:17,946 - DVPTest - DEBUG - process_data: t=3.42, p=220.0, v=92.784, a=305.4, phase=INFLATING
2026-09-02 13:59:17,946 - DVPTest - DEBUG - 充气峰值更新: 220.0 @ 3.42s
2026-09-02 13:59:17,946 - DVPTest - DEBUG - 物理分类结果: INFLATING
2026-09-02 13:59:17,946 - DVPTest - DEBUG - process_data: t=3.53, p=222.0, v=17.857, a=-669.0, phase=INFLATING
2026-09-02 13:59:17,946 - DVPTest - DEBUG - 充气峰值更新: 222.0 @ 3.53s
2026-09-02 13:59:17,946 - DVPTest - DEBUG - 物理分类结果: INFLATING
2026-09-02 13:59:17,946 - DVPTest - DEBUG - process_data: t=3.62, p=230.0, v=84.211, a=698.5, phase=INFLATING
2026-09-02 13:59:17,946 - DVPTest - DEBUG - 充气峰值更新: 230.0 @ 3.62s
2026-09-02 13:59:17,946 - DVPTest - DEBUG - 物理分类结果: INFLATING
2026-09-02 13:59:17,946 - DVPTest - DEBUG - process_data: t=3.72, p=230.0, v=0.000, a=-868.1, phase=INFLATING
2026-09-02 13:59:17,946 - DVPTest - DEBUG - 物理分类结果: STABLE
2026-09-02 13:59:17,946 - DVPTest - DEBUG - process_data: t=3.83, p=233.0, v=27.273, a=247.9, phase=INFLATING
2026-09-02 13:59:17,947 - DVPTest - DEBUG - 充气峰值更新: 233.0 @ 3.83s
2026-09-02 13:59:17,947 - DVPTest - DEBUG - 物理分类结果: INFLATING
2026-09-02 13:59:17,947 - DVPTest - DEBUG - process_data: t=3.93, p=231.0, v=-20.619, a=-493.7, phase=INFLATING
2026-09-02 13:59:17,947 - DVPTest - DEBUG - 物理分类结果: DEFLATING
2026-09-02 13:59:17,947 - DVPTest - DEBUG - process_data: t=4.02, p=230.0, v=-10.417, a=106.3, phase=INFLATING
2026-09-02 13:59:17,947 - DVPTest - INFO - ★ 泄气拐点确认 [持续下降]: p=231.00 @ t=3.927s, rate=-10.42
2026-09-02 13:59:17,947 - DVPTest - SUCCESS - ★ 泄气拐点确认 [持续下降]: p=231.00 @ t=3.927s, rate=-10.42
2026-09-02 13:59:17,948 - DVPTest - INFO - 充气结果输出（由泄气拐点触发）: {'state': 'DONE', 'start': {'value': 5.0, 'time': 0.524, 'reached': True}, 'mid': {'value': 200.0, 'time': 3.128, 'reached': True}, 'target': {'value': 300.0, 'time': None, 'reached': False}, 'peak': {'value': 233.0, 'time': 3.83}}
2026-09-02 13:59:17,948 - DVPTest - SUCCESS - ★ 充气结果已触发（拐点）
2026-09-02 13:59:17,949 - DVPTest - DEBUG - [UI] _on_result_text: key=inflate, text=起始值5→中间值200 时间2.60s 速率74.88mmHg/s  起始值5→峰值233 时间3.31s 速率68.97mmHg/s
2026-09-02 13:59:17,949 - DVPTest - DEBUG - 物理分类结果: DEFLATING
2026-09-02 13:59:17,949 - DVPTest - DEBUG - process_data: t=4.12, p=229.0, v=-10.526, a=-1.2, phase=INFLATING
2026-09-02 13:59:17,949 - DVPTest - DEBUG - 物理分类结果: DEFLATING
2026-09-02 13:59:17,949 - DVPTest - DEBUG - process_data: t=4.23, p=228.0, v=-8.929, a=14.3, phase=INFLATING
2026-09-02 13:59:17,949 - DVPTest - DEBUG - 物理分类结果: DEFLATING
2026-09-02 13:59:17,950 - DVPTest - DEBUG - 有效泄气迹象，下降 5.0 mmHg，计数 1/3
2026-09-02 13:59:17,950 - DVPTest - DEBUG - process_data: t=4.33, p=227.0, v=-10.417, a=-15.5, phase=INFLATING
2026-09-02 13:59:17,950 - DVPTest - DEBUG - 物理分类结果: DEFLATING
2026-09-02 13:59:17,950 - DVPTest - DEBUG - 有效泄气迹象，下降 6.0 mmHg，计数 2/3
2026-09-02 13:59:17,950 - DVPTest - DEBUG - process_data: t=4.42, p=227.0, v=0.000, a=107.4, phase=INFLATING
2026-09-02 13:59:17,950 - DVPTest - DEBUG - 物理分类结果: STABLE
2026-09-02 13:59:17,950 - DVPTest - DEBUG - process_data: t=4.52, p=226.0, v=-10.526, a=-110.8, phase=INFLATING
2026-09-02 13:59:17,950 - DVPTest - DEBUG - 物理分类结果: DEFLATING
2026-09-02 13:59:17,951 - DVPTest - DEBUG - 有效泄气迹象，下降 7.0 mmHg，计数 1/3
2026-09-02 13:59:17,951 - DVPTest - DEBUG - process_data: t=4.63, p=225.0, v=-8.850, a=14.8, phase=INFLATING
2026-09-02 13:59:17,951 - DVPTest - DEBUG - 物理分类结果: DEFLATING
2026-09-02 13:59:17,951 - DVPTest - DEBUG - 有效泄气迹象，下降 8.0 mmHg，计数 2/3
2026-09-02 13:59:17,951 - DVPTest - DEBUG - process_data: t=4.73, p=225.0, v=0.000, a=93.2, phase=INFLATING
2026-09-02 13:59:17,951 - DVPTest - DEBUG - 物理分类结果: STABLE
2026-09-02 13:59:17,951 - DVPTest - DEBUG - process_data: t=4.82, p=224.0, v=-10.526, a=-110.8, phase=INFLATING
2026-09-02 13:59:17,951 - DVPTest - DEBUG - 物理分类结果: DEFLATING
2026-09-02 13:59:17,951 - DVPTest - DEBUG - 有效泄气迹象，下降 9.0 mmHg，计数 1/3
2026-09-02 13:59:17,951 - DVPTest - DEBUG - process_data: t=4.92, p=224.0, v=0.000, a=109.6, phase=INFLATING
2026-09-02 13:59:17,951 - DVPTest - DEBUG - 物理分类结果: STABLE
2026-09-02 13:59:17,951 - DVPTest - DEBUG - process_data: t=5.03, p=223.0, v=-8.929, a=-79.7, phase=INFLATING
2026-09-02 13:59:17,951 - DVPTest - DEBUG - 物理分类结果: DEFLATING
2026-09-02 13:59:17,951 - DVPTest - DEBUG - 有效泄气迹象，下降 10.0 mmHg，计数 1/3
2026-09-02 13:59:17,951 - DVPTest - DEBUG - process_data: t=5.12, p=223.0, v=0.000, a=93.0, phase=INFLATING
2026-09-02 13:59:17,953 - DVPTest - DEBUG - 物理分类结果: STABLE
2026-09-02 13:59:17,953 - DVPTest - DEBUG - process_data: t=5.22, p=222.0, v=-10.417, a=-108.5, phase=INFLATING
2026-09-02 13:59:17,953 - DVPTest - DEBUG - 物理分类结果: DEFLATING
2026-09-02 13:59:17,953 - DVPTest - DEBUG - 有效泄气迹象，下降 11.0 mmHg，计数 1/3
2026-09-02 13:59:17,953 - DVPTest - DEBUG - process_data: t=5.32, p=222.0, v=0.000, a=108.5, phase=INFLATING
2026-09-02 13:59:17,953 - DVPTest - DEBUG - 物理分类结果: STABLE
2026-09-02 13:59:17,953 - DVPTest - DEBUG - process_data: t=5.43, p=222.0, v=0.000, a=0.0, phase=INFLATING
2026-09-02 13:59:17,953 - DVPTest - DEBUG - 物理分类结果: STABLE
2026-09-02 13:59:17,953 - DVPTest - DEBUG - process_data: t=5.52, p=221.0, v=-10.526, a=-110.8, phase=INFLATING
2026-09-02 13:59:17,953 - DVPTest - DEBUG - 物理分类结果: DEFLATING
2026-09-02 13:59:17,953 - DVPTest - DEBUG - 有效泄气迹象，下降 12.0 mmHg，计数 1/3
2026-09-02 13:59:17,953 - DVPTest - DEBUG - process_data: t=5.62, p=221.0, v=0.000, a=109.6, phase=INFLATING
2026-09-02 13:59:17,953 - DVPTest - DEBUG - 物理分类结果: STABLE
2026-09-02 13:59:17,953 - DVPTest - DEBUG - process_data: t=5.72, p=221.0, v=0.000, a=0.0, phase=INFLATING
2026-09-02 13:59:17,953 - DVPTest - DEBUG - 物理分类结果: STABLE
2026-09-02 13:59:17,953 - DVPTest - DEBUG - process_data: t=5.83, p=221.0, v=0.000, a=0.0, phase=INFLATING
2026-09-02 13:59:17,954 - DVPTest - DEBUG - 物理分类结果: STABLE
2026-09-02 13:59:17,954 - DVPTest - DEBUG - process_data: t=5.92, p=220.0, v=-10.526, a=-110.8, phase=INFLATING
2026-09-02 13:59:17,954 - DVPTest - DEBUG - 物理分类结果: DEFLATING
2026-09-02 13:59:17,954 - DVPTest - DEBUG - 有效泄气迹象，下降 13.0 mmHg，计数 1/3
2026-09-02 13:59:17,954 - DVPTest - DEBUG - process_data: t=6.02, p=220.0, v=0.000, a=109.6, phase=INFLATING
2026-09-02 13:59:17,954 - DVPTest - DEBUG - 物理分类结果: STABLE
2026-09-02 13:59:17,954 - DVPTest - DEBUG - process_data: t=6.13, p=220.0, v=0.000, a=0.0, phase=INFLATING
2026-09-02 13:59:17,954 - DVPTest - DEBUG - 物理分类结果: STABLE
2026-09-02 13:59:17,954 - DVPTest - DEBUG - process_data: t=6.23, p=220.0, v=0.000, a=0.0, phase=INFLATING
2026-09-02 13:59:17,954 - DVPTest - DEBUG - 物理分类结果: STABLE
2026-09-02 13:59:17,954 - DVPTest - DEBUG - process_data: t=6.32, p=220.0, v=0.000, a=0.0, phase=INFLATING
2026-09-02 13:59:17,954 - DVPTest - DEBUG - 物理分类结果: STABLE
2026-09-02 13:59:17,954 - DVPTest - DEBUG - process_data: t=6.42, p=219.0, v=-10.417, a=-108.5, phase=INFLATING
2026-09-02 13:59:17,954 - DVPTest - DEBUG - 物理分类结果: DEFLATING
2026-09-02 13:59:17,954 - DVPTest - DEBUG - 有效泄气迹象，下降 14.0 mmHg，计数 1/3
2026-09-02 13:59:17,954 - DVPTest - DEBUG - process_data: t=6.53, p=219.0, v=0.000, a=93.8, phase=INFLATING
2026-09-02 13:59:17,954 - DVPTest - DEBUG - 物理分类结果: STABLE
2026-09-02 13:59:17,955 - DVPTest - DEBUG - process_data: t=6.63, p=219.0, v=0.000, a=0.0, phase=INFLATING
2026-09-02 13:59:17,955 - DVPTest - DEBUG - 物理分类结果: STABLE
2026-09-02 13:59:17,955 - DVPTest - DEBUG - process_data: t=6.72, p=219.0, v=0.000, a=0.0, phase=INFLATING
2026-09-02 13:59:17,955 - DVPTest - DEBUG - 物理分类结果: STABLE
2026-09-02 13:59:17,955 - DVPTest - DEBUG - process_data: t=6.82, p=219.0, v=0.000, a=0.0, phase=INFLATING
2026-09-02 13:59:17,955 - DVPTest - DEBUG - 物理分类结果: STABLE
2026-09-02 13:59:17,955 - DVPTest - DEBUG - process_data: t=6.93, p=219.0, v=0.000, a=0.0, phase=INFLATING
2026-09-02 13:59:17,955 - DVPTest - DEBUG - 物理分类结果: STABLE
2026-09-02 13:59:17,955 - DVPTest - DEBUG - process_data: t=7.03, p=219.0, v=0.000, a=0.0, phase=INFLATING
2026-09-02 13:59:17,955 - DVPTest - DEBUG - 物理分类结果: STABLE
2026-09-02 13:59:17,955 - DVPTest - DEBUG - process_data: t=7.12, p=218.0, v=-10.309, a=-106.3, phase=INFLATING
2026-09-02 13:59:17,956 - DVPTest - DEBUG - 物理分类结果: DEFLATING
2026-09-02 13:59:17,956 - DVPTest - DEBUG - 有效泄气迹象，下降 15.0 mmHg，计数 1/3
2026-09-02 13:59:17,956 - DVPTest - DEBUG - process_data: t=7.22, p=218.0, v=0.000, a=108.5, phase=INFLATING
2026-09-02 13:59:17,956 - DVPTest - DEBUG - 物理分类结果: STABLE
2026-09-02 13:59:17,956 - DVPTest - DEBUG - process_data: t=7.33, p=218.0, v=0.000, a=0.0, phase=INFLATING
2026-09-02 13:59:17,956 - DVPTest - DEBUG - 物理分类结果: STABLE
2026-09-02 13:59:17,956 - DVPTest - DEBUG - process_data: t=7.42, p=218.0, v=0.000, a=0.0, phase=INFLATING
2026-09-02 13:59:17,956 - DVPTest - DEBUG - 物理分类结果: STABLE
2026-09-02 13:59:17,957 - DVPTest - DEBUG - process_data: t=7.52, p=218.0, v=0.000, a=0.0, phase=INFLATING
2026-09-02 13:59:17,957 - DVPTest - DEBUG - 物理分类结果: STABLE
2026-09-02 13:59:17,957 - DVPTest - DEBUG - process_data: t=7.62, p=218.0, v=0.000, a=0.0, phase=INFLATING
2026-09-02 13:59:17,957 - DVPTest - DEBUG - 物理分类结果: STABLE
2026-09-02 13:59:17,957 - DVPTest - DEBUG - process_data: t=7.73, p=218.0, v=0.000, a=0.0, phase=INFLATING
2026-09-02 13:59:17,957 - DVPTest - DEBUG - 物理分类结果: STABLE
2026-09-02 13:59:17,957 - DVPTest - DEBUG - process_data: t=7.83, p=218.0, v=0.000, a=0.0, phase=INFLATING
2026-09-02 13:59:17,958 - DVPTest - DEBUG - 物理分类结果: STABLE
2026-09-02 13:59:17,958 - DVPTest - DEBUG - process_data: t=7.92, p=218.0, v=0.000, a=0.0, phase=INFLATING
2026-09-02 13:59:17,958 - DVPTest - DEBUG - 物理分类结果: STABLE
2026-09-02 13:59:17,958 - DVPTest - DEBUG - process_data: t=8.02, p=218.0, v=0.000, a=0.0, phase=INFLATING
2026-09-02 13:59:17,958 - DVPTest - DEBUG - 物理分类结果: STABLE
2026-09-02 13:59:17,958 - DVPTest - DEBUG - process_data: t=8.13, p=218.0, v=0.000, a=0.0, phase=INFLATING
2026-09-02 13:59:17,959 - DVPTest - DEBUG - 物理分类结果: STABLE
2026-09-02 13:59:17,959 - DVPTest - DEBUG - process_data: t=8.22, p=218.0, v=0.000, a=0.0, phase=INFLATING
2026-09-02 13:59:17,959 - DVPTest - DEBUG - 物理分类结果: STABLE
2026-09-02 13:59:17,959 - DVPTest - DEBUG - process_data: t=8.32, p=218.0, v=0.000, a=0.0, phase=INFLATING
2026-09-02 13:59:17,959 - DVPTest - DEBUG - 物理分类结果: STABLE
2026-09-02 13:59:17,959 - DVPTest - DEBUG - process_data: t=8.43, p=217.0, v=-9.091, a=-82.6, phase=INFLATING
2026-09-02 13:59:17,959 - DVPTest - DEBUG - 物理分类结果: DEFLATING
2026-09-02 13:59:17,959 - DVPTest - DEBUG - 有效泄气迹象，下降 16.0 mmHg，计数 1/3
2026-09-02 13:59:17,960 - DVPTest - DEBUG - process_data: t=8.53, p=217.0, v=0.000, a=94.7, phase=INFLATING
2026-09-02 13:59:17,960 - DVPTest - DEBUG - 物理分类结果: STABLE
2026-09-02 13:59:17,960 - DVPTest - DEBUG - process_data: t=8.62, p=217.0, v=0.000, a=0.0, phase=INFLATING
2026-09-02 13:59:17,960 - DVPTest - DEBUG - 物理分类结果: STABLE
2026-09-02 13:59:17,960 - DVPTest - DEBUG - process_data: t=8.72, p=217.0, v=0.000, a=0.0, phase=INFLATING
2026-09-02 13:59:17,960 - DVPTest - DEBUG - 物理分类结果: STABLE
2026-09-02 13:59:17,960 - DVPTest - DEBUG - process_data: t=8.83, p=217.0, v=0.000, a=0.0, phase=INFLATING
2026-09-02 13:59:17,960 - DVPTest - DEBUG - 物理分类结果: STABLE
2026-09-02 13:59:17,961 - DVPTest - DEBUG - process_data: t=8.93, p=217.0, v=0.000, a=0.0, phase=INFLATING
2026-09-02 13:59:17,961 - DVPTest - DEBUG - 物理分类结果: STABLE
2026-09-02 13:59:17,961 - DVPTest - DEBUG - process_data: t=9.02, p=217.0, v=0.000, a=0.0, phase=INFLATING
2026-09-02 13:59:17,961 - DVPTest - DEBUG - 物理分类结果: STABLE
2026-09-02 13:59:17,961 - DVPTest - DEBUG - process_data: t=9.12, p=217.0, v=0.000, a=0.0, phase=INFLATING
2026-09-02 13:59:17,961 - DVPTest - DEBUG - 物理分类结果: STABLE
2026-09-02 13:59:17,961 - DVPTest - DEBUG - process_data: t=9.23, p=217.0, v=0.000, a=0.0, phase=INFLATING
2026-09-02 13:59:17,961 - DVPTest - DEBUG - 物理分类结果: STABLE
2026-09-02 13:59:17,961 - DVPTest - DEBUG - process_data: t=9.33, p=217.0, v=0.000, a=0.0, phase=INFLATING
2026-09-02 13:59:17,962 - DVPTest - DEBUG - 物理分类结果: STABLE
2026-09-02 13:59:17,962 - DVPTest - DEBUG - process_data: t=9.42, p=217.0, v=0.000, a=0.0, phase=INFLATING
2026-09-02 13:59:17,962 - DVPTest - DEBUG - 物理分类结果: STABLE
2026-09-02 13:59:17,962 - DVPTest - DEBUG - process_data: t=9.52, p=217.0, v=0.000, a=0.0, phase=INFLATING
2026-09-02 13:59:17,962 - DVPTest - DEBUG - 物理分类结果: STABLE
2026-09-02 13:59:17,962 - DVPTest - DEBUG - process_data: t=9.63, p=217.0, v=0.000, a=0.0, phase=INFLATING
2026-09-02 13:59:17,962 - DVPTest - DEBUG - 物理分类结果: STABLE
2026-09-02 13:59:17,962 - DVPTest - DEBUG - process_data: t=9.73, p=217.0, v=0.000, a=0.0, phase=INFLATING
2026-09-02 13:59:17,962 - DVPTest - DEBUG - 物理分类结果: STABLE
2026-09-02 13:59:17,962 - DVPTest - DEBUG - process_data: t=9.82, p=217.0, v=0.000, a=0.0, phase=INFLATING
2026-09-02 13:59:17,962 - DVPTest - DEBUG - 物理分类结果: STABLE
2026-09-02 13:59:17,962 - DVPTest - DEBUG - process_data: t=9.92, p=217.0, v=0.000, a=0.0, phase=INFLATING
2026-09-02 13:59:17,963 - DVPTest - DEBUG - 物理分类结果: STABLE
2026-09-02 13:59:17,963 - DVPTest - DEBUG - process_data: t=10.03, p=217.0, v=0.000, a=0.0, phase=INFLATING
2026-09-02 13:59:17,964 - DVPTest - DEBUG - 物理分类结果: STABLE
2026-09-02 13:59:17,964 - DVPTest - DEBUG - process_data: t=10.13, p=217.0, v=0.000, a=0.0, phase=INFLATING
2026-09-02 13:59:17,964 - DVPTest - DEBUG - 物理分类结果: STABLE
2026-09-02 13:59:17,964 - DVPTest - DEBUG - process_data: t=10.22, p=217.0, v=0.000, a=0.0, phase=INFLATING
2026-09-02 13:59:17,964 - DVPTest - DEBUG - 物理分类结果: STABLE
2026-09-02 13:59:17,964 - DVPTest - DEBUG - process_data: t=10.33, p=217.0, v=0.000, a=0.0, phase=INFLATING
2026-09-02 13:59:17,964 - DVPTest - DEBUG - 物理分类结果: STABLE
2026-09-02 13:59:17,964 - DVPTest - DEBUG - process_data: t=10.43, p=217.0, v=0.000, a=0.0, phase=INFLATING
2026-09-02 13:59:17,964 - DVPTest - DEBUG - 物理分类结果: STABLE
2026-09-02 13:59:17,964 - DVPTest - DEBUG - process_data: t=10.52, p=217.0, v=0.000, a=0.0, phase=INFLATING
2026-09-02 13:59:17,964 - DVPTest - DEBUG - 物理分类结果: STABLE
2026-09-02 13:59:17,964 - DVPTest - DEBUG - process_data: t=10.62, p=217.0, v=0.000, a=0.0, phase=INFLATING
2026-09-02 13:59:17,964 - DVPTest - DEBUG - 物理分类结果: STABLE
2026-09-02 13:59:17,964 - DVPTest - DEBUG - process_data: t=10.73, p=217.0, v=0.000, a=0.0, phase=INFLATING
2026-09-02 13:59:17,965 - DVPTest - DEBUG - 物理分类结果: STABLE
2026-09-02 13:59:17,965 - DVPTest - DEBUG - process_data: t=10.83, p=217.0, v=0.000, a=0.0, phase=INFLATING
2026-09-02 13:59:17,965 - DVPTest - DEBUG - 物理分类结果: STABLE
2026-09-02 13:59:17,965 - DVPTest - DEBUG - process_data: t=10.92, p=217.0, v=0.000, a=0.0, phase=INFLATING
2026-09-02 13:59:17,965 - DVPTest - DEBUG - 物理分类结果: STABLE
2026-09-02 13:59:17,965 - DVPTest - DEBUG - process_data: t=11.02, p=217.0, v=0.000, a=0.0, phase=INFLATING
2026-09-02 13:59:17,965 - DVPTest - DEBUG - 物理分类结果: STABLE
2026-09-02 13:59:17,965 - DVPTest - DEBUG - process_data: t=11.13, p=216.0, v=-8.929, a=-79.7, phase=INFLATING
2026-09-02 13:59:17,965 - DVPTest - DEBUG - 物理分类结果: DEFLATING
2026-09-02 13:59:17,965 - DVPTest - DEBUG - 有效泄气迹象，下降 17.0 mmHg，计数 1/3
2026-09-02 13:59:17,965 - DVPTest - DEBUG - process_data: t=11.23, p=217.0, v=10.417, a=201.5, phase=INFLATING
2026-09-02 13:59:17,965 - DVPTest - DEBUG - 物理分类结果: INFLATING
2026-09-02 13:59:17,965 - DVPTest - DEBUG - process_data: t=11.32, p=217.0, v=0.000, a=-109.6, phase=INFLATING
2026-09-02 13:59:17,965 - DVPTest - DEBUG - 物理分类结果: STABLE
2026-09-02 13:59:17,965 - DVPTest - DEBUG - process_data: t=11.42, p=217.0, v=0.000, a=0.0, phase=INFLATING
2026-09-02 13:59:17,965 - DVPTest - DEBUG - 物理分类结果: STABLE
2026-09-02 13:59:17,965 - DVPTest - DEBUG - process_data: t=11.53, p=217.0, v=0.000, a=0.0, phase=INFLATING
2026-09-02 13:59:17,966 - DVPTest - DEBUG - 物理分类结果: STABLE
2026-09-02 13:59:17,966 - DVPTest - DEBUG - process_data: t=11.63, p=216.0, v=-10.417, a=-108.5, phase=INFLATING
2026-09-02 13:59:17,966 - DVPTest - DEBUG - 物理分类结果: DEFLATING
2026-09-02 13:59:17,966 - DVPTest - DEBUG - 有效泄气迹象，下降 17.0 mmHg，计数 1/3
2026-09-02 13:59:17,966 - DVPTest - DEBUG - process_data: t=11.72, p=216.0, v=0.000, a=108.5, phase=INFLATING
2026-09-02 13:59:17,966 - DVPTest - DEBUG - 物理分类结果: STABLE
2026-09-02 13:59:17,966 - DVPTest - DEBUG - process_data: t=11.82, p=216.0, v=0.000, a=0.0, phase=INFLATING
2026-09-02 13:59:17,966 - DVPTest - DEBUG - 物理分类结果: STABLE
2026-09-02 13:59:17,966 - DVPTest - DEBUG - process_data: t=11.93, p=216.0, v=0.000, a=0.0, phase=INFLATING
2026-09-02 13:59:17,966 - DVPTest - DEBUG - 物理分类结果: STABLE
2026-09-02 13:59:17,967 - DVPTest - DEBUG - process_data: t=12.03, p=216.0, v=0.000, a=0.0, phase=INFLATING
2026-09-02 13:59:17,967 - DVPTest - DEBUG - 物理分类结果: STABLE
2026-09-02 13:59:17,967 - DVPTest - DEBUG - process_data: t=12.12, p=216.0, v=0.000, a=0.0, phase=INFLATING
2026-09-02 13:59:17,967 - DVPTest - DEBUG - 物理分类结果: STABLE
2026-09-02 13:59:17,967 - DVPTest - DEBUG - process_data: t=12.22, p=216.0, v=0.000, a=0.0, phase=INFLATING
2026-09-02 13:59:17,967 - DVPTest - DEBUG - 物理分类结果: STABLE
2026-09-02 13:59:17,967 - DVPTest - DEBUG - process_data: t=12.33, p=216.0, v=0.000, a=0.0, phase=INFLATING
2026-09-02 13:59:17,967 - DVPTest - DEBUG - 物理分类结果: STABLE
2026-09-02 13:59:17,967 - DVPTest - DEBUG - process_data: t=12.43, p=216.0, v=0.000, a=0.0, phase=INFLATING
2026-09-02 13:59:17,967 - DVPTest - DEBUG - 物理分类结果: STABLE
2026-09-02 13:59:17,967 - DVPTest - DEBUG - process_data: t=12.52, p=216.0, v=0.000, a=0.0, phase=INFLATING
2026-09-02 13:59:17,967 - DVPTest - DEBUG - 物理分类结果: STABLE
2026-09-02 13:59:17,967 - DVPTest - DEBUG - process_data: t=12.63, p=216.0, v=0.000, a=0.0, phase=INFLATING
2026-09-02 13:59:17,967 - DVPTest - DEBUG - 物理分类结果: STABLE
2026-09-02 13:59:17,967 - DVPTest - DEBUG - process_data: t=12.73, p=216.0, v=0.000, a=0.0, phase=INFLATING
2026-09-02 13:59:17,967 - DVPTest - DEBUG - 物理分类结果: STABLE
2026-09-02 13:59:17,967 - DVPTest - DEBUG - process_data: t=12.82, p=216.0, v=0.000, a=0.0, phase=INFLATING
2026-09-02 13:59:17,967 - DVPTest - DEBUG - 物理分类结果: STABLE
2026-09-02 13:59:17,967 - DVPTest - DEBUG - process_data: t=12.92, p=216.0, v=0.000, a=0.0, phase=INFLATING
2026-09-02 13:59:17,967 - DVPTest - DEBUG - 物理分类结果: STABLE
2026-09-02 13:59:17,968 - DVPTest - DEBUG - process_data: t=13.03, p=216.0, v=0.000, a=0.0, phase=INFLATING
2026-09-02 13:59:17,968 - DVPTest - DEBUG - 物理分类结果: STABLE
2026-09-02 13:59:17,968 - DVPTest - DEBUG - process_data: t=13.13, p=216.0, v=0.000, a=0.0, phase=INFLATING
2026-09-02 13:59:17,968 - DVPTest - DEBUG - 物理分类结果: STABLE
2026-09-02 13:59:17,968 - DVPTest - DEBUG - process_data: t=13.22, p=216.0, v=0.000, a=0.0, phase=INFLATING
2026-09-02 13:59:17,968 - DVPTest - DEBUG - 物理分类结果: STABLE
2026-09-02 13:59:17,968 - DVPTest - DEBUG - process_data: t=13.32, p=216.0, v=0.000, a=0.0, phase=INFLATING
2026-09-02 13:59:17,968 - DVPTest - DEBUG - 物理分类结果: STABLE
2026-09-02 13:59:17,968 - DVPTest - DEBUG - process_data: t=13.43, p=216.0, v=0.000, a=0.0, phase=INFLATING
2026-09-02 13:59:17,968 - DVPTest - DEBUG - 物理分类结果: STABLE
2026-09-02 13:59:17,968 - DVPTest - DEBUG - process_data: t=13.53, p=216.0, v=0.000, a=0.0, phase=INFLATING
2026-09-02 13:59:17,968 - DVPTest - DEBUG - 物理分类结果: STABLE
2026-09-02 13:59:17,968 - DVPTest - DEBUG - process_data: t=13.62, p=216.0, v=0.000, a=0.0, phase=INFLATING
2026-09-02 13:59:17,968 - DVPTest - DEBUG - 物理分类结果: STABLE
2026-09-02 13:59:17,969 - DVPTest - DEBUG - process_data: t=13.72, p=216.0, v=0.000, a=0.0, phase=INFLATING
2026-09-02 13:59:17,969 - DVPTest - DEBUG - 物理分类结果: STABLE
2026-09-02 13:59:17,969 - DVPTest - DEBUG - process_data: t=13.83, p=216.0, v=0.000, a=0.0, phase=INFLATING
2026-09-02 13:59:17,969 - DVPTest - DEBUG - 物理分类结果: STABLE
2026-09-02 13:59:17,969 - DVPTest - DEBUG - process_data: t=13.93, p=216.0, v=0.000, a=0.0, phase=INFLATING
2026-09-02 13:59:17,969 - DVPTest - DEBUG - 物理分类结果: STABLE
2026-09-02 13:59:17,969 - DVPTest - DEBUG - process_data: t=14.02, p=216.0, v=0.000, a=0.0, phase=INFLATING
2026-09-02 13:59:17,969 - DVPTest - DEBUG - 物理分类结果: STABLE
2026-09-02 13:59:17,969 - DVPTest - DEBUG - process_data: t=14.12, p=216.0, v=0.000, a=0.0, phase=INFLATING
2026-09-02 13:59:17,969 - DVPTest - DEBUG - 物理分类结果: STABLE
2026-09-02 13:59:17,969 - DVPTest - DEBUG - process_data: t=14.23, p=216.0, v=0.000, a=0.0, phase=INFLATING
2026-09-02 13:59:17,969 - DVPTest - DEBUG - 物理分类结果: STABLE
2026-09-02 13:59:17,969 - DVPTest - DEBUG - process_data: t=14.33, p=216.0, v=0.000, a=0.0, phase=INFLATING
2026-09-02 13:59:17,969 - DVPTest - DEBUG - 物理分类结果: STABLE
2026-09-02 13:59:17,969 - DVPTest - DEBUG - process_data: t=14.42, p=216.0, v=0.000, a=0.0, phase=INFLATING
2026-09-02 13:59:17,969 - DVPTest - DEBUG - 物理分类结果: STABLE
2026-09-02 13:59:17,969 - DVPTest - DEBUG - process_data: t=14.52, p=216.0, v=0.000, a=0.0, phase=INFLATING
2026-09-02 13:59:17,970 - DVPTest - DEBUG - 物理分类结果: STABLE
2026-09-02 13:59:17,970 - DVPTest - DEBUG - process_data: t=14.63, p=216.0, v=0.000, a=0.0, phase=INFLATING
2026-09-02 13:59:17,970 - DVPTest - DEBUG - 物理分类结果: STABLE
2026-09-02 13:59:17,970 - DVPTest - DEBUG - process_data: t=14.73, p=216.0, v=0.000, a=0.0, phase=INFLATING
2026-09-02 13:59:17,970 - DVPTest - DEBUG - 物理分类结果: STABLE
2026-09-02 13:59:17,970 - DVPTest - DEBUG - process_data: t=14.82, p=216.0, v=0.000, a=0.0, phase=INFLATING
2026-09-02 13:59:17,970 - DVPTest - DEBUG - 物理分类结果: STABLE
2026-09-02 13:59:17,970 - DVPTest - DEBUG - process_data: t=14.93, p=216.0, v=0.000, a=0.0, phase=INFLATING
2026-09-02 13:59:17,970 - DVPTest - DEBUG - 物理分类结果: STABLE
2026-09-02 13:59:17,970 - DVPTest - DEBUG - process_data: t=15.03, p=216.0, v=0.000, a=0.0, phase=INFLATING
2026-09-02 13:59:17,970 - DVPTest - DEBUG - 物理分类结果: STABLE
2026-09-02 13:59:17,970 - DVPTest - DEBUG - process_data: t=15.13, p=216.0, v=0.000, a=0.0, phase=INFLATING
2026-09-02 13:59:17,971 - DVPTest - DEBUG - 物理分类结果: STABLE
2026-09-02 13:59:17,971 - DVPTest - DEBUG - process_data: t=15.22, p=216.0, v=0.000, a=0.0, phase=INFLATING
2026-09-02 13:59:17,971 - DVPTest - DEBUG - 物理分类结果: STABLE
2026-09-02 13:59:17,971 - DVPTest - DEBUG - process_data: t=15.33, p=216.0, v=0.000, a=0.0, phase=INFLATING
2026-09-02 13:59:17,971 - DVPTest - DEBUG - 物理分类结果: STABLE
2026-09-02 13:59:17,971 - DVPTest - DEBUG - process_data: t=15.43, p=216.0, v=0.000, a=0.0, phase=INFLATING
2026-09-02 13:59:17,971 - DVPTest - DEBUG - 物理分类结果: STABLE
2026-09-02 13:59:17,971 - DVPTest - DEBUG - process_data: t=15.53, p=216.0, v=0.000, a=0.0, phase=INFLATING
2026-09-02 13:59:17,971 - DVPTest - DEBUG - 物理分类结果: STABLE
2026-09-02 13:59:17,972 - DVPTest - DEBUG - process_data: t=15.62, p=216.0, v=0.000, a=0.0, phase=INFLATING
2026-09-02 13:59:17,972 - DVPTest - DEBUG - 物理分类结果: STABLE
2026-09-02 13:59:17,972 - DVPTest - DEBUG - process_data: t=15.73, p=216.0, v=0.000, a=0.0, phase=INFLATING
2026-09-02 13:59:17,972 - DVPTest - DEBUG - 物理分类结果: STABLE
2026-09-02 13:59:17,972 - DVPTest - DEBUG - process_data: t=15.83, p=216.0, v=0.000, a=0.0, phase=INFLATING
2026-09-02 13:59:17,972 - DVPTest - DEBUG - 物理分类结果: STABLE
2026-09-02 13:59:17,972 - DVPTest - DEBUG - process_data: t=15.93, p=216.0, v=0.000, a=0.0, phase=INFLATING
2026-09-02 13:59:17,972 - DVPTest - DEBUG - 物理分类结果: STABLE
2026-09-02 13:59:17,972 - DVPTest - DEBUG - process_data: t=16.02, p=216.0, v=0.000, a=0.0, phase=INFLATING
2026-09-02 13:59:17,972 - DVPTest - DEBUG - 物理分类结果: STABLE
2026-09-02 13:59:17,972 - DVPTest - DEBUG - process_data: t=16.13, p=216.0, v=0.000, a=0.0, phase=INFLATING
2026-09-02 13:59:17,973 - DVPTest - DEBUG - 物理分类结果: STABLE
2026-09-02 13:59:17,973 - DVPTest - DEBUG - process_data: t=16.23, p=216.0, v=0.000, a=0.0, phase=INFLATING
2026-09-02 13:59:17,973 - DVPTest - DEBUG - 物理分类结果: STABLE
2026-09-02 13:59:17,973 - DVPTest - DEBUG - process_data: t=16.32, p=216.0, v=0.000, a=0.0, phase=INFLATING
2026-09-02 13:59:17,973 - DVPTest - DEBUG - 物理分类结果: STABLE
2026-09-02 13:59:17,973 - DVPTest - DEBUG - process_data: t=16.43, p=216.0, v=0.000, a=0.0, phase=INFLATING
2026-09-02 13:59:17,973 - DVPTest - DEBUG - 物理分类结果: STABLE
2026-09-02 13:59:17,973 - DVPTest - DEBUG - process_data: t=16.53, p=216.0, v=0.000, a=0.0, phase=INFLATING
2026-09-02 13:59:17,973 - DVPTest - DEBUG - 物理分类结果: STABLE
2026-09-02 13:59:17,974 - DVPTest - DEBUG - process_data: t=16.63, p=216.0, v=0.000, a=0.0, phase=INFLATING
2026-09-02 13:59:17,974 - DVPTest - DEBUG - 物理分类结果: STABLE
2026-09-02 13:59:17,974 - DVPTest - DEBUG - process_data: t=16.72, p=216.0, v=0.000, a=0.0, phase=INFLATING
2026-09-02 13:59:17,974 - DVPTest - DEBUG - 物理分类结果: STABLE
2026-09-02 13:59:17,974 - DVPTest - DEBUG - process_data: t=16.84, p=216.0, v=0.000, a=0.0, phase=INFLATING
2026-09-02 13:59:17,974 - DVPTest - DEBUG - 物理分类结果: STABLE
2026-09-02 13:59:17,974 - DVPTest - DEBUG - process_data: t=16.93, p=216.0, v=0.000, a=0.0, phase=INFLATING
2026-09-02 13:59:17,974 - DVPTest - DEBUG - 物理分类结果: STABLE
2026-09-02 13:59:17,974 - DVPTest - DEBUG - process_data: t=17.03, p=216.0, v=0.000, a=0.0, phase=INFLATING
2026-09-02 13:59:17,974 - DVPTest - DEBUG - 物理分类结果: STABLE
2026-09-02 13:59:17,974 - DVPTest - DEBUG - process_data: t=17.12, p=216.0, v=0.000, a=0.0, phase=INFLATING
2026-09-02 13:59:17,974 - DVPTest - DEBUG - 物理分类结果: STABLE
2026-09-02 13:59:17,974 - DVPTest - DEBUG - process_data: t=17.23, p=216.0, v=0.000, a=0.0, phase=INFLATING
2026-09-02 13:59:17,975 - DVPTest - DEBUG - 物理分类结果: STABLE
2026-09-02 13:59:17,975 - DVPTest - DEBUG - process_data: t=17.33, p=216.0, v=0.000, a=0.0, phase=INFLATING
2026-09-02 13:59:17,975 - DVPTest - DEBUG - 物理分类结果: STABLE
2026-09-02 13:59:17,975 - DVPTest - DEBUG - process_data: t=17.43, p=216.0, v=0.000, a=0.0, phase=INFLATING
2026-09-02 13:59:17,975 - DVPTest - DEBUG - 物理分类结果: STABLE
2026-09-02 13:59:17,975 - DVPTest - DEBUG - process_data: t=17.52, p=216.0, v=0.000, a=0.0, phase=INFLATING
2026-09-02 13:59:17,975 - DVPTest - DEBUG - 物理分类结果: STABLE
2026-09-02 13:59:17,975 - DVPTest - DEBUG - process_data: t=17.63, p=216.0, v=0.000, a=0.0, phase=INFLATING
2026-09-02 13:59:17,976 - DVPTest - DEBUG - 物理分类结果: STABLE
2026-09-02 13:59:17,977 - DVPTest - DEBUG - process_data: t=17.73, p=216.0, v=0.000, a=0.0, phase=INFLATING
2026-09-02 13:59:17,977 - DVPTest - DEBUG - 物理分类结果: STABLE
2026-09-02 13:59:17,977 - DVPTest - DEBUG - process_data: t=17.83, p=216.0, v=0.000, a=0.0, phase=INFLATING
2026-09-02 13:59:17,977 - DVPTest - DEBUG - 物理分类结果: STABLE
2026-09-02 13:59:17,977 - DVPTest - DEBUG - process_data: t=17.92, p=216.0, v=0.000, a=0.0, phase=INFLATING
2026-09-02 13:59:17,977 - DVPTest - DEBUG - 物理分类结果: STABLE
2026-09-02 13:59:17,977 - DVPTest - DEBUG - process_data: t=18.04, p=216.0, v=0.000, a=0.0, phase=INFLATING
2026-09-02 13:59:17,977 - DVPTest - DEBUG - 物理分类结果: STABLE
2026-09-02 13:59:17,977 - DVPTest - DEBUG - process_data: t=18.13, p=216.0, v=0.000, a=0.0, phase=INFLATING
2026-09-02 13:59:17,978 - DVPTest - DEBUG - 物理分类结果: STABLE
2026-09-02 13:59:17,978 - DVPTest - DEBUG - process_data: t=18.23, p=216.0, v=0.000, a=0.0, phase=INFLATING
2026-09-02 13:59:17,978 - DVPTest - DEBUG - 物理分类结果: STABLE
2026-09-02 13:59:17,978 - DVPTest - DEBUG - process_data: t=18.32, p=216.0, v=0.000, a=0.0, phase=INFLATING
2026-09-02 13:59:17,978 - DVPTest - DEBUG - 物理分类结果: STABLE
2026-09-02 13:59:17,978 - DVPTest - DEBUG - process_data: t=18.43, p=216.0, v=0.000, a=0.0, phase=INFLATING
2026-09-02 13:59:17,978 - DVPTest - DEBUG - 物理分类结果: STABLE
2026-09-02 13:59:17,978 - DVPTest - DEBUG - process_data: t=18.53, p=216.0, v=0.000, a=0.0, phase=INFLATING
2026-09-02 13:59:17,978 - DVPTest - DEBUG - 物理分类结果: STABLE
2026-09-02 13:59:17,978 - DVPTest - DEBUG - process_data: t=18.62, p=216.0, v=0.000, a=0.0, phase=INFLATING
2026-09-02 13:59:17,978 - DVPTest - DEBUG - 物理分类结果: STABLE
2026-09-02 13:59:17,978 - DVPTest - DEBUG - process_data: t=18.72, p=216.0, v=0.000, a=0.0, phase=INFLATING
2026-09-02 13:59:17,978 - DVPTest - DEBUG - 物理分类结果: STABLE
2026-09-02 13:59:17,978 - DVPTest - DEBUG - process_data: t=18.83, p=216.0, v=0.000, a=0.0, phase=INFLATING
2026-09-02 13:59:17,978 - DVPTest - DEBUG - 物理分类结果: STABLE
2026-09-02 13:59:17,978 - DVPTest - DEBUG - process_data: t=18.93, p=216.0, v=0.000, a=0.0, phase=INFLATING
2026-09-02 13:59:17,979 - DVPTest - DEBUG - 物理分类结果: STABLE
2026-09-02 13:59:17,979 - DVPTest - DEBUG - process_data: t=19.02, p=216.0, v=0.000, a=0.0, phase=INFLATING
2026-09-02 13:59:17,979 - DVPTest - DEBUG - 物理分类结果: STABLE
2026-09-02 13:59:17,979 - DVPTest - DEBUG - process_data: t=19.14, p=216.0, v=0.000, a=0.0, phase=INFLATING
2026-09-02 13:59:17,979 - DVPTest - DEBUG - 物理分类结果: STABLE
2026-09-02 13:59:17,979 - DVPTest - DEBUG - process_data: t=19.23, p=216.0, v=0.000, a=0.0, phase=INFLATING
2026-09-02 13:59:17,979 - DVPTest - DEBUG - 物理分类结果: STABLE
2026-09-02 13:59:17,979 - DVPTest - DEBUG - process_data: t=19.33, p=216.0, v=0.000, a=0.0, phase=INFLATING
2026-09-02 13:59:17,979 - DVPTest - DEBUG - 物理分类结果: STABLE
2026-09-02 13:59:17,979 - DVPTest - DEBUG - process_data: t=19.42, p=216.0, v=0.000, a=0.0, phase=INFLATING
2026-09-02 13:59:17,979 - DVPTest - DEBUG - 物理分类结果: STABLE
2026-09-02 13:59:17,979 - DVPTest - DEBUG - process_data: t=19.54, p=216.0, v=0.000, a=0.0, phase=INFLATING
2026-09-02 13:59:17,980 - DVPTest - DEBUG - 物理分类结果: STABLE
2026-09-02 13:59:17,980 - DVPTest - DEBUG - process_data: t=19.63, p=216.0, v=0.000, a=0.0, phase=INFLATING
2026-09-02 13:59:17,980 - DVPTest - DEBUG - 物理分类结果: STABLE
2026-09-02 13:59:17,980 - DVPTest - DEBUG - process_data: t=19.73, p=216.0, v=0.000, a=0.0, phase=INFLATING
2026-09-02 13:59:17,980 - DVPTest - DEBUG - 物理分类结果: STABLE
2026-09-02 13:59:17,980 - DVPTest - DEBUG - process_data: t=19.82, p=216.0, v=0.000, a=0.0, phase=INFLATING
2026-09-02 13:59:17,980 - DVPTest - DEBUG - 物理分类结果: STABLE
2026-09-02 13:59:17,980 - DVPTest - DEBUG - process_data: t=19.93, p=216.0, v=0.000, a=0.0, phase=INFLATING
2026-09-02 13:59:17,980 - DVPTest - DEBUG - 物理分类结果: STABLE
2026-09-02 13:59:17,980 - DVPTest - DEBUG - process_data: t=20.03, p=216.0, v=0.000, a=0.0, phase=INFLATING
2026-09-02 13:59:17,980 - DVPTest - DEBUG - 物理分类结果: STABLE
2026-09-02 13:59:17,980 - DVPTest - DEBUG - process_data: t=20.13, p=216.0, v=0.000, a=0.0, phase=INFLATING
2026-09-02 13:59:17,980 - DVPTest - DEBUG - 物理分类结果: STABLE
2026-09-02 13:59:17,980 - DVPTest - DEBUG - process_data: t=20.22, p=216.0, v=0.000, a=0.0, phase=INFLATING
2026-09-02 13:59:17,980 - DVPTest - DEBUG - 物理分类结果: STABLE
2026-09-02 13:59:17,980 - DVPTest - DEBUG - process_data: t=20.33, p=216.0, v=0.000, a=0.0, phase=INFLATING
2026-09-02 13:59:17,980 - DVPTest - DEBUG - 物理分类结果: STABLE
2026-09-02 13:59:17,981 - DVPTest - DEBUG - process_data: t=20.43, p=216.0, v=0.000, a=0.0, phase=INFLATING
2026-09-02 13:59:17,981 - DVPTest - DEBUG - 物理分类结果: STABLE
2026-09-02 13:59:17,981 - DVPTest - DEBUG - process_data: t=20.52, p=216.0, v=0.000, a=0.0, phase=INFLATING
2026-09-02 13:59:17,981 - DVPTest - DEBUG - 物理分类结果: STABLE
2026-09-02 13:59:17,981 - DVPTest - DEBUG - process_data: t=20.62, p=216.0, v=0.000, a=0.0, phase=INFLATING
2026-09-02 13:59:17,981 - DVPTest - DEBUG - 物理分类结果: STABLE
2026-09-02 13:59:17,981 - DVPTest - DEBUG - process_data: t=20.73, p=216.0, v=0.000, a=0.0, phase=INFLATING
2026-09-02 13:59:17,981 - DVPTest - DEBUG - 物理分类结果: STABLE
2026-09-02 13:59:17,981 - DVPTest - DEBUG - process_data: t=20.83, p=216.0, v=0.000, a=0.0, phase=INFLATING
2026-09-02 13:59:17,981 - DVPTest - DEBUG - 物理分类结果: STABLE
2026-09-02 13:59:17,981 - DVPTest - DEBUG - process_data: t=20.93, p=216.0, v=0.000, a=0.0, phase=INFLATING
2026-09-02 13:59:17,981 - DVPTest - DEBUG - 物理分类结果: STABLE
2026-09-02 13:59:17,981 - DVPTest - DEBUG - process_data: t=21.02, p=216.0, v=0.000, a=0.0, phase=INFLATING
2026-09-02 13:59:17,982 - DVPTest - DEBUG - 物理分类结果: STABLE
2026-09-02 13:59:17,982 - DVPTest - DEBUG - process_data: t=21.13, p=216.0, v=0.000, a=0.0, phase=INFLATING
2026-09-02 13:59:17,982 - DVPTest - DEBUG - 物理分类结果: STABLE
2026-09-02 13:59:17,982 - DVPTest - DEBUG - process_data: t=21.23, p=216.0, v=0.000, a=0.0, phase=INFLATING
2026-09-02 13:59:17,982 - DVPTest - DEBUG - 物理分类结果: STABLE
2026-09-02 13:59:17,982 - DVPTest - DEBUG - process_data: t=21.32, p=216.0, v=0.000, a=0.0, phase=INFLATING
2026-09-02 13:59:17,982 - DVPTest - DEBUG - 物理分类结果: STABLE
2026-09-02 13:59:17,982 - DVPTest - DEBUG - process_data: t=21.43, p=216.0, v=0.000, a=0.0, phase=INFLATING
2026-09-02 13:59:17,982 - DVPTest - DEBUG - 物理分类结果: STABLE
2026-09-02 13:59:17,983 - DVPTest - DEBUG - process_data: t=21.53, p=216.0, v=0.000, a=0.0, phase=INFLATING
2026-09-02 13:59:17,983 - DVPTest - DEBUG - 物理分类结果: STABLE
2026-09-02 13:59:17,983 - DVPTest - DEBUG - process_data: t=21.63, p=216.0, v=0.000, a=0.0, phase=INFLATING
2026-09-02 13:59:17,983 - DVPTest - DEBUG - 物理分类结果: STABLE
2026-09-02 13:59:17,983 - DVPTest - DEBUG - process_data: t=21.73, p=216.0, v=0.000, a=0.0, phase=INFLATING
2026-09-02 13:59:17,983 - DVPTest - DEBUG - 物理分类结果: STABLE
2026-09-02 13:59:17,983 - DVPTest - DEBUG - process_data: t=21.84, p=216.0, v=0.000, a=0.0, phase=INFLATING
2026-09-02 13:59:17,983 - DVPTest - DEBUG - 物理分类结果: STABLE
2026-09-02 13:59:17,983 - DVPTest - DEBUG - process_data: t=21.93, p=215.0, v=-10.417, a=-108.5, phase=INFLATING
2026-09-02 13:59:17,984 - DVPTest - DEBUG - 物理分类结果: DEFLATING
2026-09-02 13:59:17,984 - DVPTest - DEBUG - 有效泄气迹象，下降 18.0 mmHg，计数 1/3
2026-09-02 13:59:17,984 - DVPTest - DEBUG - process_data: t=22.03, p=215.0, v=0.000, a=108.5, phase=INFLATING
2026-09-02 13:59:17,984 - DVPTest - DEBUG - 物理分类结果: STABLE
2026-09-02 13:59:17,984 - DVPTest - DEBUG - process_data: t=22.13, p=215.0, v=0.000, a=0.0, phase=INFLATING
2026-09-02 13:59:17,984 - DVPTest - DEBUG - 物理分类结果: STABLE
2026-09-02 13:59:17,984 - DVPTest - DEBUG - process_data: t=22.23, p=215.0, v=0.000, a=0.0, phase=INFLATING
2026-09-02 13:59:17,984 - DVPTest - DEBUG - 物理分类结果: STABLE
2026-09-02 13:59:17,984 - DVPTest - DEBUG - process_data: t=22.33, p=215.0, v=0.000, a=0.0, phase=INFLATING
2026-09-02 13:59:17,984 - DVPTest - DEBUG - 物理分类结果: STABLE
2026-09-02 13:59:17,985 - DVPTest - DEBUG - process_data: t=22.43, p=215.0, v=0.000, a=0.0, phase=INFLATING
2026-09-02 13:59:17,985 - DVPTest - DEBUG - 物理分类结果: STABLE
2026-09-02 13:59:17,985 - DVPTest - DEBUG - process_data: t=22.52, p=215.0, v=0.000, a=0.0, phase=INFLATING
2026-09-02 13:59:17,985 - DVPTest - DEBUG - 物理分类结果: STABLE
2026-09-02 13:59:17,985 - DVPTest - DEBUG - process_data: t=22.63, p=215.0, v=0.000, a=0.0, phase=INFLATING
2026-09-02 13:59:17,985 - DVPTest - DEBUG - 物理分类结果: STABLE
2026-09-02 13:59:17,985 - DVPTest - DEBUG - process_data: t=22.73, p=216.0, v=10.417, a=108.5, phase=INFLATING
2026-09-02 13:59:17,985 - DVPTest - DEBUG - 物理分类结果: INFLATING
2026-09-02 13:59:17,985 - DVPTest - DEBUG - process_data: t=22.83, p=215.0, v=-10.417, a=-217.0, phase=INFLATING
2026-09-02 13:59:17,986 - DVPTest - DEBUG - 物理分类结果: DEFLATING
2026-09-02 13:59:17,986 - DVPTest - DEBUG - 有效泄气迹象，下降 18.0 mmHg，计数 1/3
2026-09-02 13:59:17,986 - DVPTest - DEBUG - process_data: t=22.92, p=215.0, v=0.000, a=108.5, phase=INFLATING
2026-09-02 13:59:17,986 - DVPTest - DEBUG - 物理分类结果: STABLE
2026-09-02 13:59:17,986 - DVPTest - DEBUG - process_data: t=23.03, p=216.0, v=8.929, a=79.7, phase=INFLATING
2026-09-02 13:59:17,986 - DVPTest - DEBUG - 物理分类结果: INFLATING
2026-09-02 13:59:17,986 - DVPTest - DEBUG - process_data: t=23.13, p=215.0, v=-10.417, a=-201.5, phase=INFLATING
2026-09-02 13:59:17,986 - DVPTest - DEBUG - 物理分类结果: DEFLATING
2026-09-02 13:59:17,986 - DVPTest - DEBUG - 有效泄气迹象，下降 18.0 mmHg，计数 1/3
2026-09-02 13:59:17,986 - DVPTest - DEBUG - process_data: t=23.23, p=215.0, v=0.000, a=109.6, phase=INFLATING
2026-09-02 13:59:17,986 - DVPTest - DEBUG - 物理分类结果: STABLE
2026-09-02 13:59:17,986 - DVPTest - DEBUG - process_data: t=23.32, p=215.0, v=0.000, a=0.0, phase=INFLATING
2026-09-02 13:59:17,986 - DVPTest - DEBUG - 物理分类结果: STABLE
2026-09-02 13:59:17,986 - DVPTest - DEBUG - process_data: t=23.43, p=215.0, v=0.000, a=0.0, phase=INFLATING
2026-09-02 13:59:17,988 - DVPTest - DEBUG - 物理分类结果: STABLE
2026-09-02 13:59:17,988 - DVPTest - DEBUG - process_data: t=23.53, p=215.0, v=0.000, a=0.0, phase=INFLATING
2026-09-02 13:59:17,988 - DVPTest - DEBUG - 物理分类结果: STABLE
2026-09-02 13:59:17,988 - DVPTest - DEBUG - process_data: t=23.62, p=215.0, v=0.000, a=0.0, phase=INFLATING
2026-09-02 13:59:17,988 - DVPTest - DEBUG - 物理分类结果: STABLE
2026-09-02 13:59:17,988 - DVPTest - DEBUG - process_data: t=23.74, p=215.0, v=0.000, a=0.0, phase=INFLATING
2026-09-02 13:59:17,988 - DVPTest - DEBUG - 物理分类结果: STABLE
2026-09-02 13:59:17,988 - DVPTest - DEBUG - process_data: t=23.83, p=215.0, v=0.000, a=0.0, phase=INFLATING
2026-09-02 13:59:17,988 - DVPTest - DEBUG - 物理分类结果: STABLE
2026-09-02 13:59:17,989 - DVPTest - DEBUG - process_data: t=23.93, p=215.0, v=0.000, a=0.0, phase=INFLATING
2026-09-02 13:59:17,989 - DVPTest - DEBUG - 物理分类结果: STABLE
2026-09-02 13:59:17,989 - DVPTest - DEBUG - process_data: t=24.02, p=215.0, v=0.000, a=0.0, phase=INFLATING
2026-09-02 13:59:17,989 - DVPTest - DEBUG - 物理分类结果: STABLE
2026-09-02 13:59:17,989 - DVPTest - DEBUG - process_data: t=24.14, p=215.0, v=0.000, a=0.0, phase=INFLATING
2026-09-02 13:59:17,989 - DVPTest - DEBUG - 物理分类结果: STABLE
2026-09-02 13:59:17,989 - DVPTest - DEBUG - process_data: t=24.23, p=215.0, v=0.000, a=0.0, phase=INFLATING
2026-09-02 13:59:17,989 - DVPTest - DEBUG - 物理分类结果: STABLE
2026-09-02 13:59:17,989 - DVPTest - DEBUG - process_data: t=24.33, p=215.0, v=0.000, a=0.0, phase=INFLATING
2026-09-02 13:59:17,990 - DVPTest - DEBUG - 物理分类结果: STABLE
2026-09-02 13:59:17,990 - DVPTest - DEBUG - process_data: t=24.42, p=215.0, v=0.000, a=0.0, phase=INFLATING
2026-09-02 13:59:17,990 - DVPTest - DEBUG - 物理分类结果: STABLE
2026-09-02 13:59:17,990 - DVPTest - DEBUG - process_data: t=24.54, p=215.0, v=0.000, a=0.0, phase=INFLATING
2026-09-02 13:59:17,990 - DVPTest - DEBUG - 物理分类结果: STABLE
2026-09-02 13:59:17,990 - DVPTest - DEBUG - process_data: t=24.63, p=215.0, v=0.000, a=0.0, phase=INFLATING
2026-09-02 13:59:17,990 - DVPTest - DEBUG - 物理分类结果: STABLE
2026-09-02 13:59:17,990 - DVPTest - DEBUG - process_data: t=24.73, p=215.0, v=0.000, a=0.0, phase=INFLATING
2026-09-02 13:59:17,990 - DVPTest - DEBUG - 物理分类结果: STABLE
2026-09-02 13:59:17,991 - DVPTest - DEBUG - process_data: t=24.82, p=215.0, v=0.000, a=0.0, phase=INFLATING
2026-09-02 13:59:17,991 - DVPTest - DEBUG - 物理分类结果: STABLE
2026-09-02 13:59:17,991 - DVPTest - DEBUG - process_data: t=24.93, p=215.0, v=0.000, a=0.0, phase=INFLATING
2026-09-02 13:59:17,991 - DVPTest - DEBUG - 物理分类结果: STABLE
2026-09-02 13:59:17,991 - DVPTest - DEBUG - process_data: t=25.03, p=215.0, v=0.000, a=0.0, phase=INFLATING
2026-09-02 13:59:17,991 - DVPTest - DEBUG - 物理分类结果: STABLE
2026-09-02 13:59:17,991 - DVPTest - DEBUG - process_data: t=25.13, p=215.0, v=0.000, a=0.0, phase=INFLATING
2026-09-02 13:59:17,991 - DVPTest - DEBUG - 物理分类结果: STABLE
2026-09-02 13:59:17,992 - DVPTest - DEBUG - process_data: t=25.22, p=215.0, v=0.000, a=0.0, phase=INFLATING
2026-09-02 13:59:17,992 - DVPTest - DEBUG - 物理分类结果: STABLE
2026-09-02 13:59:17,992 - DVPTest - DEBUG - process_data: t=25.33, p=215.0, v=0.000, a=0.0, phase=INFLATING
2026-09-02 13:59:17,992 - DVPTest - DEBUG - 物理分类结果: STABLE
2026-09-02 13:59:17,992 - DVPTest - DEBUG - process_data: t=25.43, p=215.0, v=0.000, a=0.0, phase=INFLATING
2026-09-02 13:59:17,992 - DVPTest - DEBUG - 物理分类结果: STABLE
2026-09-02 13:59:17,992 - DVPTest - DEBUG - process_data: t=25.53, p=215.0, v=0.000, a=0.0, phase=INFLATING
2026-09-02 13:59:17,992 - DVPTest - DEBUG - 物理分类结果: STABLE
2026-09-02 13:59:17,992 - DVPTest - DEBUG - process_data: t=25.64, p=215.0, v=0.000, a=0.0, phase=INFLATING
2026-09-02 13:59:17,992 - DVPTest - DEBUG - 物理分类结果: STABLE
2026-09-02 13:59:17,992 - DVPTest - DEBUG - process_data: t=25.73, p=215.0, v=0.000, a=0.0, phase=INFLATING
2026-09-02 13:59:17,993 - DVPTest - DEBUG - 物理分类结果: STABLE
2026-09-02 13:59:17,994 - DVPTest - DEBUG - process_data: t=25.83, p=215.0, v=0.000, a=0.0, phase=INFLATING
2026-09-02 13:59:17,994 - DVPTest - DEBUG - 物理分类结果: STABLE
2026-09-02 13:59:17,994 - DVPTest - DEBUG - process_data: t=25.93, p=215.0, v=0.000, a=0.0, phase=INFLATING
2026-09-02 13:59:17,994 - DVPTest - DEBUG - 物理分类结果: STABLE
2026-09-02 13:59:17,994 - DVPTest - DEBUG - process_data: t=26.04, p=215.0, v=0.000, a=0.0, phase=INFLATING
2026-09-02 13:59:17,994 - DVPTest - DEBUG - 物理分类结果: STABLE
2026-09-02 13:59:17,994 - DVPTest - DEBUG - process_data: t=26.13, p=215.0, v=0.000, a=0.0, phase=INFLATING
2026-09-02 13:59:17,994 - DVPTest - DEBUG - 物理分类结果: STABLE
2026-09-02 13:59:17,995 - DVPTest - DEBUG - process_data: t=26.23, p=215.0, v=0.000, a=0.0, phase=INFLATING
2026-09-02 13:59:17,995 - DVPTest - DEBUG - 物理分类结果: STABLE
2026-09-02 13:59:17,995 - DVPTest - DEBUG - process_data: t=26.32, p=215.0, v=0.000, a=0.0, phase=INFLATING
2026-09-02 13:59:17,995 - DVPTest - DEBUG - 物理分类结果: STABLE
2026-09-02 13:59:17,995 - DVPTest - DEBUG - process_data: t=26.44, p=215.0, v=0.000, a=0.0, phase=INFLATING
2026-09-02 13:59:17,995 - DVPTest - DEBUG - 物理分类结果: STABLE
2026-09-02 13:59:17,995 - DVPTest - DEBUG - process_data: t=26.53, p=215.0, v=0.000, a=0.0, phase=INFLATING
2026-09-02 13:59:17,995 - DVPTest - DEBUG - 物理分类结果: STABLE
2026-09-02 13:59:17,995 - DVPTest - DEBUG - process_data: t=26.63, p=215.0, v=0.000, a=0.0, phase=INFLATING
2026-09-02 13:59:17,995 - DVPTest - DEBUG - 物理分类结果: STABLE
2026-09-02 13:59:17,995 - DVPTest - DEBUG - process_data: t=26.72, p=215.0, v=0.000, a=0.0, phase=INFLATING
2026-09-02 13:59:17,995 - DVPTest - DEBUG - 物理分类结果: STABLE
2026-09-02 13:59:17,995 - DVPTest - DEBUG - process_data: t=26.84, p=215.0, v=0.000, a=0.0, phase=INFLATING
2026-09-02 13:59:17,995 - DVPTest - DEBUG - 物理分类结果: STABLE
2026-09-02 13:59:17,995 - DVPTest - DEBUG - process_data: t=26.93, p=215.0, v=0.000, a=0.0, phase=INFLATING
2026-09-02 13:59:17,995 - DVPTest - DEBUG - 物理分类结果: STABLE
2026-09-02 13:59:17,996 - DVPTest - DEBUG - process_data: t=27.03, p=215.0, v=0.000, a=0.0, phase=INFLATING
2026-09-02 13:59:17,996 - DVPTest - DEBUG - 物理分类结果: STABLE
2026-09-02 13:59:17,996 - DVPTest - DEBUG - process_data: t=27.12, p=215.0, v=0.000, a=0.0, phase=INFLATING
2026-09-02 13:59:17,996 - DVPTest - DEBUG - 物理分类结果: STABLE
2026-09-02 13:59:17,996 - DVPTest - DEBUG - process_data: t=27.24, p=215.0, v=0.000, a=0.0, phase=INFLATING
2026-09-02 13:59:17,996 - DVPTest - DEBUG - 物理分类结果: STABLE
2026-09-02 13:59:17,996 - DVPTest - DEBUG - process_data: t=27.33, p=215.0, v=0.000, a=0.0, phase=INFLATING
2026-09-02 13:59:17,996 - DVPTest - DEBUG - 物理分类结果: STABLE
2026-09-02 13:59:17,997 - DVPTest - DEBUG - process_data: t=27.43, p=215.0, v=0.000, a=0.0, phase=INFLATING
2026-09-02 13:59:17,997 - DVPTest - DEBUG - 物理分类结果: STABLE
2026-09-02 13:59:17,997 - DVPTest - DEBUG - process_data: t=27.54, p=215.0, v=0.000, a=0.0, phase=INFLATING
2026-09-02 13:59:17,997 - DVPTest - DEBUG - 物理分类结果: STABLE
2026-09-02 13:59:17,997 - DVPTest - DEBUG - process_data: t=27.64, p=215.0, v=0.000, a=0.0, phase=INFLATING
2026-09-02 13:59:17,997 - DVPTest - DEBUG - 物理分类结果: STABLE
2026-09-02 13:59:17,997 - DVPTest - DEBUG - process_data: t=27.73, p=215.0, v=0.000, a=0.0, phase=INFLATING
2026-09-02 13:59:17,997 - DVPTest - DEBUG - 物理分类结果: STABLE
2026-09-02 13:59:17,997 - DVPTest - DEBUG - process_data: t=27.83, p=215.0, v=0.000, a=0.0, phase=INFLATING
2026-09-02 13:59:17,997 - DVPTest - DEBUG - 物理分类结果: STABLE
2026-09-02 13:59:17,997 - DVPTest - DEBUG - process_data: t=27.94, p=215.0, v=0.000, a=0.0, phase=INFLATING
2026-09-02 13:59:17,997 - DVPTest - DEBUG - 物理分类结果: STABLE
2026-09-02 13:59:17,997 - DVPTest - DEBUG - process_data: t=28.03, p=215.0, v=0.000, a=0.0, phase=INFLATING
2026-09-02 13:59:17,997 - DVPTest - DEBUG - 物理分类结果: STABLE
2026-09-02 13:59:17,997 - DVPTest - DEBUG - process_data: t=28.13, p=215.0, v=0.000, a=0.0, phase=INFLATING
2026-09-02 13:59:17,997 - DVPTest - DEBUG - 物理分类结果: STABLE
2026-09-02 13:59:17,997 - DVPTest - DEBUG - process_data: t=28.23, p=215.0, v=0.000, a=0.0, phase=INFLATING
2026-09-02 13:59:17,997 - DVPTest - DEBUG - 物理分类结果: STABLE
2026-09-02 13:59:17,997 - DVPTest - DEBUG - process_data: t=28.34, p=215.0, v=0.000, a=0.0, phase=INFLATING
2026-09-02 13:59:17,997 - DVPTest - DEBUG - 物理分类结果: STABLE
2026-09-02 13:59:17,997 - DVPTest - DEBUG - process_data: t=28.43, p=215.0, v=0.000, a=0.0, phase=INFLATING
2026-09-02 13:59:17,998 - DVPTest - DEBUG - 物理分类结果: STABLE
2026-09-02 13:59:17,998 - DVPTest - DEBUG - process_data: t=28.53, p=215.0, v=0.000, a=0.0, phase=INFLATING
2026-09-02 13:59:17,998 - DVPTest - DEBUG - 物理分类结果: STABLE
2026-09-02 13:59:17,998 - DVPTest - DEBUG - process_data: t=28.62, p=215.0, v=0.000, a=0.0, phase=INFLATING
2026-09-02 13:59:17,998 - DVPTest - DEBUG - 物理分类结果: STABLE
2026-09-02 13:59:17,998 - DVPTest - DEBUG - process_data: t=28.74, p=215.0, v=0.000, a=0.0, phase=INFLATING
2026-09-02 13:59:17,998 - DVPTest - DEBUG - 物理分类结果: STABLE
2026-09-02 13:59:17,998 - DVPTest - DEBUG - process_data: t=28.83, p=215.0, v=0.000, a=0.0, phase=INFLATING
2026-09-02 13:59:17,998 - DVPTest - DEBUG - 物理分类结果: STABLE
2026-09-02 13:59:17,998 - DVPTest - DEBUG - process_data: t=28.93, p=215.0, v=0.000, a=0.0, phase=INFLATING
2026-09-02 13:59:17,998 - DVPTest - DEBUG - 物理分类结果: STABLE
2026-09-02 13:59:17,998 - DVPTest - DEBUG - process_data: t=29.02, p=215.0, v=0.000, a=0.0, phase=INFLATING
2026-09-02 13:59:17,998 - DVPTest - DEBUG - 物理分类结果: STABLE
2026-09-02 13:59:17,998 - DVPTest - DEBUG - process_data: t=29.14, p=215.0, v=0.000, a=0.0, phase=INFLATING
2026-09-02 13:59:17,998 - DVPTest - DEBUG - 物理分类结果: STABLE
2026-09-02 13:59:17,998 - DVPTest - DEBUG - process_data: t=29.23, p=215.0, v=0.000, a=0.0, phase=INFLATING
2026-09-02 13:59:17,998 - DVPTest - DEBUG - 物理分类结果: STABLE
2026-09-02 13:59:17,998 - DVPTest - DEBUG - process_data: t=29.33, p=215.0, v=0.000, a=0.0, phase=INFLATING
2026-09-02 13:59:17,998 - DVPTest - DEBUG - 物理分类结果: STABLE
2026-09-02 13:59:17,998 - DVPTest - DEBUG - process_data: t=29.42, p=215.0, v=0.000, a=0.0, phase=INFLATING
2026-09-02 13:59:17,998 - DVPTest - DEBUG - 物理分类结果: STABLE
2026-09-02 13:59:17,998 - DVPTest - DEBUG - process_data: t=29.54, p=215.0, v=0.000, a=0.0, phase=INFLATING
2026-09-02 13:59:17,999 - DVPTest - DEBUG - 物理分类结果: STABLE
2026-09-02 13:59:17,999 - DVPTest - DEBUG - process_data: t=29.65, p=215.0, v=0.000, a=0.0, phase=INFLATING
2026-09-02 13:59:17,999 - DVPTest - DEBUG - 物理分类结果: STABLE
2026-09-02 13:59:17,999 - DVPTest - DEBUG - process_data: t=29.73, p=215.0, v=0.000, a=0.0, phase=INFLATING
2026-09-02 13:59:17,999 - DVPTest - DEBUG - 物理分类结果: STABLE
2026-09-02 13:59:17,999 - DVPTest - DEBUG - process_data: t=29.84, p=215.0, v=0.000, a=0.0, phase=INFLATING
2026-09-02 13:59:17,999 - DVPTest - DEBUG - 物理分类结果: STABLE
2026-09-02 13:59:17,999 - DVPTest - DEBUG - process_data: t=29.93, p=215.0, v=0.000, a=0.0, phase=INFLATING
2026-09-02 13:59:17,999 - DVPTest - DEBUG - 物理分类结果: STABLE
2026-09-02 13:59:17,999 - DVPTest - DEBUG - process_data: t=30.03, p=215.0, v=0.000, a=0.0, phase=INFLATING
2026-09-02 13:59:17,999 - DVPTest - DEBUG - 物理分类结果: STABLE
2026-09-02 13:59:17,999 - DVPTest - DEBUG - process_data: t=30.13, p=215.0, v=0.000, a=0.0, phase=INFLATING
2026-09-02 13:59:17,999 - DVPTest - DEBUG - 物理分类结果: STABLE
2026-09-02 13:59:17,999 - DVPTest - DEBUG - process_data: t=30.24, p=215.0, v=0.000, a=0.0, phase=INFLATING
2026-09-02 13:59:17,999 - DVPTest - DEBUG - 物理分类结果: STABLE
2026-09-02 13:59:17,999 - DVPTest - DEBUG - process_data: t=30.33, p=215.0, v=0.000, a=0.0, phase=INFLATING
2026-09-02 13:59:17,999 - DVPTest - DEBUG - 物理分类结果: STABLE
2026-09-02 13:59:17,999 - DVPTest - DEBUG - process_data: t=30.43, p=215.0, v=0.000, a=0.0, phase=INFLATING
2026-09-02 13:59:17,999 - DVPTest - DEBUG - 物理分类结果: STABLE
2026-09-02 13:59:17,999 - DVPTest - DEBUG - process_data: t=30.53, p=215.0, v=0.000, a=0.0, phase=INFLATING
2026-09-02 13:59:17,999 - DVPTest - DEBUG - 物理分类结果: STABLE
2026-09-02 13:59:18,000 - DVPTest - DEBUG - process_data: t=30.64, p=215.0, v=0.000, a=0.0, phase=INFLATING
2026-09-02 13:59:18,000 - DVPTest - DEBUG - 物理分类结果: STABLE
2026-09-02 13:59:18,000 - DVPTest - DEBUG - process_data: t=30.73, p=215.0, v=0.000, a=0.0, phase=INFLATING
2026-09-02 13:59:18,000 - DVPTest - DEBUG - 物理分类结果: STABLE
2026-09-02 13:59:18,000 - DVPTest - DEBUG - process_data: t=30.83, p=215.0, v=0.000, a=0.0, phase=INFLATING
2026-09-02 13:59:18,000 - DVPTest - DEBUG - 物理分类结果: STABLE
2026-09-02 13:59:18,000 - DVPTest - DEBUG - process_data: t=30.93, p=215.0, v=0.000, a=0.0, phase=INFLATING
2026-09-02 13:59:18,000 - DVPTest - DEBUG - 物理分类结果: STABLE
2026-09-02 13:59:18,000 - DVPTest - DEBUG - process_data: t=31.04, p=215.0, v=0.000, a=0.0, phase=INFLATING
2026-09-02 13:59:18,000 - DVPTest - DEBUG - 物理分类结果: STABLE
2026-09-02 13:59:18,000 - DVPTest - DEBUG - process_data: t=31.13, p=215.0, v=0.000, a=0.0, phase=INFLATING
2026-09-02 13:59:18,000 - DVPTest - DEBUG - 物理分类结果: STABLE
2026-09-02 13:59:18,001 - DVPTest - DEBUG - process_data: t=31.23, p=215.0, v=0.000, a=0.0, phase=INFLATING
2026-09-02 13:59:18,001 - DVPTest - DEBUG - 物理分类结果: STABLE
2026-09-02 13:59:18,001 - DVPTest - DEBUG - process_data: t=31.32, p=215.0, v=0.000, a=0.0, phase=INFLATING
2026-09-02 13:59:18,001 - DVPTest - DEBUG - 物理分类结果: STABLE
2026-09-02 13:59:18,001 - DVPTest - DEBUG - process_data: t=31.44, p=215.0, v=0.000, a=0.0, phase=INFLATING
2026-09-02 13:59:18,001 - DVPTest - DEBUG - 物理分类结果: STABLE
2026-09-02 13:59:18,001 - DVPTest - DEBUG - process_data: t=31.53, p=215.0, v=0.000, a=0.0, phase=INFLATING
2026-09-02 13:59:18,001 - DVPTest - DEBUG - 物理分类结果: STABLE
2026-09-02 13:59:18,002 - DVPTest - DEBUG - process_data: t=31.63, p=215.0, v=0.000, a=0.0, phase=INFLATING
2026-09-02 13:59:18,002 - DVPTest - DEBUG - 物理分类结果: STABLE
2026-09-02 13:59:18,002 - DVPTest - DEBUG - process_data: t=31.73, p=215.0, v=0.000, a=0.0, phase=INFLATING
2026-09-02 13:59:18,002 - DVPTest - DEBUG - 物理分类结果: STABLE
2026-09-02 13:59:18,002 - DVPTest - DEBUG - process_data: t=31.84, p=215.0, v=0.000, a=0.0, phase=INFLATING
2026-09-02 13:59:18,002 - DVPTest - DEBUG - 物理分类结果: STABLE
2026-09-02 13:59:18,002 - DVPTest - DEBUG - process_data: t=31.93, p=215.0, v=0.000, a=0.0, phase=INFLATING
2026-09-02 13:59:18,002 - DVPTest - DEBUG - 物理分类结果: STABLE
2026-09-02 13:59:18,002 - DVPTest - DEBUG - process_data: t=32.03, p=215.0, v=0.000, a=0.0, phase=INFLATING
2026-09-02 13:59:18,002 - DVPTest - DEBUG - 物理分类结果: STABLE
2026-09-02 13:59:18,003 - DVPTest - DEBUG - process_data: t=32.14, p=215.0, v=0.000, a=0.0, phase=INFLATING
2026-09-02 13:59:18,003 - DVPTest - DEBUG - 物理分类结果: STABLE
2026-09-02 13:59:18,003 - DVPTest - DEBUG - process_data: t=32.23, p=215.0, v=0.000, a=0.0, phase=INFLATING
2026-09-02 13:59:18,003 - DVPTest - DEBUG - 物理分类结果: STABLE
2026-09-02 13:59:18,003 - DVPTest - DEBUG - process_data: t=32.33, p=215.0, v=0.000, a=0.0, phase=INFLATING
2026-09-02 13:59:18,003 - DVPTest - DEBUG - 物理分类结果: STABLE
2026-09-02 13:59:18,003 - DVPTest - DEBUG - process_data: t=32.43, p=215.0, v=0.000, a=0.0, phase=INFLATING
2026-09-02 13:59:18,003 - DVPTest - DEBUG - 物理分类结果: STABLE
2026-09-02 13:59:18,003 - DVPTest - DEBUG - process_data: t=32.54, p=215.0, v=0.000, a=0.0, phase=INFLATING
2026-09-02 13:59:18,003 - DVPTest - DEBUG - 物理分类结果: STABLE
2026-09-02 13:59:18,003 - DVPTest - DEBUG - process_data: t=32.63, p=215.0, v=0.000, a=0.0, phase=INFLATING
2026-09-02 13:59:18,003 - DVPTest - DEBUG - 物理分类结果: STABLE
2026-09-02 13:59:18,003 - DVPTest - DEBUG - process_data: t=32.73, p=215.0, v=0.000, a=0.0, phase=INFLATING
2026-09-02 13:59:18,004 - DVPTest - DEBUG - 物理分类结果: STABLE
2026-09-02 13:59:18,004 - DVPTest - DEBUG - process_data: t=32.83, p=215.0, v=0.000, a=0.0, phase=INFLATING
2026-09-02 13:59:18,004 - DVPTest - DEBUG - 物理分类结果: STABLE
2026-09-02 13:59:18,004 - DVPTest - DEBUG - process_data: t=32.94, p=215.0, v=0.000, a=0.0, phase=INFLATING
2026-09-02 13:59:18,004 - DVPTest - DEBUG - 物理分类结果: STABLE
2026-09-02 13:59:18,004 - DVPTest - DEBUG - process_data: t=33.03, p=215.0, v=0.000, a=0.0, phase=INFLATING
2026-09-02 13:59:18,004 - DVPTest - DEBUG - 物理分类结果: STABLE
2026-09-02 13:59:18,004 - DVPTest - DEBUG - process_data: t=33.13, p=215.0, v=0.000, a=0.0, phase=INFLATING
2026-09-02 13:59:18,004 - DVPTest - DEBUG - 物理分类结果: STABLE
2026-09-02 13:59:18,004 - DVPTest - DEBUG - process_data: t=33.23, p=215.0, v=0.000, a=0.0, phase=INFLATING
2026-09-02 13:59:18,004 - DVPTest - DEBUG - 物理分类结果: STABLE
2026-09-02 13:59:18,004 - DVPTest - DEBUG - process_data: t=33.34, p=215.0, v=0.000, a=0.0, phase=INFLATING
2026-09-02 13:59:18,004 - DVPTest - DEBUG - 物理分类结果: STABLE
2026-09-02 13:59:18,005 - DVPTest - DEBUG - process_data: t=33.43, p=215.0, v=0.000, a=0.0, phase=INFLATING
2026-09-02 13:59:18,005 - DVPTest - DEBUG - 物理分类结果: STABLE
2026-09-02 13:59:18,005 - DVPTest - DEBUG - process_data: t=33.53, p=215.0, v=0.000, a=0.0, phase=INFLATING
2026-09-02 13:59:18,005 - DVPTest - DEBUG - 物理分类结果: STABLE
2026-09-02 13:59:18,005 - DVPTest - DEBUG - process_data: t=33.63, p=215.0, v=0.000, a=0.0, phase=INFLATING
2026-09-02 13:59:18,005 - DVPTest - DEBUG - 物理分类结果: STABLE
2026-09-02 13:59:18,005 - DVPTest - DEBUG - process_data: t=33.74, p=215.0, v=0.000, a=0.0, phase=INFLATING
2026-09-02 13:59:18,005 - DVPTest - DEBUG - 物理分类结果: STABLE
2026-09-02 13:59:18,005 - DVPTest - DEBUG - process_data: t=33.83, p=215.0, v=0.000, a=0.0, phase=INFLATING
2026-09-02 13:59:18,006 - DVPTest - DEBUG - 物理分类结果: STABLE
2026-09-02 13:59:18,006 - DVPTest - DEBUG - process_data: t=33.93, p=215.0, v=0.000, a=0.0, phase=INFLATING
2026-09-02 13:59:18,006 - DVPTest - DEBUG - 物理分类结果: STABLE
2026-09-02 13:59:18,006 - DVPTest - DEBUG - process_data: t=34.02, p=215.0, v=0.000, a=0.0, phase=INFLATING
2026-09-02 13:59:18,007 - DVPTest - DEBUG - 物理分类结果: STABLE
2026-09-02 13:59:18,007 - DVPTest - DEBUG - process_data: t=34.14, p=215.0, v=0.000, a=0.0, phase=INFLATING
2026-09-02 13:59:18,007 - DVPTest - DEBUG - 物理分类结果: STABLE
2026-09-02 13:59:18,007 - DVPTest - DEBUG - process_data: t=34.23, p=215.0, v=0.000, a=0.0, phase=INFLATING
2026-09-02 13:59:18,007 - DVPTest - DEBUG - 物理分类结果: STABLE
2026-09-02 13:59:18,007 - DVPTest - DEBUG - process_data: t=34.33, p=215.0, v=0.000, a=0.0, phase=INFLATING
2026-09-02 13:59:18,007 - DVPTest - DEBUG - 物理分类结果: STABLE
2026-09-02 13:59:18,007 - DVPTest - DEBUG - process_data: t=34.42, p=215.0, v=0.000, a=0.0, phase=INFLATING
2026-09-02 13:59:18,008 - DVPTest - DEBUG - 物理分类结果: STABLE
2026-09-02 13:59:18,008 - DVPTest - DEBUG - process_data: t=34.54, p=215.0, v=0.000, a=0.0, phase=INFLATING
2026-09-02 13:59:18,008 - DVPTest - DEBUG - 物理分类结果: STABLE
2026-09-02 13:59:18,008 - DVPTest - DEBUG - process_data: t=34.63, p=215.0, v=0.000, a=0.0, phase=INFLATING
2026-09-02 13:59:18,008 - DVPTest - DEBUG - 物理分类结果: STABLE
2026-09-02 13:59:18,008 - DVPTest - DEBUG - process_data: t=34.73, p=215.0, v=0.000, a=0.0, phase=INFLATING
2026-09-02 13:59:18,008 - DVPTest - DEBUG - 物理分类结果: STABLE
2026-09-02 13:59:18,008 - DVPTest - DEBUG - process_data: t=34.84, p=215.0, v=0.000, a=0.0, phase=INFLATING
2026-09-02 13:59:18,008 - DVPTest - DEBUG - 物理分类结果: STABLE
2026-09-02 13:59:18,008 - DVPTest - DEBUG - process_data: t=34.94, p=215.0, v=0.000, a=0.0, phase=INFLATING
2026-09-02 13:59:18,008 - DVPTest - DEBUG - 物理分类结果: STABLE
2026-09-02 13:59:18,008 - DVPTest - DEBUG - process_data: t=35.03, p=215.0, v=0.000, a=0.0, phase=INFLATING
2026-09-02 13:59:18,008 - DVPTest - DEBUG - 物理分类结果: STABLE
2026-09-02 13:59:18,009 - DVPTest - DEBUG - process_data: t=35.13, p=215.0, v=0.000, a=0.0, phase=INFLATING
2026-09-02 13:59:18,010 - DVPTest - DEBUG - 物理分类结果: STABLE
2026-09-02 13:59:18,010 - DVPTest - DEBUG - process_data: t=35.24, p=215.0, v=0.000, a=0.0, phase=INFLATING
2026-09-02 13:59:18,010 - DVPTest - DEBUG - 物理分类结果: STABLE
2026-09-02 13:59:18,010 - DVPTest - DEBUG - process_data: t=35.34, p=215.0, v=0.000, a=0.0, phase=INFLATING
2026-09-02 13:59:18,010 - DVPTest - DEBUG - 物理分类结果: STABLE
2026-09-02 13:59:18,011 - DVPTest - DEBUG - process_data: t=35.43, p=215.0, v=0.000, a=0.0, phase=INFLATING
2026-09-02 13:59:18,011 - DVPTest - DEBUG - 物理分类结果: STABLE
2026-09-02 13:59:18,011 - DVPTest - DEBUG - process_data: t=35.53, p=215.0, v=0.000, a=0.0, phase=INFLATING
2026-09-02 13:59:18,011 - DVPTest - DEBUG - 物理分类结果: STABLE
2026-09-02 13:59:18,011 - DVPTest - DEBUG - process_data: t=35.64, p=215.0, v=0.000, a=0.0, phase=INFLATING
2026-09-02 13:59:18,011 - DVPTest - DEBUG - 物理分类结果: STABLE
2026-09-02 13:59:18,011 - DVPTest - DEBUG - process_data: t=35.73, p=215.0, v=0.000, a=0.0, phase=INFLATING
2026-09-02 13:59:18,011 - DVPTest - DEBUG - 物理分类结果: STABLE
2026-09-02 13:59:18,011 - DVPTest - DEBUG - process_data: t=35.83, p=215.0, v=0.000, a=0.0, phase=INFLATING
2026-09-02 13:59:18,012 - DVPTest - DEBUG - 物理分类结果: STABLE
2026-09-02 13:59:18,012 - DVPTest - DEBUG - process_data: t=35.93, p=215.0, v=0.000, a=0.0, phase=INFLATING
2026-09-02 13:59:18,012 - DVPTest - DEBUG - 物理分类结果: STABLE
2026-09-02 13:59:18,012 - DVPTest - DEBUG - process_data: t=36.04, p=215.0, v=0.000, a=0.0, phase=INFLATING
2026-09-02 13:59:18,012 - DVPTest - DEBUG - 物理分类结果: STABLE
2026-09-02 13:59:18,012 - DVPTest - DEBUG - process_data: t=36.13, p=215.0, v=0.000, a=0.0, phase=INFLATING
2026-09-02 13:59:18,012 - DVPTest - DEBUG - 物理分类结果: STABLE
2026-09-02 13:59:18,012 - DVPTest - DEBUG - process_data: t=36.23, p=215.0, v=0.000, a=0.0, phase=INFLATING
2026-09-02 13:59:18,012 - DVPTest - DEBUG - 物理分类结果: STABLE
2026-09-02 13:59:18,013 - DVPTest - DEBUG - process_data: t=36.33, p=215.0, v=0.000, a=0.0, phase=INFLATING
2026-09-02 13:59:18,013 - DVPTest - DEBUG - 物理分类结果: STABLE
2026-09-02 13:59:18,013 - DVPTest - DEBUG - process_data: t=36.44, p=214.0, v=-8.929, a=-79.7, phase=INFLATING
2026-09-02 13:59:18,013 - DVPTest - DEBUG - 物理分类结果: DEFLATING
2026-09-02 13:59:18,013 - DVPTest - DEBUG - 有效泄气迹象，下降 19.0 mmHg，计数 1/3
2026-09-02 13:59:18,013 - DVPTest - DEBUG - process_data: t=36.53, p=215.0, v=10.417, a=201.5, phase=INFLATING
2026-09-02 13:59:18,013 - DVPTest - DEBUG - 物理分类结果: INFLATING
2026-09-02 13:59:18,013 - DVPTest - DEBUG - process_data: t=36.63, p=214.0, v=-10.417, a=-217.0, phase=INFLATING
2026-09-02 13:59:18,013 - DVPTest - DEBUG - 物理分类结果: DEFLATING
2026-09-02 13:59:18,013 - DVPTest - DEBUG - 有效泄气迹象，下降 19.0 mmHg，计数 1/3
2026-09-02 13:59:18,013 - DVPTest - DEBUG - process_data: t=36.73, p=214.0, v=0.000, a=108.5, phase=INFLATING
2026-09-02 13:59:18,013 - DVPTest - DEBUG - 物理分类结果: STABLE
2026-09-02 13:59:18,013 - DVPTest - DEBUG - process_data: t=36.84, p=215.0, v=9.009, a=81.2, phase=INFLATING
2026-09-02 13:59:18,013 - DVPTest - DEBUG - 物理分类结果: INFLATING
2026-09-02 13:59:18,014 - DVPTest - DEBUG - process_data: t=36.93, p=214.0, v=-10.417, a=-202.4, phase=INFLATING
2026-09-02 13:59:18,014 - DVPTest - DEBUG - 物理分类结果: DEFLATING
2026-09-02 13:59:18,014 - DVPTest - DEBUG - 有效泄气迹象，下降 19.0 mmHg，计数 1/3
2026-09-02 13:59:18,014 - DVPTest - DEBUG - process_data: t=37.03, p=214.0, v=0.000, a=108.5, phase=INFLATING
2026-09-02 13:59:18,014 - DVPTest - DEBUG - 物理分类结果: STABLE
2026-09-02 13:59:18,014 - DVPTest - DEBUG - process_data: t=37.14, p=214.0, v=0.000, a=0.0, phase=INFLATING
2026-09-02 13:59:18,014 - DVPTest - DEBUG - 物理分类结果: STABLE
2026-09-02 13:59:18,014 - DVPTest - DEBUG - process_data: t=37.24, p=214.0, v=0.000, a=0.0, phase=INFLATING
2026-09-02 13:59:18,014 - DVPTest - DEBUG - 物理分类结果: STABLE
2026-09-02 13:59:18,014 - DVPTest - DEBUG - process_data: t=37.33, p=214.0, v=0.000, a=0.0, phase=INFLATING
2026-09-02 13:59:18,014 - DVPTest - DEBUG - 物理分类结果: STABLE
2026-09-02 13:59:18,014 - DVPTest - DEBUG - process_data: t=37.43, p=214.0, v=0.000, a=0.0, phase=INFLATING
2026-09-02 13:59:18,014 - DVPTest - DEBUG - 物理分类结果: STABLE
2026-09-02 13:59:18,014 - DVPTest - DEBUG - process_data: t=37.54, p=214.0, v=0.000, a=0.0, phase=INFLATING
2026-09-02 13:59:18,014 - DVPTest - DEBUG - 物理分类结果: STABLE
2026-09-02 13:59:18,014 - DVPTest - DEBUG - process_data: t=37.63, p=214.0, v=0.000, a=0.0, phase=INFLATING
2026-09-02 13:59:18,014 - DVPTest - DEBUG - 物理分类结果: STABLE
2026-09-02 13:59:18,015 - DVPTest - DEBUG - process_data: t=37.73, p=214.0, v=0.000, a=0.0, phase=INFLATING
2026-09-02 13:59:18,015 - DVPTest - DEBUG - 物理分类结果: STABLE
2026-09-02 13:59:18,015 - DVPTest - DEBUG - process_data: t=37.83, p=214.0, v=0.000, a=0.0, phase=INFLATING
2026-09-02 13:59:18,015 - DVPTest - DEBUG - 物理分类结果: STABLE
2026-09-02 13:59:18,015 - DVPTest - DEBUG - process_data: t=37.94, p=214.0, v=0.000, a=0.0, phase=INFLATING
2026-09-02 13:59:18,015 - DVPTest - DEBUG - 物理分类结果: STABLE
2026-09-02 13:59:18,015 - DVPTest - DEBUG - process_data: t=38.03, p=214.0, v=0.000, a=0.0, phase=INFLATING
2026-09-02 13:59:18,015 - DVPTest - DEBUG - 物理分类结果: STABLE
2026-09-02 13:59:18,015 - DVPTest - DEBUG - process_data: t=38.13, p=214.0, v=0.000, a=0.0, phase=INFLATING
2026-09-02 13:59:18,015 - DVPTest - DEBUG - 物理分类结果: STABLE
2026-09-02 13:59:18,015 - DVPTest - DEBUG - process_data: t=38.23, p=214.0, v=0.000, a=0.0, phase=INFLATING
2026-09-02 13:59:18,015 - DVPTest - DEBUG - 物理分类结果: STABLE
2026-09-02 13:59:18,016 - DVPTest - DEBUG - process_data: t=38.34, p=214.0, v=0.000, a=0.0, phase=INFLATING
2026-09-02 13:59:18,016 - DVPTest - DEBUG - 物理分类结果: STABLE
2026-09-02 13:59:18,016 - DVPTest - DEBUG - process_data: t=38.43, p=214.0, v=0.000, a=0.0, phase=INFLATING
2026-09-02 13:59:18,016 - DVPTest - DEBUG - 物理分类结果: STABLE
2026-09-02 13:59:18,016 - DVPTest - DEBUG - process_data: t=38.53, p=214.0, v=0.000, a=0.0, phase=INFLATING
2026-09-02 13:59:18,016 - DVPTest - DEBUG - 物理分类结果: STABLE
2026-09-02 13:59:18,016 - DVPTest - DEBUG - process_data: t=38.63, p=214.0, v=0.000, a=0.0, phase=INFLATING
2026-09-02 13:59:18,016 - DVPTest - DEBUG - 物理分类结果: STABLE
2026-09-02 13:59:18,016 - DVPTest - DEBUG - process_data: t=38.74, p=215.0, v=9.009, a=81.2, phase=INFLATING
2026-09-02 13:59:18,016 - DVPTest - DEBUG - 物理分类结果: INFLATING
2026-09-02 13:59:18,017 - DVPTest - DEBUG - process_data: t=38.83, p=215.0, v=0.000, a=-92.9, phase=INFLATING
2026-09-02 13:59:18,017 - DVPTest - DEBUG - 物理分类结果: STABLE
2026-09-02 13:59:18,017 - DVPTest - DEBUG - process_data: t=38.93, p=214.0, v=-10.526, a=-110.8, phase=INFLATING
2026-09-02 13:59:18,017 - DVPTest - DEBUG - 物理分类结果: DEFLATING
2026-09-02 13:59:18,017 - DVPTest - DEBUG - 有效泄气迹象，下降 19.0 mmHg，计数 1/3
2026-09-02 13:59:18,017 - DVPTest - DEBUG - process_data: t=39.04, p=214.0, v=0.000, a=94.8, phase=INFLATING
2026-09-02 13:59:18,017 - DVPTest - DEBUG - 物理分类结果: STABLE
2026-09-02 13:59:18,017 - DVPTest - DEBUG - process_data: t=39.14, p=214.0, v=0.000, a=0.0, phase=INFLATING
2026-09-02 13:59:18,017 - DVPTest - DEBUG - 物理分类结果: STABLE
2026-09-02 13:59:18,017 - DVPTest - DEBUG - process_data: t=39.23, p=214.0, v=0.000, a=0.0, phase=INFLATING
2026-09-02 13:59:18,018 - DVPTest - DEBUG - 物理分类结果: STABLE
2026-09-02 13:59:18,018 - DVPTest - DEBUG - process_data: t=39.33, p=214.0, v=0.000, a=0.0, phase=INFLATING
2026-09-02 13:59:18,018 - DVPTest - DEBUG - 物理分类结果: STABLE
2026-09-02 13:59:18,018 - DVPTest - DEBUG - process_data: t=39.44, p=214.0, v=0.000, a=0.0, phase=INFLATING
2026-09-02 13:59:18,018 - DVPTest - DEBUG - 物理分类结果: STABLE
2026-09-02 13:59:18,018 - DVPTest - DEBUG - process_data: t=39.54, p=214.0, v=0.000, a=0.0, phase=INFLATING
2026-09-02 13:59:18,018 - DVPTest - DEBUG - 物理分类结果: STABLE
2026-09-02 13:59:18,018 - DVPTest - DEBUG - process_data: t=39.63, p=214.0, v=0.000, a=0.0, phase=INFLATING
2026-09-02 13:59:18,018 - DVPTest - DEBUG - 物理分类结果: STABLE
2026-09-02 13:59:18,018 - DVPTest - DEBUG - process_data: t=39.73, p=214.0, v=0.000, a=0.0, phase=INFLATING
2026-09-02 13:59:18,018 - DVPTest - DEBUG - 物理分类结果: STABLE
2026-09-02 13:59:18,018 - DVPTest - DEBUG - process_data: t=39.84, p=214.0, v=0.000, a=0.0, phase=INFLATING
2026-09-02 13:59:18,018 - DVPTest - DEBUG - 物理分类结果: STABLE
2026-09-02 13:59:18,018 - DVPTest - DEBUG - process_data: t=39.94, p=214.0, v=0.000, a=0.0, phase=INFLATING
2026-09-02 13:59:18,019 - DVPTest - DEBUG - 物理分类结果: STABLE
2026-09-02 13:59:18,019 - DVPTest - DEBUG - process_data: t=40.03, p=214.0, v=0.000, a=0.0, phase=INFLATING
2026-09-02 13:59:18,019 - DVPTest - DEBUG - 物理分类结果: STABLE
2026-09-02 13:59:18,019 - DVPTest - DEBUG - process_data: t=40.13, p=214.0, v=0.000, a=0.0, phase=INFLATING
2026-09-02 13:59:18,019 - DVPTest - DEBUG - 物理分类结果: STABLE
2026-09-02 13:59:18,019 - DVPTest - DEBUG - process_data: t=40.24, p=214.0, v=0.000, a=0.0, phase=INFLATING
2026-09-02 13:59:18,019 - DVPTest - DEBUG - 物理分类结果: STABLE
2026-09-02 13:59:18,019 - DVPTest - DEBUG - process_data: t=40.34, p=214.0, v=0.000, a=0.0, phase=INFLATING
2026-09-02 13:59:18,019 - DVPTest - DEBUG - 物理分类结果: STABLE
2026-09-02 13:59:18,019 - DVPTest - DEBUG - process_data: t=40.43, p=214.0, v=0.000, a=0.0, phase=INFLATING
2026-09-02 13:59:18,019 - DVPTest - DEBUG - 物理分类结果: STABLE
2026-09-02 13:59:18,019 - DVPTest - DEBUG - process_data: t=40.53, p=214.0, v=0.000, a=0.0, phase=INFLATING
2026-09-02 13:59:18,019 - DVPTest - DEBUG - 物理分类结果: STABLE
2026-09-02 13:59:18,019 - DVPTest - DEBUG - process_data: t=40.64, p=214.0, v=0.000, a=0.0, phase=INFLATING
2026-09-02 13:59:18,020 - DVPTest - DEBUG - 物理分类结果: STABLE
2026-09-02 13:59:18,020 - DVPTest - DEBUG - process_data: t=40.73, p=214.0, v=0.000, a=0.0, phase=INFLATING
2026-09-02 13:59:18,020 - DVPTest - DEBUG - 物理分类结果: STABLE
2026-09-02 13:59:18,020 - DVPTest - DEBUG - process_data: t=40.83, p=214.0, v=0.000, a=0.0, phase=INFLATING
2026-09-02 13:59:18,020 - DVPTest - DEBUG - 物理分类结果: STABLE
2026-09-02 13:59:18,020 - DVPTest - DEBUG - process_data: t=40.93, p=214.0, v=0.000, a=0.0, phase=INFLATING
2026-09-02 13:59:18,020 - DVPTest - DEBUG - 物理分类结果: STABLE
2026-09-02 13:59:18,020 - DVPTest - DEBUG - process_data: t=41.04, p=214.0, v=0.000, a=0.0, phase=INFLATING
2026-09-02 13:59:18,020 - DVPTest - DEBUG - 物理分类结果: STABLE
2026-09-02 13:59:18,020 - DVPTest - DEBUG - process_data: t=41.13, p=214.0, v=0.000, a=0.0, phase=INFLATING
2026-09-02 13:59:18,020 - DVPTest - DEBUG - 物理分类结果: STABLE
2026-09-02 13:59:18,021 - DVPTest - DEBUG - process_data: t=41.23, p=214.0, v=0.000, a=0.0, phase=INFLATING
2026-09-02 13:59:18,021 - DVPTest - DEBUG - 物理分类结果: STABLE
2026-09-02 13:59:18,021 - DVPTest - DEBUG - process_data: t=41.34, p=214.0, v=0.000, a=0.0, phase=INFLATING
2026-09-02 13:59:18,021 - DVPTest - DEBUG - 物理分类结果: STABLE
2026-09-02 13:59:18,021 - DVPTest - DEBUG - process_data: t=41.44, p=214.0, v=0.000, a=0.0, phase=INFLATING
2026-09-02 13:59:18,021 - DVPTest - DEBUG - 物理分类结果: STABLE
2026-09-02 13:59:18,021 - DVPTest - DEBUG - process_data: t=41.53, p=214.0, v=0.000, a=0.0, phase=INFLATING
2026-09-02 13:59:18,021 - DVPTest - DEBUG - 物理分类结果: STABLE
2026-09-02 13:59:18,022 - DVPTest - DEBUG - process_data: t=41.63, p=214.0, v=0.000, a=0.0, phase=INFLATING
2026-09-02 13:59:18,022 - DVPTest - DEBUG - 物理分类结果: STABLE
2026-09-02 13:59:18,022 - DVPTest - DEBUG - process_data: t=41.74, p=214.0, v=0.000, a=0.0, phase=INFLATING
2026-09-02 13:59:18,022 - DVPTest - DEBUG - 物理分类结果: STABLE
2026-09-02 13:59:18,022 - DVPTest - DEBUG - process_data: t=41.84, p=214.0, v=0.000, a=0.0, phase=INFLATING
2026-09-02 13:59:18,022 - DVPTest - DEBUG - 物理分类结果: STABLE
2026-09-02 13:59:18,022 - DVPTest - DEBUG - process_data: t=41.93, p=214.0, v=0.000, a=0.0, phase=INFLATING
2026-09-02 13:59:18,022 - DVPTest - DEBUG - 物理分类结果: STABLE
2026-09-02 13:59:18,023 - DVPTest - DEBUG - process_data: t=42.03, p=214.0, v=0.000, a=0.0, phase=INFLATING
2026-09-02 13:59:18,023 - DVPTest - DEBUG - 物理分类结果: STABLE
2026-09-02 13:59:18,023 - DVPTest - DEBUG - process_data: t=42.14, p=214.0, v=0.000, a=0.0, phase=INFLATING
2026-09-02 13:59:18,023 - DVPTest - DEBUG - 物理分类结果: STABLE
2026-09-02 13:59:18,023 - DVPTest - DEBUG - process_data: t=42.24, p=214.0, v=0.000, a=0.0, phase=INFLATING
2026-09-02 13:59:18,023 - DVPTest - DEBUG - 物理分类结果: STABLE
2026-09-02 13:59:18,023 - DVPTest - DEBUG - process_data: t=42.33, p=214.0, v=0.000, a=0.0, phase=INFLATING
2026-09-02 13:59:18,023 - DVPTest - DEBUG - 物理分类结果: STABLE
2026-09-02 13:59:18,024 - DVPTest - DEBUG - process_data: t=42.43, p=214.0, v=0.000, a=0.0, phase=INFLATING
2026-09-02 13:59:18,025 - DVPTest - DEBUG - 物理分类结果: STABLE
2026-09-02 13:59:18,025 - DVPTest - DEBUG - process_data: t=42.54, p=214.0, v=0.000, a=0.0, phase=INFLATING
2026-09-02 13:59:18,025 - DVPTest - DEBUG - 物理分类结果: STABLE
2026-09-02 13:59:18,025 - DVPTest - DEBUG - process_data: t=42.63, p=214.0, v=0.000, a=0.0, phase=INFLATING
2026-09-02 13:59:18,025 - DVPTest - DEBUG - 物理分类结果: STABLE
2026-09-02 13:59:18,025 - DVPTest - DEBUG - process_data: t=42.73, p=214.0, v=0.000, a=0.0, phase=INFLATING
2026-09-02 13:59:18,026 - DVPTest - DEBUG - 物理分类结果: STABLE
2026-09-02 13:59:18,026 - DVPTest - DEBUG - process_data: t=42.83, p=214.0, v=0.000, a=0.0, phase=INFLATING
2026-09-02 13:59:18,026 - DVPTest - DEBUG - 物理分类结果: STABLE
2026-09-02 13:59:18,026 - DVPTest - DEBUG - process_data: t=42.94, p=214.0, v=0.000, a=0.0, phase=INFLATING
2026-09-02 13:59:18,026 - DVPTest - DEBUG - 物理分类结果: STABLE
2026-09-02 13:59:18,026 - DVPTest - DEBUG - process_data: t=43.03, p=214.0, v=0.000, a=0.0, phase=INFLATING
2026-09-02 13:59:18,026 - DVPTest - DEBUG - 物理分类结果: STABLE
2026-09-02 13:59:18,026 - DVPTest - DEBUG - process_data: t=43.13, p=214.0, v=0.000, a=0.0, phase=INFLATING
2026-09-02 13:59:18,026 - DVPTest - DEBUG - 物理分类结果: STABLE
2026-09-02 13:59:18,027 - DVPTest - DEBUG - process_data: t=43.23, p=214.0, v=0.000, a=0.0, phase=INFLATING
2026-09-02 13:59:18,027 - DVPTest - DEBUG - 物理分类结果: STABLE
2026-09-02 13:59:18,027 - DVPTest - DEBUG - process_data: t=43.34, p=214.0, v=0.000, a=0.0, phase=INFLATING
2026-09-02 13:59:18,027 - DVPTest - DEBUG - 物理分类结果: STABLE
2026-09-02 13:59:18,027 - DVPTest - DEBUG - process_data: t=43.44, p=214.0, v=0.000, a=0.0, phase=INFLATING
2026-09-02 13:59:18,027 - DVPTest - DEBUG - 物理分类结果: STABLE
2026-09-02 13:59:18,027 - DVPTest - DEBUG - process_data: t=43.53, p=214.0, v=0.000, a=0.0, phase=INFLATING
2026-09-02 13:59:18,028 - DVPTest - DEBUG - 物理分类结果: STABLE
2026-09-02 13:59:18,029 - DVPTest - DEBUG - process_data: t=43.64, p=214.0, v=0.000, a=0.0, phase=INFLATING
2026-09-02 13:59:18,029 - DVPTest - DEBUG - 物理分类结果: STABLE
2026-09-02 13:59:18,029 - DVPTest - DEBUG - process_data: t=43.74, p=214.0, v=0.000, a=0.0, phase=INFLATING
2026-09-02 13:59:18,029 - DVPTest - DEBUG - 物理分类结果: STABLE
2026-09-02 13:59:18,029 - DVPTest - DEBUG - process_data: t=43.83, p=214.0, v=0.000, a=0.0, phase=INFLATING
2026-09-02 13:59:18,029 - DVPTest - DEBUG - 物理分类结果: STABLE
2026-09-02 13:59:18,030 - DVPTest - DEBUG - process_data: t=43.93, p=214.0, v=0.000, a=0.0, phase=INFLATING
2026-09-02 13:59:18,030 - DVPTest - DEBUG - 物理分类结果: STABLE
2026-09-02 13:59:18,030 - DVPTest - DEBUG - process_data: t=44.04, p=214.0, v=0.000, a=0.0, phase=INFLATING
2026-09-02 13:59:18,030 - DVPTest - DEBUG - 物理分类结果: STABLE
2026-09-02 13:59:18,030 - DVPTest - DEBUG - process_data: t=44.14, p=214.0, v=0.000, a=0.0, phase=INFLATING
2026-09-02 13:59:18,030 - DVPTest - DEBUG - 物理分类结果: STABLE
2026-09-02 13:59:18,030 - DVPTest - DEBUG - process_data: t=44.23, p=214.0, v=0.000, a=0.0, phase=INFLATING
2026-09-02 13:59:18,030 - DVPTest - DEBUG - 物理分类结果: STABLE
2026-09-02 13:59:18,030 - DVPTest - DEBUG - process_data: t=44.33, p=214.0, v=0.000, a=0.0, phase=INFLATING
2026-09-02 13:59:18,030 - DVPTest - DEBUG - 物理分类结果: STABLE
2026-09-02 13:59:18,030 - DVPTest - DEBUG - process_data: t=44.44, p=214.0, v=0.000, a=0.0, phase=INFLATING
2026-09-02 13:59:18,030 - DVPTest - DEBUG - 物理分类结果: STABLE
2026-09-02 13:59:18,031 - DVPTest - DEBUG - process_data: t=44.54, p=214.0, v=0.000, a=0.0, phase=INFLATING
2026-09-02 13:59:18,031 - DVPTest - DEBUG - 物理分类结果: STABLE
2026-09-02 13:59:18,031 - DVPTest - DEBUG - process_data: t=44.63, p=214.0, v=0.000, a=0.0, phase=INFLATING
2026-09-02 13:59:18,031 - DVPTest - DEBUG - 物理分类结果: STABLE
2026-09-02 13:59:18,031 - DVPTest - DEBUG - process_data: t=44.73, p=214.0, v=0.000, a=0.0, phase=INFLATING
2026-09-02 13:59:18,031 - DVPTest - DEBUG - 物理分类结果: STABLE
2026-09-02 13:59:18,031 - DVPTest - DEBUG - process_data: t=44.84, p=214.0, v=0.000, a=0.0, phase=INFLATING
2026-09-02 13:59:18,031 - DVPTest - DEBUG - 物理分类结果: STABLE
2026-09-02 13:59:18,031 - DVPTest - DEBUG - process_data: t=44.94, p=214.0, v=0.000, a=0.0, phase=INFLATING
2026-09-02 13:59:18,031 - DVPTest - DEBUG - 物理分类结果: STABLE
2026-09-02 13:59:18,031 - DVPTest - DEBUG - process_data: t=45.03, p=214.0, v=0.000, a=0.0, phase=INFLATING
2026-09-02 13:59:18,031 - DVPTest - DEBUG - 物理分类结果: STABLE
2026-09-02 13:59:18,031 - DVPTest - DEBUG - process_data: t=45.14, p=214.0, v=0.000, a=0.0, phase=INFLATING
2026-09-02 13:59:18,031 - DVPTest - DEBUG - 物理分类结果: STABLE
2026-09-02 13:59:18,031 - DVPTest - DEBUG - process_data: t=45.24, p=214.0, v=0.000, a=0.0, phase=INFLATING
2026-09-02 13:59:18,031 - DVPTest - DEBUG - 物理分类结果: STABLE
2026-09-02 13:59:18,032 - DVPTest - DEBUG - process_data: t=45.34, p=214.0, v=0.000, a=0.0, phase=INFLATING
2026-09-02 13:59:18,032 - DVPTest - DEBUG - 物理分类结果: STABLE
2026-09-02 13:59:18,032 - DVPTest - DEBUG - process_data: t=45.43, p=214.0, v=0.000, a=0.0, phase=INFLATING
2026-09-02 13:59:18,032 - DVPTest - DEBUG - 物理分类结果: STABLE
2026-09-02 13:59:18,032 - DVPTest - DEBUG - process_data: t=45.54, p=214.0, v=0.000, a=0.0, phase=INFLATING
2026-09-02 13:59:18,032 - DVPTest - DEBUG - 物理分类结果: STABLE
2026-09-02 13:59:18,032 - DVPTest - DEBUG - process_data: t=45.64, p=214.0, v=0.000, a=0.0, phase=INFLATING
2026-09-02 13:59:18,032 - DVPTest - DEBUG - 物理分类结果: STABLE
2026-09-02 13:59:18,032 - DVPTest - DEBUG - process_data: t=45.73, p=214.0, v=0.000, a=0.0, phase=INFLATING
2026-09-02 13:59:18,032 - DVPTest - DEBUG - 物理分类结果: STABLE
2026-09-02 13:59:18,032 - DVPTest - DEBUG - process_data: t=45.83, p=214.0, v=0.000, a=0.0, phase=INFLATING
2026-09-02 13:59:18,032 - DVPTest - DEBUG - 物理分类结果: STABLE
2026-09-02 13:59:18,032 - DVPTest - DEBUG - process_data: t=45.94, p=214.0, v=0.000, a=0.0, phase=INFLATING
2026-09-02 13:59:18,033 - DVPTest - DEBUG - 物理分类结果: STABLE
2026-09-02 13:59:18,033 - DVPTest - DEBUG - process_data: t=46.04, p=214.0, v=0.000, a=0.0, phase=INFLATING
2026-09-02 13:59:18,033 - DVPTest - DEBUG - 物理分类结果: STABLE
2026-09-02 13:59:18,033 - DVPTest - DEBUG - process_data: t=46.13, p=214.0, v=0.000, a=0.0, phase=INFLATING
2026-09-02 13:59:18,033 - DVPTest - DEBUG - 物理分类结果: STABLE
2026-09-02 13:59:18,033 - DVPTest - DEBUG - process_data: t=46.23, p=214.0, v=0.000, a=0.0, phase=INFLATING
2026-09-02 13:59:18,033 - DVPTest - DEBUG - 物理分类结果: STABLE
2026-09-02 13:59:18,033 - DVPTest - DEBUG - process_data: t=46.34, p=214.0, v=0.000, a=0.0, phase=INFLATING
2026-09-02 13:59:18,033 - DVPTest - DEBUG - 物理分类结果: STABLE
2026-09-02 13:59:18,033 - DVPTest - DEBUG - process_data: t=46.44, p=214.0, v=0.000, a=0.0, phase=INFLATING
2026-09-02 13:59:18,033 - DVPTest - DEBUG - 物理分类结果: STABLE
2026-09-02 13:59:18,033 - DVPTest - DEBUG - process_data: t=46.54, p=214.0, v=0.000, a=0.0, phase=INFLATING
2026-09-02 13:59:18,034 - DVPTest - DEBUG - 物理分类结果: STABLE
2026-09-02 13:59:18,034 - DVPTest - DEBUG - process_data: t=46.65, p=214.0, v=0.000, a=0.0, phase=INFLATING
2026-09-02 13:59:18,034 - DVPTest - DEBUG - 物理分类结果: STABLE
2026-09-02 13:59:18,034 - DVPTest - DEBUG - process_data: t=46.74, p=214.0, v=0.000, a=0.0, phase=INFLATING
2026-09-02 13:59:18,034 - DVPTest - DEBUG - 物理分类结果: STABLE
2026-09-02 13:59:18,034 - DVPTest - DEBUG - process_data: t=46.84, p=214.0, v=0.000, a=0.0, phase=INFLATING
2026-09-02 13:59:18,034 - DVPTest - DEBUG - 物理分类结果: STABLE
2026-09-02 13:59:18,034 - DVPTest - DEBUG - process_data: t=46.93, p=214.0, v=0.000, a=0.0, phase=INFLATING
2026-09-02 13:59:18,034 - DVPTest - DEBUG - 物理分类结果: STABLE
2026-09-02 13:59:18,034 - DVPTest - DEBUG - process_data: t=47.04, p=214.0, v=0.000, a=0.0, phase=INFLATING
2026-09-02 13:59:18,034 - DVPTest - DEBUG - 物理分类结果: STABLE
2026-09-02 13:59:18,034 - DVPTest - DEBUG - process_data: t=47.14, p=214.0, v=0.000, a=0.0, phase=INFLATING
2026-09-02 13:59:18,034 - DVPTest - DEBUG - 物理分类结果: STABLE
2026-09-02 13:59:18,035 - DVPTest - DEBUG - process_data: t=47.24, p=214.0, v=0.000, a=0.0, phase=INFLATING
2026-09-02 13:59:18,035 - DVPTest - DEBUG - 物理分类结果: STABLE
2026-09-02 13:59:18,035 - DVPTest - DEBUG - process_data: t=47.33, p=214.0, v=0.000, a=0.0, phase=INFLATING
2026-09-02 13:59:18,035 - DVPTest - DEBUG - 物理分类结果: STABLE
2026-09-02 13:59:18,035 - DVPTest - DEBUG - process_data: t=47.44, p=214.0, v=0.000, a=0.0, phase=INFLATING
2026-09-02 13:59:18,035 - DVPTest - DEBUG - 物理分类结果: STABLE
2026-09-02 13:59:18,035 - DVPTest - DEBUG - process_data: t=47.54, p=214.0, v=0.000, a=0.0, phase=INFLATING
2026-09-02 13:59:18,035 - DVPTest - DEBUG - 物理分类结果: STABLE
2026-09-02 13:59:18,035 - DVPTest - DEBUG - process_data: t=47.64, p=214.0, v=0.000, a=0.0, phase=INFLATING
2026-09-02 13:59:18,035 - DVPTest - DEBUG - 物理分类结果: STABLE
2026-09-02 13:59:18,035 - DVPTest - DEBUG - process_data: t=47.73, p=214.0, v=0.000, a=0.0, phase=INFLATING
2026-09-02 13:59:18,035 - DVPTest - DEBUG - 物理分类结果: STABLE
2026-09-02 13:59:18,035 - DVPTest - DEBUG - process_data: t=47.84, p=214.0, v=0.000, a=0.0, phase=INFLATING
2026-09-02 13:59:18,036 - DVPTest - DEBUG - 物理分类结果: STABLE
2026-09-02 13:59:18,036 - DVPTest - DEBUG - process_data: t=47.94, p=214.0, v=0.000, a=0.0, phase=INFLATING
2026-09-02 13:59:18,036 - DVPTest - DEBUG - 物理分类结果: STABLE
2026-09-02 13:59:18,036 - DVPTest - DEBUG - process_data: t=48.03, p=214.0, v=0.000, a=0.0, phase=INFLATING
2026-09-02 13:59:18,036 - DVPTest - DEBUG - 物理分类结果: STABLE
2026-09-02 13:59:18,036 - DVPTest - DEBUG - process_data: t=48.13, p=214.0, v=0.000, a=0.0, phase=INFLATING
2026-09-02 13:59:18,036 - DVPTest - DEBUG - 物理分类结果: STABLE
2026-09-02 13:59:18,036 - DVPTest - DEBUG - process_data: t=48.24, p=214.0, v=0.000, a=0.0, phase=INFLATING
2026-09-02 13:59:18,036 - DVPTest - DEBUG - 物理分类结果: STABLE
2026-09-02 13:59:18,036 - DVPTest - DEBUG - process_data: t=48.34, p=214.0, v=0.000, a=0.0, phase=INFLATING
2026-09-02 13:59:18,036 - DVPTest - DEBUG - 物理分类结果: STABLE
2026-09-02 13:59:18,036 - DVPTest - DEBUG - process_data: t=48.43, p=214.0, v=0.000, a=0.0, phase=INFLATING
2026-09-02 13:59:18,038 - DVPTest - DEBUG - 物理分类结果: STABLE
2026-09-02 13:59:18,038 - DVPTest - DEBUG - process_data: t=48.53, p=214.0, v=0.000, a=0.0, phase=INFLATING
2026-09-02 13:59:18,038 - DVPTest - DEBUG - 物理分类结果: STABLE
2026-09-02 13:59:18,038 - DVPTest - DEBUG - process_data: t=48.64, p=214.0, v=0.000, a=0.0, phase=INFLATING
2026-09-02 13:59:18,038 - DVPTest - DEBUG - 物理分类结果: STABLE
2026-09-02 13:59:18,038 - DVPTest - DEBUG - process_data: t=48.74, p=214.0, v=0.000, a=0.0, phase=INFLATING
2026-09-02 13:59:18,038 - DVPTest - DEBUG - 物理分类结果: STABLE
2026-09-02 13:59:18,038 - DVPTest - DEBUG - process_data: t=48.83, p=214.0, v=0.000, a=0.0, phase=INFLATING
2026-09-02 13:59:18,038 - DVPTest - DEBUG - 物理分类结果: STABLE
2026-09-02 13:59:18,038 - DVPTest - DEBUG - process_data: t=48.93, p=214.0, v=0.000, a=0.0, phase=INFLATING
2026-09-02 13:59:18,038 - DVPTest - DEBUG - 物理分类结果: STABLE
2026-09-02 13:59:18,038 - DVPTest - DEBUG - process_data: t=49.04, p=214.0, v=0.000, a=0.0, phase=INFLATING
2026-09-02 13:59:18,038 - DVPTest - DEBUG - 物理分类结果: STABLE
2026-09-02 13:59:18,038 - DVPTest - DEBUG - process_data: t=49.14, p=214.0, v=0.000, a=0.0, phase=INFLATING
2026-09-02 13:59:18,038 - DVPTest - DEBUG - 物理分类结果: STABLE
2026-09-02 13:59:18,039 - DVPTest - DEBUG - process_data: t=49.23, p=214.0, v=0.000, a=0.0, phase=INFLATING
2026-09-02 13:59:18,039 - DVPTest - DEBUG - 物理分类结果: STABLE
2026-09-02 13:59:18,039 - DVPTest - DEBUG - process_data: t=49.34, p=214.0, v=0.000, a=0.0, phase=INFLATING
2026-09-02 13:59:18,039 - DVPTest - DEBUG - 物理分类结果: STABLE
2026-09-02 13:59:18,039 - DVPTest - DEBUG - process_data: t=49.44, p=214.0, v=0.000, a=0.0, phase=INFLATING
2026-09-02 13:59:18,039 - DVPTest - DEBUG - 物理分类结果: STABLE
2026-09-02 13:59:18,039 - DVPTest - DEBUG - process_data: t=49.54, p=214.0, v=0.000, a=0.0, phase=INFLATING
2026-09-02 13:59:18,040 - DVPTest - DEBUG - 物理分类结果: STABLE
2026-09-02 13:59:18,040 - DVPTest - DEBUG - process_data: t=49.63, p=214.0, v=0.000, a=0.0, phase=INFLATING
2026-09-02 13:59:18,040 - DVPTest - DEBUG - 物理分类结果: STABLE
2026-09-02 13:59:18,040 - DVPTest - DEBUG - process_data: t=49.74, p=214.0, v=0.000, a=0.0, phase=INFLATING
2026-09-02 13:59:18,040 - DVPTest - DEBUG - 物理分类结果: STABLE
2026-09-02 13:59:18,040 - DVPTest - DEBUG - process_data: t=49.84, p=214.0, v=0.000, a=0.0, phase=INFLATING
2026-09-02 13:59:18,040 - DVPTest - DEBUG - 物理分类结果: STABLE
2026-09-02 13:59:18,040 - DVPTest - DEBUG - process_data: t=49.94, p=214.0, v=0.000, a=0.0, phase=INFLATING
2026-09-02 13:59:18,040 - DVPTest - DEBUG - 物理分类结果: STABLE
2026-09-02 13:59:18,041 - DVPTest - DEBUG - process_data: t=50.03, p=214.0, v=0.000, a=0.0, phase=INFLATING
2026-09-02 13:59:18,041 - DVPTest - DEBUG - 物理分类结果: STABLE
2026-09-02 13:59:18,041 - DVPTest - DEBUG - process_data: t=50.14, p=214.0, v=0.000, a=0.0, phase=INFLATING
2026-09-02 13:59:18,041 - DVPTest - DEBUG - 物理分类结果: STABLE
2026-09-02 13:59:18,041 - DVPTest - DEBUG - process_data: t=50.24, p=214.0, v=0.000, a=0.0, phase=INFLATING
2026-09-02 13:59:18,041 - DVPTest - DEBUG - 物理分类结果: STABLE
2026-09-02 13:59:18,041 - DVPTest - DEBUG - process_data: t=50.34, p=214.0, v=0.000, a=0.0, phase=INFLATING
2026-09-02 13:59:18,042 - DVPTest - DEBUG - 物理分类结果: STABLE
2026-09-02 13:59:18,042 - DVPTest - DEBUG - process_data: t=50.43, p=214.0, v=0.000, a=0.0, phase=INFLATING
2026-09-02 13:59:18,042 - DVPTest - DEBUG - 物理分类结果: STABLE
2026-09-02 13:59:18,042 - DVPTest - DEBUG - process_data: t=50.54, p=214.0, v=0.000, a=0.0, phase=INFLATING
2026-09-02 13:59:18,042 - DVPTest - DEBUG - 物理分类结果: STABLE
2026-09-02 13:59:18,042 - DVPTest - DEBUG - process_data: t=50.64, p=214.0, v=0.000, a=0.0, phase=INFLATING
2026-09-02 13:59:18,042 - DVPTest - DEBUG - 物理分类结果: STABLE
2026-09-02 13:59:18,043 - DVPTest - DEBUG - process_data: t=50.73, p=214.0, v=0.000, a=0.0, phase=INFLATING
2026-09-02 13:59:18,043 - DVPTest - DEBUG - 物理分类结果: STABLE
2026-09-02 13:59:18,043 - DVPTest - DEBUG - process_data: t=50.83, p=214.0, v=0.000, a=0.0, phase=INFLATING
2026-09-02 13:59:18,043 - DVPTest - DEBUG - 物理分类结果: STABLE
2026-09-02 13:59:18,043 - DVPTest - DEBUG - process_data: t=50.94, p=214.0, v=0.000, a=0.0, phase=INFLATING
2026-09-02 13:59:18,043 - DVPTest - DEBUG - 物理分类结果: STABLE
2026-09-02 13:59:18,043 - DVPTest - DEBUG - process_data: t=51.04, p=214.0, v=0.000, a=0.0, phase=INFLATING
2026-09-02 13:59:18,043 - DVPTest - DEBUG - 物理分类结果: STABLE
2026-09-02 13:59:18,044 - DVPTest - DEBUG - process_data: t=51.13, p=214.0, v=0.000, a=0.0, phase=INFLATING
2026-09-02 13:59:18,044 - DVPTest - DEBUG - 物理分类结果: STABLE
2026-09-02 13:59:18,044 - DVPTest - DEBUG - process_data: t=51.23, p=214.0, v=0.000, a=0.0, phase=INFLATING
2026-09-02 13:59:18,044 - DVPTest - DEBUG - 物理分类结果: STABLE
2026-09-02 13:59:18,044 - DVPTest - DEBUG - process_data: t=51.34, p=214.0, v=0.000, a=0.0, phase=INFLATING
2026-09-02 13:59:18,044 - DVPTest - DEBUG - 物理分类结果: STABLE
2026-09-02 13:59:18,044 - DVPTest - DEBUG - process_data: t=51.44, p=214.0, v=0.000, a=0.0, phase=INFLATING
2026-09-02 13:59:18,044 - DVPTest - DEBUG - 物理分类结果: STABLE
2026-09-02 13:59:18,044 - DVPTest - DEBUG - process_data: t=51.54, p=214.0, v=0.000, a=0.0, phase=INFLATING
2026-09-02 13:59:18,044 - DVPTest - DEBUG - 物理分类结果: STABLE
2026-09-02 13:59:18,044 - DVPTest - DEBUG - process_data: t=51.65, p=214.0, v=0.000, a=0.0, phase=INFLATING
2026-09-02 13:59:18,044 - DVPTest - DEBUG - 物理分类结果: STABLE
2026-09-02 13:59:18,044 - DVPTest - DEBUG - process_data: t=51.74, p=214.0, v=0.000, a=0.0, phase=INFLATING
2026-09-02 13:59:18,044 - DVPTest - DEBUG - 物理分类结果: STABLE
2026-09-02 13:59:18,044 - DVPTest - DEBUG - process_data: t=51.84, p=214.0, v=0.000, a=0.0, phase=INFLATING
2026-09-02 13:59:18,044 - DVPTest - DEBUG - 物理分类结果: STABLE
2026-09-02 13:59:18,046 - DVPTest - DEBUG - process_data: t=51.93, p=214.0, v=0.000, a=0.0, phase=INFLATING
2026-09-02 13:59:18,046 - DVPTest - DEBUG - 物理分类结果: STABLE
2026-09-02 13:59:18,046 - DVPTest - DEBUG - process_data: t=52.04, p=129.0, v=-765.766, a=-6898.8, phase=INFLATING
2026-09-02 13:59:18,046 - DVPTest - SUCCESS - ★ 泄气中间值 200.0 mmHg 真实穿越 @ 52.04s
2026-09-02 13:59:18,046 - DVPTest - DEBUG - 物理分类结果: DEFLATING
2026-09-02 13:59:18,046 - DVPTest - DEBUG - 有效泄气迹象，下降 104.0 mmHg，计数 1/3
2026-09-02 13:59:18,046 - DVPTest - DEBUG - process_data: t=52.14, p=65.0, v=-666.667, a=1032.3, phase=INFLATING
2026-09-02 13:59:18,046 - DVPTest - DEBUG - 物理分类结果: DEFLATING
2026-09-02 13:59:18,046 - DVPTest - DEBUG - 有效泄气迹象，下降 168.0 mmHg，计数 2/3
2026-09-02 13:59:18,047 - DVPTest - DEBUG - process_data: t=52.24, p=27.0, v=-395.833, a=2821.2, phase=INFLATING
2026-09-02 13:59:18,047 - DVPTest - DEBUG - 物理分类结果: DEFLATING
2026-09-02 13:59:18,047 - DVPTest - DEBUG - 有效泄气迹象，下降 206.0 mmHg，计数 3/3
2026-09-02 13:59:18,047 - DVPTest - WARNING - INFLATING → DEFLATING（保底），泄气开始，当前压力 27.0 @ 52.24s
2026-09-02 13:59:18,047 - DVPTest - DEBUG - process_data: t=52.33, p=8.0, v=-195.876, a=2061.4, phase=DEFLATING
2026-09-02 13:59:18,047 - DVPTest - DEBUG - 物理分类结果: DEFLATING
2026-09-02 13:59:18,047 - DVPTest - DEBUG - process_data: t=52.44, p=1.0, v=-63.063, a=1196.5, phase=DEFLATING
2026-09-02 13:59:18,047 - DVPTest - SUCCESS - ★ 泄气目标值 5.0 mmHg 真实穿越 @ 52.44s
2026-09-02 13:59:18,047 - DVPTest - INFO - 泄气结果输出（由目标值到达触发）: {'state': 'DONE', 'start': {'value': 300.0, 'time': None, 'reached': False}, 'mid': {'value': 200.0, 'time': 52.044, 'reached': True}, 'target': {'value': 5.0, 'time': 52.444, 'reached': True}, 'peak': {'value': 231.0, 'time': 3.927}, 'inflection': {'value': 231.0, 'time': 3.927, 'rate': -10.416666666666705, 'method': '持续下降'}}
2026-09-02 13:59:18,048 - DVPTest - SUCCESS - ★ 泄气结果已触发（目标到达）
2026-09-02 13:59:18,048 - DVPTest - DEBUG - [UI] _on_result_text: key=deflate, text=峰值231→目标值5 时间48.52s 速率4.66mmHg/s  中间值200→目标值5 时间0.40s 速率487.50mmHg/s
2026-09-02 13:59:18,049 - DVPTest - DEBUG - 物理分类结果: DEFLATING
2026-09-02 13:59:18,049 - DVPTest - DEBUG - process_data: t=52.54, p=0.0, v=-10.417, a=548.4, phase=DEFLATING
2026-09-02 13:59:18,049 - DVPTest - DEBUG - 物理分类结果: DEFLATING
2026-09-02 13:59:18,049 - DVPTest - DEBUG - process_data: t=52.64, p=0.0, v=0.000, a=108.5, phase=DEFLATING
2026-09-02 13:59:18,049 - DVPTest - DEBUG - 物理分类结果: STABLE
2026-09-02 13:59:18,049 - DVPTest - INFO - DEFLATING → DONE，泄气完成
2026-09-02 13:59:18,049 - DVPTest - DEBUG - 阶段 DONE，忽略新数据 t=52.73
2026-09-02 13:59:18,050 - DVPTest - DEBUG - 阶段 DONE，忽略新数据 t=52.84
2026-09-02 13:59:18,050 - DVPTest - DEBUG - 阶段 DONE，忽略新数据 t=52.94
2026-09-02 13:59:18,050 - DVPTest - DEBUG - 阶段 DONE，忽略新数据 t=53.04
2026-09-02 13:59:18,050 - DVPTest - DEBUG - 阶段 DONE，忽略新数据 t=53.13
2026-09-02 13:59:18,050 - DVPTest - DEBUG - 阶段 DONE，忽略新数据 t=53.24
2026-09-02 13:59:18,050 - DVPTest - DEBUG - 阶段 DONE，忽略新数据 t=53.34
2026-09-02 13:59:18,050 - DVPTest - DEBUG - 阶段 DONE，忽略新数据 t=53.44
2026-09-02 13:59:18,050 - DVPTest - DEBUG - 阶段 DONE，忽略新数据 t=53.53
2026-09-02 13:59:18,050 - DVPTest - DEBUG - 阶段 DONE，忽略新数据 t=53.64
2026-09-02 13:59:18,050 - DVPTest - DEBUG - 阶段 DONE，忽略新数据 t=53.74
2026-09-02 13:59:18,050 - DVPTest - DEBUG - 阶段 DONE，忽略新数据 t=53.84
2026-09-02 13:59:18,050 - DVPTest - DEBUG - 阶段 DONE，忽略新数据 t=53.93
2026-09-02 13:59:18,050 - DVPTest - DEBUG - 阶段 DONE，忽略新数据 t=54.04
2026-09-02 13:59:18,050 - DVPTest - DEBUG - 阶段 DONE，忽略新数据 t=54.14
2026-09-02 13:59:18,050 - DVPTest - DEBUG - 阶段 DONE，忽略新数据 t=54.23
2026-09-02 13:59:18,051 - DVPTest - DEBUG - 阶段 DONE，忽略新数据 t=54.34
2026-09-02 13:59:18,051 - DVPTest - DEBUG - 阶段 DONE，忽略新数据 t=54.44
2026-09-02 13:59:18,051 - DVPTest - DEBUG - 阶段 DONE，忽略新数据 t=54.54
2026-09-02 13:59:18,051 - DVPTest - DEBUG - 阶段 DONE，忽略新数据 t=54.63
2026-09-02 13:59:18,051 - DVPTest - DEBUG - 阶段 DONE，忽略新数据 t=54.74
2026-09-02 13:59:18,051 - DVPTest - DEBUG - 阶段 DONE，忽略新数据 t=54.84
2026-09-02 13:59:18,051 - DVPTest - DEBUG - 阶段 DONE，忽略新数据 t=54.94
2026-09-02 13:59:18,051 - DVPTest - DEBUG - 阶段 DONE，忽略新数据 t=55.03
2026-09-02 13:59:18,051 - DVPTest - DEBUG - 阶段 DONE，忽略新数据 t=55.15
2026-09-02 13:59:18,051 - DVPTest - DEBUG - 阶段 DONE，忽略新数据 t=55.24
2026-09-02 13:59:18,051 - DVPTest - DEBUG - 阶段 DONE，忽略新数据 t=55.34
2026-09-02 13:59:18,051 - DVPTest - DEBUG - 阶段 DONE，忽略新数据 t=55.43
2026-09-02 13:59:18,051 - DVPTest - DEBUG - 阶段 DONE，忽略新数据 t=55.54
2026-09-02 13:59:18,052 - DVPTest - DEBUG - 阶段 DONE，忽略新数据 t=55.64
2026-09-02 13:59:18,052 - DVPTest - DEBUG - 阶段 DONE，忽略新数据 t=55.73
2026-09-02 13:59:18,052 - DVPTest - DEBUG - 阶段 DONE，忽略新数据 t=55.83
2026-09-02 13:59:18,052 - DVPTest - DEBUG - 阶段 DONE，忽略新数据 t=55.94
2026-09-02 13:59:18,052 - DVPTest - DEBUG - 阶段 DONE，忽略新数据 t=56.04
2026-09-02 13:59:18,052 - DVPTest - DEBUG - 阶段 DONE，忽略新数据 t=56.13
2026-09-02 13:59:18,052 - DVPTest - DEBUG - 阶段 DONE，忽略新数据 t=56.23
2026-09-02 13:59:18,052 - DVPTest - DEBUG - 阶段 DONE，忽略新数据 t=56.34
2026-09-02 13:59:18,052 - DVPTest - DEBUG - 阶段 DONE，忽略新数据 t=56.44
2026-09-02 13:59:18,052 - DVPTest - DEBUG - 阶段 DONE，忽略新数据 t=56.53
2026-09-02 13:59:18,052 - DVPTest - DEBUG - 阶段 DONE，忽略新数据 t=56.63
2026-09-02 13:59:18,052 - DVPTest - DEBUG - 阶段 DONE，忽略新数据 t=56.74
2026-09-02 13:59:18,052 - DVPTest - DEBUG - 阶段 DONE，忽略新数据 t=56.84
2026-09-02 13:59:18,052 - DVPTest - DEBUG - 阶段 DONE，忽略新数据 t=57.05
2026-09-02 13:59:18,052 - DVPTest - DEBUG - 阶段 DONE，忽略新数据 t=57.14
2026-09-02 13:59:18,052 - DVPTest - DEBUG - 阶段 DONE，忽略新数据 t=57.24
2026-09-02 13:59:18,053 - DVPTest - DEBUG - 阶段 DONE，忽略新数据 t=57.33
2026-09-02 13:59:18,053 - DVPTest - DEBUG - 阶段 DONE，忽略新数据 t=57.45
2026-09-02 13:59:18,053 - DVPTest - DEBUG - 阶段 DONE，忽略新数据 t=57.54
2026-09-02 13:59:18,053 - DVPTest - DEBUG - 阶段 DONE，忽略新数据 t=57.64
2026-09-02 13:59:18,053 - DVPTest - DEBUG - 阶段 DONE，忽略新数据 t=57.73
2026-09-02 13:59:18,053 - DVPTest - DEBUG - 阶段 DONE，忽略新数据 t=57.84
2026-09-02 13:59:18,053 - DVPTest - DEBUG - 阶段 DONE，忽略新数据 t=57.94
2026-09-02 13:59:18,053 - DVPTest - DEBUG - 阶段 DONE，忽略新数据 t=58.04
2026-09-02 13:59:18,053 - DVPTest - DEBUG - 阶段 DONE，忽略新数据 t=58.13
2026-09-02 13:59:18,053 - DVPTest - DEBUG - 阶段 DONE，忽略新数据 t=58.24
2026-09-02 13:59:18,053 - DVPTest - DEBUG - 阶段 DONE，忽略新数据 t=58.34
2026-09-02 13:59:18,053 - DVPTest - DEBUG - 阶段 DONE，忽略新数据 t=58.44
2026-09-02 13:59:18,053 - DVPTest - DEBUG - 阶段 DONE，忽略新数据 t=58.53
2026-09-02 13:59:18,053 - DVPTest - DEBUG - 阶段 DONE，忽略新数据 t=58.64
2026-09-02 13:59:18,053 - DVPTest - DEBUG - 阶段 DONE，忽略新数据 t=58.74
2026-09-02 13:59:18,053 - DVPTest - DEBUG - 阶段 DONE，忽略新数据 t=58.84
2026-09-02 13:59:18,053 - DVPTest - DEBUG - 阶段 DONE，忽略新数据 t=58.95
2026-09-02 13:59:18,054 - DVPTest - DEBUG - 阶段 DONE，忽略新数据 t=59.04
2026-09-02 13:59:18,054 - DVPTest - DEBUG - 阶段 DONE，忽略新数据 t=59.14
2026-09-02 13:59:18,054 - DVPTest - DEBUG - 阶段 DONE，忽略新数据 t=59.23
2026-09-02 13:59:18,054 - DVPTest - DEBUG - 阶段 DONE，忽略新数据 t=59.35
2026-09-02 13:59:18,054 - DVPTest - DEBUG - 阶段 DONE，忽略新数据 t=59.44
2026-09-02 13:59:18,054 - DVPTest - DEBUG - 阶段 DONE，忽略新数据 t=59.54
2026-09-02 13:59:18,054 - DVPTest - DEBUG - 阶段 DONE，忽略新数据 t=59.63
2026-09-02 13:59:18,054 - DVPTest - DEBUG - 阶段 DONE，忽略新数据 t=59.75
2026-09-02 13:59:18,054 - DVPTest - DEBUG - 阶段 DONE，忽略新数据 t=59.84
2026-09-02 13:59:18,054 - DVPTest - DEBUG - 阶段 DONE，忽略新数据 t=59.94
2026-09-02 13:59:18,054 - DVPTest - DEBUG - 阶段 DONE，忽略新数据 t=60.03
2026-09-02 13:59:18,055 - DVPTest - DEBUG - 阶段 DONE，忽略新数据 t=60.15
2026-09-02 13:59:18,055 - DVPTest - DEBUG - 阶段 DONE，忽略新数据 t=60.24
2026-09-02 13:59:18,055 - DVPTest - DEBUG - 阶段 DONE，忽略新数据 t=60.34
2026-09-02 13:59:18,055 - DVPTest - DEBUG - 阶段 DONE，忽略新数据 t=60.43
2026-09-02 13:59:18,055 - DVPTest - DEBUG - 阶段 DONE，忽略新数据 t=60.54
2026-09-02 13:59:18,055 - DVPTest - DEBUG - 阶段 DONE，忽略新数据 t=60.64
2026-09-02 13:59:18,056 - DVPTest - DEBUG - 阶段 DONE，忽略新数据 t=60.74
2026-09-02 13:59:18,056 - DVPTest - DEBUG - 阶段 DONE，忽略新数据 t=60.83
2026-09-02 13:59:18,056 - DVPTest - DEBUG - 阶段 DONE，忽略新数据 t=60.94
2026-09-02 13:59:18,056 - DVPTest - DEBUG - 阶段 DONE，忽略新数据 t=61.04
2026-09-02 13:59:18,056 - DVPTest - DEBUG - 阶段 DONE，忽略新数据 t=61.13
2026-09-02 13:59:18,056 - DVPTest - DEBUG - 阶段 DONE，忽略新数据 t=61.25
2026-09-02 13:59:18,057 - DVPTest - DEBUG - 阶段 DONE，忽略新数据 t=61.34
2026-09-02 13:59:18,057 - DVPTest - DEBUG - 阶段 DONE，忽略新数据 t=61.44
2026-09-02 13:59:18,057 - DVPTest - DEBUG - 阶段 DONE，忽略新数据 t=61.53
2026-09-02 13:59:18,057 - DVPTest - DEBUG - 阶段 DONE，忽略新数据 t=61.65
2026-09-02 13:59:18,057 - DVPTest - DEBUG - 阶段 DONE，忽略新数据 t=61.74
2026-09-02 13:59:18,057 - DVPTest - DEBUG - 阶段 DONE，忽略新数据 t=61.84
2026-09-02 13:59:18,057 - DVPTest - DEBUG - 阶段 DONE，忽略新数据 t=61.94
2026-09-02 13:59:18,057 - DVPTest - DEBUG - 阶段 DONE，忽略新数据 t=62.05
2026-09-02 13:59:18,057 - DVPTest - DEBUG - 阶段 DONE，忽略新数据 t=62.14
2026-09-02 13:59:18,058 - DVPTest - DEBUG - 阶段 DONE，忽略新数据 t=62.24
2026-09-02 13:59:18,058 - DVPTest - DEBUG - 阶段 DONE，忽略新数据 t=62.33
2026-09-02 13:59:18,058 - DVPTest - DEBUG - 阶段 DONE，忽略新数据 t=62.45
2026-09-02 13:59:18,058 - DVPTest - DEBUG - 阶段 DONE，忽略新数据 t=62.54
2026-09-02 13:59:18,058 - DVPTest - DEBUG - 阶段 DONE，忽略新数据 t=62.64
2026-09-02 13:59:18,058 - DVPTest - DEBUG - 阶段 DONE，忽略新数据 t=62.73
2026-09-02 13:59:18,058 - DVPTest - DEBUG - 阶段 DONE，忽略新数据 t=62.84
2026-09-02 13:59:18,058 - DVPTest - DEBUG - 阶段 DONE，忽略新数据 t=62.94
2026-09-02 13:59:18,060 - DVPTest - DEBUG - 阶段 DONE，忽略新数据 t=63.04
2026-09-02 13:59:18,060 - DVPTest - DEBUG - 阶段 DONE，忽略新数据 t=63.13
2026-09-02 13:59:18,060 - DVPTest - DEBUG - 阶段 DONE，忽略新数据 t=63.24
2026-09-02 13:59:18,060 - DVPTest - DEBUG - 阶段 DONE，忽略新数据 t=63.34
2026-09-02 13:59:18,060 - DVPTest - DEBUG - 阶段 DONE，忽略新数据 t=63.44
2026-09-02 13:59:18,060 - DVPTest - DEBUG - 阶段 DONE，忽略新数据 t=63.55
2026-09-02 13:59:18,060 - DVPTest - DEBUG - 阶段 DONE，忽略新数据 t=63.64
2026-09-02 13:59:18,061 - DVPTest - DEBUG - 阶段 DONE，忽略新数据 t=63.74
2026-09-02 13:59:18,061 - DVPTest - DEBUG - 阶段 DONE，忽略新数据 t=63.84
2026-09-02 13:59:18,061 - DVPTest - DEBUG - 阶段 DONE，忽略新数据 t=63.95
2026-09-02 13:59:18,061 - DVPTest - DEBUG - 阶段 DONE，忽略新数据 t=64.04
2026-09-02 13:59:18,061 - DVPTest - DEBUG - 阶段 DONE，忽略新数据 t=64.14
2026-09-02 13:59:18,061 - DVPTest - DEBUG - 阶段 DONE，忽略新数据 t=64.23
2026-09-02 13:59:18,061 - DVPTest - DEBUG - 阶段 DONE，忽略新数据 t=64.35
2026-09-02 13:59:18,061 - DVPTest - DEBUG - 阶段 DONE，忽略新数据 t=64.44
2026-09-02 13:59:18,061 - DVPTest - DEBUG - 阶段 DONE，忽略新数据 t=64.54
2026-09-02 13:59:18,061 - DVPTest - DEBUG - 阶段 DONE，忽略新数据 t=64.63
2026-09-02 13:59:18,061 - DVPTest - DEBUG - 阶段 DONE，忽略新数据 t=64.75
2026-09-02 13:59:18,061 - DVPTest - DEBUG - 阶段 DONE，忽略新数据 t=64.84
2026-09-02 13:59:18,061 - DVPTest - DEBUG - 阶段 DONE，忽略新数据 t=64.94
2026-09-02 13:59:18,062 - DVPTest - DEBUG - 阶段 DONE，忽略新数据 t=65.03
2026-09-02 13:59:18,062 - DVPTest - DEBUG - 阶段 DONE，忽略新数据 t=65.15
2026-09-02 13:59:18,062 - DVPTest - DEBUG - 阶段 DONE，忽略新数据 t=65.24
2026-09-02 13:59:18,062 - DVPTest - DEBUG - 阶段 DONE，忽略新数据 t=65.34
2026-09-02 13:59:18,062 - DVPTest - DEBUG - 阶段 DONE，忽略新数据 t=65.43
2026-09-02 13:59:18,062 - DVPTest - DEBUG - 阶段 DONE，忽略新数据 t=65.54
2026-09-02 13:59:18,062 - DVPTest - DEBUG - 阶段 DONE，忽略新数据 t=65.64
2026-09-02 13:59:18,062 - DVPTest - DEBUG - 阶段 DONE，忽略新数据 t=65.74
2026-09-02 13:59:18,062 - DVPTest - DEBUG - 阶段 DONE，忽略新数据 t=65.85
2026-09-02 13:59:18,062 - DVPTest - DEBUG - 阶段 DONE，忽略新数据 t=65.94
2026-09-02 13:59:18,062 - DVPTest - DEBUG - 阶段 DONE，忽略新数据 t=66.04
2026-09-02 13:59:18,062 - DVPTest - DEBUG - 阶段 DONE，忽略新数据 t=66.14
2026-09-02 13:59:18,062 - DVPTest - DEBUG - 阶段 DONE，忽略新数据 t=66.25
2026-09-02 13:59:18,062 - DVPTest - DEBUG - 阶段 DONE，忽略新数据 t=66.34
2026-09-02 13:59:18,062 - DVPTest - DEBUG - 阶段 DONE，忽略新数据 t=66.44
2026-09-02 13:59:18,062 - DVPTest - DEBUG - 阶段 DONE，忽略新数据 t=66.55
2026-09-02 13:59:18,062 - DVPTest - DEBUG - 阶段 DONE，忽略新数据 t=66.65
2026-09-02 13:59:18,062 - DVPTest - DEBUG - 阶段 DONE，忽略新数据 t=66.74
2026-09-02 13:59:18,062 - DVPTest - DEBUG - 阶段 DONE，忽略新数据 t=66.84
2026-09-02 13:59:18,062 - DVPTest - DEBUG - 阶段 DONE，忽略新数据 t=66.95
2026-09-02 13:59:18,062 - DVPTest - DEBUG - 阶段 DONE，忽略新数据 t=67.05
2026-09-02 13:59:18,062 - DVPTest - DEBUG - 阶段 DONE，忽略新数据 t=67.14
2026-09-02 13:59:18,063 - DVPTest - DEBUG - 阶段 DONE，忽略新数据 t=67.24
2026-09-02 13:59:18,063 - DVPTest - DEBUG - 阶段 DONE，忽略新数据 t=67.35
2026-09-02 13:59:18,063 - DVPTest - DEBUG - 阶段 DONE，忽略新数据 t=67.45
2026-09-02 13:59:18,063 - DVPTest - DEBUG - 阶段 DONE，忽略新数据 t=67.54
2026-09-02 13:59:18,063 - DVPTest - DEBUG - 阶段 DONE，忽略新数据 t=67.64
2026-09-02 13:59:18,063 - DVPTest - DEBUG - 阶段 DONE，忽略新数据 t=67.75
2026-09-02 13:59:18,063 - DVPTest - DEBUG - 阶段 DONE，忽略新数据 t=67.84
2026-09-02 13:59:18,063 - DVPTest - DEBUG - 阶段 DONE，忽略新数据 t=67.94
2026-09-02 13:59:18,063 - DVPTest - DEBUG - 阶段 DONE，忽略新数据 t=68.04
2026-09-02 13:59:18,063 - DVPTest - DEBUG - 阶段 DONE，忽略新数据 t=68.15
2026-09-02 13:59:18,063 - DVPTest - DEBUG - 阶段 DONE，忽略新数据 t=68.24
2026-09-02 13:59:18,063 - DVPTest - DEBUG - 阶段 DONE，忽略新数据 t=68.34
2026-09-02 13:59:18,063 - DVPTest - DEBUG - 阶段 DONE，忽略新数据 t=68.44
2026-09-02 13:59:18,063 - DVPTest - DEBUG - 阶段 DONE，忽略新数据 t=68.55
2026-09-02 13:59:18,063 - DVPTest - DEBUG - 阶段 DONE，忽略新数据 t=68.64
2026-09-02 13:59:18,063 - DVPTest - DEBUG - 阶段 DONE，忽略新数据 t=68.74
2026-09-02 13:59:18,063 - DVPTest - DEBUG - 阶段 DONE，忽略新数据 t=68.84
2026-09-02 13:59:18,063 - DVPTest - DEBUG - 阶段 DONE，忽略新数据 t=68.95
2026-09-02 13:59:18,063 - DVPTest - DEBUG - 阶段 DONE，忽略新数据 t=69.04
2026-09-02 13:59:18,064 - DVPTest - DEBUG - 阶段 DONE，忽略新数据 t=69.14
2026-09-02 13:59:18,064 - DVPTest - DEBUG - 阶段 DONE，忽略新数据 t=69.25
2026-09-02 13:59:18,064 - DVPTest - DEBUG - 阶段 DONE，忽略新数据 t=69.35
2026-09-02 13:59:18,064 - DVPTest - DEBUG - 阶段 DONE，忽略新数据 t=69.44
2026-09-02 13:59:18,064 - DVPTest - DEBUG - 阶段 DONE，忽略新数据 t=69.54
2026-09-02 13:59:18,064 - DVPTest - DEBUG - 阶段 DONE，忽略新数据 t=69.65
2026-09-02 13:59:18,064 - DVPTest - DEBUG - 阶段 DONE，忽略新数据 t=69.75
2026-09-02 13:59:18,064 - DVPTest - DEBUG - 阶段 DONE，忽略新数据 t=69.84
2026-09-02 13:59:18,064 - DVPTest - DEBUG - 阶段 DONE，忽略新数据 t=69.94
2026-09-02 13:59:18,064 - DVPTest - DEBUG - [UI] _on_result_text: key=inflate, text=起始值5→中间值200 时间2.60s 速率74.88mmHg/s  起始值5→峰值233 时间3.31s 速率68.97mmHg/s
2026-09-02 13:59:18,064 - DVPTest - DEBUG - [UI] _on_result_text: key=deflate, text=峰值231→目标值5 时间48.52s 速率4.66mmHg/s  中间值200→目标值5 时间0.40s 速率487.50mmHg/s
2026-09-02 13:59:18,064 - DVPTest - SUCCESS - 已加载波形: 1.csv
