2026-09-04 13:59:39,341 - DVPTest - INFO - === test_managers.py 已加载（新版本）===
2026-09-04 13:59:39,341 - DVPTest - INFO - [TestManager] 初始化完成（完全解耦 + InflectionDetector 版）
2026-09-04 13:59:39,838 - DVPTest - DEBUG - [UI] MainWindow 初始化完成
2026-09-04 13:59:44,394 - DVPTest - INFO - 设备识别: unknown
2026-09-04 13:59:44,395 - DVPTest - SUCCESS - 已连接到串口 COM25 @ 115200 bps
2026-09-04 13:59:44,400 - DVPTest - INFO - 正在打开串口 COM25 @ 115200
2026-09-04 13:59:44,401 - DVPTest - SUCCESS - 开始记录数据，文件: ./logs/csv\pressure_data_20260904_135944.csv
2026-09-04 13:59:44,401 - DVPTest - DEBUG - [TestManager] reset 完成
2026-09-04 13:59:44,402 - DVPTest - DEBUG - 充气参数更新: start=5.0, mid=200.0, target=300.0
2026-09-04 13:59:44,403 - DVPTest - DEBUG - [UI] _connect 完成
2026-09-04 13:59:44,417 - DVPTest - DEBUG - 设备类型 unknown，开始嗅探
2026-09-04 13:59:44,518 - DVPTest - DEBUG - 嗅探到 13 字节: b'cuff=0 mmHg\r\n'
2026-09-04 13:59:44,518 - DVPTest - DEBUG - 嗅探到文本协议特征
2026-09-04 13:59:44,519 - DVPTest - INFO - 协议检测完成: device_type=unknown, mode=text
2026-09-04 13:59:44,519 - DVPTest - INFO - 进入文本模式
2026-09-04 13:59:44,523 - DVPTest - INFO - [串口] [协议选择] device_type=unknown, mode=text
2026-09-04 13:59:44,545 - DVPTest - DEBUG - 发出 sig_data: t=0.127, p=0.00
2026-09-04 13:59:44,545 - DVPTest - DEBUG - process_data: t=0.13, p=0.0, v=0.000, a=0.0, phase=IDLE
2026-09-04 13:59:44,546 - DVPTest - DEBUG - 充气峰值更新: 0.0 @ 0.13s
2026-09-04 13:59:44,547 - DVPTest - DEBUG - 物理分类结果: STABLE
2026-09-04 13:59:44,547 - DVPTest - DEBUG - [UI] _on_plot_update 收到 1 个数据点
2026-09-04 13:59:44,550 - DVPTest - INFO - [串口] cuff=0 mmHg
2026-09-04 13:59:44,641 - DVPTest - DEBUG - 发出 sig_data: t=0.224, p=0.00
2026-09-04 13:59:44,643 - DVPTest - DEBUG - process_data: t=0.22, p=0.0, v=0.000, a=0.0, phase=IDLE
2026-09-04 13:59:44,644 - DVPTest - DEBUG - 物理分类结果: STABLE
2026-09-04 13:59:44,644 - DVPTest - DEBUG - [UI] _on_plot_update 收到 2 个数据点
2026-09-04 13:59:44,648 - DVPTest - INFO - [串口] cuff=0 mmHg
2026-09-04 13:59:44,737 - DVPTest - DEBUG - 发出 sig_data: t=0.320, p=0.00
2026-09-04 13:59:44,739 - DVPTest - DEBUG - process_data: t=0.32, p=0.0, v=0.000, a=0.0, phase=IDLE
2026-09-04 13:59:44,739 - DVPTest - DEBUG - 物理分类结果: STABLE
2026-09-04 13:59:44,740 - DVPTest - DEBUG - [UI] _on_plot_update 收到 3 个数据点
2026-09-04 13:59:44,742 - DVPTest - INFO - [串口] cuff=0 mmHg
2026-09-04 13:59:44,849 - DVPTest - DEBUG - 发出 sig_data: t=0.431, p=0.00
2026-09-04 13:59:44,851 - DVPTest - DEBUG - process_data: t=0.43, p=0.0, v=0.000, a=0.0, phase=IDLE
2026-09-04 13:59:44,851 - DVPTest - DEBUG - 物理分类结果: STABLE
2026-09-04 13:59:44,851 - DVPTest - DEBUG - [UI] _on_plot_update 收到 4 个数据点
2026-09-04 13:59:44,853 - DVPTest - INFO - [串口] cuff=0 mmHg
2026-09-04 13:59:44,944 - DVPTest - DEBUG - 发出 sig_data: t=0.526, p=0.00
2026-09-04 13:59:44,945 - DVPTest - DEBUG - process_data: t=0.53, p=0.0, v=0.000, a=0.0, phase=IDLE
2026-09-04 13:59:44,946 - DVPTest - DEBUG - 物理分类结果: STABLE
2026-09-04 13:59:44,946 - DVPTest - DEBUG - [UI] _on_plot_update 收到 5 个数据点
2026-09-04 13:59:44,947 - DVPTest - INFO - [串口] cuff=0 mmHg
2026-09-04 13:59:45,041 - DVPTest - DEBUG - 发出 sig_data: t=0.623, p=0.00
2026-09-04 13:59:45,042 - DVPTest - DEBUG - process_data: t=0.62, p=0.0, v=0.000, a=0.0, phase=IDLE
2026-09-04 13:59:45,043 - DVPTest - DEBUG - 物理分类结果: STABLE
2026-09-04 13:59:45,043 - DVPTest - DEBUG - [UI] _on_plot_update 收到 6 个数据点
2026-09-04 13:59:45,045 - DVPTest - INFO - [串口] cuff=0 mmHg
2026-09-04 13:59:45,077 - DVPTest - INFO - 退出程序：测试未运行，直接断开
2026-09-04 13:59:45,190 - DVPTest - INFO - run() 结束
2026-09-04 13:59:45,194 - DVPTest - DEBUG - [TestManager] reset 完成
2026-09-04 13:59:45,195 - DVPTest - INFO - 数据已重置，绘图恢复
2026-09-04 13:59:45,196 - DVPTest - SUCCESS - 已断开串口
2026-09-04 13:59:45,197 - DVPTest - INFO - 停止记录数据
2026-09-04 13:59:45,199 - DVPTest - INFO - 已断开连接，自动连接已暂停（如需重新启用，请手动连接一次）
2026-09-04 13:59:45,200 - DVPTest - DEBUG - [UI] _disconnect 完成
2026-09-04 13:59:45,809 - DVPTest - INFO - 设备识别: unknown
2026-09-04 13:59:45,810 - DVPTest - SUCCESS - 已连接到串口 COM25 @ 115200 bps
2026-09-04 13:59:45,810 - DVPTest - INFO - 正在打开串口 COM25 @ 115200
2026-09-04 13:59:45,812 - DVPTest - SUCCESS - 开始记录数据，文件: ./logs/csv\pressure_data_20260904_135945.csv
2026-09-04 13:59:45,812 - DVPTest - DEBUG - [TestManager] reset 完成
2026-09-04 13:59:45,813 - DVPTest - DEBUG - 充气参数更新: start=5.0, mid=200.0, target=300.0
2026-09-04 13:59:45,813 - DVPTest - DEBUG - [UI] _connect 完成
2026-09-04 13:59:45,830 - DVPTest - DEBUG - 设备类型 unknown，开始嗅探
2026-09-04 13:59:45,930 - DVPTest - DEBUG - 嗅探到 13 字节: b'cuff=0 mmHg\r\n'
2026-09-04 13:59:45,930 - DVPTest - DEBUG - 嗅探到文本协议特征
2026-09-04 13:59:45,931 - DVPTest - INFO - 协议检测完成: device_type=unknown, mode=text
2026-09-04 13:59:45,931 - DVPTest - INFO - 进入文本模式
2026-09-04 13:59:45,933 - DVPTest - INFO - [串口] [协议选择] device_type=unknown, mode=text
2026-09-04 13:59:45,940 - DVPTest - DEBUG - 发出 sig_data: t=0.111, p=0.00
2026-09-04 13:59:45,942 - DVPTest - DEBUG - process_data: t=0.11, p=0.0, v=0.000, a=0.0, phase=IDLE
2026-09-04 13:59:45,943 - DVPTest - DEBUG - 充气峰值更新: 0.0 @ 0.11s
2026-09-04 13:59:45,943 - DVPTest - DEBUG - 物理分类结果: STABLE
2026-09-04 13:59:45,943 - DVPTest - DEBUG - [UI] _on_plot_update 收到 1 个数据点
2026-09-04 13:59:45,944 - DVPTest - INFO - [串口] cuff=0 mmHg
2026-09-04 13:59:46,036 - DVPTest - DEBUG - 发出 sig_data: t=0.207, p=0.00
2026-09-04 13:59:46,038 - DVPTest - DEBUG - process_data: t=0.21, p=0.0, v=0.000, a=0.0, phase=IDLE
2026-09-04 13:59:46,039 - DVPTest - DEBUG - 物理分类结果: STABLE
2026-09-04 13:59:46,040 - DVPTest - DEBUG - [UI] _on_plot_update 收到 2 个数据点
2026-09-04 13:59:46,042 - DVPTest - INFO - [串口] cuff=0 mmHg
2026-09-04 13:59:46,148 - DVPTest - DEBUG - 发出 sig_data: t=0.318, p=0.00
2026-09-04 13:59:46,151 - DVPTest - DEBUG - process_data: t=0.32, p=0.0, v=0.000, a=0.0, phase=IDLE
2026-09-04 13:59:46,152 - DVPTest - DEBUG - 物理分类结果: STABLE
2026-09-04 13:59:46,154 - DVPTest - DEBUG - [UI] _on_plot_update 收到 3 个数据点
2026-09-04 13:59:46,156 - DVPTest - INFO - [串口] cuff=0 mmHg
2026-09-04 13:59:46,244 - DVPTest - DEBUG - 发出 sig_data: t=0.414, p=0.00
2026-09-04 13:59:46,246 - DVPTest - DEBUG - process_data: t=0.41, p=0.0, v=0.000, a=0.0, phase=IDLE
2026-09-04 13:59:46,246 - DVPTest - DEBUG - 物理分类结果: STABLE
2026-09-04 13:59:46,247 - DVPTest - DEBUG - [UI] _on_plot_update 收到 4 个数据点
2026-09-04 13:59:46,249 - DVPTest - INFO - [串口] cuff=0 mmHg
2026-09-04 13:59:46,263 - DVPTest - INFO - 退出程序：测试未运行，直接断开
2026-09-04 13:59:46,386 - DVPTest - INFO - run() 结束
2026-09-04 13:59:46,389 - DVPTest - DEBUG - [TestManager] reset 完成
2026-09-04 13:59:46,390 - DVPTest - INFO - 数据已重置，绘图恢复
2026-09-04 13:59:46,391 - DVPTest - SUCCESS - 已断开串口
2026-09-04 13:59:46,393 - DVPTest - INFO - 停止记录数据
2026-09-04 13:59:46,396 - DVPTest - INFO - 已断开连接，自动连接已暂停（如需重新启用，请手动连接一次）
2026-09-04 13:59:46,396 - DVPTest - DEBUG - [UI] _disconnect 完成
2026-09-04 13:59:47,569 - DVPTest - INFO - 设备识别: unknown
2026-09-04 13:59:47,570 - DVPTest - SUCCESS - 已连接到串口 COM25 @ 115200 bps
2026-09-04 13:59:47,571 - DVPTest - INFO - 正在打开串口 COM25 @ 115200
2026-09-04 13:59:47,571 - DVPTest - SUCCESS - 开始记录数据，文件: ./logs/csv\pressure_data_20260904_135947.csv
2026-09-04 13:59:47,572 - DVPTest - DEBUG - [TestManager] reset 完成
2026-09-04 13:59:47,572 - DVPTest - DEBUG - 充气参数更新: start=5.0, mid=200.0, target=300.0
2026-09-04 13:59:47,573 - DVPTest - DEBUG - [UI] _connect 完成
2026-09-04 13:59:47,589 - DVPTest - DEBUG - 设备类型 unknown，开始嗅探
2026-09-04 13:59:47,690 - DVPTest - DEBUG - 嗅探到 13 字节: b'cuff=0 mmHg\r\n'
2026-09-04 13:59:47,690 - DVPTest - DEBUG - 嗅探到文本协议特征
2026-09-04 13:59:47,693 - DVPTest - INFO - 协议检测完成: device_type=unknown, mode=text
2026-09-04 13:59:47,693 - DVPTest - INFO - 进入文本模式
2026-09-04 13:59:47,696 - DVPTest - INFO - [串口] [协议选择] device_type=unknown, mode=text
2026-09-04 13:59:47,748 - DVPTest - DEBUG - 发出 sig_data: t=0.159, p=0.00
2026-09-04 13:59:47,751 - DVPTest - DEBUG - process_data: t=0.16, p=0.0, v=0.000, a=0.0, phase=IDLE
2026-09-04 13:59:47,752 - DVPTest - DEBUG - 充气峰值更新: 0.0 @ 0.16s
2026-09-04 13:59:47,755 - DVPTest - DEBUG - 物理分类结果: STABLE
2026-09-04 13:59:47,755 - DVPTest - DEBUG - [UI] _on_plot_update 收到 1 个数据点
2026-09-04 13:59:47,759 - DVPTest - INFO - [串口] cuff=0 mmHg
2026-09-04 13:59:47,844 - DVPTest - DEBUG - 发出 sig_data: t=0.255, p=0.00
2026-09-04 13:59:47,846 - DVPTest - DEBUG - process_data: t=0.25, p=0.0, v=0.000, a=0.0, phase=IDLE
2026-09-04 13:59:47,846 - DVPTest - DEBUG - 物理分类结果: STABLE
2026-09-04 13:59:47,847 - DVPTest - DEBUG - [UI] _on_plot_update 收到 2 个数据点
2026-09-04 13:59:47,849 - DVPTest - INFO - [串口] cuff=0 mmHg
2026-09-04 13:59:47,940 - DVPTest - DEBUG - 发出 sig_data: t=0.351, p=0.00
2026-09-04 13:59:47,943 - DVPTest - DEBUG - process_data: t=0.35, p=0.0, v=0.000, a=0.0, phase=IDLE
2026-09-04 13:59:47,944 - DVPTest - DEBUG - 物理分类结果: STABLE
2026-09-04 13:59:47,944 - DVPTest - DEBUG - [UI] _on_plot_update 收到 3 个数据点
2026-09-04 13:59:47,947 - DVPTest - INFO - [串口] cuff=0 mmHg
2026-09-04 13:59:48,036 - DVPTest - DEBUG - 发出 sig_data: t=0.447, p=0.00
2026-09-04 13:59:48,038 - DVPTest - DEBUG - process_data: t=0.45, p=0.0, v=0.000, a=0.0, phase=IDLE
2026-09-04 13:59:48,039 - DVPTest - DEBUG - 物理分类结果: STABLE
2026-09-04 13:59:48,040 - DVPTest - DEBUG - [UI] _on_plot_update 收到 4 个数据点
2026-09-04 13:59:48,042 - DVPTest - INFO - [串口] cuff=0 mmHg
2026-09-04 13:59:48,148 - DVPTest - DEBUG - 发出 sig_data: t=0.559, p=0.00
2026-09-04 13:59:48,149 - DVPTest - DEBUG - process_data: t=0.56, p=0.0, v=0.000, a=0.0, phase=IDLE
2026-09-04 13:59:48,150 - DVPTest - DEBUG - 物理分类结果: STABLE
2026-09-04 13:59:48,150 - DVPTest - DEBUG - [UI] _on_plot_update 收到 5 个数据点
2026-09-04 13:59:48,152 - DVPTest - INFO - [串口] cuff=0 mmHg
2026-09-04 13:59:48,243 - DVPTest - DEBUG - 发出 sig_data: t=0.654, p=0.00
2026-09-04 13:59:48,245 - DVPTest - DEBUG - process_data: t=0.65, p=0.0, v=0.000, a=0.0, phase=IDLE
2026-09-04 13:59:48,246 - DVPTest - DEBUG - 物理分类结果: STABLE
2026-09-04 13:59:48,247 - DVPTest - DEBUG - [UI] _on_plot_update 收到 6 个数据点
2026-09-04 13:59:48,249 - DVPTest - INFO - [串口] cuff=0 mmHg
2026-09-04 13:59:48,339 - DVPTest - DEBUG - 发出 sig_data: t=0.750, p=0.00
2026-09-04 13:59:48,341 - DVPTest - DEBUG - process_data: t=0.75, p=0.0, v=0.000, a=0.0, phase=IDLE
2026-09-04 13:59:48,341 - DVPTest - DEBUG - 物理分类结果: STABLE
2026-09-04 13:59:48,342 - DVPTest - DEBUG - [UI] _on_plot_update 收到 7 个数据点
2026-09-04 13:59:48,344 - DVPTest - INFO - [串口] cuff=0 mmHg
2026-09-04 13:59:48,435 - DVPTest - DEBUG - 发出 sig_data: t=0.846, p=0.00
2026-09-04 13:59:48,438 - DVPTest - DEBUG - process_data: t=0.85, p=0.0, v=0.000, a=0.0, phase=IDLE
2026-09-04 13:59:48,438 - DVPTest - DEBUG - 物理分类结果: STABLE
2026-09-04 13:59:48,439 - DVPTest - DEBUG - [UI] _on_plot_update 收到 8 个数据点
2026-09-04 13:59:48,440 - DVPTest - INFO - [串口] cuff=0 mmHg
2026-09-04 13:59:48,547 - DVPTest - DEBUG - 发出 sig_data: t=0.958, p=0.00
2026-09-04 13:59:48,548 - DVPTest - DEBUG - process_data: t=0.96, p=0.0, v=0.000, a=0.0, phase=IDLE
2026-09-04 13:59:48,548 - DVPTest - DEBUG - 物理分类结果: STABLE
2026-09-04 13:59:48,549 - DVPTest - DEBUG - [UI] _on_plot_update 收到 9 个数据点
2026-09-04 13:59:48,551 - DVPTest - INFO - [串口] cuff=0 mmHg
2026-09-04 13:59:48,643 - DVPTest - DEBUG - 发出 sig_data: t=1.054, p=0.00
2026-09-04 13:59:48,647 - DVPTest - DEBUG - process_data: t=1.05, p=0.0, v=0.000, a=0.0, phase=IDLE
2026-09-04 13:59:48,648 - DVPTest - DEBUG - 物理分类结果: STABLE
2026-09-04 13:59:48,649 - DVPTest - DEBUG - [UI] _on_plot_update 收到 10 个数据点
2026-09-04 13:59:48,653 - DVPTest - INFO - [串口] cuff=0 mmHg
2026-09-04 13:59:48,739 - DVPTest - DEBUG - 发出 sig_data: t=1.149, p=0.00
2026-09-04 13:59:48,740 - DVPTest - DEBUG - process_data: t=1.15, p=0.0, v=0.000, a=0.0, phase=IDLE
2026-09-04 13:59:48,740 - DVPTest - DEBUG - 物理分类结果: STABLE
2026-09-04 13:59:48,740 - DVPTest - DEBUG - [UI] _on_plot_update 收到 11 个数据点
2026-09-04 13:59:48,742 - DVPTest - INFO - [串口] cuff=0 mmHg
2026-09-04 13:59:48,850 - DVPTest - DEBUG - 发出 sig_data: t=1.261, p=0.00
2026-09-04 13:59:48,854 - DVPTest - DEBUG - process_data: t=1.26, p=0.0, v=0.000, a=0.0, phase=IDLE
2026-09-04 13:59:48,855 - DVPTest - DEBUG - 物理分类结果: STABLE
2026-09-04 13:59:48,856 - DVPTest - DEBUG - [UI] _on_plot_update 收到 12 个数据点
2026-09-04 13:59:48,859 - DVPTest - INFO - [串口] cuff=0 mmHg
2026-09-04 13:59:48,946 - DVPTest - DEBUG - 发出 sig_data: t=1.357, p=0.00
2026-09-04 13:59:48,949 - DVPTest - DEBUG - process_data: t=1.36, p=0.0, v=0.000, a=0.0, phase=IDLE
2026-09-04 13:59:48,949 - DVPTest - DEBUG - 物理分类结果: STABLE
2026-09-04 13:59:48,950 - DVPTest - DEBUG - [UI] _on_plot_update 收到 13 个数据点
2026-09-04 13:59:48,952 - DVPTest - INFO - [串口] cuff=0 mmHg
2026-09-04 13:59:49,042 - DVPTest - DEBUG - 发出 sig_data: t=1.453, p=0.00
2026-09-04 13:59:49,044 - DVPTest - DEBUG - process_data: t=1.45, p=0.0, v=0.000, a=0.0, phase=IDLE
2026-09-04 13:59:49,044 - DVPTest - DEBUG - 物理分类结果: STABLE
2026-09-04 13:59:49,045 - DVPTest - DEBUG - [UI] _on_plot_update 收到 14 个数据点
2026-09-04 13:59:49,046 - DVPTest - INFO - [串口] cuff=0 mmHg
2026-09-04 13:59:49,070 - DVPTest - INFO - 绘图已暂停
2026-09-04 13:59:49,138 - DVPTest - DEBUG - 发出 sig_data: t=1.549, p=0.00
2026-09-04 13:59:49,139 - DVPTest - DEBUG - process_data: t=1.55, p=0.0, v=0.000, a=0.0, phase=IDLE
2026-09-04 13:59:49,140 - DVPTest - DEBUG - 物理分类结果: STABLE
2026-09-04 13:59:49,140 - DVPTest - INFO - [串口] cuff=0 mmHg
2026-09-04 13:59:49,249 - DVPTest - DEBUG - 发出 sig_data: t=1.660, p=0.00
2026-09-04 13:59:49,250 - DVPTest - DEBUG - process_data: t=1.66, p=0.0, v=0.000, a=0.0, phase=IDLE
2026-09-04 13:59:49,251 - DVPTest - DEBUG - 物理分类结果: STABLE
2026-09-04 13:59:49,252 - DVPTest - INFO - [串口] cuff=0 mmHg
2026-09-04 13:59:49,346 - DVPTest - DEBUG - 发出 sig_data: t=1.757, p=0.00
2026-09-04 13:59:49,348 - DVPTest - DEBUG - process_data: t=1.76, p=0.0, v=0.000, a=0.0, phase=IDLE
2026-09-04 13:59:49,349 - DVPTest - DEBUG - 物理分类结果: STABLE
2026-09-04 13:59:49,349 - DVPTest - INFO - [串口] cuff=0 mmHg
2026-09-04 13:59:49,441 - DVPTest - DEBUG - 发出 sig_data: t=1.852, p=0.00
2026-09-04 13:59:49,443 - DVPTest - DEBUG - process_data: t=1.85, p=0.0, v=0.000, a=0.0, phase=IDLE
2026-09-04 13:59:49,443 - DVPTest - DEBUG - 物理分类结果: STABLE
2026-09-04 13:59:49,444 - DVPTest - INFO - [串口] cuff=0 mmHg
2026-09-04 13:59:49,537 - DVPTest - DEBUG - 发出 sig_data: t=1.948, p=0.00
2026-09-04 13:59:49,539 - DVPTest - DEBUG - process_data: t=1.95, p=0.0, v=0.000, a=0.0, phase=IDLE
2026-09-04 13:59:49,540 - DVPTest - DEBUG - 物理分类结果: STABLE
2026-09-04 13:59:49,541 - DVPTest - INFO - [串口] cuff=0 mmHg
2026-09-04 13:59:49,649 - DVPTest - DEBUG - 发出 sig_data: t=2.060, p=0.00
2026-09-04 13:59:49,652 - DVPTest - DEBUG - process_data: t=2.06, p=0.0, v=0.000, a=0.0, phase=IDLE
2026-09-04 13:59:49,653 - DVPTest - DEBUG - 物理分类结果: STABLE
2026-09-04 13:59:49,654 - DVPTest - INFO - [串口] cuff=0 mmHg
2026-09-04 13:59:49,745 - DVPTest - DEBUG - 发出 sig_data: t=2.156, p=0.00
2026-09-04 13:59:49,746 - DVPTest - DEBUG - process_data: t=2.16, p=0.0, v=0.000, a=0.0, phase=IDLE
2026-09-04 13:59:49,747 - DVPTest - DEBUG - 物理分类结果: STABLE
2026-09-04 13:59:49,747 - DVPTest - INFO - [串口] cuff=0 mmHg
2026-09-04 13:59:49,841 - DVPTest - DEBUG - 发出 sig_data: t=2.252, p=0.00
2026-09-04 13:59:49,842 - DVPTest - DEBUG - process_data: t=2.25, p=0.0, v=0.000, a=0.0, phase=IDLE
2026-09-04 13:59:49,842 - DVPTest - DEBUG - 物理分类结果: STABLE
2026-09-04 13:59:49,844 - DVPTest - INFO - [串口] cuff=0 mmHg
2026-09-04 13:59:49,937 - DVPTest - DEBUG - 发出 sig_data: t=2.348, p=0.00
2026-09-04 13:59:49,940 - DVPTest - DEBUG - process_data: t=2.35, p=0.0, v=0.000, a=0.0, phase=IDLE
2026-09-04 13:59:49,941 - DVPTest - DEBUG - 物理分类结果: STABLE
2026-09-04 13:59:49,941 - DVPTest - INFO - [串口] cuff=0 mmHg
2026-09-04 13:59:50,049 - DVPTest - DEBUG - 发出 sig_data: t=2.460, p=0.00
2026-09-04 13:59:50,049 - DVPTest - DEBUG - process_data: t=2.46, p=0.0, v=0.000, a=0.0, phase=IDLE
2026-09-04 13:59:50,050 - DVPTest - DEBUG - 物理分类结果: STABLE
2026-09-04 13:59:50,051 - DVPTest - INFO - [串口] cuff=0 mmHg
2026-09-04 13:59:50,144 - DVPTest - DEBUG - 发出 sig_data: t=2.555, p=0.00
2026-09-04 13:59:50,148 - DVPTest - DEBUG - process_data: t=2.56, p=0.0, v=0.000, a=0.0, phase=IDLE
2026-09-04 13:59:50,149 - DVPTest - DEBUG - 物理分类结果: STABLE
2026-09-04 13:59:50,149 - DVPTest - INFO - [串口] cuff=0 mmHg
2026-09-04 13:59:50,241 - DVPTest - DEBUG - 发出 sig_data: t=2.652, p=0.00
2026-09-04 13:59:50,244 - DVPTest - DEBUG - process_data: t=2.65, p=0.0, v=0.000, a=0.0, phase=IDLE
2026-09-04 13:59:50,245 - DVPTest - DEBUG - 物理分类结果: STABLE
2026-09-04 13:59:50,247 - DVPTest - INFO - [串口] cuff=0 mmHg
2026-09-04 13:59:50,336 - DVPTest - DEBUG - 发出 sig_data: t=2.747, p=0.00
2026-09-04 13:59:50,338 - DVPTest - DEBUG - process_data: t=2.75, p=0.0, v=0.000, a=0.0, phase=IDLE
2026-09-04 13:59:50,338 - DVPTest - DEBUG - 物理分类结果: STABLE
2026-09-04 13:59:50,339 - DVPTest - INFO - [串口] cuff=0 mmHg
2026-09-04 13:59:50,448 - DVPTest - DEBUG - 发出 sig_data: t=2.859, p=0.00
2026-09-04 13:59:50,450 - DVPTest - DEBUG - process_data: t=2.86, p=0.0, v=0.000, a=0.0, phase=IDLE
2026-09-04 13:59:50,452 - DVPTest - DEBUG - 物理分类结果: STABLE
2026-09-04 13:59:50,452 - DVPTest - INFO - [串口] cuff=0 mmHg
2026-09-04 13:59:50,544 - DVPTest - DEBUG - 发出 sig_data: t=2.955, p=0.00
2026-09-04 13:59:50,545 - DVPTest - DEBUG - process_data: t=2.95, p=0.0, v=0.000, a=0.0, phase=IDLE
2026-09-04 13:59:50,545 - DVPTest - DEBUG - 物理分类结果: STABLE
2026-09-04 13:59:50,546 - DVPTest - INFO - [串口] cuff=0 mmHg
2026-09-04 13:59:50,639 - DVPTest - DEBUG - 发出 sig_data: t=3.050, p=0.00
2026-09-04 13:59:50,640 - DVPTest - DEBUG - process_data: t=3.05, p=0.0, v=0.000, a=0.0, phase=IDLE
2026-09-04 13:59:50,640 - DVPTest - DEBUG - 物理分类结果: STABLE
2026-09-04 13:59:50,641 - DVPTest - INFO - [串口] cuff=0 mmHg
2026-09-04 13:59:50,736 - DVPTest - DEBUG - 发出 sig_data: t=3.147, p=0.00
2026-09-04 13:59:50,737 - DVPTest - DEBUG - process_data: t=3.15, p=0.0, v=0.000, a=0.0, phase=IDLE
2026-09-04 13:59:50,738 - DVPTest - DEBUG - 物理分类结果: STABLE
2026-09-04 13:59:50,739 - DVPTest - INFO - [串口] cuff=0 mmHg
2026-09-04 13:59:50,766 - DVPTest - DEBUG - [UI] _on_plot_update 收到 31 个数据点
2026-09-04 13:59:50,767 - DVPTest - INFO - 绘图已恢复
2026-09-04 13:59:50,848 - DVPTest - DEBUG - 发出 sig_data: t=3.259, p=0.00
2026-09-04 13:59:50,849 - DVPTest - DEBUG - process_data: t=3.26, p=0.0, v=0.000, a=0.0, phase=IDLE
2026-09-04 13:59:50,850 - DVPTest - DEBUG - 物理分类结果: STABLE
2026-09-04 13:59:50,850 - DVPTest - DEBUG - [UI] _on_plot_update 收到 32 个数据点
2026-09-04 13:59:50,851 - DVPTest - INFO - [串口] cuff=0 mmHg
2026-09-04 13:59:50,943 - DVPTest - DEBUG - 发出 sig_data: t=3.354, p=0.00
2026-09-04 13:59:50,945 - DVPTest - DEBUG - process_data: t=3.35, p=0.0, v=0.000, a=0.0, phase=IDLE
2026-09-04 13:59:50,946 - DVPTest - DEBUG - 物理分类结果: STABLE
2026-09-04 13:59:50,946 - DVPTest - DEBUG - [UI] _on_plot_update 收到 33 个数据点
2026-09-04 13:59:50,948 - DVPTest - INFO - [串口] cuff=0 mmHg
2026-09-04 13:59:51,039 - DVPTest - DEBUG - 发出 sig_data: t=3.450, p=0.00
2026-09-04 13:59:51,041 - DVPTest - DEBUG - process_data: t=3.45, p=0.0, v=0.000, a=0.0, phase=IDLE
2026-09-04 13:59:51,042 - DVPTest - DEBUG - 物理分类结果: STABLE
2026-09-04 13:59:51,043 - DVPTest - DEBUG - [UI] _on_plot_update 收到 34 个数据点
2026-09-04 13:59:51,046 - DVPTest - INFO - [串口] cuff=0 mmHg
2026-09-04 13:59:51,136 - DVPTest - DEBUG - 发出 sig_data: t=3.546, p=0.00
2026-09-04 13:59:51,136 - DVPTest - DEBUG - process_data: t=3.55, p=0.0, v=0.000, a=0.0, phase=IDLE
2026-09-04 13:59:51,137 - DVPTest - DEBUG - 物理分类结果: STABLE
2026-09-04 13:59:51,137 - DVPTest - DEBUG - [UI] _on_plot_update 收到 35 个数据点
2026-09-04 13:59:51,138 - DVPTest - INFO - [串口] cuff=0 mmHg
2026-09-04 13:59:51,247 - DVPTest - DEBUG - 发出 sig_data: t=3.658, p=0.00
2026-09-04 13:59:51,250 - DVPTest - DEBUG - process_data: t=3.66, p=0.0, v=0.000, a=0.0, phase=IDLE
2026-09-04 13:59:51,251 - DVPTest - DEBUG - 物理分类结果: STABLE
2026-09-04 13:59:51,251 - DVPTest - DEBUG - [UI] _on_plot_update 收到 36 个数据点
2026-09-04 13:59:51,255 - DVPTest - INFO - [串口] cuff=0 mmHg
2026-09-04 13:59:51,343 - DVPTest - DEBUG - 发出 sig_data: t=3.754, p=0.00
2026-09-04 13:59:51,345 - DVPTest - DEBUG - process_data: t=3.75, p=0.0, v=0.000, a=0.0, phase=IDLE
2026-09-04 13:59:51,346 - DVPTest - DEBUG - 物理分类结果: STABLE
2026-09-04 13:59:51,347 - DVPTest - DEBUG - [UI] _on_plot_update 收到 37 个数据点
2026-09-04 13:59:51,350 - DVPTest - INFO - [串口] cuff=0 mmHg
2026-09-04 13:59:51,438 - DVPTest - DEBUG - 发出 sig_data: t=3.849, p=0.00
2026-09-04 13:59:51,439 - DVPTest - DEBUG - process_data: t=3.85, p=0.0, v=0.000, a=0.0, phase=IDLE
2026-09-04 13:59:51,440 - DVPTest - DEBUG - 物理分类结果: STABLE
2026-09-04 13:59:51,440 - DVPTest - DEBUG - [UI] _on_plot_update 收到 38 个数据点
2026-09-04 13:59:51,441 - DVPTest - INFO - [串口] cuff=0 mmHg
2026-09-04 13:59:51,550 - DVPTest - DEBUG - 发出 sig_data: t=3.961, p=0.00
2026-09-04 13:59:51,553 - DVPTest - DEBUG - process_data: t=3.96, p=0.0, v=0.000, a=0.0, phase=IDLE
2026-09-04 13:59:51,554 - DVPTest - DEBUG - 物理分类结果: STABLE
2026-09-04 13:59:51,556 - DVPTest - DEBUG - [UI] _on_plot_update 收到 39 个数据点
2026-09-04 13:59:51,558 - DVPTest - INFO - [串口] cuff=0 mmHg
2026-09-04 13:59:51,646 - DVPTest - DEBUG - 发出 sig_data: t=4.057, p=0.00
2026-09-04 13:59:51,648 - DVPTest - DEBUG - process_data: t=4.06, p=0.0, v=0.000, a=0.0, phase=IDLE
2026-09-04 13:59:51,648 - DVPTest - DEBUG - 物理分类结果: STABLE
2026-09-04 13:59:51,649 - DVPTest - DEBUG - [UI] _on_plot_update 收到 40 个数据点
2026-09-04 13:59:51,651 - DVPTest - INFO - [串口] cuff=0 mmHg
2026-09-04 13:59:51,743 - DVPTest - DEBUG - 发出 sig_data: t=4.154, p=0.00
2026-09-04 13:59:51,746 - DVPTest - DEBUG - process_data: t=4.15, p=0.0, v=0.000, a=0.0, phase=IDLE
2026-09-04 13:59:51,747 - DVPTest - DEBUG - 物理分类结果: STABLE
2026-09-04 13:59:51,749 - DVPTest - DEBUG - [UI] _on_plot_update 收到 41 个数据点
2026-09-04 13:59:51,751 - DVPTest - INFO - [串口] cuff=0 mmHg
2026-09-04 13:59:51,838 - DVPTest - DEBUG - 发出 sig_data: t=4.249, p=0.00
2026-09-04 13:59:51,840 - DVPTest - DEBUG - process_data: t=4.25, p=0.0, v=0.000, a=0.0, phase=IDLE
2026-09-04 13:59:51,840 - DVPTest - DEBUG - 物理分类结果: STABLE
2026-09-04 13:59:51,841 - DVPTest - DEBUG - [UI] _on_plot_update 收到 42 个数据点
2026-09-04 13:59:51,842 - DVPTest - INFO - [串口] cuff=0 mmHg
2026-09-04 13:59:51,949 - DVPTest - DEBUG - 发出 sig_data: t=4.360, p=0.00
2026-09-04 13:59:51,950 - DVPTest - DEBUG - process_data: t=4.36, p=0.0, v=0.000, a=0.0, phase=IDLE
2026-09-04 13:59:51,951 - DVPTest - DEBUG - 物理分类结果: STABLE
2026-09-04 13:59:51,951 - DVPTest - DEBUG - [UI] _on_plot_update 收到 43 个数据点
2026-09-04 13:59:51,953 - DVPTest - INFO - [串口] cuff=0 mmHg
2026-09-04 13:59:52,045 - DVPTest - DEBUG - 发出 sig_data: t=4.456, p=0.00
2026-09-04 13:59:52,046 - DVPTest - DEBUG - process_data: t=4.46, p=0.0, v=0.000, a=0.0, phase=IDLE
2026-09-04 13:59:52,047 - DVPTest - DEBUG - 物理分类结果: STABLE
2026-09-04 13:59:52,048 - DVPTest - DEBUG - [UI] _on_plot_update 收到 44 个数据点
2026-09-04 13:59:52,050 - DVPTest - INFO - [串口] cuff=0 mmHg
2026-09-04 13:59:52,142 - DVPTest - DEBUG - 发出 sig_data: t=4.553, p=0.00
2026-09-04 13:59:52,143 - DVPTest - DEBUG - process_data: t=4.55, p=0.0, v=0.000, a=0.0, phase=IDLE
2026-09-04 13:59:52,143 - DVPTest - DEBUG - 物理分类结果: STABLE
2026-09-04 13:59:52,145 - DVPTest - DEBUG - [UI] _on_plot_update 收到 45 个数据点
2026-09-04 13:59:52,147 - DVPTest - INFO - [串口] cuff=0 mmHg
2026-09-04 13:59:52,238 - DVPTest - DEBUG - 发出 sig_data: t=4.649, p=0.00
2026-09-04 13:59:52,239 - DVPTest - DEBUG - process_data: t=4.65, p=0.0, v=0.000, a=0.0, phase=IDLE
2026-09-04 13:59:52,240 - DVPTest - DEBUG - 物理分类结果: STABLE
2026-09-04 13:59:52,241 - DVPTest - DEBUG - [UI] _on_plot_update 收到 46 个数据点
2026-09-04 13:59:52,242 - DVPTest - INFO - [串口] cuff=0 mmHg
2026-09-04 13:59:52,350 - DVPTest - DEBUG - 发出 sig_data: t=4.761, p=0.00
2026-09-04 13:59:52,351 - DVPTest - DEBUG - process_data: t=4.76, p=0.0, v=0.000, a=0.0, phase=IDLE
2026-09-04 13:59:52,351 - DVPTest - DEBUG - 物理分类结果: STABLE
2026-09-04 13:59:52,352 - DVPTest - DEBUG - [UI] _on_plot_update 收到 47 个数据点
2026-09-04 13:59:52,355 - DVPTest - INFO - [串口] cuff=0 mmHg
2026-09-04 13:59:52,445 - DVPTest - DEBUG - 发出 sig_data: t=4.856, p=0.00
2026-09-04 13:59:52,450 - DVPTest - DEBUG - process_data: t=4.86, p=0.0, v=0.000, a=0.0, phase=IDLE
2026-09-04 13:59:52,451 - DVPTest - DEBUG - 物理分类结果: STABLE
2026-09-04 13:59:52,453 - DVPTest - DEBUG - [UI] _on_plot_update 收到 48 个数据点
2026-09-04 13:59:52,456 - DVPTest - INFO - [串口] cuff=0 mmHg
2026-09-04 13:59:52,541 - DVPTest - DEBUG - 发出 sig_data: t=4.951, p=0.00
2026-09-04 13:59:52,543 - DVPTest - DEBUG - process_data: t=4.95, p=0.0, v=0.000, a=0.0, phase=IDLE
2026-09-04 13:59:52,543 - DVPTest - DEBUG - 物理分类结果: STABLE
2026-09-04 13:59:52,544 - DVPTest - DEBUG - [UI] _on_plot_update 收到 49 个数据点
2026-09-04 13:59:52,545 - DVPTest - INFO - [串口] cuff=0 mmHg
2026-09-04 13:59:52,637 - DVPTest - DEBUG - 发出 sig_data: t=5.048, p=0.00
2026-09-04 13:59:52,638 - DVPTest - DEBUG - process_data: t=5.05, p=0.0, v=0.000, a=0.0, phase=IDLE
2026-09-04 13:59:52,638 - DVPTest - DEBUG - 物理分类结果: STABLE
2026-09-04 13:59:52,639 - DVPTest - DEBUG - [UI] _on_plot_update 收到 50 个数据点
2026-09-04 13:59:52,641 - DVPTest - INFO - [串口] cuff=0 mmHg
2026-09-04 13:59:52,748 - DVPTest - DEBUG - 发出 sig_data: t=5.159, p=0.00
2026-09-04 13:59:52,749 - DVPTest - DEBUG - process_data: t=5.16, p=0.0, v=0.000, a=0.0, phase=IDLE
2026-09-04 13:59:52,750 - DVPTest - DEBUG - 物理分类结果: STABLE
2026-09-04 13:59:52,750 - DVPTest - DEBUG - [UI] _on_plot_update 收到 51 个数据点
2026-09-04 13:59:52,752 - DVPTest - INFO - [串口] cuff=0 mmHg
2026-09-04 13:59:52,808 - DVPTest - INFO - 视图已锁定，不再自动适配缩放
2026-09-04 13:59:52,844 - DVPTest - DEBUG - 发出 sig_data: t=5.255, p=0.00
2026-09-04 13:59:52,846 - DVPTest - DEBUG - process_data: t=5.26, p=0.0, v=0.000, a=0.0, phase=IDLE
2026-09-04 13:59:52,846 - DVPTest - DEBUG - 物理分类结果: STABLE
2026-09-04 13:59:52,847 - DVPTest - DEBUG - [UI] _on_plot_update 收到 52 个数据点
2026-09-04 13:59:52,847 - DVPTest - INFO - [串口] cuff=0 mmHg
2026-09-04 13:59:52,940 - DVPTest - DEBUG - 发出 sig_data: t=5.351, p=0.00
2026-09-04 13:59:52,941 - DVPTest - DEBUG - process_data: t=5.35, p=0.0, v=0.000, a=0.0, phase=IDLE
2026-09-04 13:59:52,941 - DVPTest - DEBUG - 物理分类结果: STABLE
2026-09-04 13:59:52,942 - DVPTest - DEBUG - [UI] _on_plot_update 收到 53 个数据点
2026-09-04 13:59:52,942 - DVPTest - INFO - [串口] cuff=0 mmHg
2026-09-04 13:59:53,037 - DVPTest - DEBUG - 发出 sig_data: t=5.447, p=0.00
2026-09-04 13:59:53,039 - DVPTest - DEBUG - process_data: t=5.45, p=0.0, v=0.000, a=0.0, phase=IDLE
2026-09-04 13:59:53,039 - DVPTest - DEBUG - 物理分类结果: STABLE
2026-09-04 13:59:53,039 - DVPTest - DEBUG - [UI] _on_plot_update 收到 54 个数据点
2026-09-04 13:59:53,040 - DVPTest - INFO - [串口] cuff=0 mmHg
2026-09-04 13:59:53,145 - DVPTest - INFO - 视图已解锁，恢复自动适配
2026-09-04 13:59:53,156 - DVPTest - DEBUG - 发出 sig_data: t=5.567, p=0.00
2026-09-04 13:59:53,158 - DVPTest - DEBUG - process_data: t=5.57, p=0.0, v=0.000, a=0.0, phase=IDLE
2026-09-04 13:59:53,159 - DVPTest - DEBUG - 物理分类结果: STABLE
2026-09-04 13:59:53,159 - DVPTest - DEBUG - [UI] _on_plot_update 收到 55 个数据点
2026-09-04 13:59:53,161 - DVPTest - INFO - [串口] cuff=0 mmHg
2026-09-04 13:59:53,244 - DVPTest - DEBUG - 发出 sig_data: t=5.655, p=0.00
2026-09-04 13:59:53,246 - DVPTest - DEBUG - process_data: t=5.65, p=0.0, v=0.000, a=0.0, phase=IDLE
2026-09-04 13:59:53,246 - DVPTest - DEBUG - 物理分类结果: STABLE
2026-09-04 13:59:53,246 - DVPTest - DEBUG - [UI] _on_plot_update 收到 56 个数据点
2026-09-04 13:59:53,247 - DVPTest - INFO - [串口] cuff=0 mmHg
2026-09-04 13:59:53,340 - DVPTest - DEBUG - 发出 sig_data: t=5.750, p=0.00
2026-09-04 13:59:53,341 - DVPTest - DEBUG - process_data: t=5.75, p=0.0, v=0.000, a=0.0, phase=IDLE
2026-09-04 13:59:53,341 - DVPTest - DEBUG - 物理分类结果: STABLE
2026-09-04 13:59:53,341 - DVPTest - DEBUG - [UI] _on_plot_update 收到 57 个数据点
2026-09-04 13:59:53,343 - DVPTest - INFO - [串口] cuff=0 mmHg
2026-09-04 13:59:53,436 - DVPTest - DEBUG - 发出 sig_data: t=5.846, p=0.00
2026-09-04 13:59:53,437 - DVPTest - DEBUG - process_data: t=5.85, p=0.0, v=0.000, a=0.0, phase=IDLE
2026-09-04 13:59:53,438 - DVPTest - DEBUG - 物理分类结果: STABLE
2026-09-04 13:59:53,438 - DVPTest - DEBUG - [UI] _on_plot_update 收到 58 个数据点
2026-09-04 13:59:53,440 - DVPTest - INFO - [串口] cuff=0 mmHg
2026-09-04 13:59:53,547 - DVPTest - DEBUG - 发出 sig_data: t=5.958, p=0.00
2026-09-04 13:59:53,549 - DVPTest - DEBUG - process_data: t=5.96, p=0.0, v=0.000, a=0.0, phase=IDLE
2026-09-04 13:59:53,549 - DVPTest - DEBUG - 物理分类结果: STABLE
2026-09-04 13:59:53,550 - DVPTest - DEBUG - [UI] _on_plot_update 收到 59 个数据点
2026-09-04 13:59:53,553 - DVPTest - INFO - [串口] cuff=0 mmHg
2026-09-04 13:59:53,643 - DVPTest - DEBUG - 发出 sig_data: t=6.054, p=0.00
2026-09-04 13:59:53,644 - DVPTest - DEBUG - process_data: t=6.05, p=0.0, v=0.000, a=0.0, phase=IDLE
2026-09-04 13:59:53,644 - DVPTest - DEBUG - 物理分类结果: STABLE
2026-09-04 13:59:53,645 - DVPTest - DEBUG - [UI] _on_plot_update 收到 60 个数据点
2026-09-04 13:59:53,646 - DVPTest - INFO - [串口] cuff=0 mmHg
2026-09-04 13:59:53,739 - DVPTest - DEBUG - 发出 sig_data: t=6.150, p=0.00
2026-09-04 13:59:53,743 - DVPTest - DEBUG - process_data: t=6.15, p=0.0, v=0.000, a=0.0, phase=IDLE
2026-09-04 13:59:53,744 - DVPTest - DEBUG - 物理分类结果: STABLE
2026-09-04 13:59:53,744 - DVPTest - DEBUG - [UI] _on_plot_update 收到 61 个数据点
2026-09-04 13:59:53,747 - DVPTest - INFO - [串口] cuff=0 mmHg
2026-09-04 13:59:53,835 - DVPTest - DEBUG - 发出 sig_data: t=6.246, p=0.00
2026-09-04 13:59:53,838 - DVPTest - DEBUG - process_data: t=6.25, p=0.0, v=0.000, a=0.0, phase=IDLE
2026-09-04 13:59:53,840 - DVPTest - DEBUG - 物理分类结果: STABLE
2026-09-04 13:59:53,841 - DVPTest - DEBUG - [UI] _on_plot_update 收到 62 个数据点
2026-09-04 13:59:53,843 - DVPTest - INFO - [串口] cuff=0 mmHg
2026-09-04 13:59:53,948 - DVPTest - DEBUG - 发出 sig_data: t=6.358, p=0.00
2026-09-04 13:59:53,949 - DVPTest - DEBUG - process_data: t=6.36, p=0.0, v=0.000, a=0.0, phase=IDLE
2026-09-04 13:59:53,949 - DVPTest - DEBUG - 物理分类结果: STABLE
2026-09-04 13:59:53,949 - DVPTest - DEBUG - [UI] _on_plot_update 收到 63 个数据点
2026-09-04 13:59:53,952 - DVPTest - INFO - [串口] cuff=0 mmHg
2026-09-04 13:59:54,043 - DVPTest - DEBUG - 发出 sig_data: t=6.454, p=0.00
2026-09-04 13:59:54,045 - DVPTest - DEBUG - process_data: t=6.45, p=0.0, v=0.000, a=0.0, phase=IDLE
2026-09-04 13:59:54,046 - DVPTest - DEBUG - 物理分类结果: STABLE
2026-09-04 13:59:54,048 - DVPTest - DEBUG - [UI] _on_plot_update 收到 64 个数据点
2026-09-04 13:59:54,050 - DVPTest - INFO - [串口] cuff=0 mmHg
2026-09-04 13:59:54,139 - DVPTest - DEBUG - 发出 sig_data: t=6.550, p=0.00
2026-09-04 13:59:54,142 - DVPTest - DEBUG - process_data: t=6.55, p=0.0, v=0.000, a=0.0, phase=IDLE
2026-09-04 13:59:54,143 - DVPTest - DEBUG - 物理分类结果: STABLE
2026-09-04 13:59:54,145 - DVPTest - DEBUG - [UI] _on_plot_update 收到 65 个数据点
2026-09-04 13:59:54,147 - DVPTest - INFO - [串口] cuff=0 mmHg
2026-09-04 13:59:54,250 - DVPTest - DEBUG - 发出 sig_data: t=6.661, p=0.00
2026-09-04 13:59:54,252 - DVPTest - DEBUG - process_data: t=6.66, p=0.0, v=0.000, a=0.0, phase=IDLE
2026-09-04 13:59:54,252 - DVPTest - DEBUG - 物理分类结果: STABLE
2026-09-04 13:59:54,253 - DVPTest - DEBUG - [UI] _on_plot_update 收到 66 个数据点
2026-09-04 13:59:54,255 - DVPTest - INFO - [串口] cuff=0 mmHg
2026-09-04 13:59:54,347 - DVPTest - DEBUG - 发出 sig_data: t=6.758, p=0.00
2026-09-04 13:59:54,354 - DVPTest - DEBUG - process_data: t=6.76, p=0.0, v=0.000, a=0.0, phase=IDLE
2026-09-04 13:59:54,355 - DVPTest - DEBUG - 物理分类结果: STABLE
2026-09-04 13:59:54,356 - DVPTest - DEBUG - [UI] _on_plot_update 收到 67 个数据点
2026-09-04 13:59:54,358 - DVPTest - INFO - [串口] cuff=0 mmHg
2026-09-04 13:59:54,443 - DVPTest - DEBUG - 发出 sig_data: t=6.853, p=0.00
2026-09-04 13:59:54,443 - DVPTest - DEBUG - process_data: t=6.85, p=0.0, v=0.000, a=0.0, phase=IDLE
2026-09-04 13:59:54,444 - DVPTest - DEBUG - 物理分类结果: STABLE
2026-09-04 13:59:54,445 - DVPTest - DEBUG - [UI] _on_plot_update 收到 68 个数据点
2026-09-04 13:59:54,446 - DVPTest - INFO - [串口] cuff=0 mmHg
2026-09-04 13:59:54,538 - DVPTest - DEBUG - 发出 sig_data: t=6.949, p=0.00
2026-09-04 13:59:54,540 - DVPTest - DEBUG - process_data: t=6.95, p=0.0, v=0.000, a=0.0, phase=IDLE
2026-09-04 13:59:54,540 - DVPTest - DEBUG - 物理分类结果: STABLE
2026-09-04 13:59:54,541 - DVPTest - DEBUG - [UI] _on_plot_update 收到 69 个数据点
2026-09-04 13:59:54,543 - DVPTest - INFO - [串口] cuff=0 mmHg
2026-09-04 13:59:54,651 - DVPTest - DEBUG - 发出 sig_data: t=7.061, p=0.00
2026-09-04 13:59:54,652 - DVPTest - DEBUG - process_data: t=7.06, p=0.0, v=0.000, a=0.0, phase=IDLE
2026-09-04 13:59:54,654 - DVPTest - DEBUG - 物理分类结果: STABLE
2026-09-04 13:59:54,655 - DVPTest - DEBUG - [UI] _on_plot_update 收到 70 个数据点
2026-09-04 13:59:54,657 - DVPTest - INFO - [串口] cuff=0 mmHg
2026-09-04 13:59:54,745 - DVPTest - DEBUG - 发出 sig_data: t=7.156, p=0.00
2026-09-04 13:59:54,746 - DVPTest - DEBUG - process_data: t=7.16, p=0.0, v=0.000, a=0.0, phase=IDLE
2026-09-04 13:59:54,746 - DVPTest - DEBUG - 物理分类结果: STABLE
2026-09-04 13:59:54,747 - DVPTest - DEBUG - [UI] _on_plot_update 收到 71 个数据点
2026-09-04 13:59:54,748 - DVPTest - INFO - [串口] cuff=0 mmHg
2026-09-04 13:59:54,841 - DVPTest - DEBUG - 发出 sig_data: t=7.252, p=0.00
2026-09-04 13:59:54,843 - DVPTest - DEBUG - process_data: t=7.25, p=0.0, v=0.000, a=0.0, phase=IDLE
2026-09-04 13:59:54,844 - DVPTest - DEBUG - 物理分类结果: STABLE
2026-09-04 13:59:54,845 - DVPTest - DEBUG - [UI] _on_plot_update 收到 72 个数据点
2026-09-04 13:59:54,848 - DVPTest - INFO - [串口] cuff=0 mmHg
2026-09-04 13:59:54,938 - DVPTest - DEBUG - 发出 sig_data: t=7.349, p=0.00
2026-09-04 13:59:54,939 - DVPTest - DEBUG - process_data: t=7.35, p=0.0, v=0.000, a=0.0, phase=IDLE
2026-09-04 13:59:54,939 - DVPTest - DEBUG - 物理分类结果: STABLE
2026-09-04 13:59:54,940 - DVPTest - DEBUG - [UI] _on_plot_update 收到 73 个数据点
2026-09-04 13:59:54,942 - DVPTest - INFO - [串口] cuff=0 mmHg
2026-09-04 13:59:55,049 - DVPTest - DEBUG - 发出 sig_data: t=7.460, p=0.00
2026-09-04 13:59:55,050 - DVPTest - DEBUG - process_data: t=7.46, p=0.0, v=0.000, a=0.0, phase=IDLE
2026-09-04 13:59:55,051 - DVPTest - DEBUG - 物理分类结果: STABLE
2026-09-04 13:59:55,051 - DVPTest - DEBUG - [UI] _on_plot_update 收到 74 个数据点
2026-09-04 13:59:55,053 - DVPTest - INFO - [串口] cuff=0 mmHg
2026-09-04 13:59:55,146 - DVPTest - DEBUG - 发出 sig_data: t=7.557, p=0.00
2026-09-04 13:59:55,149 - DVPTest - DEBUG - process_data: t=7.56, p=0.0, v=0.000, a=0.0, phase=IDLE
2026-09-04 13:59:55,150 - DVPTest - DEBUG - 物理分类结果: STABLE
2026-09-04 13:59:55,151 - DVPTest - DEBUG - [UI] _on_plot_update 收到 75 个数据点
2026-09-04 13:59:55,153 - DVPTest - INFO - [串口] cuff=0 mmHg
2026-09-04 13:59:55,241 - DVPTest - DEBUG - 发出 sig_data: t=7.652, p=0.00
2026-09-04 13:59:55,243 - DVPTest - DEBUG - process_data: t=7.65, p=0.0, v=0.000, a=0.0, phase=IDLE
2026-09-04 13:59:55,243 - DVPTest - DEBUG - 物理分类结果: STABLE
2026-09-04 13:59:55,244 - DVPTest - DEBUG - [UI] _on_plot_update 收到 76 个数据点
2026-09-04 13:59:55,246 - DVPTest - INFO - [串口] cuff=0 mmHg
2026-09-04 13:59:55,337 - DVPTest - DEBUG - 发出 sig_data: t=7.748, p=0.00
2026-09-04 13:59:55,339 - DVPTest - DEBUG - process_data: t=7.75, p=0.0, v=0.000, a=0.0, phase=IDLE
2026-09-04 13:59:55,340 - DVPTest - DEBUG - 物理分类结果: STABLE
2026-09-04 13:59:55,340 - DVPTest - DEBUG - [UI] _on_plot_update 收到 77 个数据点
2026-09-04 13:59:55,341 - DVPTest - INFO - [串口] cuff=0 mmHg
2026-09-04 13:59:55,448 - DVPTest - DEBUG - 发出 sig_data: t=7.859, p=0.00
2026-09-04 13:59:55,449 - DVPTest - DEBUG - process_data: t=7.86, p=0.0, v=0.000, a=0.0, phase=IDLE
2026-09-04 13:59:55,451 - DVPTest - DEBUG - 物理分类结果: STABLE
2026-09-04 13:59:55,452 - DVPTest - DEBUG - [UI] _on_plot_update 收到 78 个数据点
2026-09-04 13:59:55,456 - DVPTest - INFO - [串口] cuff=0 mmHg
2026-09-04 13:59:55,544 - DVPTest - DEBUG - 发出 sig_data: t=7.955, p=0.00
2026-09-04 13:59:55,549 - DVPTest - DEBUG - process_data: t=7.96, p=0.0, v=0.000, a=0.0, phase=IDLE
2026-09-04 13:59:55,550 - DVPTest - DEBUG - 物理分类结果: STABLE
2026-09-04 13:59:55,552 - DVPTest - DEBUG - [UI] _on_plot_update 收到 79 个数据点
2026-09-04 13:59:55,554 - DVPTest - INFO - [串口] cuff=0 mmHg
2026-09-04 13:59:55,641 - DVPTest - DEBUG - 发出 sig_data: t=8.051, p=0.00
2026-09-04 13:59:55,641 - DVPTest - DEBUG - process_data: t=8.05, p=0.0, v=0.000, a=0.0, phase=IDLE
2026-09-04 13:59:55,642 - DVPTest - DEBUG - 物理分类结果: STABLE
2026-09-04 13:59:55,642 - DVPTest - DEBUG - [UI] _on_plot_update 收到 80 个数据点
2026-09-04 13:59:55,645 - DVPTest - INFO - [串口] cuff=0 mmHg
2026-09-04 13:59:55,736 - DVPTest - DEBUG - 发出 sig_data: t=8.147, p=0.00
2026-09-04 13:59:55,738 - DVPTest - DEBUG - process_data: t=8.15, p=0.0, v=0.000, a=0.0, phase=IDLE
2026-09-04 13:59:55,739 - DVPTest - DEBUG - 物理分类结果: STABLE
2026-09-04 13:59:55,739 - DVPTest - DEBUG - [UI] _on_plot_update 收到 81 个数据点
2026-09-04 13:59:55,742 - DVPTest - INFO - [串口] cuff=0 mmHg
2026-09-04 13:59:55,849 - DVPTest - DEBUG - 发出 sig_data: t=8.259, p=0.00
2026-09-04 13:59:55,849 - DVPTest - DEBUG - process_data: t=8.26, p=0.0, v=0.000, a=0.0, phase=IDLE
2026-09-04 13:59:55,850 - DVPTest - DEBUG - 物理分类结果: STABLE
2026-09-04 13:59:55,850 - DVPTest - DEBUG - [UI] _on_plot_update 收到 82 个数据点
2026-09-04 13:59:55,852 - DVPTest - INFO - [串口] cuff=0 mmHg
2026-09-04 13:59:55,944 - DVPTest - DEBUG - 发出 sig_data: t=8.355, p=0.00
2026-09-04 13:59:55,945 - DVPTest - DEBUG - process_data: t=8.35, p=0.0, v=0.000, a=0.0, phase=IDLE
2026-09-04 13:59:55,946 - DVPTest - DEBUG - 物理分类结果: STABLE
2026-09-04 13:59:55,947 - DVPTest - DEBUG - [UI] _on_plot_update 收到 83 个数据点
2026-09-04 13:59:55,948 - DVPTest - INFO - [串口] cuff=0 mmHg
2026-09-04 13:59:56,039 - DVPTest - DEBUG - 发出 sig_data: t=8.450, p=0.00
2026-09-04 13:59:56,040 - DVPTest - DEBUG - process_data: t=8.45, p=0.0, v=0.000, a=0.0, phase=IDLE
2026-09-04 13:59:56,040 - DVPTest - DEBUG - 物理分类结果: STABLE
2026-09-04 13:59:56,041 - DVPTest - DEBUG - [UI] _on_plot_update 收到 84 个数据点
2026-09-04 13:59:56,042 - DVPTest - INFO - [串口] cuff=0 mmHg
2026-09-04 13:59:56,136 - DVPTest - DEBUG - 发出 sig_data: t=8.547, p=0.00
2026-09-04 13:59:56,137 - DVPTest - DEBUG - process_data: t=8.55, p=0.0, v=0.000, a=0.0, phase=IDLE
2026-09-04 13:59:56,138 - DVPTest - DEBUG - 物理分类结果: STABLE
2026-09-04 13:59:56,138 - DVPTest - DEBUG - [UI] _on_plot_update 收到 85 个数据点
2026-09-04 13:59:56,140 - DVPTest - INFO - [串口] cuff=0 mmHg
2026-09-04 13:59:56,248 - DVPTest - DEBUG - 发出 sig_data: t=8.658, p=0.00
2026-09-04 13:59:56,248 - DVPTest - DEBUG - process_data: t=8.66, p=0.0, v=0.000, a=0.0, phase=IDLE
2026-09-04 13:59:56,249 - DVPTest - DEBUG - 物理分类结果: STABLE
2026-09-04 13:59:56,249 - DVPTest - DEBUG - [UI] _on_plot_update 收到 86 个数据点
2026-09-04 13:59:56,251 - DVPTest - INFO - [串口] cuff=0 mmHg
2026-09-04 13:59:56,343 - DVPTest - DEBUG - 发出 sig_data: t=8.754, p=0.00
2026-09-04 13:59:56,345 - DVPTest - DEBUG - process_data: t=8.75, p=0.0, v=0.000, a=0.0, phase=IDLE
2026-09-04 13:59:56,346 - DVPTest - DEBUG - 物理分类结果: STABLE
2026-09-04 13:59:56,346 - DVPTest - DEBUG - [UI] _on_plot_update 收到 87 个数据点
2026-09-04 13:59:56,349 - DVPTest - INFO - [串口] cuff=0 mmHg
2026-09-04 13:59:56,439 - DVPTest - DEBUG - 发出 sig_data: t=8.849, p=0.00
2026-09-04 13:59:56,440 - DVPTest - DEBUG - process_data: t=8.85, p=0.0, v=0.000, a=0.0, phase=IDLE
2026-09-04 13:59:56,440 - DVPTest - DEBUG - 物理分类结果: STABLE
2026-09-04 13:59:56,441 - DVPTest - DEBUG - [UI] _on_plot_update 收到 88 个数据点
2026-09-04 13:59:56,443 - DVPTest - INFO - [串口] cuff=0 mmHg
2026-09-04 13:59:56,550 - DVPTest - DEBUG - 发出 sig_data: t=8.961, p=0.00
2026-09-04 13:59:56,554 - DVPTest - DEBUG - process_data: t=8.96, p=0.0, v=0.000, a=0.0, phase=IDLE
2026-09-04 13:59:56,555 - DVPTest - DEBUG - 物理分类结果: STABLE
2026-09-04 13:59:56,556 - DVPTest - DEBUG - [UI] _on_plot_update 收到 89 个数据点
2026-09-04 13:59:56,558 - DVPTest - INFO - [串口] cuff=0 mmHg
2026-09-04 13:59:56,646 - DVPTest - DEBUG - 发出 sig_data: t=9.057, p=0.00
2026-09-04 13:59:56,647 - DVPTest - DEBUG - process_data: t=9.06, p=0.0, v=0.000, a=0.0, phase=IDLE
2026-09-04 13:59:56,647 - DVPTest - DEBUG - 物理分类结果: STABLE
2026-09-04 13:59:56,648 - DVPTest - DEBUG - [UI] _on_plot_update 收到 90 个数据点
2026-09-04 13:59:56,650 - DVPTest - INFO - [串口] cuff=0 mmHg
2026-09-04 13:59:56,743 - DVPTest - DEBUG - 发出 sig_data: t=9.154, p=0.00
2026-09-04 13:59:56,745 - DVPTest - DEBUG - process_data: t=9.15, p=0.0, v=0.000, a=0.0, phase=IDLE
2026-09-04 13:59:56,746 - DVPTest - DEBUG - 物理分类结果: STABLE
2026-09-04 13:59:56,748 - DVPTest - DEBUG - [UI] _on_plot_update 收到 91 个数据点
2026-09-04 13:59:56,750 - DVPTest - INFO - [串口] cuff=0 mmHg
2026-09-04 13:59:56,839 - DVPTest - DEBUG - 发出 sig_data: t=9.250, p=0.00
2026-09-04 13:59:56,840 - DVPTest - DEBUG - process_data: t=9.25, p=0.0, v=0.000, a=0.0, phase=IDLE
2026-09-04 13:59:56,841 - DVPTest - DEBUG - 物理分类结果: STABLE
2026-09-04 13:59:56,841 - DVPTest - DEBUG - [UI] _on_plot_update 收到 92 个数据点
2026-09-04 13:59:56,842 - DVPTest - INFO - [串口] cuff=0 mmHg
2026-09-04 13:59:56,949 - DVPTest - DEBUG - 发出 sig_data: t=9.360, p=0.00
2026-09-04 13:59:56,950 - DVPTest - DEBUG - process_data: t=9.36, p=0.0, v=0.000, a=0.0, phase=IDLE
2026-09-04 13:59:56,952 - DVPTest - DEBUG - 物理分类结果: STABLE
2026-09-04 13:59:56,952 - DVPTest - DEBUG - [UI] _on_plot_update 收到 93 个数据点
2026-09-04 13:59:56,953 - DVPTest - INFO - [串口] cuff=0 mmHg
2026-09-04 13:59:57,046 - DVPTest - DEBUG - 发出 sig_data: t=9.457, p=0.00
2026-09-04 13:59:57,048 - DVPTest - DEBUG - process_data: t=9.46, p=0.0, v=0.000, a=0.0, phase=IDLE
2026-09-04 13:59:57,049 - DVPTest - DEBUG - 物理分类结果: STABLE
2026-09-04 13:59:57,049 - DVPTest - DEBUG - [UI] _on_plot_update 收到 94 个数据点
2026-09-04 13:59:57,051 - DVPTest - INFO - [串口] cuff=0 mmHg
2026-09-04 13:59:57,142 - DVPTest - DEBUG - 发出 sig_data: t=9.553, p=0.00
2026-09-04 13:59:57,143 - DVPTest - DEBUG - process_data: t=9.55, p=0.0, v=0.000, a=0.0, phase=IDLE
2026-09-04 13:59:57,144 - DVPTest - DEBUG - 物理分类结果: STABLE
2026-09-04 13:59:57,145 - DVPTest - DEBUG - [UI] _on_plot_update 收到 95 个数据点
2026-09-04 13:59:57,148 - DVPTest - INFO - [串口] cuff=0 mmHg
2026-09-04 13:59:57,238 - DVPTest - DEBUG - 发出 sig_data: t=9.648, p=0.00
2026-09-04 13:59:57,239 - DVPTest - DEBUG - process_data: t=9.65, p=0.0, v=0.000, a=0.0, phase=IDLE
2026-09-04 13:59:57,239 - DVPTest - DEBUG - 物理分类结果: STABLE
2026-09-04 13:59:57,240 - DVPTest - DEBUG - [UI] _on_plot_update 收到 96 个数据点
2026-09-04 13:59:57,242 - DVPTest - INFO - [串口] cuff=0 mmHg
2026-09-04 13:59:57,349 - DVPTest - DEBUG - 发出 sig_data: t=9.760, p=0.00
2026-09-04 13:59:57,351 - DVPTest - DEBUG - process_data: t=9.76, p=0.0, v=0.000, a=0.0, phase=IDLE
2026-09-04 13:59:57,352 - DVPTest - DEBUG - 物理分类结果: STABLE
2026-09-04 13:59:57,355 - DVPTest - DEBUG - [UI] _on_plot_update 收到 97 个数据点
2026-09-04 13:59:57,358 - DVPTest - INFO - [串口] cuff=0 mmHg
2026-09-04 13:59:57,445 - DVPTest - DEBUG - 发出 sig_data: t=9.856, p=0.00
2026-09-04 13:59:57,448 - DVPTest - DEBUG - process_data: t=9.86, p=0.0, v=0.000, a=0.0, phase=IDLE
2026-09-04 13:59:57,448 - DVPTest - DEBUG - 物理分类结果: STABLE
2026-09-04 13:59:57,449 - DVPTest - DEBUG - [UI] _on_plot_update 收到 98 个数据点
2026-09-04 13:59:57,451 - DVPTest - INFO - [串口] cuff=0 mmHg
2026-09-04 13:59:57,541 - DVPTest - DEBUG - 发出 sig_data: t=9.952, p=0.00
2026-09-04 13:59:57,542 - DVPTest - DEBUG - process_data: t=9.95, p=0.0, v=0.000, a=0.0, phase=IDLE
2026-09-04 13:59:57,543 - DVPTest - DEBUG - 物理分类结果: STABLE
2026-09-04 13:59:57,543 - DVPTest - DEBUG - [UI] _on_plot_update 收到 99 个数据点
2026-09-04 13:59:57,545 - DVPTest - INFO - [串口] cuff=0 mmHg
2026-09-04 13:59:57,637 - DVPTest - DEBUG - 发出 sig_data: t=10.048, p=0.00
2026-09-04 13:59:57,638 - DVPTest - DEBUG - process_data: t=10.05, p=0.0, v=0.000, a=0.0, phase=IDLE
2026-09-04 13:59:57,638 - DVPTest - DEBUG - 物理分类结果: STABLE
2026-09-04 13:59:57,639 - DVPTest - DEBUG - [UI] _on_plot_update 收到 100 个数据点
2026-09-04 13:59:57,641 - DVPTest - INFO - [串口] cuff=0 mmHg
2026-09-04 13:59:57,749 - DVPTest - DEBUG - 发出 sig_data: t=10.160, p=0.00
2026-09-04 13:59:57,750 - DVPTest - DEBUG - process_data: t=10.16, p=0.0, v=0.000, a=0.0, phase=IDLE
2026-09-04 13:59:57,750 - DVPTest - DEBUG - 物理分类结果: STABLE
2026-09-04 13:59:57,750 - DVPTest - DEBUG - [UI] _on_plot_update 收到 101 个数据点
2026-09-04 13:59:57,752 - DVPTest - INFO - [串口] cuff=0 mmHg
2026-09-04 13:59:57,845 - DVPTest - DEBUG - 发出 sig_data: t=10.256, p=0.00
2026-09-04 13:59:57,847 - DVPTest - DEBUG - process_data: t=10.26, p=0.0, v=0.000, a=0.0, phase=IDLE
2026-09-04 13:59:57,848 - DVPTest - DEBUG - 物理分类结果: STABLE
2026-09-04 13:59:57,848 - DVPTest - DEBUG - [UI] _on_plot_update 收到 102 个数据点
2026-09-04 13:59:57,852 - DVPTest - INFO - [串口] cuff=0 mmHg
2026-09-04 13:59:57,940 - DVPTest - DEBUG - 发出 sig_data: t=10.351, p=0.00
2026-09-04 13:59:57,942 - DVPTest - DEBUG - process_data: t=10.35, p=0.0, v=0.000, a=0.0, phase=IDLE
2026-09-04 13:59:57,942 - DVPTest - DEBUG - 物理分类结果: STABLE
2026-09-04 13:59:57,943 - DVPTest - DEBUG - [UI] _on_plot_update 收到 103 个数据点
2026-09-04 13:59:57,946 - DVPTest - INFO - [串口] cuff=0 mmHg
2026-09-04 13:59:58,036 - DVPTest - DEBUG - 发出 sig_data: t=10.447, p=0.00
2026-09-04 13:59:58,038 - DVPTest - DEBUG - process_data: t=10.45, p=0.0, v=0.000, a=0.0, phase=IDLE
2026-09-04 13:59:58,038 - DVPTest - DEBUG - 物理分类结果: STABLE
2026-09-04 13:59:58,038 - DVPTest - DEBUG - [UI] _on_plot_update 收到 104 个数据点
2026-09-04 13:59:58,040 - DVPTest - INFO - [串口] cuff=0 mmHg
2026-09-04 13:59:58,149 - DVPTest - DEBUG - 发出 sig_data: t=10.560, p=0.00
2026-09-04 13:59:58,151 - DVPTest - DEBUG - process_data: t=10.56, p=0.0, v=0.000, a=0.0, phase=IDLE
2026-09-04 13:59:58,152 - DVPTest - DEBUG - 物理分类结果: STABLE
2026-09-04 13:59:58,152 - DVPTest - DEBUG - [UI] _on_plot_update 收到 105 个数据点
2026-09-04 13:59:58,156 - DVPTest - INFO - [串口] cuff=0 mmHg
2026-09-04 13:59:58,244 - DVPTest - DEBUG - 发出 sig_data: t=10.655, p=0.00
2026-09-04 13:59:58,248 - DVPTest - DEBUG - process_data: t=10.66, p=0.0, v=0.000, a=0.0, phase=IDLE
2026-09-04 13:59:58,249 - DVPTest - DEBUG - 物理分类结果: STABLE
2026-09-04 13:59:58,249 - DVPTest - DEBUG - [UI] _on_plot_update 收到 106 个数据点
2026-09-04 13:59:58,250 - DVPTest - INFO - [串口] cuff=0 mmHg
2026-09-04 13:59:58,340 - DVPTest - DEBUG - 发出 sig_data: t=10.751, p=0.00
2026-09-04 13:59:58,341 - DVPTest - DEBUG - process_data: t=10.75, p=0.0, v=0.000, a=0.0, phase=IDLE
2026-09-04 13:59:58,341 - DVPTest - DEBUG - 物理分类结果: STABLE
2026-09-04 13:59:58,342 - DVPTest - DEBUG - [UI] _on_plot_update 收到 107 个数据点
2026-09-04 13:59:58,344 - DVPTest - INFO - [串口] cuff=0 mmHg
2026-09-04 13:59:58,436 - DVPTest - DEBUG - 发出 sig_data: t=10.847, p=0.00
2026-09-04 13:59:58,439 - DVPTest - DEBUG - process_data: t=10.85, p=0.0, v=0.000, a=0.0, phase=IDLE
2026-09-04 13:59:58,440 - DVPTest - DEBUG - 物理分类结果: STABLE
2026-09-04 13:59:58,442 - DVPTest - DEBUG - [UI] _on_plot_update 收到 108 个数据点
2026-09-04 13:59:58,446 - DVPTest - INFO - [串口] cuff=0 mmHg
2026-09-04 13:59:58,548 - DVPTest - DEBUG - 发出 sig_data: t=10.959, p=0.00
2026-09-04 13:59:58,554 - DVPTest - DEBUG - process_data: t=10.96, p=0.0, v=0.000, a=0.0, phase=IDLE
2026-09-04 13:59:58,555 - DVPTest - DEBUG - 物理分类结果: STABLE
2026-09-04 13:59:58,556 - DVPTest - DEBUG - [UI] _on_plot_update 收到 109 个数据点
2026-09-04 13:59:58,558 - DVPTest - INFO - [串口] cuff=0 mmHg
2026-09-04 13:59:58,644 - DVPTest - DEBUG - 发出 sig_data: t=11.055, p=0.00
2026-09-04 13:59:58,645 - DVPTest - DEBUG - process_data: t=11.05, p=0.0, v=0.000, a=0.0, phase=IDLE
2026-09-04 13:59:58,646 - DVPTest - DEBUG - 物理分类结果: STABLE
2026-09-04 13:59:58,646 - DVPTest - DEBUG - [UI] _on_plot_update 收到 110 个数据点
2026-09-04 13:59:58,648 - DVPTest - INFO - [串口] cuff=0 mmHg
2026-09-04 13:59:58,739 - DVPTest - DEBUG - 发出 sig_data: t=11.151, p=0.00
2026-09-04 13:59:58,742 - DVPTest - DEBUG - process_data: t=11.15, p=0.0, v=0.000, a=0.0, phase=IDLE
2026-09-04 13:59:58,743 - DVPTest - DEBUG - 物理分类结果: STABLE
2026-09-04 13:59:58,743 - DVPTest - DEBUG - [UI] _on_plot_update 收到 111 个数据点
2026-09-04 13:59:58,747 - DVPTest - INFO - [串口] cuff=0 mmHg
2026-09-04 13:59:58,850 - DVPTest - DEBUG - 发出 sig_data: t=11.261, p=0.00
2026-09-04 13:59:58,852 - DVPTest - DEBUG - process_data: t=11.26, p=0.0, v=0.000, a=0.0, phase=IDLE
2026-09-04 13:59:58,852 - DVPTest - DEBUG - 物理分类结果: STABLE
2026-09-04 13:59:58,853 - DVPTest - DEBUG - [UI] _on_plot_update 收到 112 个数据点
2026-09-04 13:59:58,855 - DVPTest - INFO - [串口] cuff=0 mmHg
2026-09-04 13:59:58,947 - DVPTest - DEBUG - 发出 sig_data: t=11.358, p=0.00
2026-09-04 13:59:58,948 - DVPTest - DEBUG - process_data: t=11.36, p=0.0, v=0.000, a=0.0, phase=IDLE
2026-09-04 13:59:58,949 - DVPTest - DEBUG - 物理分类结果: STABLE
2026-09-04 13:59:58,950 - DVPTest - DEBUG - [UI] _on_plot_update 收到 113 个数据点
2026-09-04 13:59:58,952 - DVPTest - INFO - [串口] cuff=0 mmHg
2026-09-04 13:59:59,043 - DVPTest - DEBUG - 发出 sig_data: t=11.454, p=0.00
2026-09-04 13:59:59,044 - DVPTest - DEBUG - process_data: t=11.45, p=0.0, v=0.000, a=0.0, phase=IDLE
2026-09-04 13:59:59,046 - DVPTest - DEBUG - 物理分类结果: STABLE
2026-09-04 13:59:59,046 - DVPTest - DEBUG - [UI] _on_plot_update 收到 114 个数据点
2026-09-04 13:59:59,047 - DVPTest - INFO - [串口] cuff=0 mmHg
2026-09-04 13:59:59,139 - DVPTest - DEBUG - 发出 sig_data: t=11.550, p=0.00
2026-09-04 13:59:59,140 - DVPTest - DEBUG - process_data: t=11.55, p=0.0, v=0.000, a=0.0, phase=IDLE
2026-09-04 13:59:59,140 - DVPTest - DEBUG - 物理分类结果: STABLE
2026-09-04 13:59:59,141 - DVPTest - DEBUG - [UI] _on_plot_update 收到 115 个数据点
2026-09-04 13:59:59,142 - DVPTest - INFO - [串口] cuff=0 mmHg
2026-09-04 13:59:59,249 - DVPTest - DEBUG - 发出 sig_data: t=11.661, p=0.00
2026-09-04 13:59:59,251 - DVPTest - DEBUG - process_data: t=11.66, p=0.0, v=0.000, a=0.0, phase=IDLE
2026-09-04 13:59:59,252 - DVPTest - DEBUG - 物理分类结果: STABLE
2026-09-04 13:59:59,252 - DVPTest - DEBUG - [UI] _on_plot_update 收到 116 个数据点
2026-09-04 13:59:59,253 - DVPTest - INFO - [串口] cuff=0 mmHg
2026-09-04 13:59:59,347 - DVPTest - DEBUG - 发出 sig_data: t=11.757, p=0.00
2026-09-04 13:59:59,347 - DVPTest - DEBUG - process_data: t=11.76, p=0.0, v=0.000, a=0.0, phase=IDLE
2026-09-04 13:59:59,348 - DVPTest - DEBUG - 物理分类结果: STABLE
2026-09-04 13:59:59,349 - DVPTest - DEBUG - [UI] _on_plot_update 收到 117 个数据点
2026-09-04 13:59:59,350 - DVPTest - INFO - [串口] cuff=0 mmHg
2026-09-04 13:59:59,442 - DVPTest - DEBUG - 发出 sig_data: t=11.853, p=0.00
2026-09-04 13:59:59,443 - DVPTest - DEBUG - process_data: t=11.85, p=0.0, v=0.000, a=0.0, phase=IDLE
2026-09-04 13:59:59,444 - DVPTest - DEBUG - 物理分类结果: STABLE
2026-09-04 13:59:59,444 - DVPTest - DEBUG - [UI] _on_plot_update 收到 118 个数据点
2026-09-04 13:59:59,446 - DVPTest - INFO - [串口] cuff=0 mmHg
2026-09-04 13:59:59,538 - DVPTest - DEBUG - 发出 sig_data: t=11.949, p=0.00
2026-09-04 13:59:59,539 - DVPTest - DEBUG - process_data: t=11.95, p=0.0, v=0.000, a=0.0, phase=IDLE
2026-09-04 13:59:59,540 - DVPTest - DEBUG - 物理分类结果: STABLE
2026-09-04 13:59:59,540 - DVPTest - DEBUG - [UI] _on_plot_update 收到 119 个数据点
2026-09-04 13:59:59,543 - DVPTest - INFO - [串口] cuff=0 mmHg
2026-09-04 13:59:59,650 - DVPTest - DEBUG - 发出 sig_data: t=12.060, p=0.00
2026-09-04 13:59:59,650 - DVPTest - DEBUG - process_data: t=12.06, p=0.0, v=0.000, a=0.0, phase=IDLE
2026-09-04 13:59:59,651 - DVPTest - DEBUG - 物理分类结果: STABLE
2026-09-04 13:59:59,651 - DVPTest - DEBUG - [UI] _on_plot_update 收到 120 个数据点
2026-09-04 13:59:59,653 - DVPTest - INFO - [串口] cuff=0 mmHg
2026-09-04 13:59:59,746 - DVPTest - DEBUG - 发出 sig_data: t=12.157, p=0.00
2026-09-04 13:59:59,748 - DVPTest - DEBUG - process_data: t=12.16, p=0.0, v=0.000, a=0.0, phase=IDLE
2026-09-04 13:59:59,748 - DVPTest - DEBUG - 物理分类结果: STABLE
2026-09-04 13:59:59,750 - DVPTest - DEBUG - [UI] _on_plot_update 收到 121 个数据点
2026-09-04 13:59:59,754 - DVPTest - INFO - [串口] cuff=0 mmHg
2026-09-04 13:59:59,842 - DVPTest - DEBUG - 发出 sig_data: t=12.253, p=0.00
2026-09-04 13:59:59,844 - DVPTest - DEBUG - process_data: t=12.25, p=0.0, v=0.000, a=0.0, phase=IDLE
2026-09-04 13:59:59,845 - DVPTest - DEBUG - 物理分类结果: STABLE
2026-09-04 13:59:59,846 - DVPTest - DEBUG - [UI] _on_plot_update 收到 122 个数据点
2026-09-04 13:59:59,850 - DVPTest - INFO - [串口] cuff=0 mmHg
2026-09-04 13:59:59,937 - DVPTest - DEBUG - 发出 sig_data: t=12.348, p=0.00
2026-09-04 13:59:59,939 - DVPTest - DEBUG - process_data: t=12.35, p=0.0, v=0.000, a=0.0, phase=IDLE
2026-09-04 13:59:59,939 - DVPTest - DEBUG - 物理分类结果: STABLE
2026-09-04 13:59:59,939 - DVPTest - DEBUG - [UI] _on_plot_update 收到 123 个数据点
2026-09-04 13:59:59,941 - DVPTest - INFO - [串口] cuff=0 mmHg
2026-09-04 14:00:00,049 - DVPTest - DEBUG - 发出 sig_data: t=12.460, p=0.00
2026-09-04 14:00:00,050 - DVPTest - DEBUG - process_data: t=12.46, p=0.0, v=0.000, a=0.0, phase=IDLE
2026-09-04 14:00:00,051 - DVPTest - DEBUG - 物理分类结果: STABLE
2026-09-04 14:00:00,052 - DVPTest - DEBUG - [UI] _on_plot_update 收到 124 个数据点
2026-09-04 14:00:00,054 - DVPTest - INFO - [串口] cuff=0 mmHg
2026-09-04 14:00:00,145 - DVPTest - DEBUG - 发出 sig_data: t=12.556, p=0.00
2026-09-04 14:00:00,148 - DVPTest - DEBUG - process_data: t=12.56, p=0.0, v=0.000, a=0.0, phase=IDLE
2026-09-04 14:00:00,148 - DVPTest - DEBUG - 物理分类结果: STABLE
2026-09-04 14:00:00,149 - DVPTest - DEBUG - [UI] _on_plot_update 收到 125 个数据点
2026-09-04 14:00:00,151 - DVPTest - INFO - [串口] cuff=0 mmHg
2026-09-04 14:00:00,242 - DVPTest - DEBUG - 发出 sig_data: t=12.652, p=0.00
2026-09-04 14:00:00,242 - DVPTest - DEBUG - process_data: t=12.65, p=0.0, v=0.000, a=0.0, phase=IDLE
2026-09-04 14:00:00,243 - DVPTest - DEBUG - 物理分类结果: STABLE
2026-09-04 14:00:00,243 - DVPTest - DEBUG - [UI] _on_plot_update 收到 126 个数据点
2026-09-04 14:00:00,245 - DVPTest - INFO - [串口] cuff=0 mmHg
2026-09-04 14:00:00,337 - DVPTest - DEBUG - 发出 sig_data: t=12.748, p=0.00
2026-09-04 14:00:00,339 - DVPTest - DEBUG - process_data: t=12.75, p=0.0, v=0.000, a=0.0, phase=IDLE
2026-09-04 14:00:00,339 - DVPTest - DEBUG - 物理分类结果: STABLE
2026-09-04 14:00:00,341 - DVPTest - DEBUG - [UI] _on_plot_update 收到 127 个数据点
2026-09-04 14:00:00,344 - DVPTest - INFO - [串口] cuff=0 mmHg
2026-09-04 14:00:00,449 - DVPTest - DEBUG - 发出 sig_data: t=12.859, p=0.00
2026-09-04 14:00:00,450 - DVPTest - DEBUG - process_data: t=12.86, p=0.0, v=0.000, a=0.0, phase=IDLE
2026-09-04 14:00:00,451 - DVPTest - DEBUG - 物理分类结果: STABLE
2026-09-04 14:00:00,452 - DVPTest - DEBUG - [UI] _on_plot_update 收到 128 个数据点
2026-09-04 14:00:00,456 - DVPTest - INFO - [串口] cuff=0 mmHg
2026-09-04 14:00:00,544 - DVPTest - DEBUG - 发出 sig_data: t=12.955, p=0.00
2026-09-04 14:00:00,545 - DVPTest - DEBUG - process_data: t=12.95, p=0.0, v=0.000, a=0.0, phase=IDLE
2026-09-04 14:00:00,546 - DVPTest - DEBUG - 物理分类结果: STABLE
2026-09-04 14:00:00,546 - DVPTest - DEBUG - [UI] _on_plot_update 收到 129 个数据点
2026-09-04 14:00:00,548 - DVPTest - INFO - [串口] cuff=0 mmHg
2026-09-04 14:00:00,641 - DVPTest - DEBUG - 发出 sig_data: t=13.052, p=0.00
2026-09-04 14:00:00,644 - DVPTest - DEBUG - process_data: t=13.05, p=0.0, v=0.000, a=0.0, phase=IDLE
2026-09-04 14:00:00,645 - DVPTest - DEBUG - 物理分类结果: STABLE
2026-09-04 14:00:00,646 - DVPTest - DEBUG - [UI] _on_plot_update 收到 130 个数据点
2026-09-04 14:00:00,649 - DVPTest - INFO - [串口] cuff=0 mmHg
2026-09-04 14:00:00,737 - DVPTest - DEBUG - 发出 sig_data: t=13.147, p=0.00
2026-09-04 14:00:00,739 - DVPTest - DEBUG - process_data: t=13.15, p=0.0, v=0.000, a=0.0, phase=IDLE
2026-09-04 14:00:00,739 - DVPTest - DEBUG - 物理分类结果: STABLE
2026-09-04 14:00:00,740 - DVPTest - DEBUG - [UI] _on_plot_update 收到 131 个数据点
2026-09-04 14:00:00,742 - DVPTest - INFO - [串口] cuff=0 mmHg
2026-09-04 14:00:00,849 - DVPTest - DEBUG - 发出 sig_data: t=13.259, p=0.00
2026-09-04 14:00:00,849 - DVPTest - DEBUG - process_data: t=13.26, p=0.0, v=0.000, a=0.0, phase=IDLE
2026-09-04 14:00:00,850 - DVPTest - DEBUG - 物理分类结果: STABLE
2026-09-04 14:00:00,852 - DVPTest - DEBUG - [UI] _on_plot_update 收到 132 个数据点
2026-09-04 14:00:00,855 - DVPTest - INFO - [串口] cuff=0 mmHg
2026-09-04 14:00:00,944 - DVPTest - DEBUG - 发出 sig_data: t=13.355, p=0.00
2026-09-04 14:00:00,945 - DVPTest - DEBUG - process_data: t=13.35, p=0.0, v=0.000, a=0.0, phase=IDLE
2026-09-04 14:00:00,945 - DVPTest - DEBUG - 物理分类结果: STABLE
2026-09-04 14:00:00,946 - DVPTest - DEBUG - [UI] _on_plot_update 收到 133 个数据点
2026-09-04 14:00:00,948 - DVPTest - INFO - [串口] cuff=0 mmHg
2026-09-04 14:00:01,040 - DVPTest - DEBUG - 发出 sig_data: t=13.451, p=0.00
2026-09-04 14:00:01,041 - DVPTest - DEBUG - process_data: t=13.45, p=0.0, v=0.000, a=0.0, phase=IDLE
2026-09-04 14:00:01,042 - DVPTest - DEBUG - 物理分类结果: STABLE
2026-09-04 14:00:01,043 - DVPTest - DEBUG - [UI] _on_plot_update 收到 134 个数据点
2026-09-04 14:00:01,045 - DVPTest - INFO - [串口] cuff=0 mmHg
2026-09-04 14:00:01,151 - DVPTest - DEBUG - 发出 sig_data: t=13.562, p=0.00
2026-09-04 14:00:01,153 - DVPTest - DEBUG - process_data: t=13.56, p=0.0, v=0.000, a=0.0, phase=IDLE
2026-09-04 14:00:01,154 - DVPTest - DEBUG - 物理分类结果: STABLE
2026-09-04 14:00:01,156 - DVPTest - DEBUG - [UI] _on_plot_update 收到 135 个数据点
2026-09-04 14:00:01,159 - DVPTest - INFO - [串口] cuff=0 mmHg
2026-09-04 14:00:01,247 - DVPTest - DEBUG - 发出 sig_data: t=13.658, p=0.00
2026-09-04 14:00:01,248 - DVPTest - DEBUG - process_data: t=13.66, p=0.0, v=0.000, a=0.0, phase=IDLE
2026-09-04 14:00:01,248 - DVPTest - DEBUG - 物理分类结果: STABLE
2026-09-04 14:00:01,249 - DVPTest - DEBUG - [UI] _on_plot_update 收到 136 个数据点
2026-09-04 14:00:01,251 - DVPTest - INFO - [串口] cuff=0 mmHg
2026-09-04 14:00:01,344 - DVPTest - DEBUG - 发出 sig_data: t=13.755, p=0.00
2026-09-04 14:00:01,345 - DVPTest - DEBUG - process_data: t=13.75, p=0.0, v=0.000, a=0.0, phase=IDLE
2026-09-04 14:00:01,346 - DVPTest - DEBUG - 物理分类结果: STABLE
2026-09-04 14:00:01,346 - DVPTest - DEBUG - [UI] _on_plot_update 收到 137 个数据点
2026-09-04 14:00:01,347 - DVPTest - INFO - [串口] cuff=0 mmHg
2026-09-04 14:00:01,440 - DVPTest - DEBUG - 发出 sig_data: t=13.851, p=0.00
2026-09-04 14:00:01,440 - DVPTest - DEBUG - process_data: t=13.85, p=0.0, v=0.000, a=0.0, phase=IDLE
2026-09-04 14:00:01,441 - DVPTest - DEBUG - 物理分类结果: STABLE
2026-09-04 14:00:01,442 - DVPTest - DEBUG - [UI] _on_plot_update 收到 138 个数据点
2026-09-04 14:00:01,444 - DVPTest - INFO - [串口] cuff=0 mmHg
2026-09-04 14:00:01,552 - DVPTest - DEBUG - 发出 sig_data: t=13.962, p=0.00
2026-09-04 14:00:01,556 - DVPTest - DEBUG - process_data: t=13.96, p=0.0, v=0.000, a=0.0, phase=IDLE
2026-09-04 14:00:01,557 - DVPTest - DEBUG - 物理分类结果: STABLE
2026-09-04 14:00:01,557 - DVPTest - DEBUG - [UI] _on_plot_update 收到 139 个数据点
2026-09-04 14:00:01,560 - DVPTest - INFO - [串口] cuff=0 mmHg
2026-09-04 14:00:01,647 - DVPTest - DEBUG - 发出 sig_data: t=14.058, p=0.00
2026-09-04 14:00:01,648 - DVPTest - DEBUG - process_data: t=14.06, p=0.0, v=0.000, a=0.0, phase=IDLE
2026-09-04 14:00:01,648 - DVPTest - DEBUG - 物理分类结果: STABLE
2026-09-04 14:00:01,649 - DVPTest - DEBUG - [UI] _on_plot_update 收到 140 个数据点
2026-09-04 14:00:01,650 - DVPTest - INFO - [串口] cuff=0 mmHg
2026-09-04 14:00:01,743 - DVPTest - DEBUG - 发出 sig_data: t=14.154, p=0.00
2026-09-04 14:00:01,744 - DVPTest - DEBUG - process_data: t=14.15, p=0.0, v=0.000, a=0.0, phase=IDLE
2026-09-04 14:00:01,745 - DVPTest - DEBUG - 物理分类结果: STABLE
2026-09-04 14:00:01,746 - DVPTest - DEBUG - [UI] _on_plot_update 收到 141 个数据点
2026-09-04 14:00:01,748 - DVPTest - INFO - [串口] cuff=0 mmHg
2026-09-04 14:00:01,839 - DVPTest - DEBUG - 发出 sig_data: t=14.250, p=0.00
2026-09-04 14:00:01,841 - DVPTest - DEBUG - process_data: t=14.25, p=0.0, v=0.000, a=0.0, phase=IDLE
2026-09-04 14:00:01,841 - DVPTest - DEBUG - 物理分类结果: STABLE
2026-09-04 14:00:01,842 - DVPTest - DEBUG - [UI] _on_plot_update 收到 142 个数据点
2026-09-04 14:00:01,843 - DVPTest - INFO - [串口] cuff=0 mmHg
2026-09-04 14:00:01,951 - DVPTest - DEBUG - 发出 sig_data: t=14.361, p=0.00
2026-09-04 14:00:01,952 - DVPTest - DEBUG - process_data: t=14.36, p=0.0, v=0.000, a=0.0, phase=IDLE
2026-09-04 14:00:01,952 - DVPTest - DEBUG - 物理分类结果: STABLE
2026-09-04 14:00:01,953 - DVPTest - DEBUG - [UI] _on_plot_update 收到 143 个数据点
2026-09-04 14:00:01,954 - DVPTest - INFO - [串口] cuff=0 mmHg
2026-09-04 14:00:02,047 - DVPTest - DEBUG - 发出 sig_data: t=14.457, p=0.00
2026-09-04 14:00:02,049 - DVPTest - DEBUG - process_data: t=14.46, p=0.0, v=0.000, a=0.0, phase=IDLE
2026-09-04 14:00:02,050 - DVPTest - DEBUG - 物理分类结果: STABLE
2026-09-04 14:00:02,050 - DVPTest - DEBUG - [UI] _on_plot_update 收到 144 个数据点
2026-09-04 14:00:02,054 - DVPTest - INFO - [串口] cuff=0 mmHg
2026-09-04 14:00:02,143 - DVPTest - DEBUG - 发出 sig_data: t=14.553, p=0.00
2026-09-04 14:00:02,143 - DVPTest - DEBUG - process_data: t=14.55, p=0.0, v=0.000, a=0.0, phase=IDLE
2026-09-04 14:00:02,144 - DVPTest - DEBUG - 物理分类结果: STABLE
2026-09-04 14:00:02,144 - DVPTest - DEBUG - [UI] _on_plot_update 收到 145 个数据点
2026-09-04 14:00:02,146 - DVPTest - INFO - [串口] cuff=0 mmHg
2026-09-04 14:00:02,238 - DVPTest - DEBUG - 发出 sig_data: t=14.649, p=0.00
2026-09-04 14:00:02,283 - DVPTest - DEBUG - process_data: t=14.65, p=0.0, v=0.000, a=0.0, phase=IDLE
2026-09-04 14:00:02,283 - DVPTest - DEBUG - 物理分类结果: STABLE
2026-09-04 14:00:02,283 - DVPTest - DEBUG - [UI] _on_plot_update 收到 146 个数据点
2026-09-04 14:00:02,285 - DVPTest - INFO - [串口] cuff=0 mmHg
2026-09-04 14:00:02,350 - DVPTest - DEBUG - 发出 sig_data: t=14.761, p=0.00
2026-09-04 14:00:02,352 - DVPTest - DEBUG - process_data: t=14.76, p=0.0, v=0.000, a=0.0, phase=IDLE
2026-09-04 14:00:02,353 - DVPTest - DEBUG - 物理分类结果: STABLE
2026-09-04 14:00:02,353 - DVPTest - DEBUG - [UI] _on_plot_update 收到 147 个数据点
2026-09-04 14:00:02,354 - DVPTest - INFO - [串口] cuff=0 mmHg
2026-09-04 14:00:02,446 - DVPTest - DEBUG - 发出 sig_data: t=14.856, p=0.00
2026-09-04 14:00:02,446 - DVPTest - DEBUG - process_data: t=14.86, p=0.0, v=0.000, a=0.0, phase=IDLE
2026-09-04 14:00:02,447 - DVPTest - DEBUG - 物理分类结果: STABLE
2026-09-04 14:00:02,449 - DVPTest - DEBUG - [UI] _on_plot_update 收到 148 个数据点
2026-09-04 14:00:02,451 - DVPTest - INFO - [串口] cuff=0 mmHg
2026-09-04 14:00:02,542 - DVPTest - DEBUG - 发出 sig_data: t=14.953, p=0.00
2026-09-04 14:00:02,543 - DVPTest - DEBUG - process_data: t=14.95, p=0.0, v=0.000, a=0.0, phase=IDLE
2026-09-04 14:00:02,543 - DVPTest - DEBUG - 物理分类结果: STABLE
2026-09-04 14:00:02,544 - DVPTest - DEBUG - [UI] _on_plot_update 收到 149 个数据点
2026-09-04 14:00:02,548 - DVPTest - INFO - [串口] cuff=0 mmHg
2026-09-04 14:00:02,638 - DVPTest - DEBUG - 发出 sig_data: t=15.049, p=0.00
2026-09-04 14:00:02,640 - DVPTest - DEBUG - process_data: t=15.05, p=0.0, v=0.000, a=0.0, phase=IDLE
2026-09-04 14:00:02,640 - DVPTest - DEBUG - 物理分类结果: STABLE
2026-09-04 14:00:02,641 - DVPTest - DEBUG - [UI] _on_plot_update 收到 150 个数据点
2026-09-04 14:00:02,643 - DVPTest - INFO - [串口] cuff=0 mmHg
2026-09-04 14:00:02,749 - DVPTest - DEBUG - 发出 sig_data: t=15.160, p=0.00
2026-09-04 14:00:02,752 - DVPTest - DEBUG - process_data: t=15.16, p=0.0, v=0.000, a=0.0, phase=IDLE
2026-09-04 14:00:02,753 - DVPTest - DEBUG - 物理分类结果: STABLE
2026-09-04 14:00:02,754 - DVPTest - DEBUG - [UI] _on_plot_update 收到 151 个数据点
2026-09-04 14:00:02,759 - DVPTest - INFO - [串口] cuff=0 mmHg
2026-09-04 14:00:02,845 - DVPTest - DEBUG - 发出 sig_data: t=15.256, p=0.00
2026-09-04 14:00:02,846 - DVPTest - DEBUG - process_data: t=15.26, p=0.0, v=0.000, a=0.0, phase=IDLE
2026-09-04 14:00:02,846 - DVPTest - DEBUG - 物理分类结果: STABLE
2026-09-04 14:00:02,847 - DVPTest - DEBUG - [UI] _on_plot_update 收到 152 个数据点
2026-09-04 14:00:02,848 - DVPTest - INFO - [串口] cuff=0 mmHg
2026-09-04 14:00:02,942 - DVPTest - DEBUG - 发出 sig_data: t=15.352, p=0.00
2026-09-04 14:00:02,944 - DVPTest - DEBUG - process_data: t=15.35, p=0.0, v=0.000, a=0.0, phase=IDLE
2026-09-04 14:00:02,944 - DVPTest - DEBUG - 物理分类结果: STABLE
2026-09-04 14:00:02,945 - DVPTest - DEBUG - [UI] _on_plot_update 收到 153 个数据点
2026-09-04 14:00:02,947 - DVPTest - INFO - [串口] cuff=0 mmHg
2026-09-04 14:00:03,037 - DVPTest - DEBUG - 发出 sig_data: t=15.448, p=0.00
2026-09-04 14:00:03,039 - DVPTest - DEBUG - process_data: t=15.45, p=0.0, v=0.000, a=0.0, phase=IDLE
2026-09-04 14:00:03,040 - DVPTest - DEBUG - 物理分类结果: STABLE
2026-09-04 14:00:03,042 - DVPTest - DEBUG - [UI] _on_plot_update 收到 154 个数据点
2026-09-04 14:00:03,045 - DVPTest - INFO - [串口] cuff=0 mmHg
2026-09-04 14:00:03,149 - DVPTest - DEBUG - 发出 sig_data: t=15.560, p=0.00
2026-09-04 14:00:03,151 - DVPTest - DEBUG - process_data: t=15.56, p=0.0, v=0.000, a=0.0, phase=IDLE
2026-09-04 14:00:03,152 - DVPTest - DEBUG - 物理分类结果: STABLE
2026-09-04 14:00:03,154 - DVPTest - DEBUG - [UI] _on_plot_update 收到 155 个数据点
2026-09-04 14:00:03,156 - DVPTest - INFO - [串口] cuff=0 mmHg
2026-09-04 14:00:03,245 - DVPTest - DEBUG - 发出 sig_data: t=15.655, p=0.00
2026-09-04 14:00:03,245 - DVPTest - DEBUG - process_data: t=15.66, p=0.0, v=0.000, a=0.0, phase=IDLE
2026-09-04 14:00:03,246 - DVPTest - DEBUG - 物理分类结果: STABLE
2026-09-04 14:00:03,247 - DVPTest - DEBUG - [UI] _on_plot_update 收到 156 个数据点
2026-09-04 14:00:03,249 - DVPTest - INFO - [串口] cuff=0 mmHg
2026-09-04 14:00:03,341 - DVPTest - DEBUG - 发出 sig_data: t=15.752, p=0.00
2026-09-04 14:00:03,342 - DVPTest - DEBUG - process_data: t=15.75, p=0.0, v=0.000, a=0.0, phase=IDLE
2026-09-04 14:00:03,342 - DVPTest - DEBUG - 物理分类结果: STABLE
2026-09-04 14:00:03,344 - DVPTest - DEBUG - [UI] _on_plot_update 收到 157 个数据点
2026-09-04 14:00:03,346 - DVPTest - INFO - [串口] cuff=0 mmHg
2026-09-04 14:00:03,437 - DVPTest - DEBUG - 发出 sig_data: t=15.848, p=0.00
2026-09-04 14:00:03,438 - DVPTest - DEBUG - process_data: t=15.85, p=0.0, v=0.000, a=0.0, phase=IDLE
2026-09-04 14:00:03,439 - DVPTest - DEBUG - 物理分类结果: STABLE
2026-09-04 14:00:03,441 - DVPTest - DEBUG - [UI] _on_plot_update 收到 158 个数据点
2026-09-04 14:00:03,445 - DVPTest - INFO - [串口] cuff=0 mmHg
2026-09-04 14:00:03,548 - DVPTest - DEBUG - 发出 sig_data: t=15.959, p=0.00
2026-09-04 14:00:03,548 - DVPTest - DEBUG - process_data: t=15.96, p=0.0, v=0.000, a=0.0, phase=IDLE
2026-09-04 14:00:03,548 - DVPTest - DEBUG - 物理分类结果: STABLE
2026-09-04 14:00:03,549 - DVPTest - DEBUG - [UI] _on_plot_update 收到 159 个数据点
2026-09-04 14:00:03,551 - DVPTest - INFO - [串口] cuff=0 mmHg
2026-09-04 14:00:03,644 - DVPTest - DEBUG - 发出 sig_data: t=16.055, p=0.00
2026-09-04 14:00:03,647 - DVPTest - DEBUG - process_data: t=16.06, p=0.0, v=0.000, a=0.0, phase=IDLE
2026-09-04 14:00:03,648 - DVPTest - DEBUG - 物理分类结果: STABLE
2026-09-04 14:00:03,650 - DVPTest - DEBUG - [UI] _on_plot_update 收到 160 个数据点
2026-09-04 14:00:03,653 - DVPTest - INFO - [串口] cuff=0 mmHg
2026-09-04 14:00:03,740 - DVPTest - DEBUG - 发出 sig_data: t=16.151, p=0.00
2026-09-04 14:00:03,743 - DVPTest - DEBUG - process_data: t=16.15, p=0.0, v=0.000, a=0.0, phase=IDLE
2026-09-04 14:00:03,744 - DVPTest - DEBUG - 物理分类结果: STABLE
2026-09-04 14:00:03,746 - DVPTest - DEBUG - [UI] _on_plot_update 收到 161 个数据点
2026-09-04 14:00:03,748 - DVPTest - INFO - [串口] cuff=0 mmHg
2026-09-04 14:00:03,852 - DVPTest - DEBUG - 发出 sig_data: t=16.263, p=0.00
2026-09-04 14:00:03,854 - DVPTest - DEBUG - process_data: t=16.26, p=0.0, v=0.000, a=0.0, phase=IDLE
2026-09-04 14:00:03,855 - DVPTest - DEBUG - 物理分类结果: STABLE
2026-09-04 14:00:03,857 - DVPTest - DEBUG - [UI] _on_plot_update 收到 162 个数据点
2026-09-04 14:00:03,860 - DVPTest - INFO - [串口] cuff=0 mmHg
2026-09-04 14:00:03,948 - DVPTest - DEBUG - 发出 sig_data: t=16.359, p=0.00
2026-09-04 14:00:03,950 - DVPTest - DEBUG - process_data: t=16.36, p=0.0, v=0.000, a=0.0, phase=IDLE
2026-09-04 14:00:03,951 - DVPTest - DEBUG - 物理分类结果: STABLE
2026-09-04 14:00:03,953 - DVPTest - DEBUG - [UI] _on_plot_update 收到 163 个数据点
2026-09-04 14:00:03,957 - DVPTest - INFO - [串口] cuff=0 mmHg
2026-09-04 14:00:04,044 - DVPTest - DEBUG - 发出 sig_data: t=16.454, p=0.00
2026-09-04 14:00:04,044 - DVPTest - DEBUG - process_data: t=16.45, p=0.0, v=0.000, a=0.0, phase=IDLE
2026-09-04 14:00:04,044 - DVPTest - DEBUG - 物理分类结果: STABLE
2026-09-04 14:00:04,045 - DVPTest - DEBUG - [UI] _on_plot_update 收到 164 个数据点
2026-09-04 14:00:04,047 - DVPTest - INFO - [串口] cuff=0 mmHg
2026-09-04 14:00:04,140 - DVPTest - DEBUG - 发出 sig_data: t=16.551, p=0.00
2026-09-04 14:00:04,142 - DVPTest - DEBUG - process_data: t=16.55, p=0.0, v=0.000, a=0.0, phase=IDLE
2026-09-04 14:00:04,143 - DVPTest - DEBUG - 物理分类结果: STABLE
2026-09-04 14:00:04,145 - DVPTest - DEBUG - [UI] _on_plot_update 收到 165 个数据点
2026-09-04 14:00:04,149 - DVPTest - INFO - [串口] cuff=0 mmHg
2026-09-04 14:00:04,252 - DVPTest - DEBUG - 发出 sig_data: t=16.663, p=0.00
2026-09-04 14:00:04,255 - DVPTest - DEBUG - process_data: t=16.66, p=0.0, v=0.000, a=0.0, phase=IDLE
2026-09-04 14:00:04,258 - DVPTest - DEBUG - 物理分类结果: STABLE
2026-09-04 14:00:04,258 - DVPTest - DEBUG - [UI] _on_plot_update 收到 166 个数据点
2026-09-04 14:00:04,261 - DVPTest - INFO - [串口] cuff=0 mmHg
2026-09-04 14:00:04,347 - DVPTest - DEBUG - 发出 sig_data: t=16.758, p=0.00
2026-09-04 14:00:04,349 - DVPTest - DEBUG - process_data: t=16.76, p=0.0, v=0.000, a=0.0, phase=IDLE
2026-09-04 14:00:04,350 - DVPTest - DEBUG - 物理分类结果: STABLE
2026-09-04 14:00:04,351 - DVPTest - DEBUG - [UI] _on_plot_update 收到 167 个数据点
2026-09-04 14:00:04,353 - DVPTest - INFO - [串口] cuff=0 mmHg
2026-09-04 14:00:04,443 - DVPTest - DEBUG - 发出 sig_data: t=16.854, p=0.00
2026-09-04 14:00:04,445 - DVPTest - DEBUG - process_data: t=16.85, p=0.0, v=0.000, a=0.0, phase=IDLE
2026-09-04 14:00:04,446 - DVPTest - DEBUG - 物理分类结果: STABLE
2026-09-04 14:00:04,448 - DVPTest - DEBUG - [UI] _on_plot_update 收到 168 个数据点
2026-09-04 14:00:04,451 - DVPTest - INFO - [串口] cuff=0 mmHg
2026-09-04 14:00:04,539 - DVPTest - DEBUG - 发出 sig_data: t=16.950, p=0.00
2026-09-04 14:00:04,544 - DVPTest - DEBUG - process_data: t=16.95, p=0.0, v=0.000, a=0.0, phase=IDLE
2026-09-04 14:00:04,544 - DVPTest - DEBUG - 物理分类结果: STABLE
2026-09-04 14:00:04,545 - DVPTest - DEBUG - [UI] _on_plot_update 收到 169 个数据点
2026-09-04 14:00:04,547 - DVPTest - INFO - [串口] cuff=0 mmHg
2026-09-04 14:00:04,551 - DVPTest - INFO - 退出程序：测试未运行，直接断开
2026-09-04 14:00:04,655 - DVPTest - INFO - run() 结束
2026-09-04 14:00:04,657 - DVPTest - DEBUG - [TestManager] reset 完成
2026-09-04 14:00:04,657 - DVPTest - INFO - 数据已重置，绘图恢复
2026-09-04 14:00:04,658 - DVPTest - SUCCESS - 已断开串口
2026-09-04 14:00:04,659 - DVPTest - INFO - 停止记录数据
2026-09-04 14:00:04,660 - DVPTest - INFO - 已断开连接，自动连接已暂停（如需重新启用，请手动连接一次）
2026-09-04 14:00:04,660 - DVPTest - DEBUG - [UI] _disconnect 完成
2026-09-04 14:00:05,207 - DVPTest - INFO - 设备识别: unknown
2026-09-04 14:00:05,207 - DVPTest - SUCCESS - 已连接到串口 COM25 @ 115200 bps
2026-09-04 14:00:05,208 - DVPTest - INFO - 正在打开串口 COM25 @ 115200
2026-09-04 14:00:05,212 - DVPTest - SUCCESS - 开始记录数据，文件: ./logs/csv\pressure_data_20260904_140005.csv
2026-09-04 14:00:05,213 - DVPTest - DEBUG - [TestManager] reset 完成
2026-09-04 14:00:05,213 - DVPTest - DEBUG - 充气参数更新: start=5.0, mid=200.0, target=300.0
2026-09-04 14:00:05,214 - DVPTest - DEBUG - [UI] _connect 完成
2026-09-04 14:00:05,227 - DVPTest - DEBUG - 设备类型 unknown，开始嗅探
2026-09-04 14:00:05,327 - DVPTest - DEBUG - 嗅探到 13 字节: b'cuff=0 mmHg\r\n'
2026-09-04 14:00:05,327 - DVPTest - DEBUG - 嗅探到文本协议特征
2026-09-04 14:00:05,328 - DVPTest - INFO - 协议检测完成: device_type=unknown, mode=text
2026-09-04 14:00:05,328 - DVPTest - INFO - 进入文本模式
2026-09-04 14:00:05,330 - DVPTest - INFO - [串口] [协议选择] device_type=unknown, mode=text
2026-09-04 14:00:05,352 - DVPTest - DEBUG - 发出 sig_data: t=0.126, p=0.00
2026-09-04 14:00:05,354 - DVPTest - DEBUG - process_data: t=0.13, p=0.0, v=0.000, a=0.0, phase=IDLE
2026-09-04 14:00:05,354 - DVPTest - DEBUG - 充气峰值更新: 0.0 @ 0.13s
2026-09-04 14:00:05,354 - DVPTest - DEBUG - 物理分类结果: STABLE
2026-09-04 14:00:05,355 - DVPTest - DEBUG - [UI] _on_plot_update 收到 1 个数据点
2026-09-04 14:00:05,356 - DVPTest - INFO - [串口] cuff=0 mmHg
2026-09-04 14:00:05,449 - DVPTest - DEBUG - 发出 sig_data: t=0.222, p=0.00
2026-09-04 14:00:05,450 - DVPTest - DEBUG - process_data: t=0.22, p=0.0, v=0.000, a=0.0, phase=IDLE
2026-09-04 14:00:05,450 - DVPTest - DEBUG - 物理分类结果: STABLE
2026-09-04 14:00:05,451 - DVPTest - DEBUG - [UI] _on_plot_update 收到 2 个数据点
2026-09-04 14:00:05,452 - DVPTest - INFO - [串口] cuff=0 mmHg
2026-09-04 14:00:05,545 - DVPTest - DEBUG - 发出 sig_data: t=0.319, p=0.00
2026-09-04 14:00:05,547 - DVPTest - DEBUG - process_data: t=0.32, p=0.0, v=0.000, a=0.0, phase=IDLE
2026-09-04 14:00:05,548 - DVPTest - DEBUG - 物理分类结果: STABLE
2026-09-04 14:00:05,549 - DVPTest - DEBUG - [UI] _on_plot_update 收到 3 个数据点
2026-09-04 14:00:05,553 - DVPTest - INFO - [串口] cuff=0 mmHg
2026-09-04 14:00:05,641 - DVPTest - DEBUG - 发出 sig_data: t=0.415, p=0.00
2026-09-04 14:00:05,644 - DVPTest - DEBUG - process_data: t=0.41, p=0.0, v=0.000, a=0.0, phase=IDLE
2026-09-04 14:00:05,645 - DVPTest - DEBUG - 物理分类结果: STABLE
2026-09-04 14:00:05,646 - DVPTest - DEBUG - [UI] _on_plot_update 收到 4 个数据点
2026-09-04 14:00:05,650 - DVPTest - INFO - [串口] cuff=0 mmHg
2026-09-04 14:00:05,752 - DVPTest - DEBUG - 发出 sig_data: t=0.525, p=0.00
2026-09-04 14:00:05,755 - DVPTest - DEBUG - process_data: t=0.53, p=0.0, v=0.000, a=0.0, phase=IDLE
2026-09-04 14:00:05,756 - DVPTest - DEBUG - 物理分类结果: STABLE
2026-09-04 14:00:05,758 - DVPTest - DEBUG - [UI] _on_plot_update 收到 5 个数据点
2026-09-04 14:00:05,761 - DVPTest - INFO - [串口] cuff=0 mmHg
2026-09-04 14:00:05,848 - DVPTest - DEBUG - 发出 sig_data: t=0.622, p=0.00
2026-09-04 14:00:05,850 - DVPTest - DEBUG - process_data: t=0.62, p=0.0, v=0.000, a=0.0, phase=IDLE
2026-09-04 14:00:05,851 - DVPTest - DEBUG - 物理分类结果: STABLE
2026-09-04 14:00:05,852 - DVPTest - DEBUG - [UI] _on_plot_update 收到 6 个数据点
2026-09-04 14:00:05,854 - DVPTest - INFO - [串口] cuff=0 mmHg
2026-09-04 14:00:05,869 - DVPTest - DEBUG - [TestManager] reset 完成
2026-09-04 14:00:05,870 - DVPTest - INFO - 数据已重置，绘图恢复
2026-09-04 14:00:05,871 - DVPTest - INFO - 数据已清空，波形已清屏（时间轴已归零）
2026-09-04 14:00:05,944 - DVPTest - DEBUG - 发出 sig_data: t=0.074, p=0.00
2026-09-04 14:00:05,946 - DVPTest - DEBUG - process_data: t=0.07, p=0.0, v=0.000, a=0.0, phase=IDLE
2026-09-04 14:00:05,947 - DVPTest - DEBUG - 充气峰值更新: 0.0 @ 0.07s
2026-09-04 14:00:05,948 - DVPTest - DEBUG - 物理分类结果: STABLE
2026-09-04 14:00:05,949 - DVPTest - DEBUG - [UI] _on_plot_update 收到 1 个数据点
2026-09-04 14:00:05,952 - DVPTest - INFO - [串口] cuff=0 mmHg
2026-09-04 14:00:06,040 - DVPTest - DEBUG - 发出 sig_data: t=0.170, p=0.00
2026-09-04 14:00:06,042 - DVPTest - DEBUG - process_data: t=0.17, p=0.0, v=0.000, a=0.0, phase=IDLE
2026-09-04 14:00:06,042 - DVPTest - DEBUG - 物理分类结果: STABLE
2026-09-04 14:00:06,042 - DVPTest - DEBUG - [UI] _on_plot_update 收到 2 个数据点
2026-09-04 14:00:06,043 - DVPTest - INFO - [串口] cuff=0 mmHg
2026-09-04 14:00:06,152 - DVPTest - DEBUG - 发出 sig_data: t=0.282, p=0.00
2026-09-04 14:00:06,155 - DVPTest - DEBUG - process_data: t=0.28, p=0.0, v=0.000, a=0.0, phase=IDLE
2026-09-04 14:00:06,155 - DVPTest - DEBUG - 物理分类结果: STABLE
2026-09-04 14:00:06,156 - DVPTest - DEBUG - [UI] _on_plot_update 收到 3 个数据点
2026-09-04 14:00:06,156 - DVPTest - INFO - [串口] cuff=0 mmHg
2026-09-04 14:00:06,248 - DVPTest - DEBUG - 发出 sig_data: t=0.378, p=0.00
2026-09-04 14:00:06,251 - DVPTest - DEBUG - process_data: t=0.38, p=0.0, v=0.000, a=0.0, phase=IDLE
2026-09-04 14:00:06,252 - DVPTest - DEBUG - 物理分类结果: STABLE
2026-09-04 14:00:06,254 - DVPTest - DEBUG - [UI] _on_plot_update 收到 4 个数据点
2026-09-04 14:00:06,256 - DVPTest - INFO - [串口] cuff=0 mmHg
2026-09-04 14:00:06,344 - DVPTest - DEBUG - 发出 sig_data: t=0.474, p=0.00
2026-09-04 14:00:06,346 - DVPTest - DEBUG - process_data: t=0.47, p=0.0, v=0.000, a=0.0, phase=IDLE
2026-09-04 14:00:06,346 - DVPTest - DEBUG - 物理分类结果: STABLE
2026-09-04 14:00:06,347 - DVPTest - DEBUG - [UI] _on_plot_update 收到 5 个数据点
2026-09-04 14:00:06,350 - DVPTest - INFO - [串口] cuff=0 mmHg
2026-09-04 14:00:06,440 - DVPTest - DEBUG - 发出 sig_data: t=0.570, p=0.00
2026-09-04 14:00:06,442 - DVPTest - DEBUG - process_data: t=0.57, p=0.0, v=0.000, a=0.0, phase=IDLE
2026-09-04 14:00:06,443 - DVPTest - DEBUG - 物理分类结果: STABLE
2026-09-04 14:00:06,445 - DVPTest - DEBUG - [UI] _on_plot_update 收到 6 个数据点
2026-09-04 14:00:06,448 - DVPTest - INFO - [串口] cuff=0 mmHg
2026-09-04 14:00:06,552 - DVPTest - DEBUG - 发出 sig_data: t=0.681, p=0.00
2026-09-04 14:00:06,553 - DVPTest - DEBUG - process_data: t=0.68, p=0.0, v=0.000, a=0.0, phase=IDLE
2026-09-04 14:00:06,553 - DVPTest - DEBUG - 物理分类结果: STABLE
2026-09-04 14:00:06,556 - DVPTest - DEBUG - [UI] _on_plot_update 收到 7 个数据点
2026-09-04 14:00:06,559 - DVPTest - INFO - [串口] cuff=0 mmHg
2026-09-04 14:00:06,648 - DVPTest - DEBUG - 发出 sig_data: t=0.777, p=0.00
2026-09-04 14:00:06,649 - DVPTest - DEBUG - process_data: t=0.78, p=0.0, v=0.000, a=0.0, phase=IDLE
2026-09-04 14:00:06,650 - DVPTest - DEBUG - 物理分类结果: STABLE
2026-09-04 14:00:06,652 - DVPTest - DEBUG - [UI] _on_plot_update 收到 8 个数据点
2026-09-04 14:00:06,655 - DVPTest - INFO - [串口] cuff=0 mmHg
2026-09-04 14:00:06,743 - DVPTest - DEBUG - 发出 sig_data: t=0.873, p=0.00
2026-09-04 14:00:06,745 - DVPTest - DEBUG - process_data: t=0.87, p=0.0, v=0.000, a=0.0, phase=IDLE
2026-09-04 14:00:06,746 - DVPTest - DEBUG - 物理分类结果: STABLE
2026-09-04 14:00:06,746 - DVPTest - DEBUG - [UI] _on_plot_update 收到 9 个数据点
2026-09-04 14:00:06,749 - DVPTest - INFO - [串口] cuff=0 mmHg
2026-09-04 14:00:06,839 - DVPTest - DEBUG - 发出 sig_data: t=0.969, p=0.00
2026-09-04 14:00:06,841 - DVPTest - DEBUG - process_data: t=0.97, p=0.0, v=0.000, a=0.0, phase=IDLE
2026-09-04 14:00:06,841 - DVPTest - DEBUG - 物理分类结果: STABLE
2026-09-04 14:00:06,841 - DVPTest - DEBUG - [UI] _on_plot_update 收到 10 个数据点
2026-09-04 14:00:06,843 - DVPTest - INFO - [串口] cuff=0 mmHg
2026-09-04 14:00:06,951 - DVPTest - DEBUG - 发出 sig_data: t=1.081, p=0.00
2026-09-04 14:00:06,953 - DVPTest - DEBUG - process_data: t=1.08, p=0.0, v=0.000, a=0.0, phase=IDLE
2026-09-04 14:00:06,954 - DVPTest - DEBUG - 物理分类结果: STABLE
2026-09-04 14:00:06,957 - DVPTest - DEBUG - [UI] _on_plot_update 收到 11 个数据点
2026-09-04 14:00:06,959 - DVPTest - INFO - [串口] cuff=0 mmHg
2026-09-04 14:00:07,047 - DVPTest - DEBUG - 发出 sig_data: t=1.177, p=0.00
2026-09-04 14:00:07,050 - DVPTest - DEBUG - process_data: t=1.18, p=0.0, v=0.000, a=0.0, phase=IDLE
2026-09-04 14:00:07,051 - DVPTest - DEBUG - 物理分类结果: STABLE
2026-09-04 14:00:07,053 - DVPTest - DEBUG - [UI] _on_plot_update 收到 12 个数据点
2026-09-04 14:00:07,056 - DVPTest - INFO - [串口] cuff=0 mmHg
2026-09-04 14:00:07,143 - DVPTest - DEBUG - 发出 sig_data: t=1.272, p=0.00
2026-09-04 14:00:07,143 - DVPTest - DEBUG - process_data: t=1.27, p=0.0, v=0.000, a=0.0, phase=IDLE
2026-09-04 14:00:07,143 - DVPTest - DEBUG - 物理分类结果: STABLE
2026-09-04 14:00:07,144 - DVPTest - DEBUG - [UI] _on_plot_update 收到 13 个数据点
2026-09-04 14:00:07,145 - DVPTest - INFO - [串口] cuff=0 mmHg
2026-09-04 14:00:07,254 - DVPTest - DEBUG - 发出 sig_data: t=1.384, p=0.00
2026-09-04 14:00:07,257 - DVPTest - DEBUG - process_data: t=1.38, p=0.0, v=0.000, a=0.0, phase=IDLE
2026-09-04 14:00:07,258 - DVPTest - DEBUG - 物理分类结果: STABLE
2026-09-04 14:00:07,258 - DVPTest - DEBUG - [UI] _on_plot_update 收到 14 个数据点
2026-09-04 14:00:07,262 - DVPTest - INFO - [串口] cuff=0 mmHg
2026-09-04 14:00:07,350 - DVPTest - DEBUG - 发出 sig_data: t=1.480, p=0.00
2026-09-04 14:00:07,354 - DVPTest - DEBUG - process_data: t=1.48, p=0.0, v=0.000, a=0.0, phase=IDLE
2026-09-04 14:00:07,355 - DVPTest - DEBUG - 物理分类结果: STABLE
2026-09-04 14:00:07,356 - DVPTest - DEBUG - [UI] _on_plot_update 收到 15 个数据点
2026-09-04 14:00:07,359 - DVPTest - INFO - [串口] cuff=0 mmHg
2026-09-04 14:00:07,446 - DVPTest - DEBUG - 发出 sig_data: t=1.575, p=0.00
2026-09-04 14:00:07,446 - DVPTest - DEBUG - process_data: t=1.58, p=0.0, v=0.000, a=0.0, phase=IDLE
2026-09-04 14:00:07,447 - DVPTest - DEBUG - 物理分类结果: STABLE
2026-09-04 14:00:07,448 - DVPTest - DEBUG - [UI] _on_plot_update 收到 16 个数据点
2026-09-04 14:00:07,450 - DVPTest - INFO - [串口] cuff=0 mmHg
2026-09-04 14:00:07,542 - DVPTest - DEBUG - 发出 sig_data: t=1.672, p=0.00
2026-09-04 14:00:07,545 - DVPTest - DEBUG - process_data: t=1.67, p=0.0, v=0.000, a=0.0, phase=IDLE
2026-09-04 14:00:07,546 - DVPTest - DEBUG - 物理分类结果: STABLE
2026-09-04 14:00:07,546 - DVPTest - DEBUG - [UI] _on_plot_update 收到 17 个数据点
2026-09-04 14:00:07,550 - DVPTest - INFO - [串口] cuff=0 mmHg
2026-09-04 14:00:07,654 - DVPTest - DEBUG - 发出 sig_data: t=1.783, p=0.00
2026-09-04 14:00:07,655 - DVPTest - DEBUG - process_data: t=1.78, p=0.0, v=0.000, a=0.0, phase=IDLE
2026-09-04 14:00:07,656 - DVPTest - DEBUG - 物理分类结果: STABLE
2026-09-04 14:00:07,657 - DVPTest - DEBUG - [UI] _on_plot_update 收到 18 个数据点
2026-09-04 14:00:07,658 - DVPTest - INFO - [串口] cuff=0 mmHg
2026-09-04 14:00:07,749 - DVPTest - DEBUG - 发出 sig_data: t=1.879, p=0.00
2026-09-04 14:00:07,752 - DVPTest - DEBUG - process_data: t=1.88, p=0.0, v=0.000, a=0.0, phase=IDLE
2026-09-04 14:00:07,753 - DVPTest - DEBUG - 物理分类结果: STABLE
2026-09-04 14:00:07,754 - DVPTest - DEBUG - [UI] _on_plot_update 收到 19 个数据点
2026-09-04 14:00:07,758 - DVPTest - INFO - [串口] cuff=0 mmHg
2026-09-04 14:00:07,845 - DVPTest - DEBUG - 发出 sig_data: t=1.975, p=0.00
2026-09-04 14:00:07,848 - DVPTest - DEBUG - process_data: t=1.97, p=0.0, v=0.000, a=0.0, phase=IDLE
2026-09-04 14:00:07,849 - DVPTest - DEBUG - 物理分类结果: STABLE
2026-09-04 14:00:07,850 - DVPTest - DEBUG - [UI] _on_plot_update 收到 20 个数据点
2026-09-04 14:00:07,853 - DVPTest - INFO - [串口] cuff=0 mmHg
2026-09-04 14:00:07,943 - DVPTest - DEBUG - 发出 sig_data: t=2.072, p=0.00
2026-09-04 14:00:07,945 - DVPTest - DEBUG - process_data: t=2.07, p=0.0, v=0.000, a=0.0, phase=IDLE
2026-09-04 14:00:07,945 - DVPTest - DEBUG - 物理分类结果: STABLE
2026-09-04 14:00:07,946 - DVPTest - DEBUG - [UI] _on_plot_update 收到 21 个数据点
2026-09-04 14:00:07,946 - DVPTest - INFO - [串口] cuff=0 mmHg
2026-09-04 14:00:08,053 - DVPTest - DEBUG - 发出 sig_data: t=2.183, p=0.00
2026-09-04 14:00:08,055 - DVPTest - DEBUG - process_data: t=2.18, p=0.0, v=0.000, a=0.0, phase=IDLE
2026-09-04 14:00:08,056 - DVPTest - DEBUG - 物理分类结果: STABLE
2026-09-04 14:00:08,057 - DVPTest - DEBUG - [UI] _on_plot_update 收到 22 个数据点
2026-09-04 14:00:08,060 - DVPTest - INFO - [串口] cuff=0 mmHg
2026-09-04 14:00:08,150 - DVPTest - DEBUG - 发出 sig_data: t=2.279, p=0.00
2026-09-04 14:00:08,152 - DVPTest - DEBUG - process_data: t=2.28, p=0.0, v=0.000, a=0.0, phase=IDLE
2026-09-04 14:00:08,153 - DVPTest - DEBUG - 物理分类结果: STABLE
2026-09-04 14:00:08,154 - DVPTest - DEBUG - [UI] _on_plot_update 收到 23 个数据点
2026-09-04 14:00:08,157 - DVPTest - INFO - [串口] cuff=0 mmHg
2026-09-04 14:00:08,245 - DVPTest - DEBUG - 发出 sig_data: t=2.375, p=0.00
2026-09-04 14:00:08,247 - DVPTest - DEBUG - process_data: t=2.37, p=0.0, v=0.000, a=0.0, phase=IDLE
2026-09-04 14:00:08,247 - DVPTest - DEBUG - 物理分类结果: STABLE
2026-09-04 14:00:08,248 - DVPTest - DEBUG - [UI] _on_plot_update 收到 24 个数据点
2026-09-04 14:00:08,249 - DVPTest - INFO - [串口] cuff=0 mmHg
2026-09-04 14:00:08,341 - DVPTest - DEBUG - 发出 sig_data: t=2.471, p=0.00
2026-09-04 14:00:08,345 - DVPTest - DEBUG - process_data: t=2.47, p=0.0, v=0.000, a=0.0, phase=IDLE
2026-09-04 14:00:08,346 - DVPTest - DEBUG - 物理分类结果: STABLE
2026-09-04 14:00:08,348 - DVPTest - DEBUG - [UI] _on_plot_update 收到 25 个数据点
2026-09-04 14:00:08,350 - DVPTest - INFO - [串口] cuff=0 mmHg
2026-09-04 14:00:08,453 - DVPTest - DEBUG - 发出 sig_data: t=2.582, p=0.00
2026-09-04 14:00:08,456 - DVPTest - DEBUG - process_data: t=2.58, p=0.0, v=0.000, a=0.0, phase=IDLE
2026-09-04 14:00:08,457 - DVPTest - DEBUG - 物理分类结果: STABLE
2026-09-04 14:00:08,459 - DVPTest - DEBUG - [UI] _on_plot_update 收到 26 个数据点
2026-09-04 14:00:08,461 - DVPTest - INFO - [串口] cuff=0 mmHg
2026-09-04 14:00:08,549 - DVPTest - DEBUG - 发出 sig_data: t=2.678, p=0.00
2026-09-04 14:00:08,550 - DVPTest - DEBUG - process_data: t=2.68, p=0.0, v=0.000, a=0.0, phase=IDLE
2026-09-04 14:00:08,551 - DVPTest - DEBUG - 物理分类结果: STABLE
2026-09-04 14:00:08,551 - DVPTest - DEBUG - [UI] _on_plot_update 收到 27 个数据点
2026-09-04 14:00:08,552 - DVPTest - INFO - [串口] cuff=0 mmHg
2026-09-04 14:00:08,644 - DVPTest - DEBUG - 发出 sig_data: t=2.774, p=0.00
2026-09-04 14:00:08,645 - DVPTest - DEBUG - process_data: t=2.77, p=0.0, v=0.000, a=0.0, phase=IDLE
2026-09-04 14:00:08,646 - DVPTest - DEBUG - 物理分类结果: STABLE
2026-09-04 14:00:08,647 - DVPTest - DEBUG - [UI] _on_plot_update 收到 28 个数据点
2026-09-04 14:00:08,649 - DVPTest - INFO - [串口] cuff=0 mmHg
2026-09-04 14:00:08,740 - DVPTest - DEBUG - 发出 sig_data: t=2.870, p=0.00
2026-09-04 14:00:08,747 - DVPTest - DEBUG - process_data: t=2.87, p=0.0, v=0.000, a=0.0, phase=IDLE
2026-09-04 14:00:08,748 - DVPTest - DEBUG - 物理分类结果: STABLE
2026-09-04 14:00:08,749 - DVPTest - DEBUG - [UI] _on_plot_update 收到 29 个数据点
2026-09-04 14:00:08,752 - DVPTest - INFO - [串口] cuff=0 mmHg
2026-09-04 14:00:08,852 - DVPTest - DEBUG - 发出 sig_data: t=2.982, p=0.00
2026-09-04 14:00:08,853 - DVPTest - DEBUG - process_data: t=2.98, p=0.0, v=0.000, a=0.0, phase=IDLE
2026-09-04 14:00:08,854 - DVPTest - DEBUG - 物理分类结果: STABLE
2026-09-04 14:00:08,854 - DVPTest - DEBUG - [UI] _on_plot_update 收到 30 个数据点
2026-09-04 14:00:08,855 - DVPTest - INFO - [串口] cuff=0 mmHg
2026-09-04 14:00:08,948 - DVPTest - DEBUG - 发出 sig_data: t=3.078, p=0.00
2026-09-04 14:00:08,951 - DVPTest - DEBUG - process_data: t=3.08, p=0.0, v=0.000, a=0.0, phase=IDLE
2026-09-04 14:00:08,952 - DVPTest - DEBUG - 物理分类结果: STABLE
2026-09-04 14:00:08,954 - DVPTest - DEBUG - [UI] _on_plot_update 收到 31 个数据点
2026-09-04 14:00:08,957 - DVPTest - INFO - [串口] cuff=0 mmHg
2026-09-04 14:00:09,043 - DVPTest - DEBUG - 发出 sig_data: t=3.173, p=0.00
2026-09-04 14:00:09,045 - DVPTest - DEBUG - process_data: t=3.17, p=0.0, v=0.000, a=0.0, phase=IDLE
2026-09-04 14:00:09,045 - DVPTest - DEBUG - 物理分类结果: STABLE
2026-09-04 14:00:09,046 - DVPTest - DEBUG - [UI] _on_plot_update 收到 32 个数据点
2026-09-04 14:00:09,047 - DVPTest - INFO - [串口] cuff=0 mmHg
2026-09-04 14:00:09,140 - DVPTest - DEBUG - 发出 sig_data: t=3.269, p=0.00
2026-09-04 14:00:09,142 - DVPTest - DEBUG - process_data: t=3.27, p=0.0, v=0.000, a=0.0, phase=IDLE
2026-09-04 14:00:09,143 - DVPTest - DEBUG - 物理分类结果: STABLE
2026-09-04 14:00:09,144 - DVPTest - DEBUG - [UI] _on_plot_update 收到 33 个数据点
2026-09-04 14:00:09,146 - DVPTest - INFO - [串口] cuff=0 mmHg
2026-09-04 14:00:09,251 - DVPTest - DEBUG - 发出 sig_data: t=3.381, p=0.00
2026-09-04 14:00:09,254 - DVPTest - DEBUG - process_data: t=3.38, p=0.0, v=0.000, a=0.0, phase=IDLE
2026-09-04 14:00:09,255 - DVPTest - DEBUG - 物理分类结果: STABLE
2026-09-04 14:00:09,257 - DVPTest - DEBUG - [UI] _on_plot_update 收到 34 个数据点
2026-09-04 14:00:09,258 - DVPTest - INFO - [串口] cuff=0 mmHg
2026-09-04 14:00:09,348 - DVPTest - DEBUG - 发出 sig_data: t=3.477, p=0.00
2026-09-04 14:00:09,348 - DVPTest - DEBUG - process_data: t=3.48, p=0.0, v=0.000, a=0.0, phase=IDLE
2026-09-04 14:00:09,349 - DVPTest - DEBUG - 物理分类结果: STABLE
2026-09-04 14:00:09,350 - DVPTest - DEBUG - [UI] _on_plot_update 收到 35 个数据点
2026-09-04 14:00:09,351 - DVPTest - INFO - [串口] cuff=0 mmHg
2026-09-04 14:00:09,443 - DVPTest - DEBUG - 发出 sig_data: t=3.573, p=0.00
2026-09-04 14:00:09,444 - DVPTest - DEBUG - process_data: t=3.57, p=0.0, v=0.000, a=0.0, phase=IDLE
2026-09-04 14:00:09,445 - DVPTest - DEBUG - 物理分类结果: STABLE
2026-09-04 14:00:09,445 - DVPTest - DEBUG - [UI] _on_plot_update 收到 36 个数据点
2026-09-04 14:00:09,446 - DVPTest - INFO - [串口] cuff=0 mmHg
2026-09-04 14:00:09,539 - DVPTest - DEBUG - 发出 sig_data: t=3.668, p=0.00
2026-09-04 14:00:09,541 - DVPTest - DEBUG - process_data: t=3.67, p=0.0, v=0.000, a=0.0, phase=IDLE
2026-09-04 14:00:09,541 - DVPTest - DEBUG - 物理分类结果: STABLE
2026-09-04 14:00:09,542 - DVPTest - DEBUG - [UI] _on_plot_update 收到 37 个数据点
2026-09-04 14:00:09,542 - DVPTest - INFO - [串口] cuff=0 mmHg
2026-09-04 14:00:09,650 - DVPTest - DEBUG - 发出 sig_data: t=3.780, p=0.00
2026-09-04 14:00:09,651 - DVPTest - DEBUG - process_data: t=3.78, p=0.0, v=0.000, a=0.0, phase=IDLE
2026-09-04 14:00:09,652 - DVPTest - DEBUG - 物理分类结果: STABLE
2026-09-04 14:00:09,652 - DVPTest - DEBUG - [UI] _on_plot_update 收到 38 个数据点
2026-09-04 14:00:09,653 - DVPTest - INFO - [串口] cuff=0 mmHg
2026-09-04 14:00:09,746 - DVPTest - DEBUG - 发出 sig_data: t=3.876, p=0.00
2026-09-04 14:00:09,748 - DVPTest - DEBUG - process_data: t=3.88, p=0.0, v=0.000, a=0.0, phase=IDLE
2026-09-04 14:00:09,748 - DVPTest - DEBUG - 物理分类结果: STABLE
2026-09-04 14:00:09,749 - DVPTest - DEBUG - [UI] _on_plot_update 收到 39 个数据点
2026-09-04 14:00:09,749 - DVPTest - INFO - [串口] cuff=0 mmHg
2026-09-04 14:00:09,843 - DVPTest - DEBUG - 发出 sig_data: t=3.973, p=0.00
2026-09-04 14:00:09,847 - DVPTest - DEBUG - process_data: t=3.97, p=0.0, v=0.000, a=0.0, phase=IDLE
2026-09-04 14:00:09,848 - DVPTest - DEBUG - 物理分类结果: STABLE
2026-09-04 14:00:09,849 - DVPTest - DEBUG - [UI] _on_plot_update 收到 40 个数据点
2026-09-04 14:00:09,853 - DVPTest - INFO - [串口] cuff=0 mmHg
2026-09-04 14:00:09,954 - DVPTest - DEBUG - 发出 sig_data: t=4.083, p=0.00
2026-09-04 14:00:09,954 - DVPTest - DEBUG - process_data: t=4.08, p=0.0, v=0.000, a=0.0, phase=IDLE
2026-09-04 14:00:09,955 - DVPTest - DEBUG - 物理分类结果: STABLE
2026-09-04 14:00:09,956 - DVPTest - DEBUG - [UI] _on_plot_update 收到 41 个数据点
2026-09-04 14:00:09,957 - DVPTest - INFO - [串口] cuff=0 mmHg
2026-09-04 14:00:10,050 - DVPTest - DEBUG - 发出 sig_data: t=4.180, p=0.00
2026-09-04 14:00:10,054 - DVPTest - DEBUG - process_data: t=4.18, p=0.0, v=0.000, a=0.0, phase=IDLE
2026-09-04 14:00:10,055 - DVPTest - DEBUG - 物理分类结果: STABLE
2026-09-04 14:00:10,056 - DVPTest - DEBUG - [UI] _on_plot_update 收到 42 个数据点
2026-09-04 14:00:10,059 - DVPTest - INFO - [串口] cuff=0 mmHg
2026-09-04 14:00:10,146 - DVPTest - DEBUG - 发出 sig_data: t=4.276, p=0.00
2026-09-04 14:00:10,149 - DVPTest - DEBUG - process_data: t=4.28, p=0.0, v=0.000, a=0.0, phase=IDLE
2026-09-04 14:00:10,150 - DVPTest - DEBUG - 物理分类结果: STABLE
2026-09-04 14:00:10,151 - DVPTest - DEBUG - [UI] _on_plot_update 收到 43 个数据点
2026-09-04 14:00:10,154 - DVPTest - INFO - [串口] cuff=0 mmHg
2026-09-04 14:00:10,242 - DVPTest - DEBUG - 发出 sig_data: t=4.371, p=0.00
2026-09-04 14:00:10,243 - DVPTest - DEBUG - process_data: t=4.37, p=0.0, v=0.000, a=0.0, phase=IDLE
2026-09-04 14:00:10,244 - DVPTest - DEBUG - 物理分类结果: STABLE
2026-09-04 14:00:10,244 - DVPTest - DEBUG - [UI] _on_plot_update 收到 44 个数据点
2026-09-04 14:00:10,245 - DVPTest - INFO - [串口] cuff=0 mmHg
2026-09-04 14:00:10,354 - DVPTest - DEBUG - 发出 sig_data: t=4.483, p=0.00
2026-09-04 14:00:10,354 - DVPTest - DEBUG - process_data: t=4.48, p=0.0, v=0.000, a=0.0, phase=IDLE
2026-09-04 14:00:10,355 - DVPTest - DEBUG - 物理分类结果: STABLE
2026-09-04 14:00:10,356 - DVPTest - DEBUG - [UI] _on_plot_update 收到 45 个数据点
2026-09-04 14:00:10,358 - DVPTest - INFO - [串口] cuff=0 mmHg
2026-09-04 14:00:10,449 - DVPTest - DEBUG - 发出 sig_data: t=4.579, p=0.00
2026-09-04 14:00:10,450 - DVPTest - DEBUG - process_data: t=4.58, p=0.0, v=0.000, a=0.0, phase=IDLE
2026-09-04 14:00:10,451 - DVPTest - DEBUG - 物理分类结果: STABLE
2026-09-04 14:00:10,452 - DVPTest - DEBUG - [UI] _on_plot_update 收到 46 个数据点
2026-09-04 14:00:10,454 - DVPTest - INFO - [串口] cuff=0 mmHg
2026-09-04 14:00:10,545 - DVPTest - DEBUG - 发出 sig_data: t=4.675, p=0.00
2026-09-04 14:00:10,547 - DVPTest - DEBUG - process_data: t=4.67, p=0.0, v=0.000, a=0.0, phase=IDLE
2026-09-04 14:00:10,548 - DVPTest - DEBUG - 物理分类结果: STABLE
2026-09-04 14:00:10,548 - DVPTest - DEBUG - [UI] _on_plot_update 收到 47 个数据点
2026-09-04 14:00:10,551 - DVPTest - INFO - [串口] cuff=0 mmHg
2026-09-04 14:00:10,641 - DVPTest - DEBUG - 发出 sig_data: t=4.771, p=0.00
2026-09-04 14:00:10,643 - DVPTest - DEBUG - process_data: t=4.77, p=0.0, v=0.000, a=0.0, phase=IDLE
2026-09-04 14:00:10,644 - DVPTest - DEBUG - 物理分类结果: STABLE
2026-09-04 14:00:10,644 - DVPTest - DEBUG - [UI] _on_plot_update 收到 48 个数据点
2026-09-04 14:00:10,647 - DVPTest - INFO - [串口] cuff=0 mmHg
2026-09-04 14:00:10,753 - DVPTest - DEBUG - 发出 sig_data: t=4.882, p=0.00
2026-09-04 14:00:10,754 - DVPTest - DEBUG - process_data: t=4.88, p=0.0, v=0.000, a=0.0, phase=IDLE
2026-09-04 14:00:10,754 - DVPTest - DEBUG - 物理分类结果: STABLE
2026-09-04 14:00:10,755 - DVPTest - DEBUG - [UI] _on_plot_update 收到 49 个数据点
2026-09-04 14:00:10,756 - DVPTest - INFO - [串口] cuff=0 mmHg
2026-09-04 14:00:10,848 - DVPTest - DEBUG - 发出 sig_data: t=4.978, p=0.00
2026-09-04 14:00:10,851 - DVPTest - DEBUG - process_data: t=4.98, p=0.0, v=0.000, a=0.0, phase=IDLE
2026-09-04 14:00:10,852 - DVPTest - DEBUG - 物理分类结果: STABLE
2026-09-04 14:00:10,852 - DVPTest - DEBUG - [UI] _on_plot_update 收到 50 个数据点
2026-09-04 14:00:10,855 - DVPTest - INFO - [串口] cuff=0 mmHg
2026-09-04 14:00:10,945 - DVPTest - DEBUG - 发出 sig_data: t=5.075, p=0.00
2026-09-04 14:00:10,949 - DVPTest - DEBUG - process_data: t=5.08, p=0.0, v=0.000, a=0.0, phase=IDLE
2026-09-04 14:00:10,950 - DVPTest - DEBUG - 物理分类结果: STABLE
2026-09-04 14:00:10,951 - DVPTest - DEBUG - [UI] _on_plot_update 收到 51 个数据点
2026-09-04 14:00:10,955 - DVPTest - INFO - [串口] cuff=0 mmHg
2026-09-04 14:00:11,056 - DVPTest - DEBUG - 发出 sig_data: t=5.186, p=0.00
2026-09-04 14:00:11,057 - DVPTest - DEBUG - process_data: t=5.19, p=0.0, v=0.000, a=0.0, phase=IDLE
2026-09-04 14:00:11,057 - DVPTest - DEBUG - 物理分类结果: STABLE
2026-09-04 14:00:11,058 - DVPTest - DEBUG - [UI] _on_plot_update 收到 52 个数据点
2026-09-04 14:00:11,060 - DVPTest - INFO - [串口] cuff=0 mmHg
2026-09-04 14:00:11,152 - DVPTest - DEBUG - 发出 sig_data: t=5.282, p=0.00
2026-09-04 14:00:11,155 - DVPTest - DEBUG - process_data: t=5.28, p=0.0, v=0.000, a=0.0, phase=IDLE
2026-09-04 14:00:11,156 - DVPTest - DEBUG - 物理分类结果: STABLE
2026-09-04 14:00:11,157 - DVPTest - DEBUG - [UI] _on_plot_update 收到 53 个数据点
2026-09-04 14:00:11,160 - DVPTest - INFO - [串口] cuff=0 mmHg
2026-09-04 14:00:11,249 - DVPTest - DEBUG - 发出 sig_data: t=5.379, p=0.00
2026-09-04 14:00:11,251 - DVPTest - DEBUG - process_data: t=5.38, p=0.0, v=0.000, a=0.0, phase=IDLE
2026-09-04 14:00:11,252 - DVPTest - DEBUG - 物理分类结果: STABLE
2026-09-04 14:00:11,254 - DVPTest - DEBUG - [UI] _on_plot_update 收到 54 个数据点
2026-09-04 14:00:11,256 - DVPTest - INFO - [串口] cuff=0 mmHg
2026-09-04 14:00:11,344 - DVPTest - DEBUG - 发出 sig_data: t=5.474, p=0.00
2026-09-04 14:00:11,345 - DVPTest - DEBUG - process_data: t=5.47, p=0.0, v=0.000, a=0.0, phase=IDLE
2026-09-04 14:00:11,346 - DVPTest - DEBUG - 物理分类结果: STABLE
2026-09-04 14:00:11,346 - DVPTest - DEBUG - [UI] _on_plot_update 收到 55 个数据点
2026-09-04 14:00:11,348 - DVPTest - INFO - [串口] cuff=0 mmHg
2026-09-04 14:00:11,456 - DVPTest - DEBUG - 发出 sig_data: t=5.585, p=0.00
2026-09-04 14:00:11,458 - DVPTest - DEBUG - process_data: t=5.59, p=0.0, v=0.000, a=0.0, phase=IDLE
2026-09-04 14:00:11,459 - DVPTest - DEBUG - 物理分类结果: STABLE
2026-09-04 14:00:11,460 - DVPTest - DEBUG - [UI] _on_plot_update 收到 56 个数据点
2026-09-04 14:00:11,462 - DVPTest - INFO - [串口] cuff=0 mmHg
2026-09-04 14:00:11,552 - DVPTest - DEBUG - 发出 sig_data: t=5.682, p=0.00
2026-09-04 14:00:11,556 - DVPTest - DEBUG - process_data: t=5.68, p=0.0, v=0.000, a=0.0, phase=IDLE
2026-09-04 14:00:11,557 - DVPTest - DEBUG - 物理分类结果: STABLE
2026-09-04 14:00:11,559 - DVPTest - DEBUG - [UI] _on_plot_update 收到 57 个数据点
2026-09-04 14:00:11,561 - DVPTest - INFO - [串口] cuff=0 mmHg
2026-09-04 14:00:11,647 - DVPTest - DEBUG - 发出 sig_data: t=5.777, p=0.00
2026-09-04 14:00:11,649 - DVPTest - DEBUG - process_data: t=5.78, p=0.0, v=0.000, a=0.0, phase=IDLE
2026-09-04 14:00:11,649 - DVPTest - DEBUG - 物理分类结果: STABLE
2026-09-04 14:00:11,650 - DVPTest - DEBUG - [UI] _on_plot_update 收到 58 个数据点
2026-09-04 14:00:11,652 - DVPTest - INFO - [串口] cuff=0 mmHg
2026-09-04 14:00:11,744 - DVPTest - DEBUG - 发出 sig_data: t=5.873, p=0.00
2026-09-04 14:00:11,747 - DVPTest - DEBUG - process_data: t=5.87, p=0.0, v=0.000, a=0.0, phase=IDLE
2026-09-04 14:00:11,748 - DVPTest - DEBUG - 物理分类结果: STABLE
2026-09-04 14:00:11,750 - DVPTest - DEBUG - [UI] _on_plot_update 收到 59 个数据点
2026-09-04 14:00:11,753 - DVPTest - INFO - [串口] cuff=0 mmHg
2026-09-04 14:00:11,855 - DVPTest - DEBUG - 发出 sig_data: t=5.985, p=0.00
2026-09-04 14:00:11,856 - DVPTest - DEBUG - process_data: t=5.98, p=0.0, v=0.000, a=0.0, phase=IDLE
2026-09-04 14:00:11,857 - DVPTest - DEBUG - 物理分类结果: STABLE
2026-09-04 14:00:11,857 - DVPTest - DEBUG - [UI] _on_plot_update 收到 60 个数据点
2026-09-04 14:00:11,858 - DVPTest - INFO - [串口] cuff=0 mmHg
2026-09-04 14:00:11,952 - DVPTest - DEBUG - 发出 sig_data: t=6.081, p=0.00
2026-09-04 14:00:11,954 - DVPTest - DEBUG - process_data: t=6.08, p=0.0, v=0.000, a=0.0, phase=IDLE
2026-09-04 14:00:11,955 - DVPTest - DEBUG - 物理分类结果: STABLE
2026-09-04 14:00:11,955 - DVPTest - DEBUG - [UI] _on_plot_update 收到 61 个数据点
2026-09-04 14:00:11,956 - DVPTest - INFO - [串口] cuff=0 mmHg
2026-09-04 14:00:12,047 - DVPTest - DEBUG - 发出 sig_data: t=6.177, p=0.00
2026-09-04 14:00:12,049 - DVPTest - DEBUG - process_data: t=6.18, p=0.0, v=0.000, a=0.0, phase=IDLE
2026-09-04 14:00:12,051 - DVPTest - DEBUG - 物理分类结果: STABLE
2026-09-04 14:00:12,052 - DVPTest - DEBUG - [UI] _on_plot_update 收到 62 个数据点
2026-09-04 14:00:12,054 - DVPTest - INFO - [串口] cuff=0 mmHg
2026-09-04 14:00:12,143 - DVPTest - DEBUG - 发出 sig_data: t=6.272, p=0.00
2026-09-04 14:00:12,144 - DVPTest - DEBUG - process_data: t=6.27, p=0.0, v=0.000, a=0.0, phase=IDLE
2026-09-04 14:00:12,144 - DVPTest - DEBUG - 物理分类结果: STABLE
2026-09-04 14:00:12,144 - DVPTest - DEBUG - [UI] _on_plot_update 收到 63 个数据点
2026-09-04 14:00:12,146 - DVPTest - INFO - [串口] cuff=0 mmHg
2026-09-04 14:00:12,255 - DVPTest - DEBUG - 发出 sig_data: t=6.385, p=0.00
2026-09-04 14:00:12,259 - DVPTest - DEBUG - process_data: t=6.38, p=0.0, v=0.000, a=0.0, phase=IDLE
2026-09-04 14:00:12,260 - DVPTest - DEBUG - 物理分类结果: STABLE
2026-09-04 14:00:12,261 - DVPTest - DEBUG - [UI] _on_plot_update 收到 64 个数据点
2026-09-04 14:00:12,264 - DVPTest - INFO - [串口] cuff=0 mmHg
2026-09-04 14:00:12,350 - DVPTest - DEBUG - 发出 sig_data: t=6.480, p=0.00
2026-09-04 14:00:12,353 - DVPTest - DEBUG - process_data: t=6.48, p=0.0, v=0.000, a=0.0, phase=IDLE
2026-09-04 14:00:12,354 - DVPTest - DEBUG - 物理分类结果: STABLE
2026-09-04 14:00:12,355 - DVPTest - DEBUG - [UI] _on_plot_update 收到 65 个数据点
2026-09-04 14:00:12,357 - DVPTest - INFO - [串口] cuff=0 mmHg
2026-09-04 14:00:12,447 - DVPTest - DEBUG - 发出 sig_data: t=6.576, p=0.00
2026-09-04 14:00:12,447 - DVPTest - DEBUG - process_data: t=6.58, p=0.0, v=0.000, a=0.0, phase=IDLE
2026-09-04 14:00:12,449 - DVPTest - DEBUG - 物理分类结果: STABLE
2026-09-04 14:00:12,450 - DVPTest - DEBUG - [UI] _on_plot_update 收到 66 个数据点
2026-09-04 14:00:12,452 - DVPTest - INFO - [串口] cuff=0 mmHg
2026-09-04 14:00:12,543 - DVPTest - DEBUG - 发出 sig_data: t=6.673, p=0.00
2026-09-04 14:00:12,545 - DVPTest - DEBUG - process_data: t=6.67, p=0.0, v=0.000, a=0.0, phase=IDLE
2026-09-04 14:00:12,546 - DVPTest - DEBUG - 物理分类结果: STABLE
2026-09-04 14:00:12,548 - DVPTest - DEBUG - [UI] _on_plot_update 收到 67 个数据点
2026-09-04 14:00:12,550 - DVPTest - INFO - [串口] cuff=0 mmHg
2026-09-04 14:00:12,654 - DVPTest - DEBUG - 发出 sig_data: t=6.784, p=0.00
2026-09-04 14:00:12,655 - DVPTest - DEBUG - process_data: t=6.78, p=0.0, v=0.000, a=0.0, phase=IDLE
2026-09-04 14:00:12,656 - DVPTest - DEBUG - 物理分类结果: STABLE
2026-09-04 14:00:12,656 - DVPTest - DEBUG - [UI] _on_plot_update 收到 68 个数据点
2026-09-04 14:00:12,657 - DVPTest - INFO - [串口] cuff=0 mmHg
2026-09-04 14:00:12,750 - DVPTest - DEBUG - 发出 sig_data: t=6.880, p=0.00
2026-09-04 14:00:12,752 - DVPTest - DEBUG - process_data: t=6.88, p=0.0, v=0.000, a=0.0, phase=IDLE
2026-09-04 14:00:12,753 - DVPTest - DEBUG - 物理分类结果: STABLE
2026-09-04 14:00:12,754 - DVPTest - DEBUG - [UI] _on_plot_update 收到 69 个数据点
2026-09-04 14:00:12,758 - DVPTest - INFO - [串口] cuff=0 mmHg
2026-09-04 14:00:12,845 - DVPTest - DEBUG - 发出 sig_data: t=6.975, p=0.00
2026-09-04 14:00:12,847 - DVPTest - DEBUG - process_data: t=6.98, p=0.0, v=0.000, a=0.0, phase=IDLE
2026-09-04 14:00:12,847 - DVPTest - DEBUG - 物理分类结果: STABLE
2026-09-04 14:00:12,848 - DVPTest - DEBUG - [UI] _on_plot_update 收到 70 个数据点
2026-09-04 14:00:12,849 - DVPTest - INFO - [串口] cuff=0 mmHg
2026-09-04 14:00:12,942 - DVPTest - DEBUG - 发出 sig_data: t=7.071, p=0.00
2026-09-04 14:00:12,942 - DVPTest - DEBUG - process_data: t=7.07, p=0.0, v=0.000, a=0.0, phase=IDLE
2026-09-04 14:00:12,943 - DVPTest - DEBUG - 物理分类结果: STABLE
2026-09-04 14:00:12,943 - DVPTest - DEBUG - [UI] _on_plot_update 收到 71 个数据点
2026-09-04 14:00:12,944 - DVPTest - INFO - [串口] cuff=0 mmHg
2026-09-04 14:00:13,054 - DVPTest - DEBUG - 发出 sig_data: t=7.184, p=0.00
2026-09-04 14:00:13,057 - DVPTest - DEBUG - process_data: t=7.18, p=0.0, v=0.000, a=0.0, phase=IDLE
2026-09-04 14:00:13,058 - DVPTest - DEBUG - 物理分类结果: STABLE
2026-09-04 14:00:13,059 - DVPTest - DEBUG - [UI] _on_plot_update 收到 72 个数据点
2026-09-04 14:00:13,063 - DVPTest - INFO - [串口] cuff=0 mmHg
2026-09-04 14:00:13,150 - DVPTest - DEBUG - 发出 sig_data: t=7.279, p=0.00
2026-09-04 14:00:13,151 - DVPTest - DEBUG - process_data: t=7.28, p=0.0, v=0.000, a=0.0, phase=IDLE
2026-09-04 14:00:13,151 - DVPTest - DEBUG - 物理分类结果: STABLE
2026-09-04 14:00:13,152 - DVPTest - DEBUG - [UI] _on_plot_update 收到 73 个数据点
2026-09-04 14:00:13,153 - DVPTest - INFO - [串口] cuff=0 mmHg
2026-09-04 14:00:13,246 - DVPTest - DEBUG - 发出 sig_data: t=7.375, p=0.00
2026-09-04 14:00:13,246 - DVPTest - DEBUG - process_data: t=7.38, p=0.0, v=0.000, a=0.0, phase=IDLE
2026-09-04 14:00:13,247 - DVPTest - DEBUG - 物理分类结果: STABLE
2026-09-04 14:00:13,248 - DVPTest - DEBUG - [UI] _on_plot_update 收到 74 个数据点
2026-09-04 14:00:13,250 - DVPTest - INFO - [串口] cuff=0 mmHg
2026-09-04 14:00:13,357 - DVPTest - DEBUG - 发出 sig_data: t=7.486, p=0.00
2026-09-04 14:00:13,358 - DVPTest - DEBUG - process_data: t=7.49, p=0.0, v=0.000, a=0.0, phase=IDLE
2026-09-04 14:00:13,358 - DVPTest - DEBUG - 物理分类结果: STABLE
2026-09-04 14:00:13,360 - DVPTest - DEBUG - [UI] _on_plot_update 收到 75 个数据点
2026-09-04 14:00:13,363 - DVPTest - INFO - [串口] cuff=0 mmHg
2026-09-04 14:00:13,453 - DVPTest - DEBUG - 发出 sig_data: t=7.583, p=0.00
2026-09-04 14:00:13,455 - DVPTest - DEBUG - process_data: t=7.58, p=0.0, v=0.000, a=0.0, phase=IDLE
2026-09-04 14:00:13,456 - DVPTest - DEBUG - 物理分类结果: STABLE
2026-09-04 14:00:13,457 - DVPTest - DEBUG - [UI] _on_plot_update 收到 76 个数据点
2026-09-04 14:00:13,458 - DVPTest - INFO - [串口] cuff=0 mmHg
2026-09-04 14:00:13,549 - DVPTest - DEBUG - 发出 sig_data: t=7.679, p=0.00
2026-09-04 14:00:13,553 - DVPTest - DEBUG - process_data: t=7.68, p=0.0, v=0.000, a=0.0, phase=IDLE
2026-09-04 14:00:13,555 - DVPTest - DEBUG - 物理分类结果: STABLE
2026-09-04 14:00:13,555 - DVPTest - DEBUG - [UI] _on_plot_update 收到 77 个数据点
2026-09-04 14:00:13,558 - DVPTest - INFO - [串口] cuff=0 mmHg
2026-09-04 14:00:13,645 - DVPTest - DEBUG - 发出 sig_data: t=7.774, p=0.00
2026-09-04 14:00:13,647 - DVPTest - DEBUG - process_data: t=7.77, p=0.0, v=0.000, a=0.0, phase=IDLE
2026-09-04 14:00:13,647 - DVPTest - DEBUG - 物理分类结果: STABLE
2026-09-04 14:00:13,648 - DVPTest - DEBUG - [UI] _on_plot_update 收到 78 个数据点
2026-09-04 14:00:13,650 - DVPTest - INFO - [串口] cuff=0 mmHg
2026-09-04 14:00:13,756 - DVPTest - DEBUG - 发出 sig_data: t=7.886, p=0.00
2026-09-04 14:00:13,758 - DVPTest - DEBUG - process_data: t=7.89, p=0.0, v=0.000, a=0.0, phase=IDLE
2026-09-04 14:00:13,758 - DVPTest - DEBUG - 物理分类结果: STABLE
2026-09-04 14:00:13,759 - DVPTest - DEBUG - [UI] _on_plot_update 收到 79 个数据点
2026-09-04 14:00:13,761 - DVPTest - INFO - [串口] cuff=0 mmHg
2026-09-04 14:00:13,852 - DVPTest - DEBUG - 发出 sig_data: t=7.981, p=0.00
2026-09-04 14:00:13,853 - DVPTest - DEBUG - process_data: t=7.98, p=0.0, v=0.000, a=0.0, phase=IDLE
2026-09-04 14:00:13,854 - DVPTest - DEBUG - 物理分类结果: STABLE
2026-09-04 14:00:13,854 - DVPTest - DEBUG - [UI] _on_plot_update 收到 80 个数据点
2026-09-04 14:00:13,855 - DVPTest - INFO - [串口] cuff=0 mmHg
2026-09-04 14:00:13,948 - DVPTest - DEBUG - 发出 sig_data: t=8.078, p=0.00
2026-09-04 14:00:13,950 - DVPTest - DEBUG - process_data: t=8.08, p=0.0, v=0.000, a=0.0, phase=IDLE
2026-09-04 14:00:13,951 - DVPTest - DEBUG - 物理分类结果: STABLE
2026-09-04 14:00:13,952 - DVPTest - DEBUG - [UI] _on_plot_update 收到 81 个数据点
2026-09-04 14:00:13,955 - DVPTest - INFO - [串口] cuff=0 mmHg
2026-09-04 14:00:14,044 - DVPTest - DEBUG - 发出 sig_data: t=8.173, p=0.00
2026-09-04 14:00:14,045 - DVPTest - DEBUG - process_data: t=8.17, p=0.0, v=0.000, a=0.0, phase=IDLE
2026-09-04 14:00:14,045 - DVPTest - DEBUG - 物理分类结果: STABLE
2026-09-04 14:00:14,046 - DVPTest - DEBUG - [UI] _on_plot_update 收到 82 个数据点
2026-09-04 14:00:14,048 - DVPTest - INFO - [串口] cuff=0 mmHg
2026-09-04 14:00:14,156 - DVPTest - DEBUG - 发出 sig_data: t=8.286, p=0.00
2026-09-04 14:00:14,160 - DVPTest - DEBUG - process_data: t=8.29, p=0.0, v=0.000, a=0.0, phase=IDLE
2026-09-04 14:00:14,161 - DVPTest - DEBUG - 物理分类结果: STABLE
2026-09-04 14:00:14,163 - DVPTest - DEBUG - [UI] _on_plot_update 收到 83 个数据点
2026-09-04 14:00:14,165 - DVPTest - INFO - [串口] cuff=0 mmHg
2026-09-04 14:00:14,252 - DVPTest - DEBUG - 发出 sig_data: t=8.382, p=0.00
2026-09-04 14:00:14,254 - DVPTest - DEBUG - process_data: t=8.38, p=0.0, v=0.000, a=0.0, phase=IDLE
2026-09-04 14:00:14,255 - DVPTest - DEBUG - 物理分类结果: STABLE
2026-09-04 14:00:14,257 - DVPTest - DEBUG - [UI] _on_plot_update 收到 84 个数据点
2026-09-04 14:00:14,260 - DVPTest - INFO - [串口] cuff=0 mmHg
2026-09-04 14:00:14,348 - DVPTest - DEBUG - 发出 sig_data: t=8.477, p=0.00
2026-09-04 14:00:14,348 - DVPTest - DEBUG - process_data: t=8.48, p=0.0, v=0.000, a=0.0, phase=IDLE
2026-09-04 14:00:14,349 - DVPTest - DEBUG - 物理分类结果: STABLE
2026-09-04 14:00:14,350 - DVPTest - DEBUG - [UI] _on_plot_update 收到 85 个数据点
2026-09-04 14:00:14,351 - DVPTest - INFO - [串口] cuff=0 mmHg
2026-09-04 14:00:14,443 - DVPTest - DEBUG - 发出 sig_data: t=8.573, p=0.00
2026-09-04 14:00:14,445 - DVPTest - DEBUG - process_data: t=8.57, p=0.0, v=0.000, a=0.0, phase=IDLE
2026-09-04 14:00:14,446 - DVPTest - DEBUG - 物理分类结果: STABLE
2026-09-04 14:00:14,446 - DVPTest - DEBUG - [UI] _on_plot_update 收到 86 个数据点
2026-09-04 14:00:14,449 - DVPTest - INFO - [串口] cuff=0 mmHg
2026-09-04 14:00:14,555 - DVPTest - DEBUG - 发出 sig_data: t=8.685, p=0.00
2026-09-04 14:00:14,557 - DVPTest - DEBUG - process_data: t=8.68, p=0.0, v=0.000, a=0.0, phase=IDLE
2026-09-04 14:00:14,557 - DVPTest - DEBUG - 物理分类结果: STABLE
2026-09-04 14:00:14,557 - DVPTest - DEBUG - [UI] _on_plot_update 收到 87 个数据点
2026-09-04 14:00:14,559 - DVPTest - INFO - [串口] cuff=0 mmHg
2026-09-04 14:00:14,651 - DVPTest - DEBUG - 发出 sig_data: t=8.780, p=0.00
2026-09-04 14:00:14,651 - DVPTest - DEBUG - process_data: t=8.78, p=0.0, v=0.000, a=0.0, phase=IDLE
2026-09-04 14:00:14,652 - DVPTest - DEBUG - 物理分类结果: STABLE
2026-09-04 14:00:14,652 - DVPTest - DEBUG - [UI] _on_plot_update 收到 88 个数据点
2026-09-04 14:00:14,654 - DVPTest - INFO - [串口] cuff=0 mmHg
2026-09-04 14:00:14,747 - DVPTest - DEBUG - 发出 sig_data: t=8.876, p=0.00
2026-09-04 14:00:14,748 - DVPTest - DEBUG - process_data: t=8.88, p=0.0, v=0.000, a=0.0, phase=IDLE
2026-09-04 14:00:14,750 - DVPTest - DEBUG - 物理分类结果: STABLE
2026-09-04 14:00:14,751 - DVPTest - DEBUG - [UI] _on_plot_update 收到 89 个数据点
2026-09-04 14:00:14,754 - DVPTest - INFO - [串口] cuff=0 mmHg
2026-09-04 14:00:14,843 - DVPTest - DEBUG - 发出 sig_data: t=8.972, p=0.00
2026-09-04 14:00:14,845 - DVPTest - DEBUG - process_data: t=8.97, p=0.0, v=0.000, a=0.0, phase=IDLE
2026-09-04 14:00:14,845 - DVPTest - DEBUG - 物理分类结果: STABLE
2026-09-04 14:00:14,846 - DVPTest - DEBUG - [UI] _on_plot_update 收到 90 个数据点
2026-09-04 14:00:14,847 - DVPTest - INFO - [串口] cuff=0 mmHg
2026-09-04 14:00:14,954 - DVPTest - DEBUG - 发出 sig_data: t=9.084, p=0.00
2026-09-04 14:00:14,957 - DVPTest - DEBUG - process_data: t=9.08, p=0.0, v=0.000, a=0.0, phase=IDLE
2026-09-04 14:00:14,958 - DVPTest - DEBUG - 物理分类结果: STABLE
2026-09-04 14:00:14,960 - DVPTest - DEBUG - [UI] _on_plot_update 收到 91 个数据点
2026-09-04 14:00:14,963 - DVPTest - INFO - [串口] cuff=0 mmHg
2026-09-04 14:00:15,050 - DVPTest - DEBUG - 发出 sig_data: t=9.180, p=0.00
2026-09-04 14:00:15,052 - DVPTest - DEBUG - process_data: t=9.18, p=0.0, v=0.000, a=0.0, phase=IDLE
2026-09-04 14:00:15,053 - DVPTest - DEBUG - 物理分类结果: STABLE
2026-09-04 14:00:15,056 - DVPTest - DEBUG - [UI] _on_plot_update 收到 92 个数据点
2026-09-04 14:00:15,059 - DVPTest - INFO - [串口] cuff=0 mmHg
2026-09-04 14:00:15,146 - DVPTest - DEBUG - 发出 sig_data: t=9.276, p=0.00
2026-09-04 14:00:15,147 - DVPTest - DEBUG - process_data: t=9.28, p=0.0, v=0.000, a=0.0, phase=IDLE
2026-09-04 14:00:15,148 - DVPTest - DEBUG - 物理分类结果: STABLE
2026-09-04 14:00:15,148 - DVPTest - DEBUG - [UI] _on_plot_update 收到 93 个数据点
2026-09-04 14:00:15,149 - DVPTest - INFO - [串口] cuff=0 mmHg
2026-09-04 14:00:15,242 - DVPTest - DEBUG - 发出 sig_data: t=9.372, p=0.00
2026-09-04 14:00:15,245 - DVPTest - DEBUG - process_data: t=9.37, p=0.0, v=0.000, a=0.0, phase=IDLE
2026-09-04 14:00:15,246 - DVPTest - DEBUG - 物理分类结果: STABLE
2026-09-04 14:00:15,247 - DVPTest - DEBUG - [UI] _on_plot_update 收到 94 个数据点
2026-09-04 14:00:15,250 - DVPTest - INFO - [串口] cuff=0 mmHg
2026-09-04 14:00:15,354 - DVPTest - DEBUG - 发出 sig_data: t=9.484, p=0.00
2026-09-04 14:00:15,356 - DVPTest - DEBUG - process_data: t=9.48, p=0.0, v=0.000, a=0.0, phase=IDLE
2026-09-04 14:00:15,357 - DVPTest - DEBUG - 物理分类结果: STABLE
2026-09-04 14:00:15,357 - DVPTest - DEBUG - [UI] _on_plot_update 收到 95 个数据点
2026-09-04 14:00:15,360 - DVPTest - INFO - [串口] cuff=0 mmHg
2026-09-04 14:00:15,450 - DVPTest - DEBUG - 发出 sig_data: t=9.579, p=0.00
2026-09-04 14:00:15,450 - DVPTest - DEBUG - process_data: t=9.58, p=0.0, v=0.000, a=0.0, phase=IDLE
2026-09-04 14:00:15,451 - DVPTest - DEBUG - 物理分类结果: STABLE
2026-09-04 14:00:15,452 - DVPTest - DEBUG - [UI] _on_plot_update 收到 96 个数据点
2026-09-04 14:00:15,454 - DVPTest - INFO - [串口] cuff=0 mmHg
2026-09-04 14:00:15,546 - DVPTest - DEBUG - 发出 sig_data: t=9.675, p=0.00
2026-09-04 14:00:15,548 - DVPTest - DEBUG - process_data: t=9.68, p=0.0, v=0.000, a=0.0, phase=IDLE
2026-09-04 14:00:15,549 - DVPTest - DEBUG - 物理分类结果: STABLE
2026-09-04 14:00:15,550 - DVPTest - DEBUG - [UI] _on_plot_update 收到 97 个数据点
2026-09-04 14:00:15,553 - DVPTest - INFO - [串口] cuff=0 mmHg
2026-09-04 14:00:15,657 - DVPTest - DEBUG - 发出 sig_data: t=9.786, p=0.00
2026-09-04 14:00:15,658 - DVPTest - DEBUG - process_data: t=9.79, p=0.0, v=0.000, a=0.0, phase=IDLE
2026-09-04 14:00:15,658 - DVPTest - DEBUG - 物理分类结果: STABLE
2026-09-04 14:00:15,659 - DVPTest - DEBUG - [UI] _on_plot_update 收到 98 个数据点
2026-09-04 14:00:15,660 - DVPTest - INFO - [串口] cuff=0 mmHg
2026-09-04 14:00:15,753 - DVPTest - DEBUG - 发出 sig_data: t=9.883, p=0.00
2026-09-04 14:00:15,755 - DVPTest - DEBUG - process_data: t=9.88, p=0.0, v=0.000, a=0.0, phase=IDLE
2026-09-04 14:00:15,756 - DVPTest - DEBUG - 物理分类结果: STABLE
2026-09-04 14:00:15,757 - DVPTest - DEBUG - [UI] _on_plot_update 收到 99 个数据点
2026-09-04 14:00:15,761 - DVPTest - INFO - [串口] cuff=0 mmHg
2026-09-04 14:00:15,849 - DVPTest - DEBUG - 发出 sig_data: t=9.978, p=0.00
2026-09-04 14:00:15,851 - DVPTest - DEBUG - process_data: t=9.98, p=0.0, v=0.000, a=0.0, phase=IDLE
2026-09-04 14:00:15,852 - DVPTest - DEBUG - 物理分类结果: STABLE
2026-09-04 14:00:15,854 - DVPTest - DEBUG - [UI] _on_plot_update 收到 100 个数据点
2026-09-04 14:00:15,856 - DVPTest - INFO - [串口] cuff=0 mmHg
2026-09-04 14:00:15,945 - DVPTest - DEBUG - 发出 sig_data: t=10.074, p=0.00
2026-09-04 14:00:15,945 - DVPTest - DEBUG - process_data: t=10.07, p=0.0, v=0.000, a=0.0, phase=IDLE
2026-09-04 14:00:15,946 - DVPTest - DEBUG - 物理分类结果: STABLE
2026-09-04 14:00:15,947 - DVPTest - DEBUG - [UI] _on_plot_update 收到 101 个数据点
2026-09-04 14:00:15,949 - DVPTest - INFO - [串口] cuff=0 mmHg
2026-09-04 14:00:16,056 - DVPTest - DEBUG - 发出 sig_data: t=10.186, p=0.00
2026-09-04 14:00:16,059 - DVPTest - DEBUG - process_data: t=10.19, p=0.0, v=0.000, a=0.0, phase=IDLE
2026-09-04 14:00:16,060 - DVPTest - DEBUG - 物理分类结果: STABLE
2026-09-04 14:00:16,061 - DVPTest - DEBUG - [UI] _on_plot_update 收到 102 个数据点
2026-09-04 14:00:16,065 - DVPTest - INFO - [串口] cuff=0 mmHg
2026-09-04 14:00:16,153 - DVPTest - DEBUG - 发出 sig_data: t=10.283, p=0.00
2026-09-04 14:00:16,154 - DVPTest - DEBUG - process_data: t=10.28, p=0.0, v=0.000, a=0.0, phase=IDLE
2026-09-04 14:00:16,155 - DVPTest - DEBUG - 物理分类结果: STABLE
2026-09-04 14:00:16,156 - DVPTest - DEBUG - [UI] _on_plot_update 收到 103 个数据点
2026-09-04 14:00:16,158 - DVPTest - INFO - [串口] cuff=0 mmHg
2026-09-04 14:00:16,248 - DVPTest - DEBUG - 发出 sig_data: t=10.378, p=0.00
2026-09-04 14:00:16,249 - DVPTest - DEBUG - process_data: t=10.38, p=0.0, v=0.000, a=0.0, phase=IDLE
2026-09-04 14:00:16,250 - DVPTest - DEBUG - 物理分类结果: STABLE
2026-09-04 14:00:16,250 - DVPTest - DEBUG - [UI] _on_plot_update 收到 104 个数据点
2026-09-04 14:00:16,251 - DVPTest - INFO - [串口] cuff=0 mmHg
2026-09-04 14:00:16,344 - DVPTest - DEBUG - 发出 sig_data: t=10.474, p=0.00
2026-09-04 14:00:16,346 - DVPTest - DEBUG - process_data: t=10.47, p=0.0, v=0.000, a=0.0, phase=IDLE
2026-09-04 14:00:16,347 - DVPTest - DEBUG - 物理分类结果: STABLE
2026-09-04 14:00:16,348 - DVPTest - DEBUG - [UI] _on_plot_update 收到 105 个数据点
2026-09-04 14:00:16,351 - DVPTest - INFO - [串口] cuff=0 mmHg
2026-09-04 14:00:16,456 - DVPTest - DEBUG - 发出 sig_data: t=10.586, p=0.00
2026-09-04 14:00:16,460 - DVPTest - DEBUG - process_data: t=10.59, p=0.0, v=0.000, a=0.0, phase=IDLE
2026-09-04 14:00:16,461 - DVPTest - DEBUG - 物理分类结果: STABLE
2026-09-04 14:00:16,462 - DVPTest - DEBUG - [UI] _on_plot_update 收到 106 个数据点
2026-09-04 14:00:16,465 - DVPTest - INFO - [串口] cuff=0 mmHg
2026-09-04 14:00:16,552 - DVPTest - DEBUG - 发出 sig_data: t=10.681, p=0.00
2026-09-04 14:00:16,553 - DVPTest - DEBUG - process_data: t=10.68, p=0.0, v=0.000, a=0.0, phase=IDLE
2026-09-04 14:00:16,554 - DVPTest - DEBUG - 物理分类结果: STABLE
2026-09-04 14:00:16,555 - DVPTest - DEBUG - [UI] _on_plot_update 收到 107 个数据点
2026-09-04 14:00:16,558 - DVPTest - INFO - [串口] cuff=0 mmHg
2026-09-04 14:00:16,648 - DVPTest - DEBUG - 发出 sig_data: t=10.777, p=0.00
2026-09-04 14:00:16,650 - DVPTest - DEBUG - process_data: t=10.78, p=0.0, v=0.000, a=0.0, phase=IDLE
2026-09-04 14:00:16,651 - DVPTest - DEBUG - 物理分类结果: STABLE
2026-09-04 14:00:16,652 - DVPTest - DEBUG - [UI] _on_plot_update 收到 108 个数据点
2026-09-04 14:00:16,654 - DVPTest - INFO - [串口] cuff=0 mmHg
2026-09-04 14:00:16,744 - DVPTest - DEBUG - 发出 sig_data: t=10.874, p=0.00
2026-09-04 14:00:16,746 - DVPTest - DEBUG - process_data: t=10.87, p=0.0, v=0.000, a=0.0, phase=IDLE
2026-09-04 14:00:16,746 - DVPTest - DEBUG - 物理分类结果: STABLE
2026-09-04 14:00:16,747 - DVPTest - DEBUG - [UI] _on_plot_update 收到 109 个数据点
2026-09-04 14:00:16,749 - DVPTest - INFO - [串口] cuff=0 mmHg
2026-09-04 14:00:16,856 - DVPTest - DEBUG - 发出 sig_data: t=10.985, p=0.00
2026-09-04 14:00:16,856 - DVPTest - DEBUG - process_data: t=10.99, p=0.0, v=0.000, a=0.0, phase=IDLE
2026-09-04 14:00:16,857 - DVPTest - DEBUG - 物理分类结果: STABLE
2026-09-04 14:00:16,858 - DVPTest - DEBUG - [UI] _on_plot_update 收到 110 个数据点
2026-09-04 14:00:16,860 - DVPTest - INFO - [串口] cuff=0 mmHg
2026-09-04 14:00:16,952 - DVPTest - DEBUG - 发出 sig_data: t=11.082, p=0.00
2026-09-04 14:00:16,955 - DVPTest - DEBUG - process_data: t=11.08, p=0.0, v=0.000, a=0.0, phase=IDLE
2026-09-04 14:00:16,957 - DVPTest - DEBUG - 物理分类结果: STABLE
2026-09-04 14:00:16,960 - DVPTest - DEBUG - [UI] _on_plot_update 收到 111 个数据点
2026-09-04 14:00:16,962 - DVPTest - INFO - [串口] cuff=0 mmHg
2026-09-04 14:00:17,047 - DVPTest - DEBUG - 发出 sig_data: t=11.176, p=0.00
2026-09-04 14:00:17,049 - DVPTest - DEBUG - process_data: t=11.18, p=0.0, v=0.000, a=0.0, phase=IDLE
2026-09-04 14:00:17,049 - DVPTest - DEBUG - 物理分类结果: STABLE
2026-09-04 14:00:17,050 - DVPTest - DEBUG - [UI] _on_plot_update 收到 112 个数据点
2026-09-04 14:00:17,052 - DVPTest - INFO - [串口] cuff=0 mmHg
2026-09-04 14:00:17,143 - DVPTest - DEBUG - 发出 sig_data: t=11.273, p=0.00
2026-09-04 14:00:17,144 - DVPTest - DEBUG - process_data: t=11.27, p=0.0, v=0.000, a=0.0, phase=IDLE
2026-09-04 14:00:17,146 - DVPTest - DEBUG - 物理分类结果: STABLE
2026-09-04 14:00:17,147 - DVPTest - DEBUG - [UI] _on_plot_update 收到 113 个数据点
2026-09-04 14:00:17,148 - DVPTest - INFO - [串口] cuff=0 mmHg
2026-09-04 14:00:17,254 - DVPTest - DEBUG - 发出 sig_data: t=11.384, p=0.00
2026-09-04 14:00:17,257 - DVPTest - DEBUG - process_data: t=11.38, p=0.0, v=0.000, a=0.0, phase=IDLE
2026-09-04 14:00:17,258 - DVPTest - DEBUG - 物理分类结果: STABLE
2026-09-04 14:00:17,259 - DVPTest - DEBUG - [UI] _on_plot_update 收到 114 个数据点
2026-09-04 14:00:17,262 - DVPTest - INFO - [串口] cuff=0 mmHg
2026-09-04 14:00:17,350 - DVPTest - DEBUG - 发出 sig_data: t=11.480, p=0.00
2026-09-04 14:00:17,351 - DVPTest - DEBUG - process_data: t=11.48, p=0.0, v=0.000, a=0.0, phase=IDLE
2026-09-04 14:00:17,352 - DVPTest - DEBUG - 物理分类结果: STABLE
2026-09-04 14:00:17,352 - DVPTest - DEBUG - [UI] _on_plot_update 收到 115 个数据点
2026-09-04 14:00:17,355 - DVPTest - INFO - [串口] cuff=0 mmHg
2026-09-04 14:00:17,447 - DVPTest - DEBUG - 发出 sig_data: t=11.576, p=0.00
2026-09-04 14:00:17,450 - DVPTest - DEBUG - process_data: t=11.58, p=0.0, v=0.000, a=0.0, phase=IDLE
2026-09-04 14:00:17,451 - DVPTest - DEBUG - 物理分类结果: STABLE
2026-09-04 14:00:17,453 - DVPTest - DEBUG - [UI] _on_plot_update 收到 116 个数据点
2026-09-04 14:00:17,457 - DVPTest - INFO - [串口] cuff=0 mmHg
2026-09-04 14:00:17,557 - DVPTest - DEBUG - 发出 sig_data: t=11.687, p=0.00
2026-09-04 14:00:17,560 - DVPTest - DEBUG - process_data: t=11.69, p=0.0, v=0.000, a=0.0, phase=IDLE
2026-09-04 14:00:17,560 - DVPTest - DEBUG - 物理分类结果: STABLE
2026-09-04 14:00:17,561 - DVPTest - DEBUG - [UI] _on_plot_update 收到 117 个数据点
2026-09-04 14:00:17,563 - DVPTest - INFO - [串口] cuff=0 mmHg
2026-09-04 14:00:17,654 - DVPTest - DEBUG - 发出 sig_data: t=11.784, p=0.00
2026-09-04 14:00:17,657 - DVPTest - DEBUG - process_data: t=11.78, p=0.0, v=0.000, a=0.0, phase=IDLE
2026-09-04 14:00:17,657 - DVPTest - DEBUG - 物理分类结果: STABLE
2026-09-04 14:00:17,658 - DVPTest - DEBUG - [UI] _on_plot_update 收到 118 个数据点
2026-09-04 14:00:17,659 - DVPTest - INFO - [串口] cuff=0 mmHg
2026-09-04 14:00:17,750 - DVPTest - DEBUG - 发出 sig_data: t=11.880, p=0.00
2026-09-04 14:00:17,754 - DVPTest - DEBUG - process_data: t=11.88, p=0.0, v=0.000, a=0.0, phase=IDLE
2026-09-04 14:00:17,755 - DVPTest - DEBUG - 物理分类结果: STABLE
2026-09-04 14:00:17,755 - DVPTest - DEBUG - [UI] _on_plot_update 收到 119 个数据点
2026-09-04 14:00:17,760 - DVPTest - INFO - [串口] cuff=0 mmHg
2026-09-04 14:00:17,846 - DVPTest - DEBUG - 发出 sig_data: t=11.975, p=0.00
2026-09-04 14:00:17,848 - DVPTest - DEBUG - process_data: t=11.98, p=0.0, v=0.000, a=0.0, phase=IDLE
2026-09-04 14:00:17,848 - DVPTest - DEBUG - 物理分类结果: STABLE
2026-09-04 14:00:17,849 - DVPTest - DEBUG - [UI] _on_plot_update 收到 120 个数据点
2026-09-04 14:00:17,851 - DVPTest - INFO - [串口] cuff=0 mmHg
2026-09-04 14:00:17,958 - DVPTest - DEBUG - 发出 sig_data: t=12.087, p=0.00
2026-09-04 14:00:17,958 - DVPTest - DEBUG - process_data: t=12.09, p=0.0, v=0.000, a=0.0, phase=IDLE
2026-09-04 14:00:17,959 - DVPTest - DEBUG - 物理分类结果: STABLE
2026-09-04 14:00:17,959 - DVPTest - DEBUG - [UI] _on_plot_update 收到 121 个数据点
2026-09-04 14:00:17,961 - DVPTest - INFO - [串口] cuff=0 mmHg
2026-09-04 14:00:18,054 - DVPTest - DEBUG - 发出 sig_data: t=12.184, p=0.00
2026-09-04 14:00:18,057 - DVPTest - DEBUG - process_data: t=12.18, p=0.0, v=0.000, a=0.0, phase=IDLE
2026-09-04 14:00:18,057 - DVPTest - DEBUG - 物理分类结果: STABLE
2026-09-04 14:00:18,058 - DVPTest - DEBUG - [UI] _on_plot_update 收到 122 个数据点
2026-09-04 14:00:18,061 - DVPTest - INFO - [串口] cuff=0 mmHg
2026-09-04 14:00:18,149 - DVPTest - DEBUG - 发出 sig_data: t=12.279, p=0.00
2026-09-04 14:00:18,152 - DVPTest - DEBUG - process_data: t=12.28, p=0.0, v=0.000, a=0.0, phase=IDLE
2026-09-04 14:00:18,153 - DVPTest - DEBUG - 物理分类结果: STABLE
2026-09-04 14:00:18,156 - DVPTest - DEBUG - [UI] _on_plot_update 收到 123 个数据点
2026-09-04 14:00:18,159 - DVPTest - INFO - [串口] cuff=0 mmHg
2026-09-04 14:00:18,245 - DVPTest - DEBUG - 发出 sig_data: t=12.375, p=0.00
2026-09-04 14:00:18,248 - DVPTest - DEBUG - process_data: t=12.38, p=0.0, v=0.000, a=0.0, phase=IDLE
2026-09-04 14:00:18,248 - DVPTest - DEBUG - 物理分类结果: STABLE
2026-09-04 14:00:18,249 - DVPTest - DEBUG - [UI] _on_plot_update 收到 124 个数据点
2026-09-04 14:00:18,250 - DVPTest - INFO - [串口] cuff=0 mmHg
2026-09-04 14:00:18,357 - DVPTest - DEBUG - 发出 sig_data: t=12.486, p=0.00
2026-09-04 14:00:18,357 - DVPTest - DEBUG - process_data: t=12.49, p=0.0, v=0.000, a=0.0, phase=IDLE
2026-09-04 14:00:18,358 - DVPTest - DEBUG - 物理分类结果: STABLE
2026-09-04 14:00:18,359 - DVPTest - DEBUG - [UI] _on_plot_update 收到 125 个数据点
2026-09-04 14:00:18,362 - DVPTest - INFO - [串口] cuff=0 mmHg
2026-09-04 14:00:18,454 - DVPTest - DEBUG - 发出 sig_data: t=12.583, p=0.00
2026-09-04 14:00:18,454 - DVPTest - DEBUG - process_data: t=12.58, p=0.0, v=0.000, a=0.0, phase=IDLE
2026-09-04 14:00:18,455 - DVPTest - DEBUG - 物理分类结果: STABLE
2026-09-04 14:00:18,455 - DVPTest - DEBUG - [UI] _on_plot_update 收到 126 个数据点
2026-09-04 14:00:18,457 - DVPTest - INFO - [串口] cuff=0 mmHg
2026-09-04 14:00:18,549 - DVPTest - DEBUG - 发出 sig_data: t=12.679, p=0.00
2026-09-04 14:00:18,550 - DVPTest - DEBUG - process_data: t=12.68, p=0.0, v=0.000, a=0.0, phase=IDLE
2026-09-04 14:00:18,550 - DVPTest - DEBUG - 物理分类结果: STABLE
2026-09-04 14:00:18,551 - DVPTest - DEBUG - [UI] _on_plot_update 收到 127 个数据点
2026-09-04 14:00:18,553 - DVPTest - INFO - [串口] cuff=0 mmHg
2026-09-04 14:00:18,645 - DVPTest - DEBUG - 发出 sig_data: t=12.774, p=0.00
2026-09-04 14:00:18,646 - DVPTest - DEBUG - process_data: t=12.77, p=0.0, v=0.000, a=0.0, phase=IDLE
2026-09-04 14:00:18,646 - DVPTest - DEBUG - 物理分类结果: STABLE
2026-09-04 14:00:18,646 - DVPTest - DEBUG - [UI] _on_plot_update 收到 128 个数据点
2026-09-04 14:00:18,648 - DVPTest - INFO - [串口] cuff=0 mmHg
2026-09-04 14:00:18,756 - DVPTest - DEBUG - 发出 sig_data: t=12.886, p=0.00
2026-09-04 14:00:18,758 - DVPTest - DEBUG - process_data: t=12.89, p=0.0, v=0.000, a=0.0, phase=IDLE
2026-09-04 14:00:18,758 - DVPTest - DEBUG - 物理分类结果: STABLE
2026-09-04 14:00:18,759 - DVPTest - DEBUG - [UI] _on_plot_update 收到 129 个数据点
2026-09-04 14:00:18,760 - DVPTest - INFO - [串口] cuff=0 mmHg
2026-09-04 14:00:18,853 - DVPTest - DEBUG - 发出 sig_data: t=12.982, p=0.00
2026-09-04 14:00:18,853 - DVPTest - DEBUG - process_data: t=12.98, p=0.0, v=0.000, a=0.0, phase=IDLE
2026-09-04 14:00:18,855 - DVPTest - DEBUG - 物理分类结果: STABLE
2026-09-04 14:00:18,856 - DVPTest - DEBUG - [UI] _on_plot_update 收到 130 个数据点
2026-09-04 14:00:18,859 - DVPTest - INFO - [串口] cuff=0 mmHg
2026-09-04 14:00:18,948 - DVPTest - DEBUG - 发出 sig_data: t=13.078, p=0.00
2026-09-04 14:00:18,950 - DVPTest - DEBUG - process_data: t=13.08, p=0.0, v=0.000, a=0.0, phase=IDLE
2026-09-04 14:00:18,950 - DVPTest - DEBUG - 物理分类结果: STABLE
2026-09-04 14:00:18,951 - DVPTest - DEBUG - [UI] _on_plot_update 收到 131 个数据点
2026-09-04 14:00:18,954 - DVPTest - INFO - [串口] cuff=0 mmHg
2026-09-04 14:00:19,044 - DVPTest - DEBUG - 发出 sig_data: t=13.173, p=0.00
2026-09-04 14:00:19,044 - DVPTest - DEBUG - process_data: t=13.17, p=0.0, v=0.000, a=0.0, phase=IDLE
2026-09-04 14:00:19,045 - DVPTest - DEBUG - 物理分类结果: STABLE
2026-09-04 14:00:19,046 - DVPTest - DEBUG - [UI] _on_plot_update 收到 132 个数据点
2026-09-04 14:00:19,047 - DVPTest - INFO - [串口] cuff=0 mmHg
2026-09-04 14:00:19,156 - DVPTest - DEBUG - 发出 sig_data: t=13.285, p=0.00
2026-09-04 14:00:19,158 - DVPTest - DEBUG - process_data: t=13.29, p=0.0, v=0.000, a=0.0, phase=IDLE
2026-09-04 14:00:19,159 - DVPTest - DEBUG - 物理分类结果: STABLE
2026-09-04 14:00:19,161 - DVPTest - DEBUG - [UI] _on_plot_update 收到 133 个数据点
2026-09-04 14:00:19,165 - DVPTest - INFO - [串口] cuff=0 mmHg
2026-09-04 14:00:19,251 - DVPTest - DEBUG - 发出 sig_data: t=13.381, p=0.00
2026-09-04 14:00:19,253 - DVPTest - DEBUG - process_data: t=13.38, p=0.0, v=0.000, a=0.0, phase=IDLE
2026-09-04 14:00:19,254 - DVPTest - DEBUG - 物理分类结果: STABLE
2026-09-04 14:00:19,256 - DVPTest - DEBUG - [UI] _on_plot_update 收到 134 个数据点
2026-09-04 14:00:19,259 - DVPTest - INFO - [串口] cuff=0 mmHg
2026-09-04 14:00:19,348 - DVPTest - DEBUG - 发出 sig_data: t=13.477, p=0.00
2026-09-04 14:00:19,349 - DVPTest - DEBUG - process_data: t=13.48, p=0.0, v=0.000, a=0.0, phase=IDLE
2026-09-04 14:00:19,349 - DVPTest - DEBUG - 物理分类结果: STABLE
2026-09-04 14:00:19,349 - DVPTest - DEBUG - [UI] _on_plot_update 收到 135 个数据点
2026-09-04 14:00:19,351 - DVPTest - INFO - [串口] cuff=0 mmHg
2026-09-04 14:00:19,443 - DVPTest - DEBUG - 发出 sig_data: t=13.573, p=0.00
2026-09-04 14:00:19,446 - DVPTest - DEBUG - process_data: t=13.57, p=0.0, v=0.000, a=0.0, phase=IDLE
2026-09-04 14:00:19,447 - DVPTest - DEBUG - 物理分类结果: STABLE
2026-09-04 14:00:19,449 - DVPTest - DEBUG - [UI] _on_plot_update 收到 136 个数据点
2026-09-04 14:00:19,452 - DVPTest - INFO - [串口] cuff=0 mmHg
2026-09-04 14:00:19,556 - DVPTest - DEBUG - 发出 sig_data: t=13.685, p=0.00
2026-09-04 14:00:19,558 - DVPTest - DEBUG - process_data: t=13.69, p=0.0, v=0.000, a=0.0, phase=IDLE
2026-09-04 14:00:19,559 - DVPTest - DEBUG - 物理分类结果: STABLE
2026-09-04 14:00:19,560 - DVPTest - DEBUG - [UI] _on_plot_update 收到 137 个数据点
2026-09-04 14:00:19,563 - DVPTest - INFO - [串口] cuff=0 mmHg
2026-09-04 14:00:19,651 - DVPTest - DEBUG - 发出 sig_data: t=13.780, p=0.00
2026-09-04 14:00:19,651 - DVPTest - DEBUG - process_data: t=13.78, p=0.0, v=0.000, a=0.0, phase=IDLE
2026-09-04 14:00:19,652 - DVPTest - DEBUG - 物理分类结果: STABLE
2026-09-04 14:00:19,652 - DVPTest - DEBUG - [UI] _on_plot_update 收到 138 个数据点
2026-09-04 14:00:19,653 - DVPTest - INFO - [串口] cuff=0 mmHg
2026-09-04 14:00:19,747 - DVPTest - DEBUG - 发出 sig_data: t=13.877, p=0.00
2026-09-04 14:00:19,750 - DVPTest - DEBUG - process_data: t=13.88, p=0.0, v=0.000, a=0.0, phase=IDLE
2026-09-04 14:00:19,751 - DVPTest - DEBUG - 物理分类结果: STABLE
2026-09-04 14:00:19,753 - DVPTest - DEBUG - [UI] _on_plot_update 收到 139 个数据点
2026-09-04 14:00:19,757 - DVPTest - INFO - [串口] cuff=0 mmHg
2026-09-04 14:00:19,859 - DVPTest - DEBUG - 发出 sig_data: t=13.988, p=0.00
2026-09-04 14:00:19,859 - DVPTest - DEBUG - process_data: t=13.99, p=0.0, v=0.000, a=0.0, phase=IDLE
2026-09-04 14:00:19,860 - DVPTest - DEBUG - 物理分类结果: STABLE
2026-09-04 14:00:19,861 - DVPTest - DEBUG - [UI] _on_plot_update 收到 140 个数据点
2026-09-04 14:00:19,862 - DVPTest - INFO - [串口] cuff=0 mmHg
2026-09-04 14:00:19,955 - DVPTest - DEBUG - 发出 sig_data: t=14.084, p=0.00
2026-09-04 14:00:19,955 - DVPTest - DEBUG - process_data: t=14.08, p=0.0, v=0.000, a=0.0, phase=IDLE
2026-09-04 14:00:19,956 - DVPTest - DEBUG - 物理分类结果: STABLE
2026-09-04 14:00:19,957 - DVPTest - DEBUG - [UI] _on_plot_update 收到 141 个数据点
2026-09-04 14:00:19,959 - DVPTest - INFO - [串口] cuff=0 mmHg
2026-09-04 14:00:20,050 - DVPTest - DEBUG - 发出 sig_data: t=14.180, p=0.00
2026-09-04 14:00:20,054 - DVPTest - DEBUG - process_data: t=14.18, p=0.0, v=0.000, a=0.0, phase=IDLE
2026-09-04 14:00:20,055 - DVPTest - DEBUG - 物理分类结果: STABLE
2026-09-04 14:00:20,056 - DVPTest - DEBUG - [UI] _on_plot_update 收到 142 个数据点
2026-09-04 14:00:20,059 - DVPTest - INFO - [串口] cuff=0 mmHg
2026-09-04 14:00:20,147 - DVPTest - DEBUG - 发出 sig_data: t=14.276, p=0.00
2026-09-04 14:00:20,147 - DVPTest - DEBUG - process_data: t=14.28, p=0.0, v=0.000, a=0.0, phase=IDLE
2026-09-04 14:00:20,148 - DVPTest - DEBUG - 物理分类结果: STABLE
2026-09-04 14:00:20,148 - DVPTest - DEBUG - [UI] _on_plot_update 收到 143 个数据点
2026-09-04 14:00:20,150 - DVPTest - INFO - [串口] cuff=0 mmHg
2026-09-04 14:00:20,258 - DVPTest - DEBUG - 发出 sig_data: t=14.387, p=0.00
2026-09-04 14:00:20,260 - DVPTest - DEBUG - process_data: t=14.39, p=0.0, v=0.000, a=0.0, phase=IDLE
2026-09-04 14:00:20,261 - DVPTest - DEBUG - 物理分类结果: STABLE
2026-09-04 14:00:20,262 - DVPTest - DEBUG - [UI] _on_plot_update 收到 144 个数据点
2026-09-04 14:00:20,265 - DVPTest - INFO - [串口] cuff=0 mmHg
2026-09-04 14:00:20,354 - DVPTest - DEBUG - 发出 sig_data: t=14.484, p=0.00
2026-09-04 14:00:20,356 - DVPTest - DEBUG - process_data: t=14.48, p=0.0, v=0.000, a=0.0, phase=IDLE
2026-09-04 14:00:20,357 - DVPTest - DEBUG - 物理分类结果: STABLE
2026-09-04 14:00:20,357 - DVPTest - DEBUG - [UI] _on_plot_update 收到 145 个数据点
2026-09-04 14:00:20,361 - DVPTest - INFO - [串口] cuff=0 mmHg
2026-09-04 14:00:20,450 - DVPTest - DEBUG - 发出 sig_data: t=14.579, p=0.00
2026-09-04 14:00:20,454 - DVPTest - DEBUG - process_data: t=14.58, p=0.0, v=0.000, a=0.0, phase=IDLE
2026-09-04 14:00:20,455 - DVPTest - DEBUG - 物理分类结果: STABLE
2026-09-04 14:00:20,457 - DVPTest - DEBUG - [UI] _on_plot_update 收到 146 个数据点
2026-09-04 14:00:20,460 - DVPTest - INFO - [串口] cuff=0 mmHg
2026-09-04 14:00:20,546 - DVPTest - DEBUG - 发出 sig_data: t=14.676, p=0.00
2026-09-04 14:00:20,549 - DVPTest - DEBUG - process_data: t=14.68, p=0.0, v=0.000, a=0.0, phase=IDLE
2026-09-04 14:00:20,550 - DVPTest - DEBUG - 物理分类结果: STABLE
2026-09-04 14:00:20,550 - DVPTest - DEBUG - [UI] _on_plot_update 收到 147 个数据点
2026-09-04 14:00:20,554 - DVPTest - INFO - [串口] cuff=0 mmHg
2026-09-04 14:00:20,658 - DVPTest - DEBUG - 发出 sig_data: t=14.787, p=0.00
2026-09-04 14:00:20,658 - DVPTest - DEBUG - process_data: t=14.79, p=0.0, v=0.000, a=0.0, phase=IDLE
2026-09-04 14:00:20,659 - DVPTest - DEBUG - 物理分类结果: STABLE
2026-09-04 14:00:20,660 - DVPTest - DEBUG - [UI] _on_plot_update 收到 148 个数据点
2026-09-04 14:00:20,661 - DVPTest - INFO - [串口] cuff=0 mmHg
2026-09-04 14:00:20,753 - DVPTest - DEBUG - 发出 sig_data: t=14.883, p=0.00
2026-09-04 14:00:20,755 - DVPTest - DEBUG - process_data: t=14.88, p=0.0, v=0.000, a=0.0, phase=IDLE
2026-09-04 14:00:20,756 - DVPTest - DEBUG - 物理分类结果: STABLE
2026-09-04 14:00:20,758 - DVPTest - DEBUG - [UI] _on_plot_update 收到 149 个数据点
2026-09-04 14:00:20,761 - DVPTest - INFO - [串口] cuff=0 mmHg
2026-09-04 14:00:20,850 - DVPTest - DEBUG - 发出 sig_data: t=14.979, p=0.00
2026-09-04 14:00:20,853 - DVPTest - DEBUG - process_data: t=14.98, p=0.0, v=0.000, a=0.0, phase=IDLE
2026-09-04 14:00:20,854 - DVPTest - DEBUG - 物理分类结果: STABLE
2026-09-04 14:00:20,856 - DVPTest - DEBUG - [UI] _on_plot_update 收到 150 个数据点
2026-09-04 14:00:20,859 - DVPTest - INFO - [串口] cuff=0 mmHg
2026-09-04 14:00:20,945 - DVPTest - DEBUG - 发出 sig_data: t=15.074, p=0.00
2026-09-04 14:00:20,946 - DVPTest - DEBUG - process_data: t=15.07, p=0.0, v=0.000, a=0.0, phase=IDLE
2026-09-04 14:00:20,947 - DVPTest - DEBUG - 物理分类结果: STABLE
2026-09-04 14:00:20,947 - DVPTest - DEBUG - [UI] _on_plot_update 收到 151 个数据点
2026-09-04 14:00:20,949 - DVPTest - INFO - [串口] cuff=0 mmHg
2026-09-04 14:00:21,058 - DVPTest - DEBUG - 发出 sig_data: t=15.187, p=0.00
2026-09-04 14:00:21,060 - DVPTest - DEBUG - process_data: t=15.19, p=0.0, v=0.000, a=0.0, phase=IDLE
2026-09-04 14:00:21,062 - DVPTest - DEBUG - 物理分类结果: STABLE
2026-09-04 14:00:21,063 - DVPTest - DEBUG - [UI] _on_plot_update 收到 152 个数据点
2026-09-04 14:00:21,066 - DVPTest - INFO - [串口] cuff=0 mmHg
2026-09-04 14:00:21,153 - DVPTest - DEBUG - 发出 sig_data: t=15.283, p=0.00
2026-09-04 14:00:21,155 - DVPTest - DEBUG - process_data: t=15.28, p=0.0, v=0.000, a=0.0, phase=IDLE
2026-09-04 14:00:21,156 - DVPTest - DEBUG - 物理分类结果: STABLE
2026-09-04 14:00:21,158 - DVPTest - DEBUG - [UI] _on_plot_update 收到 153 个数据点
2026-09-04 14:00:21,161 - DVPTest - INFO - [串口] cuff=0 mmHg
2026-09-04 14:00:21,249 - DVPTest - DEBUG - 发出 sig_data: t=15.379, p=0.00
2026-09-04 14:00:21,250 - DVPTest - DEBUG - process_data: t=15.38, p=0.0, v=0.000, a=0.0, phase=IDLE
2026-09-04 14:00:21,251 - DVPTest - DEBUG - 物理分类结果: STABLE
2026-09-04 14:00:21,251 - DVPTest - DEBUG - [UI] _on_plot_update 收到 154 个数据点
2026-09-04 14:00:21,252 - DVPTest - INFO - [串口] cuff=0 mmHg
2026-09-04 14:00:21,344 - DVPTest - DEBUG - 发出 sig_data: t=15.474, p=0.00
2026-09-04 14:00:21,347 - DVPTest - DEBUG - process_data: t=15.47, p=0.0, v=0.000, a=0.0, phase=IDLE
2026-09-04 14:00:21,348 - DVPTest - DEBUG - 物理分类结果: STABLE
2026-09-04 14:00:21,349 - DVPTest - DEBUG - [UI] _on_plot_update 收到 155 个数据点
2026-09-04 14:00:21,353 - DVPTest - INFO - [串口] cuff=0 mmHg
2026-09-04 14:00:21,456 - DVPTest - DEBUG - 发出 sig_data: t=15.586, p=0.00
2026-09-04 14:00:21,458 - DVPTest - DEBUG - process_data: t=15.59, p=0.0, v=0.000, a=0.0, phase=IDLE
2026-09-04 14:00:21,459 - DVPTest - DEBUG - 物理分类结果: STABLE
2026-09-04 14:00:21,461 - DVPTest - DEBUG - [UI] _on_plot_update 收到 156 个数据点
2026-09-04 14:00:21,463 - DVPTest - INFO - [串口] cuff=0 mmHg
2026-09-04 14:00:21,553 - DVPTest - DEBUG - 发出 sig_data: t=15.682, p=0.00
2026-09-04 14:00:21,554 - DVPTest - DEBUG - process_data: t=15.68, p=0.0, v=0.000, a=0.0, phase=IDLE
2026-09-04 14:00:21,555 - DVPTest - DEBUG - 物理分类结果: STABLE
2026-09-04 14:00:21,556 - DVPTest - DEBUG - [UI] _on_plot_update 收到 157 个数据点
2026-09-04 14:00:21,558 - DVPTest - INFO - [串口] cuff=0 mmHg
2026-09-04 14:00:21,648 - DVPTest - DEBUG - 发出 sig_data: t=15.778, p=0.00
2026-09-04 14:00:21,649 - DVPTest - DEBUG - process_data: t=15.78, p=0.0, v=0.000, a=0.0, phase=IDLE
2026-09-04 14:00:21,650 - DVPTest - DEBUG - 物理分类结果: STABLE
2026-09-04 14:00:21,651 - DVPTest - DEBUG - [UI] _on_plot_update 收到 158 个数据点
2026-09-04 14:00:21,654 - DVPTest - INFO - [串口] cuff=0 mmHg
2026-09-04 14:00:21,760 - DVPTest - DEBUG - 发出 sig_data: t=15.889, p=0.00
2026-09-04 14:00:21,761 - DVPTest - DEBUG - process_data: t=15.89, p=0.0, v=0.000, a=0.0, phase=IDLE
2026-09-04 14:00:21,762 - DVPTest - DEBUG - 物理分类结果: STABLE
2026-09-04 14:00:21,763 - DVPTest - DEBUG - [UI] _on_plot_update 收到 159 个数据点
2026-09-04 14:00:21,765 - DVPTest - INFO - [串口] cuff=0 mmHg
2026-09-04 14:00:21,856 - DVPTest - DEBUG - 发出 sig_data: t=15.985, p=0.00
2026-09-04 14:00:21,858 - DVPTest - DEBUG - process_data: t=15.98, p=0.0, v=0.000, a=0.0, phase=IDLE
2026-09-04 14:00:21,859 - DVPTest - DEBUG - 物理分类结果: STABLE
2026-09-04 14:00:21,859 - DVPTest - DEBUG - [UI] _on_plot_update 收到 160 个数据点
2026-09-04 14:00:21,862 - DVPTest - INFO - [串口] cuff=0 mmHg
2026-09-04 14:00:21,951 - DVPTest - DEBUG - 发出 sig_data: t=16.081, p=0.00
2026-09-04 14:00:21,955 - DVPTest - DEBUG - process_data: t=16.08, p=0.0, v=0.000, a=0.0, phase=IDLE
2026-09-04 14:00:21,956 - DVPTest - DEBUG - 物理分类结果: STABLE
2026-09-04 14:00:21,958 - DVPTest - DEBUG - [UI] _on_plot_update 收到 161 个数据点
2026-09-04 14:00:21,961 - DVPTest - INFO - [串口] cuff=0 mmHg
2026-09-04 14:00:22,048 - DVPTest - DEBUG - 发出 sig_data: t=16.177, p=0.00
2026-09-04 14:00:22,050 - DVPTest - DEBUG - process_data: t=16.18, p=0.0, v=0.000, a=0.0, phase=IDLE
2026-09-04 14:00:22,051 - DVPTest - DEBUG - 物理分类结果: STABLE
2026-09-04 14:00:22,051 - DVPTest - DEBUG - [UI] _on_plot_update 收到 162 个数据点
2026-09-04 14:00:22,053 - DVPTest - INFO - [串口] cuff=0 mmHg
2026-09-04 14:00:22,159 - DVPTest - DEBUG - 发出 sig_data: t=16.289, p=0.00
2026-09-04 14:00:22,163 - DVPTest - DEBUG - process_data: t=16.29, p=0.0, v=0.000, a=0.0, phase=IDLE
2026-09-04 14:00:22,164 - DVPTest - DEBUG - 物理分类结果: STABLE
2026-09-04 14:00:22,166 - DVPTest - DEBUG - [UI] _on_plot_update 收到 163 个数据点
2026-09-04 14:00:22,169 - DVPTest - INFO - [串口] cuff=0 mmHg
2026-09-04 14:00:22,255 - DVPTest - DEBUG - 发出 sig_data: t=16.385, p=0.00
2026-09-04 14:00:22,258 - DVPTest - DEBUG - process_data: t=16.38, p=0.0, v=0.000, a=0.0, phase=IDLE
2026-09-04 14:00:22,259 - DVPTest - DEBUG - 物理分类结果: STABLE
2026-09-04 14:00:22,261 - DVPTest - DEBUG - [UI] _on_plot_update 收到 164 个数据点
2026-09-04 14:00:22,264 - DVPTest - INFO - [串口] cuff=0 mmHg
2026-09-04 14:00:22,351 - DVPTest - DEBUG - 发出 sig_data: t=16.481, p=0.00
2026-09-04 14:00:22,353 - DVPTest - DEBUG - process_data: t=16.48, p=0.0, v=0.000, a=0.0, phase=IDLE
2026-09-04 14:00:22,353 - DVPTest - DEBUG - 物理分类结果: STABLE
2026-09-04 14:00:22,353 - DVPTest - DEBUG - [UI] _on_plot_update 收到 165 个数据点
2026-09-04 14:00:22,355 - DVPTest - INFO - [串口] cuff=0 mmHg
2026-09-04 14:00:22,447 - DVPTest - DEBUG - 发出 sig_data: t=16.577, p=0.00
2026-09-04 14:00:22,449 - DVPTest - DEBUG - process_data: t=16.58, p=0.0, v=0.000, a=0.0, phase=IDLE
2026-09-04 14:00:22,449 - DVPTest - DEBUG - 物理分类结果: STABLE
2026-09-04 14:00:22,450 - DVPTest - DEBUG - [UI] _on_plot_update 收到 166 个数据点
2026-09-04 14:00:22,452 - DVPTest - INFO - [串口] cuff=0 mmHg
2026-09-04 14:00:22,559 - DVPTest - DEBUG - 发出 sig_data: t=16.689, p=0.00
2026-09-04 14:00:22,560 - DVPTest - DEBUG - process_data: t=16.69, p=0.0, v=0.000, a=0.0, phase=IDLE
2026-09-04 14:00:22,561 - DVPTest - DEBUG - 物理分类结果: STABLE
2026-09-04 14:00:22,561 - DVPTest - DEBUG - [UI] _on_plot_update 收到 167 个数据点
2026-09-04 14:00:22,563 - DVPTest - INFO - [串口] cuff=0 mmHg
2026-09-04 14:00:22,655 - DVPTest - DEBUG - 发出 sig_data: t=16.784, p=0.00
2026-09-04 14:00:22,655 - DVPTest - DEBUG - process_data: t=16.78, p=0.0, v=0.000, a=0.0, phase=IDLE
2026-09-04 14:00:22,656 - DVPTest - DEBUG - 物理分类结果: STABLE
2026-09-04 14:00:22,656 - DVPTest - DEBUG - [UI] _on_plot_update 收到 168 个数据点
2026-09-04 14:00:22,658 - DVPTest - INFO - [串口] cuff=0 mmHg
2026-09-04 14:00:22,750 - DVPTest - DEBUG - 发出 sig_data: t=16.880, p=0.00
2026-09-04 14:00:22,751 - DVPTest - DEBUG - process_data: t=16.88, p=0.0, v=0.000, a=0.0, phase=IDLE
2026-09-04 14:00:22,752 - DVPTest - DEBUG - 物理分类结果: STABLE
2026-09-04 14:00:22,753 - DVPTest - DEBUG - [UI] _on_plot_update 收到 169 个数据点
2026-09-04 14:00:22,757 - DVPTest - INFO - [串口] cuff=0 mmHg
2026-09-04 14:00:22,847 - DVPTest - DEBUG - 发出 sig_data: t=16.976, p=0.00
2026-09-04 14:00:22,848 - DVPTest - DEBUG - process_data: t=16.98, p=0.0, v=0.000, a=0.0, phase=IDLE
2026-09-04 14:00:22,848 - DVPTest - DEBUG - 物理分类结果: STABLE
2026-09-04 14:00:22,849 - DVPTest - DEBUG - [UI] _on_plot_update 收到 170 个数据点
2026-09-04 14:00:22,850 - DVPTest - INFO - [串口] cuff=0 mmHg
2026-09-04 14:00:22,958 - DVPTest - DEBUG - 发出 sig_data: t=17.088, p=0.00
2026-09-04 14:00:22,961 - DVPTest - DEBUG - process_data: t=17.09, p=0.0, v=0.000, a=0.0, phase=IDLE
2026-09-04 14:00:22,961 - DVPTest - DEBUG - 物理分类结果: STABLE
2026-09-04 14:00:22,962 - DVPTest - DEBUG - [UI] _on_plot_update 收到 171 个数据点
2026-09-04 14:00:22,964 - DVPTest - INFO - [串口] cuff=0 mmHg
2026-09-04 14:00:23,054 - DVPTest - DEBUG - 发出 sig_data: t=17.184, p=0.00
2026-09-04 14:00:23,055 - DVPTest - DEBUG - process_data: t=17.18, p=0.0, v=0.000, a=0.0, phase=IDLE
2026-09-04 14:00:23,055 - DVPTest - DEBUG - 物理分类结果: STABLE
2026-09-04 14:00:23,056 - DVPTest - DEBUG - [UI] _on_plot_update 收到 172 个数据点
2026-09-04 14:00:23,057 - DVPTest - INFO - [串口] cuff=0 mmHg
2026-09-04 14:00:23,150 - DVPTest - DEBUG - 发出 sig_data: t=17.280, p=0.00
2026-09-04 14:00:23,152 - DVPTest - DEBUG - process_data: t=17.28, p=0.0, v=0.000, a=0.0, phase=IDLE
2026-09-04 14:00:23,153 - DVPTest - DEBUG - 物理分类结果: STABLE
2026-09-04 14:00:23,153 - DVPTest - DEBUG - [UI] _on_plot_update 收到 173 个数据点
2026-09-04 14:00:23,155 - DVPTest - INFO - [串口] cuff=0 mmHg
2026-09-04 14:00:23,245 - DVPTest - DEBUG - 发出 sig_data: t=17.375, p=0.00
2026-09-04 14:00:23,247 - DVPTest - DEBUG - process_data: t=17.37, p=0.0, v=0.000, a=0.0, phase=IDLE
2026-09-04 14:00:23,248 - DVPTest - DEBUG - 物理分类结果: STABLE
2026-09-04 14:00:23,248 - DVPTest - DEBUG - [UI] _on_plot_update 收到 174 个数据点
2026-09-04 14:00:23,252 - DVPTest - INFO - [串口] cuff=0 mmHg
2026-09-04 14:00:23,358 - DVPTest - DEBUG - 发出 sig_data: t=17.487, p=0.00
2026-09-04 14:00:23,360 - DVPTest - DEBUG - process_data: t=17.49, p=0.0, v=0.000, a=0.0, phase=IDLE
2026-09-04 14:00:23,361 - DVPTest - DEBUG - 物理分类结果: STABLE
2026-09-04 14:00:23,363 - DVPTest - DEBUG - [UI] _on_plot_update 收到 175 个数据点
2026-09-04 14:00:23,365 - DVPTest - INFO - [串口] cuff=0 mmHg
2026-09-04 14:00:23,454 - DVPTest - DEBUG - 发出 sig_data: t=17.583, p=0.00
2026-09-04 14:00:23,456 - DVPTest - DEBUG - process_data: t=17.58, p=0.0, v=0.000, a=0.0, phase=IDLE
2026-09-04 14:00:23,456 - DVPTest - DEBUG - 物理分类结果: STABLE
2026-09-04 14:00:23,457 - DVPTest - DEBUG - [UI] _on_plot_update 收到 176 个数据点
2026-09-04 14:00:23,458 - DVPTest - INFO - [串口] cuff=0 mmHg
2026-09-04 14:00:23,550 - DVPTest - DEBUG - 发出 sig_data: t=17.679, p=0.00
2026-09-04 14:00:23,553 - DVPTest - DEBUG - process_data: t=17.68, p=0.0, v=0.000, a=0.0, phase=IDLE
2026-09-04 14:00:23,556 - DVPTest - DEBUG - 物理分类结果: STABLE
2026-09-04 14:00:23,557 - DVPTest - DEBUG - [UI] _on_plot_update 收到 177 个数据点
2026-09-04 14:00:23,561 - DVPTest - INFO - [串口] cuff=0 mmHg
2026-09-04 14:00:23,660 - DVPTest - DEBUG - 发出 sig_data: t=17.790, p=0.00
2026-09-04 14:00:23,664 - DVPTest - DEBUG - process_data: t=17.79, p=0.0, v=0.000, a=0.0, phase=IDLE
2026-09-04 14:00:23,665 - DVPTest - DEBUG - 物理分类结果: STABLE
2026-09-04 14:00:23,667 - DVPTest - DEBUG - [UI] _on_plot_update 收到 178 个数据点
2026-09-04 14:00:23,670 - DVPTest - INFO - [串口] cuff=0 mmHg
2026-09-04 14:00:23,757 - DVPTest - DEBUG - 发出 sig_data: t=17.886, p=0.00
2026-09-04 14:00:23,758 - DVPTest - DEBUG - process_data: t=17.89, p=0.0, v=0.000, a=0.0, phase=IDLE
2026-09-04 14:00:23,759 - DVPTest - DEBUG - 物理分类结果: STABLE
2026-09-04 14:00:23,759 - DVPTest - DEBUG - [UI] _on_plot_update 收到 179 个数据点
2026-09-04 14:00:23,760 - DVPTest - INFO - [串口] cuff=0 mmHg
2026-09-04 14:00:23,853 - DVPTest - DEBUG - 发出 sig_data: t=17.983, p=0.00
2026-09-04 14:00:23,855 - DVPTest - DEBUG - process_data: t=17.98, p=0.0, v=0.000, a=0.0, phase=IDLE
2026-09-04 14:00:23,857 - DVPTest - DEBUG - 物理分类结果: STABLE
2026-09-04 14:00:23,858 - DVPTest - DEBUG - [UI] _on_plot_update 收到 180 个数据点
2026-09-04 14:00:23,861 - DVPTest - INFO - [串口] cuff=0 mmHg
2026-09-04 14:00:23,949 - DVPTest - DEBUG - 发出 sig_data: t=18.078, p=0.00
2026-09-04 14:00:23,951 - DVPTest - DEBUG - process_data: t=18.08, p=0.0, v=0.000, a=0.0, phase=IDLE
2026-09-04 14:00:23,952 - DVPTest - DEBUG - 物理分类结果: STABLE
2026-09-04 14:00:23,954 - DVPTest - DEBUG - [UI] _on_plot_update 收到 181 个数据点
2026-09-04 14:00:23,956 - DVPTest - INFO - [串口] cuff=0 mmHg
2026-09-04 14:00:24,060 - DVPTest - DEBUG - 发出 sig_data: t=18.190, p=0.00
2026-09-04 14:00:24,061 - DVPTest - DEBUG - process_data: t=18.19, p=0.0, v=0.000, a=0.0, phase=IDLE
2026-09-04 14:00:24,061 - DVPTest - DEBUG - 物理分类结果: STABLE
2026-09-04 14:00:24,062 - DVPTest - DEBUG - [UI] _on_plot_update 收到 182 个数据点
2026-09-04 14:00:24,063 - DVPTest - INFO - [串口] cuff=0 mmHg
2026-09-04 14:00:24,157 - DVPTest - DEBUG - 发出 sig_data: t=18.286, p=0.00
2026-09-04 14:00:24,160 - DVPTest - DEBUG - process_data: t=18.29, p=0.0, v=0.000, a=0.0, phase=IDLE
2026-09-04 14:00:24,161 - DVPTest - DEBUG - 物理分类结果: STABLE
2026-09-04 14:00:24,163 - DVPTest - DEBUG - [UI] _on_plot_update 收到 183 个数据点
2026-09-04 14:00:24,167 - DVPTest - INFO - [串口] cuff=0 mmHg
2026-09-04 14:00:24,253 - DVPTest - DEBUG - 发出 sig_data: t=18.382, p=0.00
2026-09-04 14:00:24,258 - DVPTest - DEBUG - process_data: t=18.38, p=0.0, v=0.000, a=0.0, phase=IDLE
2026-09-04 14:00:24,259 - DVPTest - DEBUG - 物理分类结果: STABLE
2026-09-04 14:00:24,260 - DVPTest - DEBUG - [UI] _on_plot_update 收到 184 个数据点
2026-09-04 14:00:24,263 - DVPTest - INFO - [串口] cuff=0 mmHg
2026-09-04 14:00:24,348 - DVPTest - DEBUG - 发出 sig_data: t=18.478, p=0.00
2026-09-04 14:00:24,349 - DVPTest - DEBUG - process_data: t=18.48, p=0.0, v=0.000, a=0.0, phase=IDLE
2026-09-04 14:00:24,350 - DVPTest - DEBUG - 物理分类结果: STABLE
2026-09-04 14:00:24,351 - DVPTest - DEBUG - [UI] _on_plot_update 收到 185 个数据点
2026-09-04 14:00:24,353 - DVPTest - INFO - [串口] cuff=0 mmHg
2026-09-04 14:00:24,460 - DVPTest - DEBUG - 发出 sig_data: t=18.589, p=0.00
2026-09-04 14:00:24,462 - DVPTest - DEBUG - process_data: t=18.59, p=0.0, v=0.000, a=0.0, phase=IDLE
2026-09-04 14:00:24,462 - DVPTest - DEBUG - 物理分类结果: STABLE
2026-09-04 14:00:24,464 - DVPTest - DEBUG - [UI] _on_plot_update 收到 186 个数据点
2026-09-04 14:00:24,465 - DVPTest - INFO - [串口] cuff=0 mmHg
2026-09-04 14:00:24,556 - DVPTest - DEBUG - 发出 sig_data: t=18.685, p=0.00
2026-09-04 14:00:24,556 - DVPTest - DEBUG - process_data: t=18.68, p=0.0, v=0.000, a=0.0, phase=IDLE
2026-09-04 14:00:24,557 - DVPTest - DEBUG - 物理分类结果: STABLE
2026-09-04 14:00:24,557 - DVPTest - DEBUG - [UI] _on_plot_update 收到 187 个数据点
2026-09-04 14:00:24,559 - DVPTest - INFO - [串口] cuff=0 mmHg
2026-09-04 14:00:24,652 - DVPTest - DEBUG - 发出 sig_data: t=18.782, p=0.00
2026-09-04 14:00:24,654 - DVPTest - DEBUG - process_data: t=18.78, p=0.0, v=0.000, a=0.0, phase=IDLE
2026-09-04 14:00:24,654 - DVPTest - DEBUG - 物理分类结果: STABLE
2026-09-04 14:00:24,655 - DVPTest - DEBUG - [UI] _on_plot_update 收到 188 个数据点
2026-09-04 14:00:24,657 - DVPTest - INFO - [串口] cuff=0 mmHg
2026-09-04 14:00:24,747 - DVPTest - DEBUG - 发出 sig_data: t=18.877, p=0.00
2026-09-04 14:00:24,750 - DVPTest - DEBUG - process_data: t=18.88, p=0.0, v=0.000, a=0.0, phase=IDLE
2026-09-04 14:00:24,751 - DVPTest - DEBUG - 物理分类结果: STABLE
2026-09-04 14:00:24,752 - DVPTest - DEBUG - [UI] _on_plot_update 收到 189 个数据点
2026-09-04 14:00:24,755 - DVPTest - INFO - [串口] cuff=0 mmHg
2026-09-04 14:00:24,859 - DVPTest - DEBUG - 发出 sig_data: t=18.989, p=0.00
2026-09-04 14:00:24,862 - DVPTest - DEBUG - process_data: t=18.99, p=0.0, v=0.000, a=0.0, phase=IDLE
2026-09-04 14:00:24,863 - DVPTest - DEBUG - 物理分类结果: STABLE
2026-09-04 14:00:24,863 - DVPTest - DEBUG - [UI] _on_plot_update 收到 190 个数据点
2026-09-04 14:00:24,866 - DVPTest - INFO - [串口] cuff=0 mmHg
2026-09-04 14:00:24,956 - DVPTest - DEBUG - 发出 sig_data: t=19.085, p=0.00
2026-09-04 14:00:24,958 - DVPTest - DEBUG - process_data: t=19.08, p=0.0, v=0.000, a=0.0, phase=IDLE
2026-09-04 14:00:24,960 - DVPTest - DEBUG - 物理分类结果: STABLE
2026-09-04 14:00:24,961 - DVPTest - DEBUG - [UI] _on_plot_update 收到 191 个数据点
2026-09-04 14:00:24,964 - DVPTest - INFO - [串口] cuff=0 mmHg
2026-09-04 14:00:25,051 - DVPTest - DEBUG - 发出 sig_data: t=19.181, p=0.00
2026-09-04 14:00:25,053 - DVPTest - DEBUG - process_data: t=19.18, p=0.0, v=0.000, a=0.0, phase=IDLE
2026-09-04 14:00:25,053 - DVPTest - DEBUG - 物理分类结果: STABLE
2026-09-04 14:00:25,053 - DVPTest - DEBUG - [UI] _on_plot_update 收到 192 个数据点
2026-09-04 14:00:25,055 - DVPTest - INFO - [串口] cuff=0 mmHg
2026-09-04 14:00:25,147 - DVPTest - DEBUG - 发出 sig_data: t=19.277, p=0.00
2026-09-04 14:00:25,151 - DVPTest - DEBUG - process_data: t=19.28, p=0.0, v=0.000, a=0.0, phase=IDLE
2026-09-04 14:00:25,153 - DVPTest - DEBUG - 物理分类结果: STABLE
2026-09-04 14:00:25,153 - DVPTest - DEBUG - [UI] _on_plot_update 收到 193 个数据点
2026-09-04 14:00:25,156 - DVPTest - INFO - [串口] cuff=0 mmHg
2026-09-04 14:00:25,258 - DVPTest - DEBUG - 发出 sig_data: t=19.388, p=0.00
2026-09-04 14:00:25,263 - DVPTest - DEBUG - process_data: t=19.39, p=0.0, v=0.000, a=0.0, phase=IDLE
2026-09-04 14:00:25,264 - DVPTest - DEBUG - 物理分类结果: STABLE
2026-09-04 14:00:25,266 - DVPTest - DEBUG - [UI] _on_plot_update 收到 194 个数据点
2026-09-04 14:00:25,270 - DVPTest - INFO - [串口] cuff=0 mmHg
2026-09-04 14:00:25,355 - DVPTest - DEBUG - 发出 sig_data: t=19.484, p=0.00
2026-09-04 14:00:25,355 - DVPTest - DEBUG - process_data: t=19.48, p=0.0, v=0.000, a=0.0, phase=IDLE
2026-09-04 14:00:25,356 - DVPTest - DEBUG - 物理分类结果: STABLE
2026-09-04 14:00:25,357 - DVPTest - DEBUG - [UI] _on_plot_update 收到 195 个数据点
2026-09-04 14:00:25,359 - DVPTest - INFO - [串口] cuff=0 mmHg
2026-09-04 14:00:25,451 - DVPTest - DEBUG - 发出 sig_data: t=19.580, p=0.00
2026-09-04 14:00:25,453 - DVPTest - DEBUG - process_data: t=19.58, p=0.0, v=0.000, a=0.0, phase=IDLE
2026-09-04 14:00:25,454 - DVPTest - DEBUG - 物理分类结果: STABLE
2026-09-04 14:00:25,456 - DVPTest - DEBUG - [UI] _on_plot_update 收到 196 个数据点
2026-09-04 14:00:25,459 - DVPTest - INFO - [串口] cuff=0 mmHg
2026-09-04 14:00:25,547 - DVPTest - DEBUG - 发出 sig_data: t=19.676, p=0.00
2026-09-04 14:00:25,549 - DVPTest - DEBUG - process_data: t=19.68, p=0.0, v=0.000, a=0.0, phase=IDLE
2026-09-04 14:00:25,550 - DVPTest - DEBUG - 物理分类结果: STABLE
2026-09-04 14:00:25,552 - DVPTest - DEBUG - [UI] _on_plot_update 收到 197 个数据点
2026-09-04 14:00:25,555 - DVPTest - INFO - [串口] cuff=0 mmHg
2026-09-04 14:00:25,658 - DVPTest - DEBUG - 发出 sig_data: t=19.787, p=0.00
2026-09-04 14:00:25,658 - DVPTest - DEBUG - process_data: t=19.79, p=0.0, v=0.000, a=0.0, phase=IDLE
2026-09-04 14:00:25,659 - DVPTest - DEBUG - 物理分类结果: STABLE
2026-09-04 14:00:25,659 - DVPTest - DEBUG - [UI] _on_plot_update 收到 198 个数据点
2026-09-04 14:00:25,662 - DVPTest - INFO - [串口] cuff=0 mmHg
2026-09-04 14:00:25,755 - DVPTest - DEBUG - 发出 sig_data: t=19.884, p=0.00
2026-09-04 14:00:25,755 - DVPTest - DEBUG - process_data: t=19.88, p=0.0, v=0.000, a=0.0, phase=IDLE
2026-09-04 14:00:25,756 - DVPTest - DEBUG - 物理分类结果: STABLE
2026-09-04 14:00:25,757 - DVPTest - DEBUG - [UI] _on_plot_update 收到 199 个数据点
2026-09-04 14:00:25,761 - DVPTest - INFO - [串口] cuff=0 mmHg
2026-09-04 14:00:25,850 - DVPTest - DEBUG - 发出 sig_data: t=19.980, p=0.00
2026-09-04 14:00:25,853 - DVPTest - DEBUG - process_data: t=19.98, p=0.0, v=0.000, a=0.0, phase=IDLE
2026-09-04 14:00:25,854 - DVPTest - DEBUG - 物理分类结果: STABLE
2026-09-04 14:00:25,855 - DVPTest - DEBUG - [UI] _on_plot_update 收到 200 个数据点
2026-09-04 14:00:25,858 - DVPTest - INFO - [串口] cuff=0 mmHg
2026-09-04 14:00:25,961 - DVPTest - DEBUG - 发出 sig_data: t=20.091, p=0.00
2026-09-04 14:00:25,963 - DVPTest - DEBUG - process_data: t=20.09, p=0.0, v=0.000, a=0.0, phase=IDLE
2026-09-04 14:00:25,964 - DVPTest - DEBUG - 物理分类结果: STABLE
2026-09-04 14:00:25,965 - DVPTest - DEBUG - [UI] _on_plot_update 收到 201 个数据点
2026-09-04 14:00:25,967 - DVPTest - INFO - [串口] cuff=0 mmHg
2026-09-04 14:00:26,058 - DVPTest - DEBUG - 发出 sig_data: t=20.187, p=0.00
2026-09-04 14:00:26,060 - DVPTest - DEBUG - process_data: t=20.19, p=0.0, v=0.000, a=0.0, phase=IDLE
2026-09-04 14:00:26,062 - DVPTest - DEBUG - 物理分类结果: STABLE
2026-09-04 14:00:26,064 - DVPTest - DEBUG - [UI] _on_plot_update 收到 202 个数据点
2026-09-04 14:00:26,067 - DVPTest - INFO - [串口] cuff=0 mmHg
2026-09-04 14:00:26,154 - DVPTest - DEBUG - 发出 sig_data: t=20.283, p=0.00
2026-09-04 14:00:26,154 - DVPTest - DEBUG - process_data: t=20.28, p=0.0, v=0.000, a=0.0, phase=IDLE
2026-09-04 14:00:26,155 - DVPTest - DEBUG - 物理分类结果: STABLE
2026-09-04 14:00:26,156 - DVPTest - DEBUG - [UI] _on_plot_update 收到 203 个数据点
2026-09-04 14:00:26,158 - DVPTest - INFO - [串口] cuff=0 mmHg
2026-09-04 14:00:26,249 - DVPTest - DEBUG - 发出 sig_data: t=20.379, p=0.00
2026-09-04 14:00:26,252 - DVPTest - DEBUG - process_data: t=20.38, p=0.0, v=0.000, a=0.0, phase=IDLE
2026-09-04 14:00:26,253 - DVPTest - DEBUG - 物理分类结果: STABLE
2026-09-04 14:00:26,254 - DVPTest - DEBUG - [UI] _on_plot_update 收到 204 个数据点
2026-09-04 14:00:26,257 - DVPTest - INFO - [串口] cuff=0 mmHg
2026-09-04 14:00:26,361 - DVPTest - DEBUG - 发出 sig_data: t=20.490, p=0.00
2026-09-04 14:00:26,364 - DVPTest - DEBUG - process_data: t=20.49, p=0.0, v=0.000, a=0.0, phase=IDLE
2026-09-04 14:00:26,365 - DVPTest - DEBUG - 物理分类结果: STABLE
2026-09-04 14:00:26,367 - DVPTest - DEBUG - [UI] _on_plot_update 收到 205 个数据点
2026-09-04 14:00:26,371 - DVPTest - INFO - [串口] cuff=0 mmHg
2026-09-04 14:00:26,457 - DVPTest - DEBUG - 发出 sig_data: t=20.586, p=0.00
2026-09-04 14:00:26,457 - DVPTest - DEBUG - process_data: t=20.59, p=0.0, v=0.000, a=0.0, phase=IDLE
2026-09-04 14:00:26,458 - DVPTest - DEBUG - 物理分类结果: STABLE
2026-09-04 14:00:26,458 - DVPTest - DEBUG - [UI] _on_plot_update 收到 206 个数据点
2026-09-04 14:00:26,460 - DVPTest - INFO - [串口] cuff=0 mmHg
2026-09-04 14:00:26,553 - DVPTest - DEBUG - 发出 sig_data: t=20.683, p=0.00
2026-09-04 14:00:26,555 - DVPTest - DEBUG - process_data: t=20.68, p=0.0, v=0.000, a=0.0, phase=IDLE
2026-09-04 14:00:26,555 - DVPTest - DEBUG - 物理分类结果: STABLE
2026-09-04 14:00:26,557 - DVPTest - DEBUG - [UI] _on_plot_update 收到 207 个数据点
2026-09-04 14:00:26,558 - DVPTest - INFO - [串口] cuff=0 mmHg
2026-09-04 14:00:26,649 - DVPTest - DEBUG - 发出 sig_data: t=20.779, p=0.00
2026-09-04 14:00:26,650 - DVPTest - DEBUG - process_data: t=20.78, p=0.0, v=0.000, a=0.0, phase=IDLE
2026-09-04 14:00:26,651 - DVPTest - DEBUG - 物理分类结果: STABLE
2026-09-04 14:00:26,651 - DVPTest - DEBUG - [UI] _on_plot_update 收到 208 个数据点
2026-09-04 14:00:26,653 - DVPTest - INFO - [串口] cuff=0 mmHg
2026-09-04 14:00:26,761 - DVPTest - DEBUG - 发出 sig_data: t=20.890, p=0.00
2026-09-04 14:00:26,762 - DVPTest - DEBUG - process_data: t=20.89, p=0.0, v=0.000, a=0.0, phase=IDLE
2026-09-04 14:00:26,762 - DVPTest - DEBUG - 物理分类结果: STABLE
2026-09-04 14:00:26,763 - DVPTest - DEBUG - [UI] _on_plot_update 收到 209 个数据点
2026-09-04 14:00:26,765 - DVPTest - INFO - [串口] cuff=0 mmHg
2026-09-04 14:00:26,857 - DVPTest - DEBUG - 发出 sig_data: t=20.986, p=0.00
2026-09-04 14:00:26,857 - DVPTest - DEBUG - process_data: t=20.99, p=0.0, v=0.000, a=0.0, phase=IDLE
2026-09-04 14:00:26,858 - DVPTest - DEBUG - 物理分类结果: STABLE
2026-09-04 14:00:26,858 - DVPTest - DEBUG - [UI] _on_plot_update 收到 210 个数据点
2026-09-04 14:00:26,859 - DVPTest - INFO - [串口] cuff=0 mmHg
2026-09-04 14:00:26,953 - DVPTest - DEBUG - 发出 sig_data: t=21.082, p=0.00
2026-09-04 14:00:26,953 - DVPTest - DEBUG - process_data: t=21.08, p=0.0, v=0.000, a=0.0, phase=IDLE
2026-09-04 14:00:26,953 - DVPTest - DEBUG - 物理分类结果: STABLE
2026-09-04 14:00:26,954 - DVPTest - DEBUG - [UI] _on_plot_update 收到 211 个数据点
2026-09-04 14:00:26,955 - DVPTest - INFO - [串口] cuff=0 mmHg
2026-09-04 14:00:27,048 - DVPTest - DEBUG - 发出 sig_data: t=21.177, p=0.00
2026-09-04 14:00:27,048 - DVPTest - DEBUG - process_data: t=21.18, p=0.0, v=0.000, a=0.0, phase=IDLE
2026-09-04 14:00:27,048 - DVPTest - DEBUG - 物理分类结果: STABLE
2026-09-04 14:00:27,050 - DVPTest - DEBUG - [UI] _on_plot_update 收到 212 个数据点
2026-09-04 14:00:27,051 - DVPTest - INFO - [串口] cuff=0 mmHg
2026-09-04 14:00:27,160 - DVPTest - DEBUG - 发出 sig_data: t=21.290, p=0.00
2026-09-04 14:00:27,163 - DVPTest - DEBUG - process_data: t=21.29, p=0.0, v=0.000, a=0.0, phase=IDLE
2026-09-04 14:00:27,164 - DVPTest - DEBUG - 物理分类结果: STABLE
2026-09-04 14:00:27,166 - DVPTest - DEBUG - [UI] _on_plot_update 收到 213 个数据点
2026-09-04 14:00:27,171 - DVPTest - INFO - [串口] cuff=0 mmHg
2026-09-04 14:00:27,256 - DVPTest - DEBUG - 发出 sig_data: t=21.385, p=0.00
2026-09-04 14:00:27,256 - DVPTest - DEBUG - process_data: t=21.39, p=0.0, v=0.000, a=0.0, phase=IDLE
2026-09-04 14:00:27,257 - DVPTest - DEBUG - 物理分类结果: STABLE
2026-09-04 14:00:27,258 - DVPTest - DEBUG - [UI] _on_plot_update 收到 214 个数据点
2026-09-04 14:00:27,259 - DVPTest - INFO - [串口] cuff=0 mmHg
2026-09-04 14:00:27,352 - DVPTest - DEBUG - 发出 sig_data: t=21.481, p=0.00
2026-09-04 14:00:27,354 - DVPTest - DEBUG - process_data: t=21.48, p=0.0, v=0.000, a=0.0, phase=IDLE
2026-09-04 14:00:27,354 - DVPTest - DEBUG - 物理分类结果: STABLE
2026-09-04 14:00:27,355 - DVPTest - DEBUG - [UI] _on_plot_update 收到 215 个数据点
2026-09-04 14:00:27,357 - DVPTest - INFO - [串口] cuff=0 mmHg
2026-09-04 14:00:27,448 - DVPTest - DEBUG - 发出 sig_data: t=21.577, p=0.00
2026-09-04 14:00:27,452 - DVPTest - DEBUG - process_data: t=21.58, p=0.0, v=0.000, a=0.0, phase=IDLE
2026-09-04 14:00:27,453 - DVPTest - DEBUG - 物理分类结果: STABLE
2026-09-04 14:00:27,455 - DVPTest - DEBUG - [UI] _on_plot_update 收到 216 个数据点
2026-09-04 14:00:27,457 - DVPTest - INFO - [串口] cuff=0 mmHg
2026-09-04 14:00:27,559 - DVPTest - DEBUG - 发出 sig_data: t=21.689, p=0.00
2026-09-04 14:00:27,562 - DVPTest - DEBUG - process_data: t=21.69, p=0.0, v=0.000, a=0.0, phase=IDLE
2026-09-04 14:00:27,563 - DVPTest - DEBUG - 物理分类结果: STABLE
2026-09-04 14:00:27,563 - DVPTest - DEBUG - [UI] _on_plot_update 收到 217 个数据点
2026-09-04 14:00:27,564 - DVPTest - INFO - [串口] cuff=0 mmHg
2026-09-04 14:00:27,655 - DVPTest - DEBUG - 发出 sig_data: t=21.785, p=0.00
2026-09-04 14:00:27,658 - DVPTest - DEBUG - process_data: t=21.78, p=0.0, v=0.000, a=0.0, phase=IDLE
2026-09-04 14:00:27,660 - DVPTest - DEBUG - 物理分类结果: STABLE
2026-09-04 14:00:27,660 - DVPTest - DEBUG - [UI] _on_plot_update 收到 218 个数据点
2026-09-04 14:00:27,663 - DVPTest - INFO - [串口] cuff=0 mmHg
2026-09-04 14:00:27,751 - DVPTest - DEBUG - 发出 sig_data: t=21.880, p=1.00
2026-09-04 14:00:27,754 - DVPTest - DEBUG - process_data: t=21.88, p=1.0, v=10.470, a=109.6, phase=IDLE
2026-09-04 14:00:27,755 - DVPTest - DEBUG - 充气峰值更新: 1.0 @ 21.88s
2026-09-04 14:00:27,756 - DVPTest - DEBUG - 物理分类结果: INFLATING
2026-09-04 14:00:27,758 - DVPTest - DEBUG - [UI] _on_plot_update 收到 219 个数据点
2026-09-04 14:00:27,761 - DVPTest - INFO - [串口] cuff=1 mmHg
2026-09-04 14:00:27,847 - DVPTest - DEBUG - 发出 sig_data: t=21.976, p=1.00
2026-09-04 14:00:27,848 - DVPTest - DEBUG - process_data: t=21.98, p=1.0, v=0.000, a=-109.2, phase=IDLE
2026-09-04 14:00:27,849 - DVPTest - DEBUG - 物理分类结果: STABLE
2026-09-04 14:00:27,849 - DVPTest - DEBUG - [UI] _on_plot_update 收到 220 个数据点
2026-09-04 14:00:27,850 - DVPTest - INFO - [串口] cuff=1 mmHg
2026-09-04 14:00:27,959 - DVPTest - DEBUG - 发出 sig_data: t=22.088, p=1.00
2026-09-04 14:00:27,961 - DVPTest - DEBUG - process_data: t=22.09, p=1.0, v=0.000, a=0.0, phase=IDLE
2026-09-04 14:00:27,962 - DVPTest - DEBUG - 物理分类结果: STABLE
2026-09-04 14:00:27,964 - DVPTest - DEBUG - [UI] _on_plot_update 收到 221 个数据点
2026-09-04 14:00:27,968 - DVPTest - INFO - [串口] cuff=1 mmHg
2026-09-04 14:00:28,054 - DVPTest - DEBUG - 发出 sig_data: t=22.184, p=0.00
2026-09-04 14:00:28,058 - DVPTest - DEBUG - process_data: t=22.18, p=0.0, v=-10.441, a=-109.0, phase=IDLE
2026-09-04 14:00:28,059 - DVPTest - DEBUG - 物理分类结果: DEFLATING
2026-09-04 14:00:28,060 - DVPTest - DEBUG - [UI] _on_plot_update 收到 222 个数据点
2026-09-04 14:00:28,063 - DVPTest - INFO - [串口] cuff=0 mmHg
2026-09-04 14:00:28,151 - DVPTest - DEBUG - 发出 sig_data: t=22.281, p=0.00
2026-09-04 14:00:28,152 - DVPTest - DEBUG - process_data: t=22.28, p=0.0, v=0.000, a=108.1, phase=IDLE
2026-09-04 14:00:28,153 - DVPTest - DEBUG - 物理分类结果: STABLE
2026-09-04 14:00:28,154 - DVPTest - DEBUG - [UI] _on_plot_update 收到 223 个数据点
2026-09-04 14:00:28,156 - DVPTest - INFO - [串口] cuff=0 mmHg
2026-09-04 14:00:28,262 - DVPTest - DEBUG - 发出 sig_data: t=22.391, p=0.00
2026-09-04 14:00:28,264 - DVPTest - DEBUG - process_data: t=22.39, p=0.0, v=0.000, a=0.0, phase=IDLE
2026-09-04 14:00:28,265 - DVPTest - DEBUG - 物理分类结果: STABLE
2026-09-04 14:00:28,266 - DVPTest - DEBUG - [UI] _on_plot_update 收到 224 个数据点
2026-09-04 14:00:28,268 - DVPTest - INFO - [串口] cuff=0 mmHg
2026-09-04 14:00:28,358 - DVPTest - DEBUG - 发出 sig_data: t=22.488, p=0.00
2026-09-04 14:00:28,359 - DVPTest - DEBUG - process_data: t=22.49, p=0.0, v=0.000, a=0.0, phase=IDLE
2026-09-04 14:00:28,360 - DVPTest - DEBUG - 物理分类结果: STABLE
2026-09-04 14:00:28,360 - DVPTest - DEBUG - [UI] _on_plot_update 收到 225 个数据点
2026-09-04 14:00:28,362 - DVPTest - INFO - [串口] cuff=0 mmHg
2026-09-04 14:00:28,455 - DVPTest - DEBUG - 发出 sig_data: t=22.584, p=0.00
2026-09-04 14:00:28,457 - DVPTest - DEBUG - process_data: t=22.58, p=0.0, v=0.000, a=0.0, phase=IDLE
2026-09-04 14:00:28,458 - DVPTest - DEBUG - 物理分类结果: STABLE
2026-09-04 14:00:28,460 - DVPTest - DEBUG - [UI] _on_plot_update 收到 226 个数据点
2026-09-04 14:00:28,464 - DVPTest - INFO - [串口] cuff=0 mmHg
2026-09-04 14:00:28,550 - DVPTest - DEBUG - 发出 sig_data: t=22.679, p=0.00
2026-09-04 14:00:28,553 - DVPTest - DEBUG - process_data: t=22.68, p=0.0, v=0.000, a=0.0, phase=IDLE
2026-09-04 14:00:28,554 - DVPTest - DEBUG - 物理分类结果: STABLE
2026-09-04 14:00:28,556 - DVPTest - DEBUG - [UI] _on_plot_update 收到 227 个数据点
2026-09-04 14:00:28,559 - DVPTest - INFO - [串口] cuff=0 mmHg
2026-09-04 14:00:28,662 - DVPTest - DEBUG - 发出 sig_data: t=22.791, p=0.00
2026-09-04 14:00:28,664 - DVPTest - DEBUG - process_data: t=22.79, p=0.0, v=0.000, a=0.0, phase=IDLE
2026-09-04 14:00:28,664 - DVPTest - DEBUG - 物理分类结果: STABLE
2026-09-04 14:00:28,665 - DVPTest - DEBUG - [UI] _on_plot_update 收到 228 个数据点
2026-09-04 14:00:28,666 - DVPTest - INFO - [串口] cuff=0 mmHg
2026-09-04 14:00:28,758 - DVPTest - DEBUG - 发出 sig_data: t=22.888, p=0.00
2026-09-04 14:00:28,759 - DVPTest - DEBUG - process_data: t=22.89, p=0.0, v=0.000, a=0.0, phase=IDLE
2026-09-04 14:00:28,759 - DVPTest - DEBUG - 物理分类结果: STABLE
2026-09-04 14:00:28,760 - DVPTest - DEBUG - [UI] _on_plot_update 收到 229 个数据点
2026-09-04 14:00:28,761 - DVPTest - INFO - [串口] cuff=0 mmHg
2026-09-04 14:00:28,853 - DVPTest - DEBUG - 发出 sig_data: t=22.983, p=0.00
2026-09-04 14:00:28,856 - DVPTest - DEBUG - process_data: t=22.98, p=0.0, v=0.000, a=0.0, phase=IDLE
2026-09-04 14:00:28,857 - DVPTest - DEBUG - 物理分类结果: STABLE
2026-09-04 14:00:28,859 - DVPTest - DEBUG - [UI] _on_plot_update 收到 230 个数据点
2026-09-04 14:00:28,862 - DVPTest - INFO - [串口] cuff=0 mmHg
2026-09-04 14:00:28,949 - DVPTest - DEBUG - 发出 sig_data: t=23.078, p=0.00
2026-09-04 14:00:28,950 - DVPTest - DEBUG - process_data: t=23.08, p=0.0, v=0.000, a=0.0, phase=IDLE
2026-09-04 14:00:28,951 - DVPTest - DEBUG - 物理分类结果: STABLE
2026-09-04 14:00:28,952 - DVPTest - DEBUG - [UI] _on_plot_update 收到 231 个数据点
2026-09-04 14:00:28,953 - DVPTest - INFO - [串口] cuff=0 mmHg
2026-09-04 14:00:29,064 - DVPTest - DEBUG - 发出 sig_data: t=23.193, p=0.00
2026-09-04 14:00:29,067 - DVPTest - DEBUG - process_data: t=23.19, p=0.0, v=0.000, a=0.0, phase=IDLE
2026-09-04 14:00:29,068 - DVPTest - DEBUG - 物理分类结果: STABLE
2026-09-04 14:00:29,069 - DVPTest - DEBUG - [UI] _on_plot_update 收到 232 个数据点
2026-09-04 14:00:29,071 - DVPTest - INFO - [串口] cuff=0 mmHg
2026-09-04 14:00:29,157 - DVPTest - DEBUG - 发出 sig_data: t=23.286, p=0.00
2026-09-04 14:00:29,159 - DVPTest - DEBUG - process_data: t=23.29, p=0.0, v=0.000, a=0.0, phase=IDLE
2026-09-04 14:00:29,160 - DVPTest - DEBUG - 物理分类结果: STABLE
2026-09-04 14:00:29,161 - DVPTest - DEBUG - [UI] _on_plot_update 收到 233 个数据点
2026-09-04 14:00:29,164 - DVPTest - INFO - [串口] cuff=0 mmHg
2026-09-04 14:00:29,253 - DVPTest - DEBUG - 发出 sig_data: t=23.382, p=0.00
2026-09-04 14:00:29,253 - DVPTest - DEBUG - process_data: t=23.38, p=0.0, v=0.000, a=0.0, phase=IDLE
2026-09-04 14:00:29,254 - DVPTest - DEBUG - 物理分类结果: STABLE
2026-09-04 14:00:29,254 - DVPTest - DEBUG - [UI] _on_plot_update 收到 234 个数据点
2026-09-04 14:00:29,256 - DVPTest - INFO - [串口] cuff=0 mmHg
2026-09-04 14:00:29,349 - DVPTest - DEBUG - 发出 sig_data: t=23.478, p=0.00
2026-09-04 14:00:29,351 - DVPTest - DEBUG - process_data: t=23.48, p=0.0, v=0.000, a=0.0, phase=IDLE
2026-09-04 14:00:29,352 - DVPTest - DEBUG - 物理分类结果: STABLE
2026-09-04 14:00:29,354 - DVPTest - DEBUG - [UI] _on_plot_update 收到 235 个数据点
2026-09-04 14:00:29,356 - DVPTest - INFO - [串口] cuff=0 mmHg
2026-09-04 14:00:29,460 - DVPTest - DEBUG - 发出 sig_data: t=23.590, p=51.00
2026-09-04 14:00:29,462 - DVPTest - DEBUG - process_data: t=23.59, p=51.0, v=458.101, a=4114.8, phase=IDLE
2026-09-04 14:00:29,462 - DVPTest - DEBUG - 充气峰值更新: 51.0 @ 23.59s
2026-09-04 14:00:29,463 - DVPTest - DEBUG - 充气起始值 5.0 mmHg 到达 @ 23.59s
2026-09-04 14:00:29,463 - DVPTest - DEBUG - 物理分类结果: INFLATING
2026-09-04 14:00:29,463 - DVPTest - INFO - IDLE → INFLATING @ 23.59s, p=51.0
2026-09-04 14:00:29,464 - DVPTest - DEBUG - [UI] _on_plot_update 收到 236 个数据点
2026-09-04 14:00:29,466 - DVPTest - INFO - [串口] cuff=51 mmHg
2026-09-04 14:00:29,556 - DVPTest - DEBUG - 发出 sig_data: t=23.686, p=283.00
2026-09-04 14:00:29,558 - DVPTest - DEBUG - process_data: t=23.69, p=283.0, v=2000.000, a=10000.0, phase=INFLATING
2026-09-04 14:00:29,559 - DVPTest - DEBUG - 充气峰值更新: 283.0 @ 23.69s
2026-09-04 14:00:29,560 - DVPTest - DEBUG - 充气中间值 200.0 mmHg 到达 @ 23.69s
2026-09-04 14:00:29,561 - DVPTest - DEBUG - 物理分类结果: INFLATING
2026-09-04 14:00:29,562 - DVPTest - DEBUG - [UI] _on_plot_update 收到 237 个数据点
2026-09-04 14:00:29,565 - DVPTest - INFO - [串口] cuff=283 mmHg
2026-09-04 14:00:29,652 - DVPTest - DEBUG - 发出 sig_data: t=23.782, p=394.00
2026-09-04 14:00:29,655 - DVPTest - DEBUG - process_data: t=23.78, p=394.0, v=1155.153, a=-8792.1, phase=INFLATING
2026-09-04 14:00:29,655 - DVPTest - DEBUG - 充气峰值更新: 394.0 @ 23.78s
2026-09-04 14:00:29,656 - DVPTest - DEBUG - 充气目标值 300.0 mmHg 到达 @ 23.78s
2026-09-04 14:00:29,657 - DVPTest - DEBUG - 物理分类结果: INFLATING
2026-09-04 14:00:29,657 - DVPTest - DEBUG - [UI] _on_plot_update 收到 238 个数据点
2026-09-04 14:00:29,661 - DVPTest - INFO - [串口] cuff=394 mmHg
2026-09-04 14:00:29,764 - DVPTest - DEBUG - 发出 sig_data: t=23.893, p=404.00
2026-09-04 14:00:29,764 - DVPTest - DEBUG - process_data: t=23.89, p=404.0, v=90.218, a=-9607.6, phase=INFLATING
2026-09-04 14:00:29,765 - DVPTest - DEBUG - 充气峰值更新: 404.0 @ 23.89s
2026-09-04 14:00:29,765 - DVPTest - DEBUG - 物理分类结果: INFLATING
2026-09-04 14:00:29,765 - DVPTest - DEBUG - [UI] _on_plot_update 收到 239 个数据点
2026-09-04 14:00:29,768 - DVPTest - INFO - [串口] cuff=404 mmHg
2026-09-04 14:00:29,860 - DVPTest - DEBUG - 发出 sig_data: t=23.989, p=405.00
2026-09-04 14:00:29,862 - DVPTest - DEBUG - process_data: t=23.99, p=405.0, v=10.366, a=-827.8, phase=INFLATING
2026-09-04 14:00:29,863 - DVPTest - DEBUG - 充气峰值更新: 405.0 @ 23.99s
2026-09-04 14:00:29,863 - DVPTest - DEBUG - 物理分类结果: INFLATING
2026-09-04 14:00:29,864 - DVPTest - DEBUG - [UI] _on_plot_update 收到 240 个数据点
2026-09-04 14:00:29,868 - DVPTest - INFO - [串口] cuff=405 mmHg
2026-09-04 14:00:29,956 - DVPTest - DEBUG - 发出 sig_data: t=24.085, p=404.00
2026-09-04 14:00:29,958 - DVPTest - DEBUG - process_data: t=24.09, p=404.0, v=-10.391, a=-215.7, phase=INFLATING
2026-09-04 14:00:29,960 - DVPTest - DEBUG - 物理分类结果: DEFLATING
2026-09-04 14:00:29,961 - DVPTest - DEBUG - [UI] _on_plot_update 收到 241 个数据点
2026-09-04 14:00:29,963 - DVPTest - INFO - [串口] cuff=404 mmHg
2026-09-04 14:00:30,051 - DVPTest - DEBUG - 发出 sig_data: t=24.180, p=399.00
2026-09-04 14:00:30,053 - DVPTest - DEBUG - process_data: t=24.18, p=399.0, v=-52.608, a=-444.2, phase=INFLATING
2026-09-04 14:00:30,053 - DVPTest - INFO - ★ 泄气拐点确认 [速率+加速度]: p=404.00 @ t=24.085s, rate=-10.39
2026-09-04 14:00:30,054 - DVPTest - SUCCESS - ★ 泄气拐点确认 [速率+加速度]: p=404.00 @ t=24.085s, rate=-10.39
2026-09-04 14:00:30,054 - DVPTest - INFO - 充气结果输出（由泄气拐点触发）: {'state': 'DONE', 'start': {'value': 5.0, 'time': 23.58955719973892, 'reached': True}, 'mid': {'value': 200.0, 'time': 23.68577599991113, 'reached': True}, 'target': {'value': 300.0, 'time': 23.781867200043052, 'reached': True}, 'peak': {'value': 405.0, 'time': 23.989176400005817}}
2026-09-04 14:00:30,055 - DVPTest - SUCCESS - ★ 充气结果已触发（拐点）
2026-09-04 14:00:30,056 - DVPTest - DEBUG - [UI] _on_result_text: key=inflate, text=起始值5→中间值200 时间0.10s 速率2026.63mmHg/s  起始值5→目标值300 时间0.19s 速率1533.98mmHg/s
2026-09-04 14:00:30,057 - DVPTest - DEBUG - 物理分类结果: DEFLATING
2026-09-04 14:00:30,057 - DVPTest - DEBUG - 有效泄气迹象，下降 6.0 mmHg，计数 1/3
2026-09-04 14:00:30,057 - DVPTest - DEBUG - [UI] _on_plot_update 收到 242 个数据点
2026-09-04 14:00:30,059 - DVPTest - INFO - [串口] cuff=399 mmHg
2026-09-04 14:00:30,163 - DVPTest - DEBUG - 发出 sig_data: t=24.292, p=393.00
2026-09-04 14:00:30,165 - DVPTest - DEBUG - process_data: t=24.29, p=393.0, v=-53.561, a=-8.5, phase=INFLATING
2026-09-04 14:00:30,166 - DVPTest - DEBUG - 物理分类结果: DEFLATING
2026-09-04 14:00:30,168 - DVPTest - DEBUG - 有效泄气迹象，下降 12.0 mmHg，计数 2/3
2026-09-04 14:00:30,170 - DVPTest - DEBUG - [UI] _on_plot_update 收到 243 个数据点
2026-09-04 14:00:30,172 - DVPTest - INFO - [串口] cuff=393 mmHg
2026-09-04 14:00:30,259 - DVPTest - DEBUG - 发出 sig_data: t=24.388, p=389.00
2026-09-04 14:00:30,262 - DVPTest - DEBUG - process_data: t=24.39, p=389.0, v=-41.675, a=123.8, phase=INFLATING
2026-09-04 14:00:30,263 - DVPTest - DEBUG - 物理分类结果: DEFLATING
2026-09-04 14:00:30,265 - DVPTest - DEBUG - 有效泄气迹象，下降 16.0 mmHg，计数 3/3
2026-09-04 14:00:30,266 - DVPTest - WARNING - INFLATING → DEFLATING（保底），泄气开始，当前压力 389.0 @ 24.39s
2026-09-04 14:00:30,268 - DVPTest - DEBUG - [UI] _on_plot_update 收到 244 个数据点
2026-09-04 14:00:30,272 - DVPTest - INFO - [串口] cuff=389 mmHg
2026-09-04 14:00:30,355 - DVPTest - DEBUG - 发出 sig_data: t=24.485, p=386.00
2026-09-04 14:00:30,357 - DVPTest - DEBUG - process_data: t=24.48, p=386.0, v=-31.162, a=109.2, phase=DEFLATING
2026-09-04 14:00:30,357 - DVPTest - DEBUG - 物理分类结果: DEFLATING
2026-09-04 14:00:30,358 - DVPTest - DEBUG - [UI] _on_plot_update 收到 245 个数据点
2026-09-04 14:00:30,360 - DVPTest - INFO - [串口] cuff=386 mmHg
2026-09-04 14:00:30,451 - DVPTest - DEBUG - 发出 sig_data: t=24.581, p=384.00
2026-09-04 14:00:30,455 - DVPTest - DEBUG - process_data: t=24.58, p=384.0, v=-20.789, a=107.8, phase=DEFLATING
2026-09-04 14:00:30,457 - DVPTest - DEBUG - 物理分类结果: DEFLATING
2026-09-04 14:00:30,459 - DVPTest - DEBUG - [UI] _on_plot_update 收到 246 个数据点
2026-09-04 14:00:30,461 - DVPTest - INFO - [串口] cuff=384 mmHg
2026-09-04 14:00:30,563 - DVPTest - DEBUG - 发出 sig_data: t=24.692, p=382.00
2026-09-04 14:00:30,565 - DVPTest - DEBUG - process_data: t=24.69, p=382.0, v=-17.942, a=25.5, phase=DEFLATING
2026-09-04 14:00:30,565 - DVPTest - DEBUG - 物理分类结果: DEFLATING
2026-09-04 14:00:30,566 - DVPTest - DEBUG - [UI] _on_plot_update 收到 247 个数据点
2026-09-04 14:00:30,567 - DVPTest - INFO - [串口] cuff=382 mmHg
2026-09-04 14:00:30,659 - DVPTest - DEBUG - 发出 sig_data: t=24.788, p=380.00
2026-09-04 14:00:30,659 - DVPTest - DEBUG - process_data: t=24.79, p=380.0, v=-20.899, a=-30.9, phase=DEFLATING
2026-09-04 14:00:30,661 - DVPTest - DEBUG - 物理分类结果: DEFLATING
2026-09-04 14:00:30,662 - DVPTest - DEBUG - [UI] _on_plot_update 收到 248 个数据点
2026-09-04 14:00:30,664 - DVPTest - INFO - [串口] cuff=380 mmHg
2026-09-04 14:00:30,755 - DVPTest - DEBUG - 发出 sig_data: t=24.884, p=378.00
2026-09-04 14:00:30,757 - DVPTest - DEBUG - process_data: t=24.88, p=378.0, v=-20.887, a=0.1, phase=DEFLATING
2026-09-04 14:00:30,757 - DVPTest - DEBUG - 物理分类结果: DEFLATING
2026-09-04 14:00:30,757 - DVPTest - DEBUG - [UI] _on_plot_update 收到 249 个数据点
2026-09-04 14:00:30,759 - DVPTest - INFO - [串口] cuff=378 mmHg
2026-09-04 14:00:30,850 - DVPTest - DEBUG - 发出 sig_data: t=24.980, p=377.00
2026-09-04 14:00:30,851 - DVPTest - DEBUG - process_data: t=24.98, p=377.0, v=-10.443, a=109.1, phase=DEFLATING
2026-09-04 14:00:30,852 - DVPTest - DEBUG - 物理分类结果: DEFLATING
2026-09-04 14:00:30,852 - DVPTest - DEBUG - [UI] _on_plot_update 收到 250 个数据点
2026-09-04 14:00:30,853 - DVPTest - INFO - [串口] cuff=377 mmHg
2026-09-04 14:00:30,963 - DVPTest - DEBUG - 发出 sig_data: t=25.092, p=376.00
2026-09-04 14:00:30,964 - DVPTest - DEBUG - process_data: t=25.09, p=376.0, v=-8.903, a=13.7, phase=DEFLATING
2026-09-04 14:00:30,964 - DVPTest - DEBUG - 物理分类结果: DEFLATING
2026-09-04 14:00:30,965 - DVPTest - DEBUG - [UI] _on_plot_update 收到 251 个数据点
2026-09-04 14:00:30,967 - DVPTest - INFO - [串口] cuff=376 mmHg
2026-09-04 14:00:31,058 - DVPTest - DEBUG - 发出 sig_data: t=25.188, p=375.00
2026-09-04 14:00:31,064 - DVPTest - DEBUG - process_data: t=25.19, p=375.0, v=-10.423, a=-15.8, phase=DEFLATING
2026-09-04 14:00:31,065 - DVPTest - DEBUG - 物理分类结果: DEFLATING
2026-09-04 14:00:31,065 - DVPTest - DEBUG - [UI] _on_plot_update 收到 252 个数据点
2026-09-04 14:00:31,068 - DVPTest - INFO - [串口] cuff=375 mmHg
2026-09-04 14:00:31,154 - DVPTest - DEBUG - 发出 sig_data: t=25.283, p=374.00
2026-09-04 14:00:31,156 - DVPTest - DEBUG - process_data: t=25.28, p=374.0, v=-10.472, a=-0.5, phase=DEFLATING
2026-09-04 14:00:31,156 - DVPTest - DEBUG - 物理分类结果: DEFLATING
2026-09-04 14:00:31,157 - DVPTest - DEBUG - [UI] _on_plot_update 收到 253 个数据点
2026-09-04 14:00:31,160 - DVPTest - INFO - [串口] cuff=374 mmHg
2026-09-04 14:00:31,250 - DVPTest - DEBUG - 发出 sig_data: t=25.379, p=373.00
2026-09-04 14:00:31,251 - DVPTest - DEBUG - process_data: t=25.38, p=373.0, v=-10.472, a=-0.0, phase=DEFLATING
2026-09-04 14:00:31,252 - DVPTest - DEBUG - 物理分类结果: DEFLATING
2026-09-04 14:00:31,254 - DVPTest - DEBUG - [UI] _on_plot_update 收到 254 个数据点
2026-09-04 14:00:31,256 - DVPTest - INFO - [串口] cuff=373 mmHg
2026-09-04 14:00:31,362 - DVPTest - DEBUG - 发出 sig_data: t=25.492, p=372.00
2026-09-04 14:00:31,363 - DVPTest - DEBUG - process_data: t=25.49, p=372.0, v=-8.874, a=14.2, phase=DEFLATING
2026-09-04 14:00:31,364 - DVPTest - DEBUG - 物理分类结果: DEFLATING
2026-09-04 14:00:31,364 - DVPTest - DEBUG - [UI] _on_plot_update 收到 255 个数据点
2026-09-04 14:00:31,365 - DVPTest - INFO - [串口] cuff=372 mmHg
2026-09-04 14:00:31,457 - DVPTest - DEBUG - 发出 sig_data: t=25.586, p=371.00
2026-09-04 14:00:31,458 - DVPTest - DEBUG - process_data: t=25.59, p=371.0, v=-10.554, a=-17.7, phase=DEFLATING
2026-09-04 14:00:31,459 - DVPTest - DEBUG - 物理分类结果: DEFLATING
2026-09-04 14:00:31,459 - DVPTest - DEBUG - [UI] _on_plot_update 收到 256 个数据点
2026-09-04 14:00:31,461 - DVPTest - INFO - [串口] cuff=371 mmHg
2026-09-04 14:00:31,553 - DVPTest - DEBUG - 发出 sig_data: t=25.682, p=370.00
2026-09-04 14:00:31,555 - DVPTest - DEBUG - process_data: t=25.68, p=370.0, v=-10.425, a=1.3, phase=DEFLATING
2026-09-04 14:00:31,555 - DVPTest - DEBUG - 物理分类结果: DEFLATING
2026-09-04 14:00:31,556 - DVPTest - DEBUG - [UI] _on_plot_update 收到 257 个数据点
2026-09-04 14:00:31,558 - DVPTest - INFO - [串口] cuff=370 mmHg
2026-09-04 14:00:31,649 - DVPTest - DEBUG - 发出 sig_data: t=25.778, p=368.00
2026-09-04 14:00:31,651 - DVPTest - DEBUG - process_data: t=25.78, p=368.0, v=-20.806, a=-108.0, phase=DEFLATING
2026-09-04 14:00:31,651 - DVPTest - DEBUG - 物理分类结果: DEFLATING
2026-09-04 14:00:31,652 - DVPTest - DEBUG - [UI] _on_plot_update 收到 258 个数据点
2026-09-04 14:00:31,653 - DVPTest - INFO - [串口] cuff=368 mmHg
2026-09-04 14:00:31,761 - DVPTest - DEBUG - 发出 sig_data: t=25.891, p=367.00
2026-09-04 14:00:31,764 - DVPTest - DEBUG - process_data: t=25.89, p=367.0, v=-8.907, a=106.0, phase=DEFLATING
2026-09-04 14:00:31,765 - DVPTest - DEBUG - 物理分类结果: DEFLATING
2026-09-04 14:00:31,767 - DVPTest - DEBUG - [UI] _on_plot_update 收到 259 个数据点
2026-09-04 14:00:31,769 - DVPTest - INFO - [串口] cuff=367 mmHg
2026-09-04 14:00:31,857 - DVPTest - DEBUG - 发出 sig_data: t=25.986, p=367.00
2026-09-04 14:00:31,858 - DVPTest - DEBUG - process_data: t=25.99, p=367.0, v=0.000, a=92.9, phase=DEFLATING
2026-09-04 14:00:31,859 - DVPTest - DEBUG - 物理分类结果: STABLE
2026-09-04 14:00:31,860 - DVPTest - DEBUG - [UI] _on_plot_update 收到 260 个数据点
2026-09-04 14:00:31,863 - DVPTest - INFO - [串口] cuff=367 mmHg
2026-09-04 14:00:31,953 - DVPTest - DEBUG - 发出 sig_data: t=26.082, p=366.00
2026-09-04 14:00:31,954 - DVPTest - DEBUG - process_data: t=26.08, p=366.0, v=-10.496, a=-110.2, phase=DEFLATING
2026-09-04 14:00:31,954 - DVPTest - DEBUG - 物理分类结果: DEFLATING
2026-09-04 14:00:31,955 - DVPTest - DEBUG - [UI] _on_plot_update 收到 261 个数据点
2026-09-04 14:00:31,956 - DVPTest - INFO - [串口] cuff=366 mmHg
2026-09-04 14:00:32,064 - DVPTest - DEBUG - 发出 sig_data: t=26.193, p=365.00
2026-09-04 14:00:32,066 - DVPTest - DEBUG - process_data: t=26.19, p=365.0, v=-8.957, a=13.8, phase=DEFLATING
2026-09-04 14:00:32,067 - DVPTest - DEBUG - 物理分类结果: DEFLATING
2026-09-04 14:00:32,067 - DVPTest - DEBUG - [UI] _on_plot_update 收到 262 个数据点
2026-09-04 14:00:32,072 - DVPTest - INFO - [串口] cuff=365 mmHg
2026-09-04 14:00:32,160 - DVPTest - DEBUG - 发出 sig_data: t=26.289, p=365.00
2026-09-04 14:00:32,162 - DVPTest - DEBUG - process_data: t=26.29, p=365.0, v=0.000, a=93.5, phase=DEFLATING
2026-09-04 14:00:32,163 - DVPTest - DEBUG - 物理分类结果: STABLE
2026-09-04 14:00:32,164 - DVPTest - DEBUG - [UI] _on_plot_update 收到 263 个数据点
2026-09-04 14:00:32,168 - DVPTest - INFO - [串口] cuff=365 mmHg
2026-09-04 14:00:32,256 - DVPTest - DEBUG - 发出 sig_data: t=26.385, p=364.00
2026-09-04 14:00:32,259 - DVPTest - DEBUG - process_data: t=26.38, p=364.0, v=-10.456, a=-109.3, phase=DEFLATING
2026-09-04 14:00:32,259 - DVPTest - DEBUG - 物理分类结果: DEFLATING
2026-09-04 14:00:32,260 - DVPTest - DEBUG - [UI] _on_plot_update 收到 264 个数据点
2026-09-04 14:00:32,263 - DVPTest - INFO - [串口] cuff=364 mmHg
2026-09-04 14:00:32,352 - DVPTest - DEBUG - 发出 sig_data: t=26.482, p=365.00
2026-09-04 14:00:32,357 - DVPTest - DEBUG - process_data: t=26.48, p=365.0, v=10.337, a=214.9, phase=DEFLATING
2026-09-04 14:00:32,358 - DVPTest - DEBUG - 物理分类结果: INFLATING
2026-09-04 14:00:32,360 - DVPTest - DEBUG - [UI] _on_plot_update 收到 265 个数据点
2026-09-04 14:00:32,364 - DVPTest - INFO - [串口] cuff=365 mmHg
2026-09-04 14:00:32,463 - DVPTest - DEBUG - 发出 sig_data: t=26.593, p=364.00
2026-09-04 14:00:32,466 - DVPTest - DEBUG - process_data: t=26.59, p=364.0, v=-8.997, a=-173.9, phase=DEFLATING
2026-09-04 14:00:32,466 - DVPTest - DEBUG - 物理分类结果: DEFLATING
2026-09-04 14:00:32,467 - DVPTest - DEBUG - [UI] _on_plot_update 收到 266 个数据点
2026-09-04 14:00:32,469 - DVPTest - INFO - [串口] cuff=364 mmHg
2026-09-04 14:00:32,560 - DVPTest - DEBUG - 发出 sig_data: t=26.689, p=364.00
2026-09-04 14:00:32,562 - DVPTest - DEBUG - process_data: t=26.69, p=364.0, v=0.000, a=93.3, phase=DEFLATING
2026-09-04 14:00:32,563 - DVPTest - DEBUG - 物理分类结果: STABLE
2026-09-04 14:00:32,564 - DVPTest - DEBUG - [UI] _on_plot_update 收到 267 个数据点
2026-09-04 14:00:32,566 - DVPTest - INFO - [串口] cuff=364 mmHg
2026-09-04 14:00:32,655 - DVPTest - DEBUG - 发出 sig_data: t=26.785, p=363.00
2026-09-04 14:00:32,656 - DVPTest - DEBUG - process_data: t=26.78, p=363.0, v=-10.487, a=-110.0, phase=DEFLATING
2026-09-04 14:00:32,657 - DVPTest - DEBUG - 物理分类结果: DEFLATING
2026-09-04 14:00:32,657 - DVPTest - DEBUG - [UI] _on_plot_update 收到 268 个数据点
2026-09-04 14:00:32,659 - DVPTest - INFO - [串口] cuff=363 mmHg
2026-09-04 14:00:32,752 - DVPTest - DEBUG - 发出 sig_data: t=26.881, p=362.00
2026-09-04 14:00:32,752 - DVPTest - DEBUG - process_data: t=26.88, p=362.0, v=-10.362, a=1.3, phase=DEFLATING
2026-09-04 14:00:32,753 - DVPTest - DEBUG - 物理分类结果: DEFLATING
2026-09-04 14:00:32,753 - DVPTest - DEBUG - [UI] _on_plot_update 收到 269 个数据点
2026-09-04 14:00:32,755 - DVPTest - INFO - [串口] cuff=362 mmHg
2026-09-04 14:00:32,863 - DVPTest - DEBUG - 发出 sig_data: t=26.992, p=362.00
2026-09-04 14:00:32,866 - DVPTest - DEBUG - process_data: t=26.99, p=362.0, v=0.000, a=93.2, phase=DEFLATING
2026-09-04 14:00:32,867 - DVPTest - DEBUG - 物理分类结果: STABLE
2026-09-04 14:00:32,867 - DVPTest - DEBUG - [UI] _on_plot_update 收到 270 个数据点
2026-09-04 14:00:32,871 - DVPTest - INFO - [串口] cuff=362 mmHg
2026-09-04 14:00:32,959 - DVPTest - DEBUG - 发出 sig_data: t=27.089, p=362.00
2026-09-04 14:00:32,963 - DVPTest - DEBUG - process_data: t=27.09, p=362.0, v=0.000, a=0.0, phase=DEFLATING
2026-09-04 14:00:32,964 - DVPTest - DEBUG - 物理分类结果: STABLE
2026-09-04 14:00:32,966 - DVPTest - DEBUG - [UI] _on_plot_update 收到 271 个数据点
2026-09-04 14:00:32,969 - DVPTest - INFO - [串口] cuff=362 mmHg
2026-09-04 14:00:33,054 - DVPTest - DEBUG - 发出 sig_data: t=27.183, p=362.00
2026-09-04 14:00:33,056 - DVPTest - DEBUG - process_data: t=27.18, p=362.0, v=0.000, a=0.0, phase=DEFLATING
2026-09-04 14:00:33,058 - DVPTest - DEBUG - 物理分类结果: STABLE
2026-09-04 14:00:33,058 - DVPTest - DEBUG - [UI] _on_plot_update 收到 272 个数据点
2026-09-04 14:00:33,059 - DVPTest - INFO - [串口] cuff=362 mmHg
2026-09-04 14:00:33,166 - DVPTest - DEBUG - 发出 sig_data: t=27.296, p=362.00
2026-09-04 14:00:33,167 - DVPTest - DEBUG - process_data: t=27.30, p=362.0, v=0.000, a=0.0, phase=DEFLATING
2026-09-04 14:00:33,167 - DVPTest - DEBUG - 物理分类结果: STABLE
2026-09-04 14:00:33,168 - DVPTest - DEBUG - [UI] _on_plot_update 收到 273 个数据点
2026-09-04 14:00:33,170 - DVPTest - INFO - [串口] cuff=362 mmHg
2026-09-04 14:00:33,263 - DVPTest - DEBUG - 发出 sig_data: t=27.392, p=362.00
2026-09-04 14:00:33,263 - DVPTest - DEBUG - process_data: t=27.39, p=362.0, v=0.000, a=0.0, phase=DEFLATING
2026-09-04 14:00:33,263 - DVPTest - DEBUG - 物理分类结果: STABLE
2026-09-04 14:00:33,264 - DVPTest - DEBUG - [UI] _on_plot_update 收到 274 个数据点
2026-09-04 14:00:33,266 - DVPTest - INFO - [串口] cuff=362 mmHg
2026-09-04 14:00:33,358 - DVPTest - DEBUG - 发出 sig_data: t=27.487, p=362.00
2026-09-04 14:00:33,359 - DVPTest - DEBUG - process_data: t=27.49, p=362.0, v=0.000, a=0.0, phase=DEFLATING
2026-09-04 14:00:33,360 - DVPTest - DEBUG - 物理分类结果: STABLE
2026-09-04 14:00:33,360 - DVPTest - DEBUG - [UI] _on_plot_update 收到 275 个数据点
2026-09-04 14:00:33,362 - DVPTest - INFO - [串口] cuff=362 mmHg
2026-09-04 14:00:33,455 - DVPTest - DEBUG - 发出 sig_data: t=27.584, p=362.00
2026-09-04 14:00:33,455 - DVPTest - DEBUG - process_data: t=27.58, p=362.0, v=0.000, a=0.0, phase=DEFLATING
2026-09-04 14:00:33,457 - DVPTest - DEBUG - 物理分类结果: STABLE
2026-09-04 14:00:33,458 - DVPTest - DEBUG - [UI] _on_plot_update 收到 276 个数据点
2026-09-04 14:00:33,460 - DVPTest - INFO - [串口] cuff=362 mmHg
2026-09-04 14:00:33,566 - DVPTest - DEBUG - 发出 sig_data: t=27.695, p=362.00
2026-09-04 14:00:33,567 - DVPTest - DEBUG - process_data: t=27.70, p=362.0, v=0.000, a=0.0, phase=DEFLATING
2026-09-04 14:00:33,568 - DVPTest - DEBUG - 物理分类结果: STABLE
2026-09-04 14:00:33,568 - DVPTest - DEBUG - [UI] _on_plot_update 收到 277 个数据点
2026-09-04 14:00:33,571 - DVPTest - INFO - [串口] cuff=362 mmHg
2026-09-04 14:00:33,662 - DVPTest - DEBUG - 发出 sig_data: t=27.791, p=363.00
2026-09-04 14:00:33,662 - DVPTest - DEBUG - process_data: t=27.79, p=363.0, v=10.456, a=109.3, phase=DEFLATING
2026-09-04 14:00:33,663 - DVPTest - DEBUG - 物理分类结果: INFLATING
2026-09-04 14:00:33,664 - DVPTest - DEBUG - [UI] _on_plot_update 收到 278 个数据点
2026-09-04 14:00:33,666 - DVPTest - INFO - [串口] cuff=363 mmHg
2026-09-04 14:00:33,759 - DVPTest - DEBUG - 发出 sig_data: t=27.888, p=362.00
2026-09-04 14:00:33,760 - DVPTest - DEBUG - process_data: t=27.89, p=362.0, v=-10.291, a=-213.5, phase=DEFLATING
2026-09-04 14:00:33,760 - DVPTest - DEBUG - 物理分类结果: DEFLATING
2026-09-04 14:00:33,760 - DVPTest - DEBUG - [UI] _on_plot_update 收到 279 个数据点
2026-09-04 14:00:33,761 - DVPTest - INFO - [串口] cuff=362 mmHg
2026-09-04 14:00:33,854 - DVPTest - DEBUG - 发出 sig_data: t=27.983, p=362.00
2026-09-04 14:00:33,854 - DVPTest - DEBUG - process_data: t=27.98, p=362.0, v=0.000, a=108.5, phase=DEFLATING
2026-09-04 14:00:33,855 - DVPTest - DEBUG - 物理分类结果: STABLE
2026-09-04 14:00:33,856 - DVPTest - DEBUG - [UI] _on_plot_update 收到 280 个数据点
2026-09-04 14:00:33,858 - DVPTest - INFO - [串口] cuff=362 mmHg
2026-09-04 14:00:33,966 - DVPTest - DEBUG - 发出 sig_data: t=28.095, p=362.00
2026-09-04 14:00:33,968 - DVPTest - DEBUG - process_data: t=28.10, p=362.0, v=0.000, a=0.0, phase=DEFLATING
2026-09-04 14:00:33,969 - DVPTest - DEBUG - 物理分类结果: STABLE
2026-09-04 14:00:33,970 - DVPTest - DEBUG - [UI] _on_plot_update 收到 281 个数据点
2026-09-04 14:00:33,972 - DVPTest - INFO - [串口] cuff=362 mmHg
2026-09-04 14:00:34,062 - DVPTest - DEBUG - 发出 sig_data: t=28.191, p=362.00
2026-09-04 14:00:34,063 - DVPTest - DEBUG - process_data: t=28.19, p=362.0, v=0.000, a=0.0, phase=DEFLATING
2026-09-04 14:00:34,064 - DVPTest - DEBUG - 物理分类结果: STABLE
2026-09-04 14:00:34,065 - DVPTest - DEBUG - [UI] _on_plot_update 收到 282 个数据点
2026-09-04 14:00:34,067 - DVPTest - INFO - [串口] cuff=362 mmHg
2026-09-04 14:00:34,158 - DVPTest - DEBUG - 发出 sig_data: t=28.287, p=361.00
2026-09-04 14:00:34,160 - DVPTest - DEBUG - process_data: t=28.29, p=361.0, v=-10.438, a=-109.0, phase=DEFLATING
2026-09-04 14:00:34,161 - DVPTest - DEBUG - 物理分类结果: DEFLATING
2026-09-04 14:00:34,163 - DVPTest - DEBUG - [UI] _on_plot_update 收到 283 个数据点
2026-09-04 14:00:34,165 - DVPTest - INFO - [串口] cuff=361 mmHg
2026-09-04 14:00:34,253 - DVPTest - DEBUG - 发出 sig_data: t=28.383, p=361.00
2026-09-04 14:00:34,256 - DVPTest - DEBUG - process_data: t=28.38, p=361.0, v=0.000, a=108.9, phase=DEFLATING
2026-09-04 14:00:34,257 - DVPTest - DEBUG - 物理分类结果: STABLE
2026-09-04 14:00:34,259 - DVPTest - DEBUG - [UI] _on_plot_update 收到 284 个数据点
2026-09-04 14:00:34,262 - DVPTest - INFO - [串口] cuff=361 mmHg
2026-09-04 14:00:34,365 - DVPTest - DEBUG - 发出 sig_data: t=28.494, p=361.00
2026-09-04 14:00:34,367 - DVPTest - DEBUG - process_data: t=28.49, p=361.0, v=0.000, a=0.0, phase=DEFLATING
2026-09-04 14:00:34,367 - DVPTest - DEBUG - 物理分类结果: STABLE
2026-09-04 14:00:34,368 - DVPTest - DEBUG - [UI] _on_plot_update 收到 285 个数据点
2026-09-04 14:00:34,370 - DVPTest - INFO - [串口] cuff=361 mmHg
2026-09-04 14:00:34,461 - DVPTest - DEBUG - 发出 sig_data: t=28.590, p=361.00
2026-09-04 14:00:34,463 - DVPTest - DEBUG - process_data: t=28.59, p=361.0, v=0.000, a=0.0, phase=DEFLATING
2026-09-04 14:00:34,464 - DVPTest - DEBUG - 物理分类结果: STABLE
2026-09-04 14:00:34,465 - DVPTest - DEBUG - [UI] _on_plot_update 收到 286 个数据点
2026-09-04 14:00:34,466 - DVPTest - INFO - [串口] cuff=361 mmHg
2026-09-04 14:00:34,557 - DVPTest - DEBUG - 发出 sig_data: t=28.686, p=361.00
2026-09-04 14:00:34,560 - DVPTest - DEBUG - process_data: t=28.69, p=361.0, v=0.000, a=0.0, phase=DEFLATING
2026-09-04 14:00:34,561 - DVPTest - DEBUG - 物理分类结果: STABLE
2026-09-04 14:00:34,562 - DVPTest - DEBUG - [UI] _on_plot_update 收到 287 个数据点
2026-09-04 14:00:34,565 - DVPTest - INFO - [串口] cuff=361 mmHg
2026-09-04 14:00:34,653 - DVPTest - DEBUG - 发出 sig_data: t=28.782, p=361.00
2026-09-04 14:00:34,654 - DVPTest - DEBUG - process_data: t=28.78, p=361.0, v=0.000, a=0.0, phase=DEFLATING
2026-09-04 14:00:34,656 - DVPTest - DEBUG - 物理分类结果: STABLE
2026-09-04 14:00:34,656 - DVPTest - DEBUG - [UI] _on_plot_update 收到 288 个数据点
2026-09-04 14:00:34,658 - DVPTest - INFO - [串口] cuff=361 mmHg
2026-09-04 14:00:34,765 - DVPTest - DEBUG - 发出 sig_data: t=28.894, p=360.00
2026-09-04 14:00:34,768 - DVPTest - DEBUG - process_data: t=28.89, p=360.0, v=-8.934, a=-79.8, phase=DEFLATING
2026-09-04 14:00:34,769 - DVPTest - DEBUG - 物理分类结果: DEFLATING
2026-09-04 14:00:34,771 - DVPTest - DEBUG - [UI] _on_plot_update 收到 289 个数据点
2026-09-04 14:00:34,775 - DVPTest - INFO - [串口] cuff=360 mmHg
2026-09-04 14:00:34,860 - DVPTest - DEBUG - 发出 sig_data: t=28.989, p=360.00
2026-09-04 14:00:34,862 - DVPTest - DEBUG - process_data: t=28.99, p=360.0, v=0.000, a=93.8, phase=DEFLATING
2026-09-04 14:00:34,863 - DVPTest - DEBUG - 物理分类结果: STABLE
2026-09-04 14:00:34,865 - DVPTest - DEBUG - [UI] _on_plot_update 收到 290 个数据点
2026-09-04 14:00:34,869 - DVPTest - INFO - [串口] cuff=360 mmHg
2026-09-04 14:00:34,956 - DVPTest - DEBUG - 发出 sig_data: t=29.086, p=360.00
2026-09-04 14:00:34,968 - DVPTest - DEBUG - process_data: t=29.09, p=360.0, v=0.000, a=0.0, phase=DEFLATING
2026-09-04 14:00:34,970 - DVPTest - DEBUG - 物理分类结果: STABLE
2026-09-04 14:00:34,971 - DVPTest - DEBUG - [UI] _on_plot_update 收到 291 个数据点
2026-09-04 14:00:34,978 - DVPTest - INFO - [串口] cuff=360 mmHg
2026-09-04 14:00:35,067 - DVPTest - DEBUG - 发出 sig_data: t=29.196, p=360.00
2026-09-04 14:00:35,070 - DVPTest - DEBUG - process_data: t=29.20, p=360.0, v=0.000, a=0.0, phase=DEFLATING
2026-09-04 14:00:35,070 - DVPTest - DEBUG - 物理分类结果: STABLE
2026-09-04 14:00:35,072 - DVPTest - DEBUG - [UI] _on_plot_update 收到 292 个数据点
2026-09-04 14:00:35,074 - DVPTest - INFO - [串口] cuff=360 mmHg
2026-09-04 14:00:35,164 - DVPTest - DEBUG - 发出 sig_data: t=29.293, p=359.00
2026-09-04 14:00:35,165 - DVPTest - DEBUG - process_data: t=29.29, p=359.0, v=-10.383, a=-107.8, phase=DEFLATING
2026-09-04 14:00:35,165 - DVPTest - DEBUG - 物理分类结果: DEFLATING
2026-09-04 14:00:35,166 - DVPTest - DEBUG - [UI] _on_plot_update 收到 293 个数据点
2026-09-04 14:00:35,168 - DVPTest - INFO - [串口] cuff=359 mmHg
2026-09-04 14:00:35,260 - DVPTest - DEBUG - 发出 sig_data: t=29.389, p=358.00
2026-09-04 14:00:35,261 - DVPTest - DEBUG - process_data: t=29.39, p=358.0, v=-10.408, a=-0.3, phase=DEFLATING
2026-09-04 14:00:35,261 - DVPTest - DEBUG - 物理分类结果: DEFLATING
2026-09-04 14:00:35,262 - DVPTest - DEBUG - [UI] _on_plot_update 收到 294 个数据点
2026-09-04 14:00:35,265 - DVPTest - INFO - [串口] cuff=358 mmHg
2026-09-04 14:00:35,356 - DVPTest - DEBUG - 发出 sig_data: t=29.485, p=357.00
2026-09-04 14:00:35,359 - DVPTest - DEBUG - process_data: t=29.49, p=357.0, v=-10.385, a=0.2, phase=DEFLATING
2026-09-04 14:00:35,360 - DVPTest - DEBUG - 物理分类结果: DEFLATING
2026-09-04 14:00:35,362 - DVPTest - DEBUG - [UI] _on_plot_update 收到 295 个数据点
2026-09-04 14:00:35,366 - DVPTest - INFO - [串口] cuff=357 mmHg
2026-09-04 14:00:35,467 - DVPTest - DEBUG - 发出 sig_data: t=29.596, p=357.00
2026-09-04 14:00:35,467 - DVPTest - DEBUG - process_data: t=29.60, p=357.0, v=0.000, a=93.7, phase=DEFLATING
2026-09-04 14:00:35,468 - DVPTest - DEBUG - 物理分类结果: STABLE
2026-09-04 14:00:35,468 - DVPTest - DEBUG - [UI] _on_plot_update 收到 296 个数据点
2026-09-04 14:00:35,470 - DVPTest - INFO - [串口] cuff=357 mmHg
2026-09-04 14:00:35,563 - DVPTest - DEBUG - 发出 sig_data: t=29.692, p=356.00
2026-09-04 14:00:35,565 - DVPTest - DEBUG - process_data: t=29.69, p=356.0, v=-10.407, a=-108.3, phase=DEFLATING
2026-09-04 14:00:35,566 - DVPTest - DEBUG - 物理分类结果: DEFLATING
2026-09-04 14:00:35,567 - DVPTest - DEBUG - [UI] _on_plot_update 收到 297 个数据点
2026-09-04 14:00:35,569 - DVPTest - INFO - [串口] cuff=356 mmHg
2026-09-04 14:00:35,659 - DVPTest - DEBUG - 发出 sig_data: t=29.788, p=356.00
2026-09-04 14:00:35,660 - DVPTest - DEBUG - process_data: t=29.79, p=356.0, v=0.000, a=107.9, phase=DEFLATING
2026-09-04 14:00:35,661 - DVPTest - DEBUG - 物理分类结果: STABLE
2026-09-04 14:00:35,663 - DVPTest - DEBUG - [UI] _on_plot_update 收到 298 个数据点
2026-09-04 14:00:35,666 - DVPTest - INFO - [串口] cuff=356 mmHg
2026-09-04 14:00:35,755 - DVPTest - DEBUG - 发出 sig_data: t=29.884, p=356.00
2026-09-04 14:00:35,757 - DVPTest - DEBUG - process_data: t=29.88, p=356.0, v=0.000, a=0.0, phase=DEFLATING
2026-09-04 14:00:35,757 - DVPTest - DEBUG - 物理分类结果: STABLE
2026-09-04 14:00:35,758 - DVPTest - DEBUG - [UI] _on_plot_update 收到 299 个数据点
2026-09-04 14:00:35,760 - DVPTest - INFO - [串口] cuff=356 mmHg
2026-09-04 14:00:35,867 - DVPTest - DEBUG - 发出 sig_data: t=29.996, p=357.00
2026-09-04 14:00:35,870 - DVPTest - DEBUG - process_data: t=30.00, p=357.0, v=8.931, a=79.8, phase=DEFLATING
2026-09-04 14:00:35,871 - DVPTest - DEBUG - 物理分类结果: INFLATING
2026-09-04 14:00:35,872 - DVPTest - DEBUG - [UI] _on_plot_update 收到 300 个数据点
2026-09-04 14:00:35,875 - DVPTest - INFO - [串口] cuff=357 mmHg
2026-09-04 14:00:35,963 - DVPTest - DEBUG - 发出 sig_data: t=30.092, p=356.00
2026-09-04 14:00:35,964 - DVPTest - DEBUG - process_data: t=30.09, p=356.0, v=-10.380, a=-200.4, phase=DEFLATING
2026-09-04 14:00:35,965 - DVPTest - DEBUG - 物理分类结果: DEFLATING
2026-09-04 14:00:35,967 - DVPTest - DEBUG - [UI] _on_plot_update 收到 301 个数据点
2026-09-04 14:00:35,968 - DVPTest - INFO - [串口] cuff=356 mmHg
2026-09-04 14:00:36,059 - DVPTest - DEBUG - 发出 sig_data: t=30.188, p=356.00
2026-09-04 14:00:36,059 - DVPTest - DEBUG - process_data: t=30.19, p=356.0, v=0.000, a=108.6, phase=DEFLATING
2026-09-04 14:00:36,059 - DVPTest - DEBUG - 物理分类结果: STABLE
2026-09-04 14:00:36,060 - DVPTest - DEBUG - [UI] _on_plot_update 收到 302 个数据点
2026-09-04 14:00:36,062 - DVPTest - INFO - [串口] cuff=356 mmHg
2026-09-04 14:00:36,154 - DVPTest - DEBUG - 发出 sig_data: t=30.283, p=356.00
2026-09-04 14:00:36,156 - DVPTest - DEBUG - process_data: t=30.28, p=356.0, v=0.000, a=0.0, phase=DEFLATING
2026-09-04 14:00:36,157 - DVPTest - DEBUG - 物理分类结果: STABLE
2026-09-04 14:00:36,159 - DVPTest - DEBUG - [UI] _on_plot_update 收到 303 个数据点
2026-09-04 14:00:36,162 - DVPTest - INFO - [串口] cuff=356 mmHg
2026-09-04 14:00:36,266 - DVPTest - DEBUG - 发出 sig_data: t=30.395, p=356.00
2026-09-04 14:00:36,268 - DVPTest - DEBUG - process_data: t=30.39, p=356.0, v=0.000, a=0.0, phase=DEFLATING
2026-09-04 14:00:36,269 - DVPTest - DEBUG - 物理分类结果: STABLE
2026-09-04 14:00:36,270 - DVPTest - DEBUG - [UI] _on_plot_update 收到 304 个数据点
2026-09-04 14:00:36,273 - DVPTest - INFO - [串口] cuff=356 mmHg
2026-09-04 14:00:36,362 - DVPTest - DEBUG - 发出 sig_data: t=30.491, p=356.00
2026-09-04 14:00:36,362 - DVPTest - DEBUG - process_data: t=30.49, p=356.0, v=0.000, a=0.0, phase=DEFLATING
2026-09-04 14:00:36,363 - DVPTest - DEBUG - 物理分类结果: STABLE
2026-09-04 14:00:36,364 - DVPTest - DEBUG - [UI] _on_plot_update 收到 305 个数据点
2026-09-04 14:00:36,365 - DVPTest - INFO - [串口] cuff=356 mmHg
2026-09-04 14:00:36,458 - DVPTest - DEBUG - 发出 sig_data: t=30.588, p=355.00
2026-09-04 14:00:36,461 - DVPTest - DEBUG - process_data: t=30.59, p=355.0, v=-10.311, a=-106.3, phase=DEFLATING
2026-09-04 14:00:36,462 - DVPTest - DEBUG - 物理分类结果: DEFLATING
2026-09-04 14:00:36,463 - DVPTest - DEBUG - [UI] _on_plot_update 收到 306 个数据点
2026-09-04 14:00:36,466 - DVPTest - INFO - [串口] cuff=355 mmHg
2026-09-04 14:00:36,554 - DVPTest - DEBUG - 发出 sig_data: t=30.683, p=356.00
2026-09-04 14:00:36,555 - DVPTest - DEBUG - process_data: t=30.68, p=356.0, v=10.496, a=218.4, phase=DEFLATING
2026-09-04 14:00:36,556 - DVPTest - DEBUG - 物理分类结果: INFLATING
2026-09-04 14:00:36,557 - DVPTest - DEBUG - [UI] _on_plot_update 收到 307 个数据点
2026-09-04 14:00:36,558 - DVPTest - INFO - [串口] cuff=356 mmHg
2026-09-04 14:00:36,665 - DVPTest - DEBUG - 发出 sig_data: t=30.794, p=356.00
2026-09-04 14:00:36,668 - DVPTest - DEBUG - process_data: t=30.79, p=356.0, v=0.000, a=-94.2, phase=DEFLATING
2026-09-04 14:00:36,669 - DVPTest - DEBUG - 物理分类结果: STABLE
2026-09-04 14:00:36,671 - DVPTest - DEBUG - [UI] _on_plot_update 收到 308 个数据点
2026-09-04 14:00:36,674 - DVPTest - INFO - [串口] cuff=356 mmHg
2026-09-04 14:00:36,761 - DVPTest - DEBUG - 发出 sig_data: t=30.891, p=356.00
2026-09-04 14:00:36,764 - DVPTest - DEBUG - process_data: t=30.89, p=356.0, v=0.000, a=0.0, phase=DEFLATING
2026-09-04 14:00:36,765 - DVPTest - DEBUG - 物理分类结果: STABLE
2026-09-04 14:00:36,766 - DVPTest - DEBUG - [UI] _on_plot_update 收到 309 个数据点
2026-09-04 14:00:36,769 - DVPTest - INFO - [串口] cuff=356 mmHg
2026-09-04 14:00:36,857 - DVPTest - DEBUG - 发出 sig_data: t=30.986, p=355.00
2026-09-04 14:00:36,858 - DVPTest - DEBUG - process_data: t=30.99, p=355.0, v=-10.479, a=-109.8, phase=DEFLATING
2026-09-04 14:00:36,859 - DVPTest - DEBUG - 物理分类结果: DEFLATING
2026-09-04 14:00:36,860 - DVPTest - DEBUG - [UI] _on_plot_update 收到 310 个数据点
2026-09-04 14:00:36,862 - DVPTest - INFO - [串口] cuff=355 mmHg
2026-09-04 14:00:36,953 - DVPTest - DEBUG - 发出 sig_data: t=31.082, p=355.00
2026-09-04 14:00:36,953 - DVPTest - DEBUG - process_data: t=31.08, p=355.0, v=0.000, a=109.7, phase=DEFLATING
2026-09-04 14:00:36,954 - DVPTest - DEBUG - 物理分类结果: STABLE
2026-09-04 14:00:36,954 - DVPTest - DEBUG - [UI] _on_plot_update 收到 311 个数据点
2026-09-04 14:00:36,956 - DVPTest - INFO - [串口] cuff=355 mmHg
2026-09-04 14:00:37,065 - DVPTest - DEBUG - 发出 sig_data: t=31.194, p=355.00
2026-09-04 14:00:37,067 - DVPTest - DEBUG - process_data: t=31.19, p=355.0, v=0.000, a=0.0, phase=DEFLATING
2026-09-04 14:00:37,067 - DVPTest - DEBUG - 物理分类结果: STABLE
2026-09-04 14:00:37,068 - DVPTest - DEBUG - [UI] _on_plot_update 收到 312 个数据点
2026-09-04 14:00:37,069 - DVPTest - INFO - [串口] cuff=355 mmHg
2026-09-04 14:00:37,160 - DVPTest - DEBUG - 发出 sig_data: t=31.290, p=355.00
2026-09-04 14:00:37,163 - DVPTest - DEBUG - process_data: t=31.29, p=355.0, v=0.000, a=0.0, phase=DEFLATING
2026-09-04 14:00:37,164 - DVPTest - DEBUG - 物理分类结果: STABLE
2026-09-04 14:00:37,166 - DVPTest - DEBUG - [UI] _on_plot_update 收到 313 个数据点
2026-09-04 14:00:37,169 - DVPTest - INFO - [串口] cuff=355 mmHg
2026-09-04 14:00:37,257 - DVPTest - DEBUG - 发出 sig_data: t=31.386, p=356.00
2026-09-04 14:00:37,260 - DVPTest - DEBUG - process_data: t=31.39, p=356.0, v=10.360, a=107.3, phase=DEFLATING
2026-09-04 14:00:37,261 - DVPTest - DEBUG - 物理分类结果: INFLATING
2026-09-04 14:00:37,263 - DVPTest - DEBUG - [UI] _on_plot_update 收到 314 个数据点
2026-09-04 14:00:37,266 - DVPTest - INFO - [串口] cuff=356 mmHg
2026-09-04 14:00:37,367 - DVPTest - DEBUG - 发出 sig_data: t=31.497, p=356.00
2026-09-04 14:00:37,369 - DVPTest - DEBUG - process_data: t=31.50, p=356.0, v=0.000, a=-93.5, phase=DEFLATING
2026-09-04 14:00:37,369 - DVPTest - DEBUG - 物理分类结果: STABLE
2026-09-04 14:00:37,370 - DVPTest - DEBUG - [UI] _on_plot_update 收到 315 个数据点
2026-09-04 14:00:37,371 - DVPTest - INFO - [串口] cuff=356 mmHg
2026-09-04 14:00:37,465 - DVPTest - DEBUG - 发出 sig_data: t=31.594, p=356.00
2026-09-04 14:00:37,467 - DVPTest - DEBUG - process_data: t=31.59, p=356.0, v=0.000, a=0.0, phase=DEFLATING
2026-09-04 14:00:37,468 - DVPTest - DEBUG - 物理分类结果: STABLE
2026-09-04 14:00:37,469 - DVPTest - DEBUG - [UI] _on_plot_update 收到 316 个数据点
2026-09-04 14:00:37,473 - DVPTest - INFO - [串口] cuff=356 mmHg
2026-09-04 14:00:37,560 - DVPTest - DEBUG - 发出 sig_data: t=31.690, p=357.00
2026-09-04 14:00:37,563 - DVPTest - DEBUG - process_data: t=31.69, p=357.0, v=10.409, a=108.3, phase=DEFLATING
2026-09-04 14:00:37,564 - DVPTest - DEBUG - 物理分类结果: INFLATING
2026-09-04 14:00:37,566 - DVPTest - DEBUG - [UI] _on_plot_update 收到 317 个数据点
2026-09-04 14:00:37,570 - DVPTest - INFO - [串口] cuff=357 mmHg
2026-09-04 14:00:37,657 - DVPTest - DEBUG - 发出 sig_data: t=31.786, p=356.00
2026-09-04 14:00:37,657 - DVPTest - DEBUG - process_data: t=31.79, p=356.0, v=-10.453, a=-218.1, phase=DEFLATING
2026-09-04 14:00:37,657 - DVPTest - DEBUG - 物理分类结果: DEFLATING
2026-09-04 14:00:37,658 - DVPTest - DEBUG - [UI] _on_plot_update 收到 318 个数据点
2026-09-04 14:00:37,659 - DVPTest - INFO - [串口] cuff=356 mmHg
2026-09-04 14:00:37,768 - DVPTest - DEBUG - 发出 sig_data: t=31.897, p=356.00
2026-09-04 14:00:37,769 - DVPTest - DEBUG - process_data: t=31.90, p=356.0, v=0.000, a=94.2, phase=DEFLATING
2026-09-04 14:00:37,770 - DVPTest - DEBUG - 物理分类结果: STABLE
2026-09-04 14:00:37,772 - DVPTest - DEBUG - [UI] _on_plot_update 收到 319 个数据点
2026-09-04 14:00:37,775 - DVPTest - INFO - [串口] cuff=356 mmHg
2026-09-04 14:00:37,864 - DVPTest - DEBUG - 发出 sig_data: t=31.994, p=356.00
2026-09-04 14:00:37,868 - DVPTest - DEBUG - process_data: t=31.99, p=356.0, v=0.000, a=0.0, phase=DEFLATING
2026-09-04 14:00:37,869 - DVPTest - DEBUG - 物理分类结果: STABLE
2026-09-04 14:00:37,870 - DVPTest - DEBUG - [UI] _on_plot_update 收到 320 个数据点
2026-09-04 14:00:37,872 - DVPTest - INFO - [串口] cuff=356 mmHg
2026-09-04 14:00:37,959 - DVPTest - DEBUG - 发出 sig_data: t=32.088, p=0.00
2026-09-04 14:00:37,961 - DVPTest - DEBUG - process_data: t=32.09, p=0.0, v=-2000.000, a=-10000.0, phase=DEFLATING
2026-09-04 14:00:37,961 - DVPTest - SUCCESS - ★ 泄气起始值 300.0 mmHg 真实穿越 @ 32.09s
2026-09-04 14:00:37,962 - DVPTest - SUCCESS - ★ 泄气中间值 200.0 mmHg 真实穿越 @ 32.09s
2026-09-04 14:00:37,963 - DVPTest - SUCCESS - ★ 泄气目标值 5.0 mmHg 真实穿越 @ 32.09s
2026-09-04 14:00:37,968 - DVPTest - INFO - 泄气结果输出（由目标值到达触发）: {'state': 'DONE', 'start': {'value': 300.0, 'time': 32.088321699760854, 'reached': True}, 'mid': {'value': 200.0, 'time': 32.088321699760854, 'reached': True}, 'target': {'value': 5.0, 'time': 32.088321699760854, 'reached': True}, 'peak': {'value': 404.0, 'time': 24.085409599822015}, 'inflection': {'value': 404.0, 'time': 24.085409599822015, 'rate': -10.391424185312069, 'method': '速率+加速度'}}
2026-09-04 14:00:37,969 - DVPTest - SUCCESS - ★ 泄气结果已触发（目标到达）
2026-09-04 14:00:37,970 - DVPTest - DEBUG - [UI] _on_result_text: key=deflate, text=起始值300→目标值5 时间0.00s 速率0.00mmHg/s  中间值200→目标值5 时间0.00s 速率0.00mmHg/s
2026-09-04 14:00:37,970 - DVPTest - DEBUG - 物理分类结果: DEFLATING
2026-09-04 14:00:37,971 - DVPTest - DEBUG - [UI] _on_plot_update 收到 321 个数据点
2026-09-04 14:00:37,973 - DVPTest - INFO - 泄气目标已到达，且压力达到 0.2 mmHg，暂停绘图更新
2026-09-04 14:00:37,974 - DVPTest - INFO - [串口] cuff=0 mmHg
2026-09-04 14:00:38,055 - DVPTest - DEBUG - 发出 sig_data: t=32.185, p=0.00
2026-09-04 14:00:38,056 - DVPTest - DEBUG - process_data: t=32.18, p=0.0, v=0.000, a=10000.0, phase=DEFLATING
2026-09-04 14:00:38,057 - DVPTest - DEBUG - 物理分类结果: STABLE
2026-09-04 14:00:38,058 - DVPTest - INFO - DEFLATING → DONE，泄气完成
2026-09-04 14:00:38,059 - DVPTest - INFO - [串口] cuff=0 mmHg
2026-09-04 14:00:38,167 - DVPTest - DEBUG - 发出 sig_data: t=32.296, p=0.00
2026-09-04 14:00:38,168 - DVPTest - DEBUG - 阶段 DONE，忽略新数据 t=32.30
2026-09-04 14:00:38,169 - DVPTest - INFO - [串口] cuff=0 mmHg
2026-09-04 14:00:38,263 - DVPTest - DEBUG - 发出 sig_data: t=32.392, p=0.00
2026-09-04 14:00:38,266 - DVPTest - DEBUG - 阶段 DONE，忽略新数据 t=32.39
2026-09-04 14:00:38,267 - DVPTest - INFO - [串口] cuff=0 mmHg
2026-09-04 14:00:38,359 - DVPTest - DEBUG - 发出 sig_data: t=32.488, p=0.00
2026-09-04 14:00:38,362 - DVPTest - DEBUG - 阶段 DONE，忽略新数据 t=32.49
2026-09-04 14:00:38,363 - DVPTest - INFO - [串口] cuff=0 mmHg
2026-09-04 14:00:38,455 - DVPTest - DEBUG - 发出 sig_data: t=32.584, p=0.00
2026-09-04 14:00:38,456 - DVPTest - DEBUG - 阶段 DONE，忽略新数据 t=32.58
2026-09-04 14:00:38,457 - DVPTest - INFO - [串口] cuff=0 mmHg
2026-09-04 14:00:38,566 - DVPTest - DEBUG - 发出 sig_data: t=32.696, p=0.00
2026-09-04 14:00:38,570 - DVPTest - DEBUG - 阶段 DONE，忽略新数据 t=32.70
2026-09-04 14:00:38,572 - DVPTest - INFO - [串口] cuff=0 mmHg
2026-09-04 14:00:38,662 - DVPTest - DEBUG - 发出 sig_data: t=32.792, p=0.00
2026-09-04 14:00:38,666 - DVPTest - DEBUG - 阶段 DONE，忽略新数据 t=32.79
2026-09-04 14:00:38,668 - DVPTest - INFO - [串口] cuff=0 mmHg
2026-09-04 14:00:38,758 - DVPTest - DEBUG - 发出 sig_data: t=32.887, p=0.00
2026-09-04 14:00:38,759 - DVPTest - DEBUG - 阶段 DONE，忽略新数据 t=32.89
2026-09-04 14:00:38,760 - DVPTest - INFO - [串口] cuff=0 mmHg
2026-09-04 14:00:38,855 - DVPTest - DEBUG - 发出 sig_data: t=32.984, p=0.00
2026-09-04 14:00:38,855 - DVPTest - DEBUG - 阶段 DONE，忽略新数据 t=32.98
2026-09-04 14:00:38,855 - DVPTest - INFO - [串口] cuff=0 mmHg
2026-09-04 14:00:38,966 - DVPTest - DEBUG - 发出 sig_data: t=33.095, p=0.00
2026-09-04 14:00:38,966 - DVPTest - DEBUG - 阶段 DONE，忽略新数据 t=33.09
2026-09-04 14:00:38,967 - DVPTest - INFO - [串口] cuff=0 mmHg
2026-09-04 14:00:39,062 - DVPTest - DEBUG - 发出 sig_data: t=33.191, p=0.00
2026-09-04 14:00:39,064 - DVPTest - DEBUG - 阶段 DONE，忽略新数据 t=33.19
2026-09-04 14:00:39,065 - DVPTest - INFO - [串口] cuff=0 mmHg
2026-09-04 14:00:39,157 - DVPTest - DEBUG - 发出 sig_data: t=33.287, p=0.00
2026-09-04 14:00:39,161 - DVPTest - DEBUG - 阶段 DONE，忽略新数据 t=33.29
2026-09-04 14:00:39,162 - DVPTest - INFO - [串口] cuff=0 mmHg
2026-09-04 14:00:39,254 - DVPTest - DEBUG - 发出 sig_data: t=33.383, p=0.00
2026-09-04 14:00:39,258 - DVPTest - DEBUG - 阶段 DONE，忽略新数据 t=33.38
2026-09-04 14:00:39,259 - DVPTest - INFO - [串口] cuff=0 mmHg
2026-09-04 14:00:39,366 - DVPTest - DEBUG - 发出 sig_data: t=33.495, p=0.00
2026-09-04 14:00:39,368 - DVPTest - DEBUG - 阶段 DONE，忽略新数据 t=33.50
2026-09-04 14:00:39,369 - DVPTest - INFO - [串口] cuff=0 mmHg
2026-09-04 14:00:39,461 - DVPTest - DEBUG - 发出 sig_data: t=33.590, p=0.00
2026-09-04 14:00:39,463 - DVPTest - DEBUG - 阶段 DONE，忽略新数据 t=33.59
2026-09-04 14:00:39,464 - DVPTest - INFO - [串口] cuff=0 mmHg
2026-09-04 14:00:39,557 - DVPTest - DEBUG - 发出 sig_data: t=33.687, p=0.00
2026-09-04 14:00:39,559 - DVPTest - DEBUG - 阶段 DONE，忽略新数据 t=33.69
2026-09-04 14:00:39,559 - DVPTest - INFO - [串口] cuff=0 mmHg
2026-09-04 14:00:39,654 - DVPTest - DEBUG - 发出 sig_data: t=33.784, p=0.00
2026-09-04 14:00:39,656 - DVPTest - DEBUG - 阶段 DONE，忽略新数据 t=33.78
2026-09-04 14:00:39,657 - DVPTest - INFO - [串口] cuff=0 mmHg
2026-09-04 14:00:39,765 - DVPTest - DEBUG - 发出 sig_data: t=33.894, p=0.00
2026-09-04 14:00:39,766 - DVPTest - DEBUG - 阶段 DONE，忽略新数据 t=33.89
2026-09-04 14:00:39,766 - DVPTest - INFO - [串口] cuff=0 mmHg
2026-09-04 14:00:39,861 - DVPTest - DEBUG - 发出 sig_data: t=33.990, p=0.00
2026-09-04 14:00:39,863 - DVPTest - DEBUG - 阶段 DONE，忽略新数据 t=33.99
2026-09-04 14:00:39,863 - DVPTest - INFO - [串口] cuff=0 mmHg
2026-09-04 14:00:39,956 - DVPTest - DEBUG - 发出 sig_data: t=34.085, p=0.00
2026-09-04 14:00:39,957 - DVPTest - DEBUG - 阶段 DONE，忽略新数据 t=34.09
2026-09-04 14:00:39,958 - DVPTest - INFO - [串口] cuff=0 mmHg
2026-09-04 14:00:40,067 - DVPTest - DEBUG - 发出 sig_data: t=34.197, p=0.00
2026-09-04 14:00:40,068 - DVPTest - DEBUG - 阶段 DONE，忽略新数据 t=34.20
2026-09-04 14:00:40,069 - DVPTest - INFO - [串口] cuff=0 mmHg
2026-09-04 14:00:40,164 - DVPTest - DEBUG - 发出 sig_data: t=34.293, p=0.00
2026-09-04 14:00:40,165 - DVPTest - DEBUG - 阶段 DONE，忽略新数据 t=34.29
2026-09-04 14:00:40,166 - DVPTest - INFO - [串口] cuff=0 mmHg
2026-09-04 14:00:40,260 - DVPTest - DEBUG - 发出 sig_data: t=34.389, p=0.00
2026-09-04 14:00:40,262 - DVPTest - DEBUG - 阶段 DONE，忽略新数据 t=34.39
2026-09-04 14:00:40,263 - DVPTest - INFO - [串口] cuff=0 mmHg
2026-09-04 14:00:40,356 - DVPTest - DEBUG - 发出 sig_data: t=34.485, p=0.00
2026-09-04 14:00:40,358 - DVPTest - DEBUG - 阶段 DONE，忽略新数据 t=34.48
2026-09-04 14:00:40,359 - DVPTest - INFO - [串口] cuff=0 mmHg
2026-09-04 14:00:40,467 - DVPTest - DEBUG - 发出 sig_data: t=34.597, p=0.00
2026-09-04 14:00:40,470 - DVPTest - DEBUG - 阶段 DONE，忽略新数据 t=34.60
2026-09-04 14:00:40,471 - DVPTest - INFO - [串口] cuff=0 mmHg
2026-09-04 14:00:40,563 - DVPTest - DEBUG - 发出 sig_data: t=34.692, p=0.00
2026-09-04 14:00:40,566 - DVPTest - DEBUG - 阶段 DONE，忽略新数据 t=34.69
2026-09-04 14:00:40,566 - DVPTest - INFO - [串口] cuff=0 mmHg
2026-09-04 14:00:40,660 - DVPTest - DEBUG - 发出 sig_data: t=34.789, p=0.00
2026-09-04 14:00:40,661 - DVPTest - DEBUG - 阶段 DONE，忽略新数据 t=34.79
2026-09-04 14:00:40,661 - DVPTest - INFO - [串口] cuff=0 mmHg
2026-09-04 14:00:40,755 - DVPTest - DEBUG - 发出 sig_data: t=34.885, p=0.00
2026-09-04 14:00:40,758 - DVPTest - DEBUG - 阶段 DONE，忽略新数据 t=34.88
2026-09-04 14:00:40,758 - DVPTest - INFO - [串口] cuff=0 mmHg
2026-09-04 14:00:40,868 - DVPTest - DEBUG - 发出 sig_data: t=34.997, p=0.00
2026-09-04 14:00:40,873 - DVPTest - DEBUG - 阶段 DONE，忽略新数据 t=35.00
2026-09-04 14:00:40,874 - DVPTest - INFO - [串口] cuff=0 mmHg
2026-09-04 14:00:40,963 - DVPTest - DEBUG - 发出 sig_data: t=35.092, p=0.00
2026-09-04 14:00:40,963 - DVPTest - DEBUG - 阶段 DONE，忽略新数据 t=35.09
2026-09-04 14:00:40,964 - DVPTest - INFO - [串口] cuff=0 mmHg
2026-09-04 14:00:41,060 - DVPTest - DEBUG - 发出 sig_data: t=35.189, p=0.00
2026-09-04 14:00:41,062 - DVPTest - DEBUG - 阶段 DONE，忽略新数据 t=35.19
2026-09-04 14:00:41,063 - DVPTest - INFO - [串口] cuff=0 mmHg
2026-09-04 14:00:41,155 - DVPTest - DEBUG - 发出 sig_data: t=35.284, p=0.00
2026-09-04 14:00:41,157 - DVPTest - DEBUG - 阶段 DONE，忽略新数据 t=35.28
2026-09-04 14:00:41,158 - DVPTest - INFO - [串口] cuff=0 mmHg
2026-09-04 14:00:41,267 - DVPTest - DEBUG - 发出 sig_data: t=35.396, p=0.00
2026-09-04 14:00:41,268 - DVPTest - DEBUG - 阶段 DONE，忽略新数据 t=35.40
2026-09-04 14:00:41,268 - DVPTest - INFO - [串口] cuff=0 mmHg
2026-09-04 14:00:41,363 - DVPTest - DEBUG - 发出 sig_data: t=35.492, p=0.00
2026-09-04 14:00:41,365 - DVPTest - DEBUG - 阶段 DONE，忽略新数据 t=35.49
2026-09-04 14:00:41,368 - DVPTest - INFO - [串口] cuff=0 mmHg
2026-09-04 14:00:41,459 - DVPTest - DEBUG - 发出 sig_data: t=35.588, p=0.00
2026-09-04 14:00:41,463 - DVPTest - DEBUG - 阶段 DONE，忽略新数据 t=35.59
2026-09-04 14:00:41,464 - DVPTest - INFO - [串口] cuff=0 mmHg
2026-09-04 14:00:41,554 - DVPTest - DEBUG - 发出 sig_data: t=35.683, p=0.00
2026-09-04 14:00:41,557 - DVPTest - DEBUG - 阶段 DONE，忽略新数据 t=35.68
2026-09-04 14:00:41,557 - DVPTest - INFO - [串口] cuff=0 mmHg
2026-09-04 14:00:41,666 - DVPTest - DEBUG - 发出 sig_data: t=35.795, p=0.00
2026-09-04 14:00:41,668 - DVPTest - DEBUG - 阶段 DONE，忽略新数据 t=35.80
2026-09-04 14:00:41,668 - DVPTest - INFO - [串口] cuff=0 mmHg
2026-09-04 14:00:41,762 - DVPTest - DEBUG - 发出 sig_data: t=35.891, p=0.00
2026-09-04 14:00:41,763 - DVPTest - DEBUG - 阶段 DONE，忽略新数据 t=35.89
2026-09-04 14:00:41,763 - DVPTest - INFO - [串口] cuff=0 mmHg
2026-09-04 14:00:41,858 - DVPTest - DEBUG - 发出 sig_data: t=35.987, p=0.00
2026-09-04 14:00:41,861 - DVPTest - DEBUG - 阶段 DONE，忽略新数据 t=35.99
2026-09-04 14:00:41,862 - DVPTest - INFO - [串口] cuff=0 mmHg
2026-09-04 14:00:41,954 - DVPTest - DEBUG - 发出 sig_data: t=36.083, p=0.00
2026-09-04 14:00:41,955 - DVPTest - DEBUG - 阶段 DONE，忽略新数据 t=36.08
2026-09-04 14:00:41,956 - DVPTest - INFO - [串口] cuff=0 mmHg
2026-09-04 14:00:42,065 - DVPTest - DEBUG - 发出 sig_data: t=36.194, p=0.00
2026-09-04 14:00:42,066 - DVPTest - DEBUG - 阶段 DONE，忽略新数据 t=36.19
2026-09-04 14:00:42,067 - DVPTest - INFO - [串口] cuff=0 mmHg
2026-09-04 14:00:42,162 - DVPTest - DEBUG - 发出 sig_data: t=36.291, p=0.00
2026-09-04 14:00:42,166 - DVPTest - DEBUG - 阶段 DONE，忽略新数据 t=36.29
2026-09-04 14:00:42,168 - DVPTest - INFO - [串口] cuff=0 mmHg
2026-09-04 14:00:42,257 - DVPTest - DEBUG - 发出 sig_data: t=36.387, p=0.00
2026-09-04 14:00:42,261 - DVPTest - DEBUG - 阶段 DONE，忽略新数据 t=36.39
2026-09-04 14:00:42,263 - DVPTest - INFO - [串口] cuff=0 mmHg
2026-09-04 14:00:42,369 - DVPTest - DEBUG - 发出 sig_data: t=36.498, p=0.00
2026-09-04 14:00:42,370 - DVPTest - DEBUG - 阶段 DONE，忽略新数据 t=36.50
2026-09-04 14:00:42,370 - DVPTest - INFO - [串口] cuff=0 mmHg
2026-09-04 14:00:42,465 - DVPTest - DEBUG - 发出 sig_data: t=36.595, p=0.00
2026-09-04 14:00:42,468 - DVPTest - DEBUG - 阶段 DONE，忽略新数据 t=36.59
2026-09-04 14:00:42,469 - DVPTest - INFO - [串口] cuff=0 mmHg
2026-09-04 14:00:42,560 - DVPTest - DEBUG - 发出 sig_data: t=36.689, p=0.00
2026-09-04 14:00:42,563 - DVPTest - DEBUG - 阶段 DONE，忽略新数据 t=36.69
2026-09-04 14:00:42,564 - DVPTest - INFO - [串口] cuff=0 mmHg
2026-09-04 14:00:42,656 - DVPTest - DEBUG - 发出 sig_data: t=36.785, p=0.00
2026-09-04 14:00:42,657 - DVPTest - DEBUG - 阶段 DONE，忽略新数据 t=36.79
2026-09-04 14:00:42,657 - DVPTest - INFO - [串口] cuff=0 mmHg
2026-09-04 14:00:42,767 - DVPTest - DEBUG - 发出 sig_data: t=36.897, p=0.00
2026-09-04 14:00:42,769 - DVPTest - DEBUG - 阶段 DONE，忽略新数据 t=36.90
2026-09-04 14:00:42,770 - DVPTest - INFO - [串口] cuff=0 mmHg
2026-09-04 14:00:42,865 - DVPTest - DEBUG - 发出 sig_data: t=36.994, p=0.00
2026-09-04 14:00:42,866 - DVPTest - DEBUG - 阶段 DONE，忽略新数据 t=36.99
2026-09-04 14:00:42,867 - DVPTest - INFO - [串口] cuff=0 mmHg
2026-09-04 14:00:42,961 - DVPTest - DEBUG - 发出 sig_data: t=37.090, p=0.00
2026-09-04 14:00:42,962 - DVPTest - DEBUG - 阶段 DONE，忽略新数据 t=37.09
2026-09-04 14:00:42,962 - DVPTest - INFO - [串口] cuff=0 mmHg
2026-09-04 14:00:43,057 - DVPTest - DEBUG - 发出 sig_data: t=37.185, p=0.00
2026-09-04 14:00:43,059 - DVPTest - DEBUG - 阶段 DONE，忽略新数据 t=37.19
2026-09-04 14:00:43,061 - DVPTest - INFO - [串口] cuff=0 mmHg
2026-09-04 14:00:43,168 - DVPTest - DEBUG - 发出 sig_data: t=37.297, p=0.00
2026-09-04 14:00:43,169 - DVPTest - DEBUG - 阶段 DONE，忽略新数据 t=37.30
2026-09-04 14:00:43,170 - DVPTest - INFO - [串口] cuff=0 mmHg
2026-09-04 14:00:43,264 - DVPTest - DEBUG - 发出 sig_data: t=37.393, p=0.00
2026-09-04 14:00:43,267 - DVPTest - DEBUG - 阶段 DONE，忽略新数据 t=37.39
2026-09-04 14:00:43,268 - DVPTest - INFO - [串口] cuff=0 mmHg
2026-09-04 14:00:43,359 - DVPTest - DEBUG - 发出 sig_data: t=37.488, p=0.00
2026-09-04 14:00:43,360 - DVPTest - DEBUG - 阶段 DONE，忽略新数据 t=37.49
2026-09-04 14:00:43,361 - DVPTest - INFO - [串口] cuff=0 mmHg
2026-09-04 14:00:43,455 - DVPTest - DEBUG - 发出 sig_data: t=37.584, p=0.00
2026-09-04 14:00:43,456 - DVPTest - DEBUG - 阶段 DONE，忽略新数据 t=37.58
2026-09-04 14:00:43,456 - DVPTest - INFO - [串口] cuff=0 mmHg
2026-09-04 14:00:43,568 - DVPTest - DEBUG - 发出 sig_data: t=37.697, p=0.00
2026-09-04 14:00:43,570 - DVPTest - DEBUG - 阶段 DONE，忽略新数据 t=37.70
2026-09-04 14:00:43,570 - DVPTest - INFO - [串口] cuff=0 mmHg
2026-09-04 14:00:43,663 - DVPTest - DEBUG - 发出 sig_data: t=37.792, p=0.00
2026-09-04 14:00:43,664 - DVPTest - DEBUG - 阶段 DONE，忽略新数据 t=37.79
2026-09-04 14:00:43,665 - DVPTest - INFO - [串口] cuff=0 mmHg
2026-09-04 14:00:43,759 - DVPTest - DEBUG - 发出 sig_data: t=37.888, p=0.00
2026-09-04 14:00:43,761 - DVPTest - DEBUG - 阶段 DONE，忽略新数据 t=37.89
2026-09-04 14:00:43,761 - DVPTest - INFO - [串口] cuff=0 mmHg
2026-09-04 14:00:43,855 - DVPTest - DEBUG - 发出 sig_data: t=37.984, p=0.00
2026-09-04 14:00:43,858 - DVPTest - DEBUG - 阶段 DONE，忽略新数据 t=37.98
2026-09-04 14:00:43,860 - DVPTest - INFO - [串口] cuff=0 mmHg
2026-09-04 14:00:43,967 - DVPTest - DEBUG - 发出 sig_data: t=38.096, p=0.00
2026-09-04 14:00:43,968 - DVPTest - DEBUG - 阶段 DONE，忽略新数据 t=38.10
2026-09-04 14:00:43,969 - DVPTest - INFO - [串口] cuff=0 mmHg
2026-09-04 14:00:44,063 - DVPTest - DEBUG - 发出 sig_data: t=38.192, p=0.00
2026-09-04 14:00:44,067 - DVPTest - DEBUG - 阶段 DONE，忽略新数据 t=38.19
2026-09-04 14:00:44,069 - DVPTest - INFO - [串口] cuff=0 mmHg
2026-09-04 14:00:44,158 - DVPTest - DEBUG - 发出 sig_data: t=38.287, p=0.00
2026-09-04 14:00:44,158 - DVPTest - DEBUG - 阶段 DONE，忽略新数据 t=38.29
2026-09-04 14:00:44,160 - DVPTest - INFO - [串口] cuff=0 mmHg
2026-09-04 14:00:44,254 - DVPTest - DEBUG - 发出 sig_data: t=38.383, p=0.00
2026-09-04 14:00:44,255 - DVPTest - DEBUG - 阶段 DONE，忽略新数据 t=38.38
2026-09-04 14:00:44,256 - DVPTest - INFO - [串口] cuff=0 mmHg
2026-09-04 14:00:44,366 - DVPTest - DEBUG - 发出 sig_data: t=38.495, p=0.00
2026-09-04 14:00:44,368 - DVPTest - DEBUG - 阶段 DONE，忽略新数据 t=38.49
2026-09-04 14:00:44,369 - DVPTest - INFO - [串口] cuff=0 mmHg
2026-09-04 14:00:44,462 - DVPTest - DEBUG - 发出 sig_data: t=38.591, p=0.00
2026-09-04 14:00:44,464 - DVPTest - DEBUG - 阶段 DONE，忽略新数据 t=38.59
2026-09-04 14:00:44,465 - DVPTest - INFO - [串口] cuff=0 mmHg
2026-09-04 14:00:44,558 - DVPTest - DEBUG - 发出 sig_data: t=38.687, p=0.00
2026-09-04 14:00:44,559 - DVPTest - DEBUG - 阶段 DONE，忽略新数据 t=38.69
2026-09-04 14:00:44,559 - DVPTest - INFO - [串口] cuff=0 mmHg
2026-09-04 14:00:44,653 - DVPTest - DEBUG - 发出 sig_data: t=38.783, p=0.00
2026-09-04 14:00:44,656 - DVPTest - DEBUG - 阶段 DONE，忽略新数据 t=38.78
2026-09-04 14:00:44,656 - DVPTest - INFO - [串口] cuff=0 mmHg
2026-09-04 14:00:44,766 - DVPTest - DEBUG - 发出 sig_data: t=38.895, p=0.00
2026-09-04 14:00:44,767 - DVPTest - DEBUG - 阶段 DONE，忽略新数据 t=38.89
2026-09-04 14:00:44,767 - DVPTest - INFO - [串口] cuff=0 mmHg
2026-09-04 14:00:44,861 - DVPTest - DEBUG - 发出 sig_data: t=38.990, p=0.00
2026-09-04 14:00:44,861 - DVPTest - DEBUG - 阶段 DONE，忽略新数据 t=38.99
2026-09-04 14:00:44,862 - DVPTest - INFO - [串口] cuff=0 mmHg
2026-09-04 14:00:44,957 - DVPTest - DEBUG - 发出 sig_data: t=39.086, p=0.00
2026-09-04 14:00:44,959 - DVPTest - DEBUG - 阶段 DONE，忽略新数据 t=39.09
2026-09-04 14:00:44,960 - DVPTest - INFO - [串口] cuff=0 mmHg
2026-09-04 14:00:45,068 - DVPTest - DEBUG - 发出 sig_data: t=39.197, p=0.00
2026-09-04 14:00:45,072 - DVPTest - DEBUG - 阶段 DONE，忽略新数据 t=39.20
2026-09-04 14:00:45,073 - DVPTest - INFO - [串口] cuff=0 mmHg
2026-09-04 14:00:45,165 - DVPTest - DEBUG - 发出 sig_data: t=39.294, p=0.00
2026-09-04 14:00:45,167 - DVPTest - DEBUG - 阶段 DONE，忽略新数据 t=39.29
2026-09-04 14:00:45,168 - DVPTest - INFO - [串口] cuff=0 mmHg
2026-09-04 14:00:45,261 - DVPTest - DEBUG - 发出 sig_data: t=39.390, p=0.00
2026-09-04 14:00:45,266 - DVPTest - DEBUG - 阶段 DONE，忽略新数据 t=39.39
2026-09-04 14:00:45,267 - DVPTest - INFO - [串口] cuff=0 mmHg
2026-09-04 14:00:45,357 - DVPTest - DEBUG - 发出 sig_data: t=39.486, p=0.00
2026-09-04 14:00:45,358 - DVPTest - DEBUG - 阶段 DONE，忽略新数据 t=39.49
2026-09-04 14:00:45,359 - DVPTest - INFO - [串口] cuff=0 mmHg
2026-09-04 14:00:45,468 - DVPTest - DEBUG - 发出 sig_data: t=39.598, p=0.00
2026-09-04 14:00:45,472 - DVPTest - DEBUG - 阶段 DONE，忽略新数据 t=39.60
2026-09-04 14:00:45,474 - DVPTest - INFO - [串口] cuff=0 mmHg
2026-09-04 14:00:45,564 - DVPTest - DEBUG - 发出 sig_data: t=39.694, p=0.00
2026-09-04 14:00:45,568 - DVPTest - DEBUG - 阶段 DONE，忽略新数据 t=39.69
2026-09-04 14:00:45,569 - DVPTest - INFO - [串口] cuff=0 mmHg
2026-09-04 14:00:45,660 - DVPTest - DEBUG - 发出 sig_data: t=39.789, p=0.00
2026-09-04 14:00:45,662 - DVPTest - DEBUG - 阶段 DONE，忽略新数据 t=39.79
2026-09-04 14:00:45,662 - DVPTest - INFO - [串口] cuff=0 mmHg
2026-09-04 14:00:45,755 - DVPTest - DEBUG - 发出 sig_data: t=39.884, p=0.00
2026-09-04 14:00:45,756 - DVPTest - DEBUG - 阶段 DONE，忽略新数据 t=39.88
2026-09-04 14:00:45,757 - DVPTest - INFO - [串口] cuff=0 mmHg
2026-09-04 14:00:45,868 - DVPTest - DEBUG - 发出 sig_data: t=39.997, p=0.00
2026-09-04 14:00:45,873 - DVPTest - DEBUG - 阶段 DONE，忽略新数据 t=40.00
2026-09-04 14:00:45,874 - DVPTest - INFO - [串口] cuff=0 mmHg
2026-09-04 14:00:45,963 - DVPTest - DEBUG - 发出 sig_data: t=40.092, p=0.00
2026-09-04 14:00:45,964 - DVPTest - DEBUG - 阶段 DONE，忽略新数据 t=40.09
2026-09-04 14:00:45,965 - DVPTest - INFO - [串口] cuff=0 mmHg
2026-09-04 14:00:46,059 - DVPTest - DEBUG - 发出 sig_data: t=40.188, p=0.00
2026-09-04 14:00:46,061 - DVPTest - DEBUG - 阶段 DONE，忽略新数据 t=40.19
2026-09-04 14:00:46,062 - DVPTest - INFO - [串口] cuff=0 mmHg
2026-09-04 14:00:46,155 - DVPTest - DEBUG - 发出 sig_data: t=40.284, p=0.00
2026-09-04 14:00:46,161 - DVPTest - DEBUG - 阶段 DONE，忽略新数据 t=40.28
2026-09-04 14:00:46,162 - DVPTest - INFO - [串口] cuff=0 mmHg
2026-09-04 14:00:46,267 - DVPTest - DEBUG - 发出 sig_data: t=40.395, p=0.00
2026-09-04 14:00:46,267 - DVPTest - DEBUG - 阶段 DONE，忽略新数据 t=40.40
2026-09-04 14:00:46,268 - DVPTest - INFO - [串口] cuff=0 mmHg
2026-09-04 14:00:46,363 - DVPTest - DEBUG - 发出 sig_data: t=40.492, p=0.00
2026-09-04 14:00:46,369 - DVPTest - DEBUG - 阶段 DONE，忽略新数据 t=40.49
2026-09-04 14:00:46,370 - DVPTest - INFO - [串口] cuff=0 mmHg
2026-09-04 14:00:46,459 - DVPTest - DEBUG - 发出 sig_data: t=40.588, p=0.00
2026-09-04 14:00:46,461 - DVPTest - DEBUG - 阶段 DONE，忽略新数据 t=40.59
2026-09-04 14:00:46,462 - DVPTest - INFO - [串口] cuff=0 mmHg
2026-09-04 14:00:46,555 - DVPTest - DEBUG - 发出 sig_data: t=40.684, p=0.00
2026-09-04 14:00:46,556 - DVPTest - DEBUG - 阶段 DONE，忽略新数据 t=40.68
2026-09-04 14:00:46,556 - DVPTest - INFO - [串口] cuff=0 mmHg
2026-09-04 14:00:46,666 - DVPTest - DEBUG - 发出 sig_data: t=40.795, p=0.00
2026-09-04 14:00:46,668 - DVPTest - DEBUG - 阶段 DONE，忽略新数据 t=40.80
2026-09-04 14:00:46,669 - DVPTest - INFO - [串口] cuff=0 mmHg
2026-09-04 14:00:46,762 - DVPTest - DEBUG - 发出 sig_data: t=40.891, p=0.00
2026-09-04 14:00:46,763 - DVPTest - DEBUG - 阶段 DONE，忽略新数据 t=40.89
2026-09-04 14:00:46,764 - DVPTest - INFO - [串口] cuff=0 mmHg
2026-09-04 14:00:46,858 - DVPTest - DEBUG - 发出 sig_data: t=40.987, p=0.00
2026-09-04 14:00:46,860 - DVPTest - DEBUG - 阶段 DONE，忽略新数据 t=40.99
2026-09-04 14:00:46,861 - DVPTest - INFO - [串口] cuff=0 mmHg
2026-09-04 14:00:46,954 - DVPTest - DEBUG - 发出 sig_data: t=41.083, p=0.00
2026-09-04 14:00:46,956 - DVPTest - DEBUG - 阶段 DONE，忽略新数据 t=41.08
2026-09-04 14:00:46,956 - DVPTest - INFO - [串口] cuff=0 mmHg
2026-09-04 14:00:47,066 - DVPTest - DEBUG - 发出 sig_data: t=41.195, p=0.00
2026-09-04 14:00:47,067 - DVPTest - DEBUG - 阶段 DONE，忽略新数据 t=41.19
2026-09-04 14:00:47,067 - DVPTest - INFO - [串口] cuff=0 mmHg
2026-09-04 14:00:47,161 - DVPTest - DEBUG - 发出 sig_data: t=41.290, p=0.00
2026-09-04 14:00:47,163 - DVPTest - DEBUG - 阶段 DONE，忽略新数据 t=41.29
2026-09-04 14:00:47,163 - DVPTest - INFO - [串口] cuff=0 mmHg
2026-09-04 14:00:47,258 - DVPTest - DEBUG - 发出 sig_data: t=41.387, p=0.00
2026-09-04 14:00:47,262 - DVPTest - DEBUG - 阶段 DONE，忽略新数据 t=41.39
2026-09-04 14:00:47,263 - DVPTest - INFO - [串口] cuff=0 mmHg
2026-09-04 14:00:47,369 - DVPTest - DEBUG - 发出 sig_data: t=41.498, p=0.00
2026-09-04 14:00:47,369 - DVPTest - DEBUG - 阶段 DONE，忽略新数据 t=41.50
2026-09-04 14:00:47,370 - DVPTest - INFO - [串口] cuff=0 mmHg
2026-09-04 14:00:47,465 - DVPTest - DEBUG - 发出 sig_data: t=41.594, p=0.00
2026-09-04 14:00:47,467 - DVPTest - DEBUG - 阶段 DONE，忽略新数据 t=41.59
2026-09-04 14:00:47,468 - DVPTest - INFO - [串口] cuff=0 mmHg
2026-09-04 14:00:47,472 - DVPTest - DEBUG - [TestManager] reset 完成
2026-09-04 14:00:47,473 - DVPTest - INFO - 数据已重置，绘图恢复
2026-09-04 14:00:47,475 - DVPTest - INFO - 数据已清空，波形已清屏（时间轴已归零）
2026-09-04 14:00:47,561 - DVPTest - DEBUG - 发出 sig_data: t=0.089, p=0.00
2026-09-04 14:00:47,565 - DVPTest - DEBUG - process_data: t=0.09, p=0.0, v=0.000, a=0.0, phase=IDLE
2026-09-04 14:00:47,566 - DVPTest - DEBUG - 充气峰值更新: 0.0 @ 0.09s
2026-09-04 14:00:47,569 - DVPTest - DEBUG - 物理分类结果: STABLE
2026-09-04 14:00:47,571 - DVPTest - DEBUG - [UI] _on_plot_update 收到 1 个数据点
2026-09-04 14:00:47,574 - DVPTest - INFO - [串口] cuff=0 mmHg
2026-09-04 14:00:47,657 - DVPTest - DEBUG - 发出 sig_data: t=0.184, p=0.00
2026-09-04 14:00:47,658 - DVPTest - DEBUG - process_data: t=0.18, p=0.0, v=0.000, a=0.0, phase=IDLE
2026-09-04 14:00:47,659 - DVPTest - DEBUG - 物理分类结果: STABLE
2026-09-04 14:00:47,659 - DVPTest - DEBUG - [UI] _on_plot_update 收到 2 个数据点
2026-09-04 14:00:47,660 - DVPTest - INFO - [串口] cuff=0 mmHg
2026-09-04 14:00:47,769 - DVPTest - DEBUG - 发出 sig_data: t=0.296, p=0.00
2026-09-04 14:00:47,770 - DVPTest - DEBUG - process_data: t=0.30, p=0.0, v=0.000, a=0.0, phase=IDLE
2026-09-04 14:00:47,771 - DVPTest - DEBUG - 物理分类结果: STABLE
2026-09-04 14:00:47,772 - DVPTest - DEBUG - [UI] _on_plot_update 收到 3 个数据点
2026-09-04 14:00:47,774 - DVPTest - INFO - [串口] cuff=0 mmHg
2026-09-04 14:00:47,865 - DVPTest - DEBUG - 发出 sig_data: t=0.392, p=0.00
2026-09-04 14:00:47,866 - DVPTest - DEBUG - process_data: t=0.39, p=0.0, v=0.000, a=0.0, phase=IDLE
2026-09-04 14:00:47,866 - DVPTest - DEBUG - 物理分类结果: STABLE
2026-09-04 14:00:47,866 - DVPTest - DEBUG - [UI] _on_plot_update 收到 4 个数据点
2026-09-04 14:00:47,867 - DVPTest - INFO - [串口] cuff=0 mmHg
2026-09-04 14:00:47,960 - DVPTest - DEBUG - 发出 sig_data: t=0.487, p=0.00
2026-09-04 14:00:47,961 - DVPTest - DEBUG - process_data: t=0.49, p=0.0, v=0.000, a=0.0, phase=IDLE
2026-09-04 14:00:47,962 - DVPTest - DEBUG - 物理分类结果: STABLE
2026-09-04 14:00:47,962 - DVPTest - DEBUG - [UI] _on_plot_update 收到 5 个数据点
2026-09-04 14:00:47,964 - DVPTest - INFO - [串口] cuff=0 mmHg
2026-09-04 14:00:48,056 - DVPTest - DEBUG - 发出 sig_data: t=0.584, p=0.00
2026-09-04 14:00:48,060 - DVPTest - DEBUG - process_data: t=0.58, p=0.0, v=0.000, a=0.0, phase=IDLE
2026-09-04 14:00:48,061 - DVPTest - DEBUG - 物理分类结果: STABLE
2026-09-04 14:00:48,061 - DVPTest - DEBUG - [UI] _on_plot_update 收到 6 个数据点
2026-09-04 14:00:48,063 - DVPTest - INFO - [串口] cuff=0 mmHg
2026-09-04 14:00:48,168 - DVPTest - DEBUG - 发出 sig_data: t=0.695, p=0.00
2026-09-04 14:00:48,169 - DVPTest - DEBUG - process_data: t=0.69, p=0.0, v=0.000, a=0.0, phase=IDLE
2026-09-04 14:00:48,169 - DVPTest - DEBUG - 物理分类结果: STABLE
2026-09-04 14:00:48,169 - DVPTest - DEBUG - [UI] _on_plot_update 收到 7 个数据点
2026-09-04 14:00:48,171 - DVPTest - INFO - [串口] cuff=0 mmHg
2026-09-04 14:00:48,264 - DVPTest - DEBUG - 发出 sig_data: t=0.791, p=0.00
2026-09-04 14:00:48,266 - DVPTest - DEBUG - process_data: t=0.79, p=0.0, v=0.000, a=0.0, phase=IDLE
2026-09-04 14:00:48,267 - DVPTest - DEBUG - 物理分类结果: STABLE
2026-09-04 14:00:48,268 - DVPTest - DEBUG - [UI] _on_plot_update 收到 8 个数据点
2026-09-04 14:00:48,271 - DVPTest - INFO - [串口] cuff=0 mmHg
2026-09-04 14:00:48,360 - DVPTest - DEBUG - 发出 sig_data: t=0.887, p=0.00
2026-09-04 14:00:48,361 - DVPTest - DEBUG - process_data: t=0.89, p=0.0, v=0.000, a=0.0, phase=IDLE
2026-09-04 14:00:48,361 - DVPTest - DEBUG - 物理分类结果: STABLE
2026-09-04 14:00:48,362 - DVPTest - DEBUG - [UI] _on_plot_update 收到 9 个数据点
2026-09-04 14:00:48,363 - DVPTest - INFO - [串口] cuff=0 mmHg
2026-09-04 14:00:48,455 - DVPTest - DEBUG - 发出 sig_data: t=0.982, p=0.00
2026-09-04 14:00:48,456 - DVPTest - DEBUG - process_data: t=0.98, p=0.0, v=0.000, a=0.0, phase=IDLE
2026-09-04 14:00:48,457 - DVPTest - DEBUG - 物理分类结果: STABLE
2026-09-04 14:00:48,457 - DVPTest - DEBUG - [UI] _on_plot_update 收到 10 个数据点
2026-09-04 14:00:48,459 - DVPTest - INFO - [串口] cuff=0 mmHg
2026-09-04 14:00:48,568 - DVPTest - DEBUG - 发出 sig_data: t=1.095, p=0.00
2026-09-04 14:00:48,570 - DVPTest - DEBUG - process_data: t=1.09, p=0.0, v=0.000, a=0.0, phase=IDLE
2026-09-04 14:00:48,571 - DVPTest - DEBUG - 物理分类结果: STABLE
2026-09-04 14:00:48,571 - DVPTest - DEBUG - [UI] _on_plot_update 收到 11 个数据点
2026-09-04 14:00:48,574 - DVPTest - INFO - [串口] cuff=0 mmHg
2026-09-04 14:00:48,665 - DVPTest - DEBUG - 发出 sig_data: t=1.192, p=0.00
2026-09-04 14:00:48,669 - DVPTest - DEBUG - process_data: t=1.19, p=0.0, v=0.000, a=0.0, phase=IDLE
2026-09-04 14:00:48,669 - DVPTest - DEBUG - 物理分类结果: STABLE
2026-09-04 14:00:48,670 - DVPTest - DEBUG - [UI] _on_plot_update 收到 12 个数据点
2026-09-04 14:00:48,673 - DVPTest - INFO - [串口] cuff=0 mmHg
2026-09-04 14:00:48,761 - DVPTest - DEBUG - 发出 sig_data: t=1.288, p=0.00
2026-09-04 14:00:48,763 - DVPTest - DEBUG - process_data: t=1.29, p=0.0, v=0.000, a=0.0, phase=IDLE
2026-09-04 14:00:48,764 - DVPTest - DEBUG - 物理分类结果: STABLE
2026-09-04 14:00:48,765 - DVPTest - DEBUG - [UI] _on_plot_update 收到 13 个数据点
2026-09-04 14:00:48,769 - DVPTest - INFO - [串口] cuff=0 mmHg
2026-09-04 14:00:48,855 - DVPTest - DEBUG - 发出 sig_data: t=1.382, p=0.00
2026-09-04 14:00:48,859 - DVPTest - DEBUG - process_data: t=1.38, p=0.0, v=0.000, a=0.0, phase=IDLE
2026-09-04 14:00:48,860 - DVPTest - DEBUG - 物理分类结果: STABLE
2026-09-04 14:00:48,861 - DVPTest - DEBUG - [UI] _on_plot_update 收到 14 个数据点
2026-09-04 14:00:48,864 - DVPTest - INFO - [串口] cuff=0 mmHg
2026-09-04 14:00:48,967 - DVPTest - DEBUG - 发出 sig_data: t=1.494, p=0.00
2026-09-04 14:00:48,968 - DVPTest - DEBUG - process_data: t=1.49, p=0.0, v=0.000, a=0.0, phase=IDLE
2026-09-04 14:00:48,969 - DVPTest - DEBUG - 物理分类结果: STABLE
2026-09-04 14:00:48,970 - DVPTest - DEBUG - [UI] _on_plot_update 收到 15 个数据点
2026-09-04 14:00:48,971 - DVPTest - INFO - [串口] cuff=0 mmHg
2026-09-04 14:00:49,063 - DVPTest - DEBUG - 发出 sig_data: t=1.590, p=0.00
2026-09-04 14:00:49,064 - DVPTest - DEBUG - process_data: t=1.59, p=0.0, v=0.000, a=0.0, phase=IDLE
2026-09-04 14:00:49,065 - DVPTest - DEBUG - 物理分类结果: STABLE
2026-09-04 14:00:49,066 - DVPTest - DEBUG - [UI] _on_plot_update 收到 16 个数据点
2026-09-04 14:00:49,069 - DVPTest - INFO - [串口] cuff=0 mmHg
2026-09-04 14:00:49,159 - DVPTest - DEBUG - 发出 sig_data: t=1.686, p=0.00
2026-09-04 14:00:49,161 - DVPTest - DEBUG - process_data: t=1.69, p=0.0, v=0.000, a=0.0, phase=IDLE
2026-09-04 14:00:49,162 - DVPTest - DEBUG - 物理分类结果: STABLE
2026-09-04 14:00:49,163 - DVPTest - DEBUG - [UI] _on_plot_update 收到 17 个数据点
2026-09-04 14:00:49,166 - DVPTest - INFO - [串口] cuff=0 mmHg
2026-09-04 14:00:49,254 - DVPTest - DEBUG - 发出 sig_data: t=1.781, p=0.00
2026-09-04 14:00:49,255 - DVPTest - DEBUG - process_data: t=1.78, p=0.0, v=0.000, a=0.0, phase=IDLE
2026-09-04 14:00:49,255 - DVPTest - DEBUG - 物理分类结果: STABLE
2026-09-04 14:00:49,256 - DVPTest - DEBUG - [UI] _on_plot_update 收到 18 个数据点
2026-09-04 14:00:49,257 - DVPTest - INFO - [串口] cuff=0 mmHg
2026-09-04 14:00:49,367 - DVPTest - DEBUG - 发出 sig_data: t=1.894, p=0.00
2026-09-04 14:00:49,371 - DVPTest - DEBUG - process_data: t=1.89, p=0.0, v=0.000, a=0.0, phase=IDLE
2026-09-04 14:00:49,373 - DVPTest - DEBUG - 物理分类结果: STABLE
2026-09-04 14:00:49,374 - DVPTest - DEBUG - [UI] _on_plot_update 收到 19 个数据点
2026-09-04 14:00:49,377 - DVPTest - INFO - [串口] cuff=0 mmHg
2026-09-04 14:00:49,462 - DVPTest - DEBUG - 发出 sig_data: t=1.990, p=0.00
2026-09-04 14:00:49,466 - DVPTest - DEBUG - process_data: t=1.99, p=0.0, v=0.000, a=0.0, phase=IDLE
2026-09-04 14:00:49,467 - DVPTest - DEBUG - 物理分类结果: STABLE
2026-09-04 14:00:49,468 - DVPTest - DEBUG - [UI] _on_plot_update 收到 20 个数据点
2026-09-04 14:00:49,471 - DVPTest - INFO - [串口] cuff=0 mmHg
2026-09-04 14:00:49,558 - DVPTest - DEBUG - 发出 sig_data: t=2.085, p=0.00
2026-09-04 14:00:49,559 - DVPTest - DEBUG - process_data: t=2.09, p=0.0, v=0.000, a=0.0, phase=IDLE
2026-09-04 14:00:49,560 - DVPTest - DEBUG - 物理分类结果: STABLE
2026-09-04 14:00:49,560 - DVPTest - DEBUG - [UI] _on_plot_update 收到 21 个数据点
2026-09-04 14:00:49,562 - DVPTest - INFO - [串口] cuff=0 mmHg
2026-09-04 14:00:49,654 - DVPTest - DEBUG - 发出 sig_data: t=2.181, p=0.00
2026-09-04 14:00:49,659 - DVPTest - DEBUG - process_data: t=2.18, p=0.0, v=0.000, a=0.0, phase=IDLE
2026-09-04 14:00:49,660 - DVPTest - DEBUG - 物理分类结果: STABLE
2026-09-04 14:00:49,662 - DVPTest - DEBUG - [UI] _on_plot_update 收到 22 个数据点
2026-09-04 14:00:49,664 - DVPTest - INFO - [串口] cuff=0 mmHg
2026-09-04 14:00:49,766 - DVPTest - DEBUG - 发出 sig_data: t=2.294, p=0.00
2026-09-04 14:00:49,769 - DVPTest - DEBUG - process_data: t=2.29, p=0.0, v=0.000, a=0.0, phase=IDLE
2026-09-04 14:00:49,770 - DVPTest - DEBUG - 物理分类结果: STABLE
2026-09-04 14:00:49,771 - DVPTest - DEBUG - [UI] _on_plot_update 收到 23 个数据点
2026-09-04 14:00:49,774 - DVPTest - INFO - [串口] cuff=0 mmHg
2026-09-04 14:00:49,862 - DVPTest - DEBUG - 发出 sig_data: t=2.388, p=0.00
2026-09-04 14:00:49,862 - DVPTest - DEBUG - process_data: t=2.39, p=0.0, v=0.000, a=0.0, phase=IDLE
2026-09-04 14:00:49,862 - DVPTest - DEBUG - 物理分类结果: STABLE
2026-09-04 14:00:49,863 - DVPTest - DEBUG - [UI] _on_plot_update 收到 24 个数据点
2026-09-04 14:00:49,864 - DVPTest - INFO - [串口] cuff=0 mmHg
2026-09-04 14:00:49,958 - DVPTest - DEBUG - 发出 sig_data: t=2.485, p=0.00
2026-09-04 14:00:49,959 - DVPTest - DEBUG - process_data: t=2.48, p=0.0, v=0.000, a=0.0, phase=IDLE
2026-09-04 14:00:49,961 - DVPTest - DEBUG - 物理分类结果: STABLE
2026-09-04 14:00:49,962 - DVPTest - DEBUG - [UI] _on_plot_update 收到 25 个数据点
2026-09-04 14:00:49,964 - DVPTest - INFO - [串口] cuff=0 mmHg
2026-09-04 14:00:50,069 - DVPTest - DEBUG - 发出 sig_data: t=2.596, p=0.00
2026-09-04 14:00:50,070 - DVPTest - DEBUG - process_data: t=2.60, p=0.0, v=0.000, a=0.0, phase=IDLE
2026-09-04 14:00:50,071 - DVPTest - DEBUG - 物理分类结果: STABLE
2026-09-04 14:00:50,072 - DVPTest - DEBUG - [UI] _on_plot_update 收到 26 个数据点
2026-09-04 14:00:50,073 - DVPTest - INFO - [串口] cuff=0 mmHg
2026-09-04 14:00:50,165 - DVPTest - DEBUG - 发出 sig_data: t=2.692, p=0.00
2026-09-04 14:00:50,167 - DVPTest - DEBUG - process_data: t=2.69, p=0.0, v=0.000, a=0.0, phase=IDLE
2026-09-04 14:00:50,168 - DVPTest - DEBUG - 物理分类结果: STABLE
2026-09-04 14:00:50,170 - DVPTest - DEBUG - [UI] _on_plot_update 收到 27 个数据点
2026-09-04 14:00:50,172 - DVPTest - INFO - [串口] cuff=0 mmHg
2026-09-04 14:00:50,261 - DVPTest - DEBUG - 发出 sig_data: t=2.788, p=0.00
2026-09-04 14:00:50,263 - DVPTest - DEBUG - process_data: t=2.79, p=0.0, v=0.000, a=0.0, phase=IDLE
2026-09-04 14:00:50,264 - DVPTest - DEBUG - 物理分类结果: STABLE
2026-09-04 14:00:50,266 - DVPTest - DEBUG - [UI] _on_plot_update 收到 28 个数据点
2026-09-04 14:00:50,268 - DVPTest - INFO - [串口] cuff=0 mmHg
2026-09-04 14:00:50,357 - DVPTest - DEBUG - 发出 sig_data: t=2.884, p=0.00
2026-09-04 14:00:50,358 - DVPTest - DEBUG - process_data: t=2.88, p=0.0, v=0.000, a=0.0, phase=IDLE
2026-09-04 14:00:50,359 - DVPTest - DEBUG - 物理分类结果: STABLE
2026-09-04 14:00:50,360 - DVPTest - DEBUG - [UI] _on_plot_update 收到 29 个数据点
2026-09-04 14:00:50,361 - DVPTest - INFO - [串口] cuff=0 mmHg
2026-09-04 14:00:50,468 - DVPTest - DEBUG - 发出 sig_data: t=2.995, p=0.00
2026-09-04 14:00:50,470 - DVPTest - DEBUG - process_data: t=3.00, p=0.0, v=0.000, a=0.0, phase=IDLE
2026-09-04 14:00:50,471 - DVPTest - DEBUG - 物理分类结果: STABLE
2026-09-04 14:00:50,472 - DVPTest - DEBUG - [UI] _on_plot_update 收到 30 个数据点
2026-09-04 14:00:50,475 - DVPTest - INFO - [串口] cuff=0 mmHg
2026-09-04 14:00:50,565 - DVPTest - DEBUG - 发出 sig_data: t=3.092, p=0.00
2026-09-04 14:00:50,567 - DVPTest - DEBUG - process_data: t=3.09, p=0.0, v=0.000, a=0.0, phase=IDLE
2026-09-04 14:00:50,568 - DVPTest - DEBUG - 物理分类结果: STABLE
2026-09-04 14:00:50,569 - DVPTest - DEBUG - [UI] _on_plot_update 收到 31 个数据点
2026-09-04 14:00:50,572 - DVPTest - INFO - [串口] cuff=0 mmHg
2026-09-04 14:00:50,661 - DVPTest - DEBUG - 发出 sig_data: t=3.187, p=0.00
2026-09-04 14:00:50,661 - DVPTest - DEBUG - process_data: t=3.19, p=0.0, v=0.000, a=0.0, phase=IDLE
2026-09-04 14:00:50,662 - DVPTest - DEBUG - 物理分类结果: STABLE
2026-09-04 14:00:50,662 - DVPTest - DEBUG - [UI] _on_plot_update 收到 32 个数据点
2026-09-04 14:00:50,664 - DVPTest - INFO - [串口] cuff=0 mmHg
2026-09-04 14:00:50,756 - DVPTest - DEBUG - 发出 sig_data: t=3.283, p=0.00
2026-09-04 14:00:50,757 - DVPTest - DEBUG - process_data: t=3.28, p=0.0, v=0.000, a=0.0, phase=IDLE
2026-09-04 14:00:50,758 - DVPTest - DEBUG - 物理分类结果: STABLE
2026-09-04 14:00:50,758 - DVPTest - DEBUG - [UI] _on_plot_update 收到 33 个数据点
2026-09-04 14:00:50,759 - DVPTest - INFO - [串口] cuff=0 mmHg
2026-09-04 14:00:50,868 - DVPTest - DEBUG - 发出 sig_data: t=3.396, p=0.00
2026-09-04 14:00:50,871 - DVPTest - DEBUG - process_data: t=3.40, p=0.0, v=0.000, a=0.0, phase=IDLE
2026-09-04 14:00:50,873 - DVPTest - DEBUG - 物理分类结果: STABLE
2026-09-04 14:00:50,874 - DVPTest - DEBUG - [UI] _on_plot_update 收到 34 个数据点
2026-09-04 14:00:50,876 - DVPTest - INFO - [串口] cuff=0 mmHg
2026-09-04 14:00:50,964 - DVPTest - DEBUG - 发出 sig_data: t=3.491, p=0.00
2026-09-04 14:00:50,965 - DVPTest - DEBUG - process_data: t=3.49, p=0.0, v=0.000, a=0.0, phase=IDLE
2026-09-04 14:00:50,966 - DVPTest - DEBUG - 物理分类结果: STABLE
2026-09-04 14:00:50,966 - DVPTest - DEBUG - [UI] _on_plot_update 收到 35 个数据点
2026-09-04 14:00:50,968 - DVPTest - INFO - [串口] cuff=0 mmHg
2026-09-04 14:00:51,060 - DVPTest - DEBUG - 发出 sig_data: t=3.587, p=134.00
2026-09-04 14:00:51,064 - DVPTest - DEBUG - process_data: t=3.59, p=134.0, v=1394.506, a=10000.0, phase=IDLE
2026-09-04 14:00:51,065 - DVPTest - DEBUG - 充气峰值更新: 134.0 @ 3.59s
2026-09-04 14:00:51,066 - DVPTest - DEBUG - 充气起始值 5.0 mmHg 到达 @ 3.59s
2026-09-04 14:00:51,066 - DVPTest - DEBUG - 物理分类结果: INFLATING
2026-09-04 14:00:51,067 - DVPTest - INFO - IDLE → INFLATING @ 3.59s, p=134.0
2026-09-04 14:00:51,068 - DVPTest - DEBUG - [UI] _on_plot_update 收到 36 个数据点
2026-09-04 14:00:51,073 - DVPTest - INFO - [串口] cuff=134 mmHg
2026-09-04 14:00:51,156 - DVPTest - DEBUG - 发出 sig_data: t=3.683, p=360.00
2026-09-04 14:00:51,158 - DVPTest - DEBUG - process_data: t=3.68, p=360.0, v=2000.000, a=6321.5, phase=INFLATING
2026-09-04 14:00:51,159 - DVPTest - DEBUG - 充气峰值更新: 360.0 @ 3.68s
2026-09-04 14:00:51,160 - DVPTest - DEBUG - 充气中间值 200.0 mmHg 到达 @ 3.68s
2026-09-04 14:00:51,162 - DVPTest - DEBUG - 充气目标值 300.0 mmHg 到达 @ 3.68s
2026-09-04 14:00:51,162 - DVPTest - DEBUG - 物理分类结果: INFLATING
2026-09-04 14:00:51,164 - DVPTest - DEBUG - [UI] _on_plot_update 收到 37 个数据点
2026-09-04 14:00:51,168 - DVPTest - INFO - [串口] cuff=360 mmHg
2026-09-04 14:00:51,268 - DVPTest - DEBUG - 发出 sig_data: t=3.795, p=389.00
2026-09-04 14:00:51,270 - DVPTest - DEBUG - process_data: t=3.79, p=389.0, v=259.429, a=-10000.0, phase=INFLATING
2026-09-04 14:00:51,270 - DVPTest - DEBUG - 充气峰值更新: 389.0 @ 3.79s
2026-09-04 14:00:51,272 - DVPTest - DEBUG - 物理分类结果: INFLATING
2026-09-04 14:00:51,272 - DVPTest - DEBUG - [UI] _on_plot_update 收到 38 个数据点
2026-09-04 14:00:51,275 - DVPTest - INFO - [串口] cuff=389 mmHg
2026-09-04 14:00:51,363 - DVPTest - DEBUG - 发出 sig_data: t=3.890, p=389.00
2026-09-04 14:00:51,365 - DVPTest - DEBUG - process_data: t=3.89, p=389.0, v=0.000, a=-2726.6, phase=INFLATING
2026-09-04 14:00:51,365 - DVPTest - DEBUG - 物理分类结果: STABLE
2026-09-04 14:00:51,366 - DVPTest - DEBUG - [UI] _on_plot_update 收到 39 个数据点
2026-09-04 14:00:51,369 - DVPTest - INFO - [串口] cuff=389 mmHg
2026-09-04 14:00:51,459 - DVPTest - DEBUG - 发出 sig_data: t=3.986, p=389.00
2026-09-04 14:00:51,462 - DVPTest - DEBUG - process_data: t=3.99, p=389.0, v=0.000, a=0.0, phase=INFLATING
2026-09-04 14:00:51,463 - DVPTest - DEBUG - 物理分类结果: STABLE
2026-09-04 14:00:51,464 - DVPTest - DEBUG - [UI] _on_plot_update 收到 40 个数据点
2026-09-04 14:00:51,466 - DVPTest - INFO - [串口] cuff=389 mmHg
2026-09-04 14:00:51,555 - DVPTest - DEBUG - 发出 sig_data: t=4.082, p=388.00
2026-09-04 14:00:51,558 - DVPTest - DEBUG - process_data: t=4.08, p=388.0, v=-10.376, a=-107.7, phase=INFLATING
2026-09-04 14:00:51,558 - DVPTest - DEBUG - 物理分类结果: DEFLATING
2026-09-04 14:00:51,559 - DVPTest - DEBUG - [UI] _on_plot_update 收到 41 个数据点
2026-09-04 14:00:51,561 - DVPTest - INFO - [串口] cuff=388 mmHg
2026-09-04 14:00:51,667 - DVPTest - DEBUG - 发出 sig_data: t=4.194, p=388.00
2026-09-04 14:00:51,671 - DVPTest - DEBUG - process_data: t=4.19, p=388.0, v=0.000, a=93.1, phase=INFLATING
2026-09-04 14:00:51,672 - DVPTest - DEBUG - 物理分类结果: STABLE
2026-09-04 14:00:51,674 - DVPTest - DEBUG - [UI] _on_plot_update 收到 42 个数据点
2026-09-04 14:00:51,677 - DVPTest - INFO - [串口] cuff=388 mmHg
2026-09-04 14:00:51,763 - DVPTest - DEBUG - 发出 sig_data: t=4.290, p=388.00
2026-09-04 14:00:51,766 - DVPTest - DEBUG - process_data: t=4.29, p=388.0, v=0.000, a=0.0, phase=INFLATING
2026-09-04 14:00:51,766 - DVPTest - DEBUG - 物理分类结果: STABLE
2026-09-04 14:00:51,767 - DVPTest - DEBUG - [UI] _on_plot_update 收到 43 个数据点
2026-09-04 14:00:51,769 - DVPTest - INFO - [串口] cuff=388 mmHg
2026-09-04 14:00:51,859 - DVPTest - DEBUG - 发出 sig_data: t=4.386, p=388.00
2026-09-04 14:00:51,861 - DVPTest - DEBUG - process_data: t=4.39, p=388.0, v=0.000, a=0.0, phase=INFLATING
2026-09-04 14:00:51,862 - DVPTest - DEBUG - 物理分类结果: STABLE
2026-09-04 14:00:51,862 - DVPTest - DEBUG - [UI] _on_plot_update 收到 44 个数据点
2026-09-04 14:00:51,865 - DVPTest - INFO - [串口] cuff=388 mmHg
2026-09-04 14:00:51,954 - DVPTest - DEBUG - 发出 sig_data: t=4.481, p=387.00
2026-09-04 14:00:51,955 - DVPTest - DEBUG - process_data: t=4.48, p=387.0, v=-10.512, a=-110.5, phase=INFLATING
2026-09-04 14:00:51,955 - DVPTest - INFO - ★ 泄气拐点确认 [速率+加速度]: p=388.00 @ t=4.082s, rate=-10.38
2026-09-04 14:00:51,956 - DVPTest - SUCCESS - ★ 泄气拐点确认 [速率+加速度]: p=388.00 @ t=4.082s, rate=-10.38
2026-09-04 14:00:51,957 - DVPTest - INFO - 充气结果输出（由泄气拐点触发）: {'state': 'DONE', 'start': {'value': 5.0, 'time': 3.587225600145757, 'reached': True}, 'mid': {'value': 200.0, 'time': 3.6830091001465917, 'reached': True}, 'target': {'value': 300.0, 'time': 3.6830091001465917, 'reached': True}, 'peak': {'value': 389.0, 'time': 3.7947929999791086}}
2026-09-04 14:00:51,958 - DVPTest - SUCCESS - ★ 充气结果已触发（拐点）
2026-09-04 14:00:51,958 - DVPTest - DEBUG - [UI] _on_result_text: key=inflate, text=起始值5→中间值200 时间0.10s 速率2035.84mmHg/s  起始值5→目标值300 时间0.10s 速率3079.86mmHg/s
2026-09-04 14:00:51,959 - DVPTest - DEBUG - 物理分类结果: DEFLATING
2026-09-04 14:00:51,960 - DVPTest - DEBUG - [UI] _on_plot_update 收到 45 个数据点
2026-09-04 14:00:51,962 - DVPTest - INFO - [串口] cuff=387 mmHg
2026-09-04 14:00:52,067 - DVPTest - DEBUG - 发出 sig_data: t=4.593, p=387.00
2026-09-04 14:00:52,067 - DVPTest - DEBUG - process_data: t=4.59, p=387.0, v=0.000, a=93.6, phase=INFLATING
2026-09-04 14:00:52,068 - DVPTest - DEBUG - 物理分类结果: STABLE
2026-09-04 14:00:52,068 - DVPTest - DEBUG - [UI] _on_plot_update 收到 46 个数据点
2026-09-04 14:00:52,070 - DVPTest - INFO - [串口] cuff=387 mmHg
2026-09-04 14:00:52,163 - DVPTest - DEBUG - 发出 sig_data: t=4.690, p=387.00
2026-09-04 14:00:52,168 - DVPTest - DEBUG - process_data: t=4.69, p=387.0, v=0.000, a=0.0, phase=INFLATING
2026-09-04 14:00:52,169 - DVPTest - DEBUG - 物理分类结果: STABLE
2026-09-04 14:00:52,171 - DVPTest - DEBUG - [UI] _on_plot_update 收到 47 个数据点
2026-09-04 14:00:52,174 - DVPTest - INFO - [串口] cuff=387 mmHg
2026-09-04 14:00:52,258 - DVPTest - DEBUG - 发出 sig_data: t=4.785, p=387.00
2026-09-04 14:00:52,263 - DVPTest - DEBUG - process_data: t=4.79, p=387.0, v=0.000, a=0.0, phase=INFLATING
2026-09-04 14:00:52,264 - DVPTest - DEBUG - 物理分类结果: STABLE
2026-09-04 14:00:52,265 - DVPTest - DEBUG - [UI] _on_plot_update 收到 48 个数据点
2026-09-04 14:00:52,268 - DVPTest - INFO - [串口] cuff=387 mmHg
2026-09-04 14:00:52,370 - DVPTest - DEBUG - 发出 sig_data: t=4.896, p=386.00
2026-09-04 14:00:52,370 - DVPTest - DEBUG - process_data: t=4.90, p=386.0, v=-9.008, a=-81.1, phase=INFLATING
2026-09-04 14:00:52,371 - DVPTest - DEBUG - 物理分类结果: DEFLATING
2026-09-04 14:00:52,372 - DVPTest - DEBUG - [UI] _on_plot_update 收到 49 个数据点
2026-09-04 14:00:52,373 - DVPTest - INFO - [串口] cuff=386 mmHg
2026-09-04 14:00:52,466 - DVPTest - DEBUG - 发出 sig_data: t=4.993, p=386.00
2026-09-04 14:00:52,468 - DVPTest - DEBUG - process_data: t=4.99, p=386.0, v=0.000, a=93.3, phase=INFLATING
2026-09-04 14:00:52,470 - DVPTest - DEBUG - 物理分类结果: STABLE
2026-09-04 14:00:52,472 - DVPTest - DEBUG - [UI] _on_plot_update 收到 50 个数据点
2026-09-04 14:00:52,474 - DVPTest - INFO - [串口] cuff=386 mmHg
2026-09-04 14:00:52,562 - DVPTest - DEBUG - 发出 sig_data: t=5.089, p=386.00
2026-09-04 14:00:52,563 - DVPTest - DEBUG - process_data: t=5.09, p=386.0, v=0.000, a=0.0, phase=INFLATING
2026-09-04 14:00:52,564 - DVPTest - DEBUG - 物理分类结果: STABLE
2026-09-04 14:00:52,564 - DVPTest - DEBUG - [UI] _on_plot_update 收到 51 个数据点
2026-09-04 14:00:52,566 - DVPTest - INFO - [串口] cuff=386 mmHg
2026-09-04 14:00:52,658 - DVPTest - DEBUG - 发出 sig_data: t=5.185, p=386.00
2026-09-04 14:00:52,658 - DVPTest - DEBUG - process_data: t=5.18, p=386.0, v=0.000, a=0.0, phase=INFLATING
2026-09-04 14:00:52,659 - DVPTest - DEBUG - 物理分类结果: STABLE
2026-09-04 14:00:52,660 - DVPTest - DEBUG - [UI] _on_plot_update 收到 52 个数据点
2026-09-04 14:00:52,661 - DVPTest - INFO - [串口] cuff=386 mmHg
2026-09-04 14:00:52,770 - DVPTest - DEBUG - 发出 sig_data: t=5.297, p=386.00
2026-09-04 14:00:52,772 - DVPTest - DEBUG - process_data: t=5.30, p=386.0, v=0.000, a=0.0, phase=INFLATING
2026-09-04 14:00:52,773 - DVPTest - DEBUG - 物理分类结果: STABLE
2026-09-04 14:00:52,774 - DVPTest - DEBUG - [UI] _on_plot_update 收到 53 个数据点
2026-09-04 14:00:52,777 - DVPTest - INFO - [串口] cuff=386 mmHg
2026-09-04 14:00:52,865 - DVPTest - DEBUG - 发出 sig_data: t=5.392, p=387.00
2026-09-04 14:00:52,866 - DVPTest - DEBUG - process_data: t=5.39, p=387.0, v=10.526, a=110.8, phase=INFLATING
2026-09-04 14:00:52,867 - DVPTest - DEBUG - 物理分类结果: INFLATING
2026-09-04 14:00:52,868 - DVPTest - DEBUG - [UI] _on_plot_update 收到 54 个数据点
2026-09-04 14:00:52,870 - DVPTest - INFO - [串口] cuff=387 mmHg
2026-09-04 14:00:52,961 - DVPTest - DEBUG - 发出 sig_data: t=5.488, p=388.00
2026-09-04 14:00:52,966 - DVPTest - DEBUG - process_data: t=5.49, p=388.0, v=10.338, a=-1.9, phase=INFLATING
2026-09-04 14:00:52,967 - DVPTest - DEBUG - 物理分类结果: INFLATING
2026-09-04 14:00:52,967 - DVPTest - DEBUG - [UI] _on_plot_update 收到 55 个数据点
2026-09-04 14:00:52,969 - DVPTest - INFO - [串口] cuff=388 mmHg
2026-09-04 14:00:53,058 - DVPTest - DEBUG - 发出 sig_data: t=5.585, p=388.00
2026-09-04 14:00:53,060 - DVPTest - DEBUG - process_data: t=5.58, p=388.0, v=0.000, a=-107.4, phase=INFLATING
2026-09-04 14:00:53,061 - DVPTest - DEBUG - 物理分类结果: STABLE
2026-09-04 14:00:53,062 - DVPTest - DEBUG - [UI] _on_plot_update 收到 56 个数据点
2026-09-04 14:00:53,064 - DVPTest - INFO - [串口] cuff=388 mmHg
2026-09-04 14:00:53,169 - DVPTest - DEBUG - 发出 sig_data: t=5.696, p=388.00
2026-09-04 14:00:53,170 - DVPTest - DEBUG - process_data: t=5.70, p=388.0, v=0.000, a=0.0, phase=INFLATING
2026-09-04 14:00:53,170 - DVPTest - DEBUG - 物理分类结果: STABLE
2026-09-04 14:00:53,171 - DVPTest - DEBUG - [UI] _on_plot_update 收到 57 个数据点
2026-09-04 14:00:53,173 - DVPTest - INFO - [串口] cuff=388 mmHg
2026-09-04 14:00:53,265 - DVPTest - DEBUG - 发出 sig_data: t=5.792, p=388.00
2026-09-04 14:00:53,267 - DVPTest - DEBUG - process_data: t=5.79, p=388.0, v=0.000, a=0.0, phase=INFLATING
2026-09-04 14:00:53,268 - DVPTest - DEBUG - 物理分类结果: STABLE
2026-09-04 14:00:53,268 - DVPTest - DEBUG - [UI] _on_plot_update 收到 58 个数据点
2026-09-04 14:00:53,272 - DVPTest - INFO - [串口] cuff=388 mmHg
2026-09-04 14:00:53,361 - DVPTest - DEBUG - 发出 sig_data: t=5.888, p=388.00
2026-09-04 14:00:53,363 - DVPTest - DEBUG - process_data: t=5.89, p=388.0, v=0.000, a=0.0, phase=INFLATING
2026-09-04 14:00:53,364 - DVPTest - DEBUG - 物理分类结果: STABLE
2026-09-04 14:00:53,365 - DVPTest - DEBUG - [UI] _on_plot_update 收到 59 个数据点
2026-09-04 14:00:53,367 - DVPTest - INFO - [串口] cuff=388 mmHg
2026-09-04 14:00:53,456 - DVPTest - DEBUG - 发出 sig_data: t=5.983, p=387.00
2026-09-04 14:00:53,457 - DVPTest - DEBUG - process_data: t=5.98, p=387.0, v=-10.475, a=-109.7, phase=INFLATING
2026-09-04 14:00:53,458 - DVPTest - DEBUG - 物理分类结果: DEFLATING
2026-09-04 14:00:53,458 - DVPTest - DEBUG - [UI] _on_plot_update 收到 60 个数据点
2026-09-04 14:00:53,459 - DVPTest - INFO - [串口] cuff=387 mmHg
2026-09-04 14:00:53,568 - DVPTest - DEBUG - 发出 sig_data: t=6.095, p=387.00
2026-09-04 14:00:53,572 - DVPTest - DEBUG - process_data: t=6.10, p=387.0, v=0.000, a=93.6, phase=INFLATING
2026-09-04 14:00:53,573 - DVPTest - DEBUG - 物理分类结果: STABLE
2026-09-04 14:00:53,574 - DVPTest - DEBUG - [UI] _on_plot_update 收到 61 个数据点
2026-09-04 14:00:53,577 - DVPTest - INFO - [串口] cuff=387 mmHg
2026-09-04 14:00:53,664 - DVPTest - DEBUG - 发出 sig_data: t=6.192, p=387.00
2026-09-04 14:00:53,669 - DVPTest - DEBUG - process_data: t=6.19, p=387.0, v=0.000, a=0.0, phase=INFLATING
2026-09-04 14:00:53,670 - DVPTest - DEBUG - 物理分类结果: STABLE
2026-09-04 14:00:53,672 - DVPTest - DEBUG - [UI] _on_plot_update 收到 62 个数据点
2026-09-04 14:00:53,674 - DVPTest - INFO - [串口] cuff=387 mmHg
2026-09-04 14:00:53,759 - DVPTest - DEBUG - 发出 sig_data: t=6.286, p=387.00
2026-09-04 14:00:53,760 - DVPTest - DEBUG - process_data: t=6.29, p=387.0, v=0.000, a=0.0, phase=INFLATING
2026-09-04 14:00:53,761 - DVPTest - DEBUG - 物理分类结果: STABLE
2026-09-04 14:00:53,762 - DVPTest - DEBUG - [UI] _on_plot_update 收到 63 个数据点
2026-09-04 14:00:53,763 - DVPTest - INFO - [串口] cuff=387 mmHg
2026-09-04 14:00:53,855 - DVPTest - DEBUG - 发出 sig_data: t=6.382, p=387.00
2026-09-04 14:00:53,858 - DVPTest - DEBUG - process_data: t=6.38, p=387.0, v=0.000, a=0.0, phase=INFLATING
2026-09-04 14:00:53,859 - DVPTest - DEBUG - 物理分类结果: STABLE
2026-09-04 14:00:53,861 - DVPTest - DEBUG - [UI] _on_plot_update 收到 64 个数据点
2026-09-04 14:00:53,864 - DVPTest - INFO - [串口] cuff=387 mmHg
2026-09-04 14:00:53,968 - DVPTest - DEBUG - 发出 sig_data: t=6.494, p=387.00
2026-09-04 14:00:53,969 - DVPTest - DEBUG - process_data: t=6.49, p=387.0, v=0.000, a=0.0, phase=INFLATING
2026-09-04 14:00:53,969 - DVPTest - DEBUG - 物理分类结果: STABLE
2026-09-04 14:00:53,970 - DVPTest - DEBUG - [UI] _on_plot_update 收到 65 个数据点
2026-09-04 14:00:53,973 - DVPTest - INFO - [串口] cuff=387 mmHg
2026-09-04 14:00:54,063 - DVPTest - DEBUG - 发出 sig_data: t=6.590, p=387.00
2026-09-04 14:00:54,064 - DVPTest - DEBUG - process_data: t=6.59, p=387.0, v=0.000, a=0.0, phase=INFLATING
2026-09-04 14:00:54,065 - DVPTest - DEBUG - 物理分类结果: STABLE
2026-09-04 14:00:54,065 - DVPTest - DEBUG - [UI] _on_plot_update 收到 66 个数据点
2026-09-04 14:00:54,067 - DVPTest - INFO - [串口] cuff=387 mmHg
2026-09-04 14:00:54,160 - DVPTest - DEBUG - 发出 sig_data: t=6.687, p=387.00
2026-09-04 14:00:54,161 - DVPTest - DEBUG - process_data: t=6.69, p=387.0, v=0.000, a=0.0, phase=INFLATING
2026-09-04 14:00:54,163 - DVPTest - DEBUG - 物理分类结果: STABLE
2026-09-04 14:00:54,164 - DVPTest - DEBUG - [UI] _on_plot_update 收到 67 个数据点
2026-09-04 14:00:54,166 - DVPTest - INFO - [串口] cuff=387 mmHg
2026-09-04 14:00:54,271 - DVPTest - DEBUG - 发出 sig_data: t=6.797, p=387.00
2026-09-04 14:00:54,273 - DVPTest - DEBUG - process_data: t=6.80, p=387.0, v=0.000, a=0.0, phase=INFLATING
2026-09-04 14:00:54,273 - DVPTest - DEBUG - 物理分类结果: STABLE
2026-09-04 14:00:54,274 - DVPTest - DEBUG - [UI] _on_plot_update 收到 68 个数据点
2026-09-04 14:00:54,276 - DVPTest - INFO - [串口] cuff=387 mmHg
2026-09-04 14:00:54,367 - DVPTest - DEBUG - 发出 sig_data: t=6.894, p=386.00
2026-09-04 14:00:54,367 - DVPTest - DEBUG - process_data: t=6.89, p=386.0, v=-10.404, a=-108.2, phase=INFLATING
2026-09-04 14:00:54,368 - DVPTest - DEBUG - 物理分类结果: DEFLATING
2026-09-04 14:00:54,370 - DVPTest - DEBUG - [UI] _on_plot_update 收到 69 个数据点
2026-09-04 14:00:54,372 - DVPTest - INFO - [串口] cuff=386 mmHg
2026-09-04 14:00:54,463 - DVPTest - DEBUG - 发出 sig_data: t=6.990, p=386.00
2026-09-04 14:00:54,467 - DVPTest - DEBUG - process_data: t=6.99, p=386.0, v=0.000, a=107.4, phase=INFLATING
2026-09-04 14:00:54,467 - DVPTest - DEBUG - 物理分类结果: STABLE
2026-09-04 14:00:54,469 - DVPTest - DEBUG - [UI] _on_plot_update 收到 70 个数据点
2026-09-04 14:00:54,472 - DVPTest - INFO - [串口] cuff=386 mmHg
2026-09-04 14:00:54,559 - DVPTest - DEBUG - 发出 sig_data: t=7.086, p=386.00
2026-09-04 14:00:54,563 - DVPTest - DEBUG - process_data: t=7.09, p=386.0, v=0.000, a=0.0, phase=INFLATING
2026-09-04 14:00:54,564 - DVPTest - DEBUG - 物理分类结果: STABLE
2026-09-04 14:00:54,566 - DVPTest - DEBUG - [UI] _on_plot_update 收到 71 个数据点
2026-09-04 14:00:54,569 - DVPTest - INFO - [串口] cuff=386 mmHg
2026-09-04 14:00:54,670 - DVPTest - DEBUG - 发出 sig_data: t=7.197, p=402.00
2026-09-04 14:00:54,672 - DVPTest - DEBUG - process_data: t=7.20, p=402.0, v=143.983, a=1295.7, phase=INFLATING
2026-09-04 14:00:54,673 - DVPTest - DEBUG - 充气峰值更新: 402.0 @ 7.20s
2026-09-04 14:00:54,674 - DVPTest - DEBUG - 物理分类结果: INFLATING
2026-09-04 14:00:54,676 - DVPTest - DEBUG - [UI] _on_plot_update 收到 72 个数据点
2026-09-04 14:00:54,680 - DVPTest - INFO - [串口] cuff=402 mmHg
2026-09-04 14:00:54,766 - DVPTest - DEBUG - 发出 sig_data: t=7.293, p=403.00
2026-09-04 14:00:54,769 - DVPTest - DEBUG - process_data: t=7.29, p=403.0, v=10.371, a=-1385.6, phase=INFLATING
2026-09-04 14:00:54,770 - DVPTest - DEBUG - 充气峰值更新: 403.0 @ 7.29s
2026-09-04 14:00:54,771 - DVPTest - DEBUG - 物理分类结果: INFLATING
2026-09-04 14:00:54,772 - DVPTest - DEBUG - [UI] _on_plot_update 收到 73 个数据点
2026-09-04 14:00:54,776 - DVPTest - INFO - [串口] cuff=403 mmHg
2026-09-04 14:00:54,863 - DVPTest - DEBUG - 发出 sig_data: t=7.390, p=402.00
2026-09-04 14:00:54,864 - DVPTest - DEBUG - process_data: t=7.39, p=402.0, v=-10.390, a=-215.7, phase=INFLATING
2026-09-04 14:00:54,865 - DVPTest - DEBUG - 物理分类结果: DEFLATING
2026-09-04 14:00:54,865 - DVPTest - DEBUG - [UI] _on_plot_update 收到 74 个数据点
2026-09-04 14:00:54,867 - DVPTest - INFO - [串口] cuff=402 mmHg
2026-09-04 14:00:54,958 - DVPTest - DEBUG - 发出 sig_data: t=7.485, p=402.00
2026-09-04 14:00:54,960 - DVPTest - DEBUG - process_data: t=7.48, p=402.0, v=0.000, a=109.5, phase=INFLATING
2026-09-04 14:00:54,960 - DVPTest - DEBUG - 物理分类结果: STABLE
2026-09-04 14:00:54,961 - DVPTest - DEBUG - [UI] _on_plot_update 收到 75 个数据点
2026-09-04 14:00:54,963 - DVPTest - INFO - [串口] cuff=402 mmHg
2026-09-04 14:00:55,070 - DVPTest - DEBUG - 发出 sig_data: t=7.597, p=402.00
2026-09-04 14:00:55,072 - DVPTest - DEBUG - process_data: t=7.60, p=402.0, v=0.000, a=0.0, phase=INFLATING
2026-09-04 14:00:55,073 - DVPTest - DEBUG - 物理分类结果: STABLE
2026-09-04 14:00:55,075 - DVPTest - DEBUG - [UI] _on_plot_update 收到 76 个数据点
2026-09-04 14:00:55,076 - DVPTest - INFO - [串口] cuff=402 mmHg
2026-09-04 14:00:55,166 - DVPTest - DEBUG - 发出 sig_data: t=7.693, p=402.00
2026-09-04 14:00:55,166 - DVPTest - DEBUG - process_data: t=7.69, p=402.0, v=0.000, a=0.0, phase=INFLATING
2026-09-04 14:00:55,167 - DVPTest - DEBUG - 物理分类结果: STABLE
2026-09-04 14:00:55,168 - DVPTest - DEBUG - [UI] _on_plot_update 收到 77 个数据点
2026-09-04 14:00:55,170 - DVPTest - INFO - [串口] cuff=402 mmHg
2026-09-04 14:00:55,262 - DVPTest - DEBUG - 发出 sig_data: t=7.789, p=402.00
2026-09-04 14:00:55,265 - DVPTest - DEBUG - process_data: t=7.79, p=402.0, v=0.000, a=0.0, phase=INFLATING
2026-09-04 14:00:55,265 - DVPTest - DEBUG - 物理分类结果: STABLE
2026-09-04 14:00:55,266 - DVPTest - DEBUG - [UI] _on_plot_update 收到 78 个数据点
2026-09-04 14:00:55,267 - DVPTest - INFO - [串口] cuff=402 mmHg
2026-09-04 14:00:55,357 - DVPTest - DEBUG - 发出 sig_data: t=7.884, p=402.00
2026-09-04 14:00:55,358 - DVPTest - DEBUG - process_data: t=7.88, p=402.0, v=0.000, a=0.0, phase=INFLATING
2026-09-04 14:00:55,359 - DVPTest - DEBUG - 物理分类结果: STABLE
2026-09-04 14:00:55,359 - DVPTest - DEBUG - [UI] _on_plot_update 收到 79 个数据点
2026-09-04 14:00:55,361 - DVPTest - INFO - [串口] cuff=402 mmHg
2026-09-04 14:00:55,469 - DVPTest - DEBUG - 发出 sig_data: t=7.996, p=403.00
2026-09-04 14:00:55,472 - DVPTest - DEBUG - process_data: t=8.00, p=403.0, v=8.918, a=79.5, phase=INFLATING
2026-09-04 14:00:55,472 - DVPTest - DEBUG - 物理分类结果: INFLATING
2026-09-04 14:00:55,473 - DVPTest - DEBUG - [UI] _on_plot_update 收到 80 个数据点
2026-09-04 14:00:55,475 - DVPTest - INFO - [串口] cuff=403 mmHg
2026-09-04 14:00:55,566 - DVPTest - DEBUG - 发出 sig_data: t=8.093, p=403.00
2026-09-04 14:00:55,567 - DVPTest - DEBUG - process_data: t=8.09, p=403.0, v=0.000, a=-92.5, phase=INFLATING
2026-09-04 14:00:55,568 - DVPTest - DEBUG - 物理分类结果: STABLE
2026-09-04 14:00:55,570 - DVPTest - DEBUG - [UI] _on_plot_update 收到 81 个数据点
2026-09-04 14:00:55,571 - DVPTest - INFO - [串口] cuff=403 mmHg
2026-09-04 14:00:55,661 - DVPTest - DEBUG - 发出 sig_data: t=8.187, p=402.00
2026-09-04 14:00:55,661 - DVPTest - DEBUG - process_data: t=8.19, p=402.0, v=-10.573, a=-111.8, phase=INFLATING
2026-09-04 14:00:55,662 - DVPTest - DEBUG - 物理分类结果: DEFLATING
2026-09-04 14:00:55,663 - DVPTest - DEBUG - [UI] _on_plot_update 收到 82 个数据点
2026-09-04 14:00:55,664 - DVPTest - INFO - [串口] cuff=402 mmHg
2026-09-04 14:00:55,772 - DVPTest - DEBUG - 发出 sig_data: t=8.299, p=402.00
2026-09-04 14:00:55,775 - DVPTest - DEBUG - process_data: t=8.30, p=402.0, v=0.000, a=94.6, phase=INFLATING
2026-09-04 14:00:55,776 - DVPTest - DEBUG - 物理分类结果: STABLE
2026-09-04 14:00:55,778 - DVPTest - DEBUG - [UI] _on_plot_update 收到 83 个数据点
2026-09-04 14:00:55,782 - DVPTest - INFO - [串口] cuff=402 mmHg
2026-09-04 14:00:55,868 - DVPTest - DEBUG - 发出 sig_data: t=8.395, p=402.00
2026-09-04 14:00:55,872 - DVPTest - DEBUG - process_data: t=8.40, p=402.0, v=0.000, a=0.0, phase=INFLATING
2026-09-04 14:00:55,873 - DVPTest - DEBUG - 物理分类结果: STABLE
2026-09-04 14:00:55,874 - DVPTest - DEBUG - [UI] _on_plot_update 收到 84 个数据点
2026-09-04 14:00:55,877 - DVPTest - INFO - [串口] cuff=402 mmHg
2026-09-04 14:00:55,965 - DVPTest - DEBUG - 发出 sig_data: t=8.491, p=402.00
2026-09-04 14:00:55,965 - DVPTest - DEBUG - process_data: t=8.49, p=402.0, v=0.000, a=0.0, phase=INFLATING
2026-09-04 14:00:55,966 - DVPTest - DEBUG - 物理分类结果: STABLE
2026-09-04 14:00:55,966 - DVPTest - DEBUG - [UI] _on_plot_update 收到 85 个数据点
2026-09-04 14:00:55,968 - DVPTest - INFO - [串口] cuff=402 mmHg
2026-09-04 14:00:56,061 - DVPTest - DEBUG - 发出 sig_data: t=8.588, p=401.00
2026-09-04 14:00:56,063 - DVPTest - DEBUG - process_data: t=8.59, p=401.0, v=-10.368, a=-107.5, phase=INFLATING
2026-09-04 14:00:56,064 - DVPTest - DEBUG - 物理分类结果: DEFLATING
2026-09-04 14:00:56,064 - DVPTest - DEBUG - [UI] _on_plot_update 收到 86 个数据点
2026-09-04 14:00:56,067 - DVPTest - INFO - [串口] cuff=401 mmHg
2026-09-04 14:00:56,171 - DVPTest - DEBUG - 发出 sig_data: t=8.699, p=402.00
2026-09-04 14:00:56,174 - DVPTest - DEBUG - process_data: t=8.70, p=402.0, v=9.019, a=174.9, phase=INFLATING
2026-09-04 14:00:56,174 - DVPTest - DEBUG - 物理分类结果: INFLATING
2026-09-04 14:00:56,175 - DVPTest - DEBUG - [UI] _on_plot_update 收到 87 个数据点
2026-09-04 14:00:56,176 - DVPTest - INFO - [串口] cuff=402 mmHg
2026-09-04 14:00:56,268 - DVPTest - DEBUG - 发出 sig_data: t=8.795, p=402.00
2026-09-04 14:00:56,269 - DVPTest - DEBUG - process_data: t=8.80, p=402.0, v=0.000, a=-93.5, phase=INFLATING
2026-09-04 14:00:56,269 - DVPTest - DEBUG - 物理分类结果: STABLE
2026-09-04 14:00:56,270 - DVPTest - DEBUG - [UI] _on_plot_update 收到 88 个数据点
2026-09-04 14:00:56,272 - DVPTest - INFO - [串口] cuff=402 mmHg
2026-09-04 14:00:56,364 - DVPTest - DEBUG - 发出 sig_data: t=8.891, p=402.00
2026-09-04 14:00:56,366 - DVPTest - DEBUG - process_data: t=8.89, p=402.0, v=0.000, a=0.0, phase=INFLATING
2026-09-04 14:00:56,367 - DVPTest - DEBUG - 物理分类结果: STABLE
2026-09-04 14:00:56,368 - DVPTest - DEBUG - [UI] _on_plot_update 收到 89 个数据点
2026-09-04 14:00:56,371 - DVPTest - INFO - [串口] cuff=402 mmHg
2026-09-04 14:00:56,460 - DVPTest - DEBUG - 发出 sig_data: t=8.987, p=401.00
2026-09-04 14:00:56,461 - DVPTest - DEBUG - process_data: t=8.99, p=401.0, v=-10.435, a=-108.9, phase=INFLATING
2026-09-04 14:00:56,462 - DVPTest - DEBUG - 物理分类结果: DEFLATING
2026-09-04 14:00:56,463 - DVPTest - DEBUG - [UI] _on_plot_update 收到 90 个数据点
2026-09-04 14:00:56,464 - DVPTest - INFO - [串口] cuff=401 mmHg
2026-09-04 14:00:56,571 - DVPTest - DEBUG - 发出 sig_data: t=9.098, p=400.00
2026-09-04 14:00:56,574 - DVPTest - DEBUG - process_data: t=9.10, p=400.0, v=-9.000, a=12.9, phase=INFLATING
2026-09-04 14:00:56,575 - DVPTest - DEBUG - 物理分类结果: DEFLATING
2026-09-04 14:00:56,575 - DVPTest - DEBUG - [UI] _on_plot_update 收到 91 个数据点
2026-09-04 14:00:56,578 - DVPTest - INFO - [串口] cuff=400 mmHg
2026-09-04 14:00:56,668 - DVPTest - DEBUG - 发出 sig_data: t=9.195, p=401.00
2026-09-04 14:00:56,668 - DVPTest - DEBUG - process_data: t=9.19, p=401.0, v=10.384, a=201.3, phase=INFLATING
2026-09-04 14:00:56,669 - DVPTest - DEBUG - 物理分类结果: INFLATING
2026-09-04 14:00:56,670 - DVPTest - DEBUG - [UI] _on_plot_update 收到 92 个数据点
2026-09-04 14:00:56,671 - DVPTest - INFO - [串口] cuff=401 mmHg
2026-09-04 14:00:56,764 - DVPTest - DEBUG - 发出 sig_data: t=9.290, p=404.00
2026-09-04 14:00:56,766 - DVPTest - DEBUG - process_data: t=9.29, p=404.0, v=31.290, a=218.0, phase=INFLATING
2026-09-04 14:00:56,766 - DVPTest - DEBUG - 充气峰值更新: 404.0 @ 9.29s
2026-09-04 14:00:56,766 - DVPTest - DEBUG - 物理分类结果: INFLATING
2026-09-04 14:00:56,767 - DVPTest - DEBUG - [UI] _on_plot_update 收到 93 个数据点
2026-09-04 14:00:56,769 - DVPTest - INFO - [串口] cuff=404 mmHg
2026-09-04 14:00:56,859 - DVPTest - DEBUG - 发出 sig_data: t=9.386, p=405.00
2026-09-04 14:00:56,859 - DVPTest - DEBUG - process_data: t=9.39, p=405.0, v=10.499, a=-218.3, phase=INFLATING
2026-09-04 14:00:56,860 - DVPTest - DEBUG - 充气峰值更新: 405.0 @ 9.39s
2026-09-04 14:00:56,861 - DVPTest - DEBUG - 物理分类结果: INFLATING
2026-09-04 14:00:56,861 - DVPTest - DEBUG - [UI] _on_plot_update 收到 94 个数据点
2026-09-04 14:00:56,862 - DVPTest - INFO - [串口] cuff=405 mmHg
2026-09-04 14:00:56,971 - DVPTest - DEBUG - 发出 sig_data: t=9.498, p=405.00
2026-09-04 14:00:56,972 - DVPTest - DEBUG - process_data: t=9.50, p=405.0, v=0.000, a=-93.6, phase=INFLATING
2026-09-04 14:00:56,973 - DVPTest - DEBUG - 物理分类结果: STABLE
2026-09-04 14:00:56,973 - DVPTest - DEBUG - [UI] _on_plot_update 收到 95 个数据点
2026-09-04 14:00:56,975 - DVPTest - INFO - [串口] cuff=405 mmHg
2026-09-04 14:00:57,067 - DVPTest - DEBUG - 发出 sig_data: t=9.594, p=405.00
2026-09-04 14:00:57,067 - DVPTest - DEBUG - process_data: t=9.59, p=405.0, v=0.000, a=0.0, phase=INFLATING
2026-09-04 14:00:57,068 - DVPTest - DEBUG - 物理分类结果: STABLE
2026-09-04 14:00:57,069 - DVPTest - DEBUG - [UI] _on_plot_update 收到 96 个数据点
2026-09-04 14:00:57,070 - DVPTest - INFO - [串口] cuff=405 mmHg
2026-09-04 14:00:57,163 - DVPTest - DEBUG - 发出 sig_data: t=9.690, p=405.00
2026-09-04 14:00:57,165 - DVPTest - DEBUG - process_data: t=9.69, p=405.0, v=0.000, a=0.0, phase=INFLATING
2026-09-04 14:00:57,165 - DVPTest - DEBUG - 物理分类结果: STABLE
2026-09-04 14:00:57,166 - DVPTest - DEBUG - [UI] _on_plot_update 收到 97 个数据点
2026-09-04 14:00:57,168 - DVPTest - INFO - [串口] cuff=405 mmHg
2026-09-04 14:00:57,259 - DVPTest - DEBUG - 发出 sig_data: t=9.786, p=405.00
2026-09-04 14:00:57,261 - DVPTest - DEBUG - process_data: t=9.79, p=405.0, v=0.000, a=0.0, phase=INFLATING
2026-09-04 14:00:57,262 - DVPTest - DEBUG - 物理分类结果: STABLE
2026-09-04 14:00:57,264 - DVPTest - DEBUG - [UI] _on_plot_update 收到 98 个数据点
2026-09-04 14:00:57,266 - DVPTest - INFO - [串口] cuff=405 mmHg
2026-09-04 14:00:57,370 - DVPTest - DEBUG - 发出 sig_data: t=9.897, p=405.00
2026-09-04 14:00:57,372 - DVPTest - DEBUG - process_data: t=9.90, p=405.0, v=0.000, a=0.0, phase=INFLATING
2026-09-04 14:00:57,373 - DVPTest - DEBUG - 物理分类结果: STABLE
2026-09-04 14:00:57,374 - DVPTest - DEBUG - [UI] _on_plot_update 收到 99 个数据点
2026-09-04 14:00:57,377 - DVPTest - INFO - [串口] cuff=405 mmHg
2026-09-04 14:00:57,467 - DVPTest - DEBUG - 发出 sig_data: t=9.994, p=405.00
2026-09-04 14:00:57,469 - DVPTest - DEBUG - process_data: t=9.99, p=405.0, v=0.000, a=0.0, phase=INFLATING
2026-09-04 14:00:57,470 - DVPTest - DEBUG - 物理分类结果: STABLE
2026-09-04 14:00:57,471 - DVPTest - DEBUG - [UI] _on_plot_update 收到 100 个数据点
2026-09-04 14:00:57,475 - DVPTest - INFO - [串口] cuff=405 mmHg
2026-09-04 14:00:57,563 - DVPTest - DEBUG - 发出 sig_data: t=10.090, p=405.00
2026-09-04 14:00:57,563 - DVPTest - DEBUG - process_data: t=10.09, p=405.0, v=0.000, a=0.0, phase=INFLATING
2026-09-04 14:00:57,565 - DVPTest - DEBUG - 物理分类结果: STABLE
2026-09-04 14:00:57,566 - DVPTest - DEBUG - [UI] _on_plot_update 收到 101 个数据点
2026-09-04 14:00:57,567 - DVPTest - INFO - [串口] cuff=405 mmHg
2026-09-04 14:00:57,658 - DVPTest - DEBUG - 发出 sig_data: t=10.185, p=405.00
2026-09-04 14:00:57,660 - DVPTest - DEBUG - process_data: t=10.18, p=405.0, v=0.000, a=0.0, phase=INFLATING
2026-09-04 14:00:57,661 - DVPTest - DEBUG - 物理分类结果: STABLE
2026-09-04 14:00:57,663 - DVPTest - DEBUG - [UI] _on_plot_update 收到 102 个数据点
2026-09-04 14:00:57,666 - DVPTest - INFO - [串口] cuff=405 mmHg
2026-09-04 14:00:57,770 - DVPTest - DEBUG - 发出 sig_data: t=10.297, p=404.00
2026-09-04 14:00:57,771 - DVPTest - DEBUG - process_data: t=10.30, p=404.0, v=-8.906, a=-79.3, phase=INFLATING
2026-09-04 14:00:57,772 - DVPTest - DEBUG - 物理分类结果: DEFLATING
2026-09-04 14:00:57,772 - DVPTest - DEBUG - [UI] _on_plot_update 收到 103 个数据点
2026-09-04 14:00:57,775 - DVPTest - INFO - [串口] cuff=404 mmHg
2026-09-04 14:00:57,866 - DVPTest - DEBUG - 发出 sig_data: t=10.392, p=404.00
2026-09-04 14:00:57,866 - DVPTest - DEBUG - process_data: t=10.39, p=404.0, v=0.000, a=93.5, phase=INFLATING
2026-09-04 14:00:57,867 - DVPTest - DEBUG - 物理分类结果: STABLE
2026-09-04 14:00:57,867 - DVPTest - DEBUG - [UI] _on_plot_update 收到 104 个数据点
2026-09-04 14:00:57,869 - DVPTest - INFO - [串口] cuff=404 mmHg
2026-09-04 14:00:57,961 - DVPTest - DEBUG - 发出 sig_data: t=10.488, p=403.00
2026-09-04 14:00:57,963 - DVPTest - DEBUG - process_data: t=10.49, p=403.0, v=-10.398, a=-108.1, phase=INFLATING
2026-09-04 14:00:57,963 - DVPTest - DEBUG - 物理分类结果: DEFLATING
2026-09-04 14:00:57,964 - DVPTest - DEBUG - [UI] _on_plot_update 收到 105 个数据点
2026-09-04 14:00:57,966 - DVPTest - INFO - [串口] cuff=403 mmHg
2026-09-04 14:00:58,057 - DVPTest - DEBUG - 发出 sig_data: t=10.584, p=402.00
2026-09-04 14:00:58,060 - DVPTest - DEBUG - process_data: t=10.58, p=402.0, v=-10.437, a=-0.4, phase=INFLATING
2026-09-04 14:00:58,061 - DVPTest - DEBUG - 物理分类结果: DEFLATING
2026-09-04 14:00:58,061 - DVPTest - DEBUG - [UI] _on_plot_update 收到 106 个数据点
2026-09-04 14:00:58,065 - DVPTest - INFO - [串口] cuff=402 mmHg
2026-09-04 14:00:58,169 - DVPTest - DEBUG - 发出 sig_data: t=10.696, p=401.00
2026-09-04 14:00:58,171 - DVPTest - DEBUG - process_data: t=10.70, p=401.0, v=-8.934, a=13.4, phase=INFLATING
2026-09-04 14:00:58,171 - DVPTest - DEBUG - 物理分类结果: DEFLATING
2026-09-04 14:00:58,173 - DVPTest - DEBUG - [UI] _on_plot_update 收到 107 个数据点
2026-09-04 14:00:58,175 - DVPTest - INFO - [串口] cuff=401 mmHg
2026-09-04 14:00:58,265 - DVPTest - DEBUG - 发出 sig_data: t=10.792, p=400.00
2026-09-04 14:00:58,268 - DVPTest - DEBUG - process_data: t=10.79, p=400.0, v=-10.391, a=-15.1, phase=INFLATING
2026-09-04 14:00:58,269 - DVPTest - DEBUG - 物理分类结果: DEFLATING
2026-09-04 14:00:58,272 - DVPTest - DEBUG - 有效泄气迹象，下降 5.0 mmHg，计数 1/3
2026-09-04 14:00:58,273 - DVPTest - DEBUG - [UI] _on_plot_update 收到 108 个数据点
2026-09-04 14:00:58,276 - DVPTest - INFO - [串口] cuff=400 mmHg
2026-09-04 14:00:58,361 - DVPTest - DEBUG - 发出 sig_data: t=10.888, p=399.00
2026-09-04 14:00:58,362 - DVPTest - DEBUG - process_data: t=10.89, p=399.0, v=-10.481, a=-0.9, phase=INFLATING
2026-09-04 14:00:58,363 - DVPTest - DEBUG - 物理分类结果: DEFLATING
2026-09-04 14:00:58,363 - DVPTest - DEBUG - 有效泄气迹象，下降 6.0 mmHg，计数 2/3
2026-09-04 14:00:58,363 - DVPTest - DEBUG - [UI] _on_plot_update 收到 109 个数据点
2026-09-04 14:00:58,365 - DVPTest - INFO - [串口] cuff=399 mmHg
2026-09-04 14:00:58,472 - DVPTest - DEBUG - 发出 sig_data: t=10.999, p=399.00
2026-09-04 14:00:58,474 - DVPTest - DEBUG - process_data: t=11.00, p=399.0, v=0.000, a=94.2, phase=INFLATING
2026-09-04 14:00:58,475 - DVPTest - DEBUG - 物理分类结果: STABLE
2026-09-04 14:00:58,477 - DVPTest - DEBUG - [UI] _on_plot_update 收到 110 个数据点
2026-09-04 14:00:58,480 - DVPTest - INFO - [串口] cuff=399 mmHg
2026-09-04 14:00:58,569 - DVPTest - DEBUG - 发出 sig_data: t=11.096, p=398.00
2026-09-04 14:00:58,573 - DVPTest - DEBUG - process_data: t=11.10, p=398.0, v=-10.346, a=-107.0, phase=INFLATING
2026-09-04 14:00:58,574 - DVPTest - DEBUG - 物理分类结果: DEFLATING
2026-09-04 14:00:58,577 - DVPTest - DEBUG - 有效泄气迹象，下降 7.0 mmHg，计数 1/3
2026-09-04 14:00:58,578 - DVPTest - DEBUG - [UI] _on_plot_update 收到 111 个数据点
2026-09-04 14:00:58,581 - DVPTest - INFO - [串口] cuff=398 mmHg
2026-09-04 14:00:58,665 - DVPTest - DEBUG - 发出 sig_data: t=11.191, p=396.00
2026-09-04 14:00:58,665 - DVPTest - DEBUG - process_data: t=11.19, p=396.0, v=-20.893, a=-110.2, phase=INFLATING
2026-09-04 14:00:58,666 - DVPTest - DEBUG - 物理分类结果: DEFLATING
2026-09-04 14:00:58,667 - DVPTest - DEBUG - 有效泄气迹象，下降 9.0 mmHg，计数 2/3
2026-09-04 14:00:58,667 - DVPTest - DEBUG - [UI] _on_plot_update 收到 112 个数据点
2026-09-04 14:00:58,668 - DVPTest - INFO - [串口] cuff=396 mmHg
2026-09-04 14:00:58,761 - DVPTest - DEBUG - 发出 sig_data: t=11.288, p=395.00
2026-09-04 14:00:58,763 - DVPTest - DEBUG - process_data: t=11.29, p=395.0, v=-10.391, a=109.1, phase=INFLATING
2026-09-04 14:00:58,764 - DVPTest - DEBUG - 物理分类结果: DEFLATING
2026-09-04 14:00:58,765 - DVPTest - DEBUG - 有效泄气迹象，下降 10.0 mmHg，计数 3/3
2026-09-04 14:00:58,765 - DVPTest - WARNING - INFLATING → DEFLATING（保底），泄气开始，当前压力 395.0 @ 11.29s
2026-09-04 14:00:58,766 - DVPTest - DEBUG - [UI] _on_plot_update 收到 113 个数据点
2026-09-04 14:00:58,770 - DVPTest - INFO - [串口] cuff=395 mmHg
2026-09-04 14:00:58,872 - DVPTest - DEBUG - 发出 sig_data: t=11.399, p=394.00
2026-09-04 14:00:58,874 - DVPTest - DEBUG - process_data: t=11.40, p=394.0, v=-9.017, a=12.4, phase=DEFLATING
2026-09-04 14:00:58,874 - DVPTest - DEBUG - 物理分类结果: DEFLATING
2026-09-04 14:00:58,875 - DVPTest - DEBUG - [UI] _on_plot_update 收到 114 个数据点
2026-09-04 14:00:58,877 - DVPTest - INFO - [串口] cuff=394 mmHg
2026-09-04 14:00:58,969 - DVPTest - DEBUG - 发出 sig_data: t=11.495, p=394.00
2026-09-04 14:00:58,969 - DVPTest - DEBUG - process_data: t=11.50, p=394.0, v=0.000, a=93.4, phase=DEFLATING
2026-09-04 14:00:58,970 - DVPTest - DEBUG - 物理分类结果: STABLE
2026-09-04 14:00:58,970 - DVPTest - DEBUG - [UI] _on_plot_update 收到 115 个数据点
2026-09-04 14:00:58,971 - DVPTest - INFO - [串口] cuff=394 mmHg
2026-09-04 14:00:59,064 - DVPTest - DEBUG - 发出 sig_data: t=11.591, p=393.00
2026-09-04 14:00:59,066 - DVPTest - DEBUG - process_data: t=11.59, p=393.0, v=-10.445, a=-109.1, phase=DEFLATING
2026-09-04 14:00:59,067 - DVPTest - DEBUG - 物理分类结果: DEFLATING
2026-09-04 14:00:59,068 - DVPTest - DEBUG - [UI] _on_plot_update 收到 116 个数据点
2026-09-04 14:00:59,072 - DVPTest - INFO - [串口] cuff=393 mmHg
2026-09-04 14:00:59,160 - DVPTest - DEBUG - 发出 sig_data: t=11.687, p=392.00
2026-09-04 14:00:59,165 - DVPTest - DEBUG - process_data: t=11.69, p=392.0, v=-10.360, a=0.9, phase=DEFLATING
2026-09-04 14:00:59,166 - DVPTest - DEBUG - 物理分类结果: DEFLATING
2026-09-04 14:00:59,168 - DVPTest - DEBUG - [UI] _on_plot_update 收到 117 个数据点
2026-09-04 14:00:59,170 - DVPTest - INFO - [串口] cuff=392 mmHg
2026-09-04 14:00:59,272 - DVPTest - DEBUG - 发出 sig_data: t=11.799, p=392.00
2026-09-04 14:00:59,273 - DVPTest - DEBUG - process_data: t=11.80, p=392.0, v=0.000, a=92.8, phase=DEFLATING
2026-09-04 14:00:59,274 - DVPTest - DEBUG - 物理分类结果: STABLE
2026-09-04 14:00:59,274 - DVPTest - DEBUG - [UI] _on_plot_update 收到 118 个数据点
2026-09-04 14:00:59,276 - DVPTest - INFO - [串口] cuff=392 mmHg
2026-09-04 14:00:59,367 - DVPTest - DEBUG - 发出 sig_data: t=11.894, p=392.00
2026-09-04 14:00:59,370 - DVPTest - DEBUG - process_data: t=11.89, p=392.0, v=0.000, a=0.0, phase=DEFLATING
2026-09-04 14:00:59,371 - DVPTest - DEBUG - 物理分类结果: STABLE
2026-09-04 14:00:59,374 - DVPTest - DEBUG - [UI] _on_plot_update 收到 119 个数据点
2026-09-04 14:00:59,375 - DVPTest - INFO - [串口] cuff=392 mmHg
2026-09-04 14:00:59,463 - DVPTest - DEBUG - 发出 sig_data: t=11.990, p=392.00
2026-09-04 14:00:59,466 - DVPTest - DEBUG - process_data: t=11.99, p=392.0, v=0.000, a=0.0, phase=DEFLATING
2026-09-04 14:00:59,467 - DVPTest - DEBUG - 物理分类结果: STABLE
2026-09-04 14:00:59,467 - DVPTest - DEBUG - [UI] _on_plot_update 收到 120 个数据点
2026-09-04 14:00:59,471 - DVPTest - INFO - [串口] cuff=392 mmHg
2026-09-04 14:00:59,559 - DVPTest - DEBUG - 发出 sig_data: t=12.086, p=392.00
2026-09-04 14:00:59,559 - DVPTest - DEBUG - process_data: t=12.09, p=392.0, v=0.000, a=0.0, phase=DEFLATING
2026-09-04 14:00:59,560 - DVPTest - DEBUG - 物理分类结果: STABLE
2026-09-04 14:00:59,561 - DVPTest - DEBUG - [UI] _on_plot_update 收到 121 个数据点
2026-09-04 14:00:59,564 - DVPTest - INFO - [串口] cuff=392 mmHg
2026-09-04 14:00:59,671 - DVPTest - DEBUG - 发出 sig_data: t=12.198, p=391.00
2026-09-04 14:00:59,672 - DVPTest - DEBUG - process_data: t=12.20, p=391.0, v=-8.883, a=-78.9, phase=DEFLATING
2026-09-04 14:00:59,673 - DVPTest - DEBUG - 物理分类结果: DEFLATING
2026-09-04 14:00:59,674 - DVPTest - DEBUG - [UI] _on_plot_update 收到 122 个数据点
2026-09-04 14:00:59,676 - DVPTest - INFO - [串口] cuff=391 mmHg
2026-09-04 14:00:59,767 - DVPTest - DEBUG - 发出 sig_data: t=12.294, p=391.00
2026-09-04 14:00:59,768 - DVPTest - DEBUG - process_data: t=12.29, p=391.0, v=0.000, a=92.8, phase=DEFLATING
2026-09-04 14:00:59,769 - DVPTest - DEBUG - 物理分类结果: STABLE
2026-09-04 14:00:59,769 - DVPTest - DEBUG - [UI] _on_plot_update 收到 123 个数据点
2026-09-04 14:00:59,770 - DVPTest - INFO - [串口] cuff=391 mmHg
2026-09-04 14:00:59,863 - DVPTest - DEBUG - 发出 sig_data: t=12.390, p=391.00
2026-09-04 14:00:59,865 - DVPTest - DEBUG - process_data: t=12.39, p=391.0, v=0.000, a=0.0, phase=DEFLATING
2026-09-04 14:00:59,866 - DVPTest - DEBUG - 物理分类结果: STABLE
2026-09-04 14:00:59,868 - DVPTest - DEBUG - [UI] _on_plot_update 收到 124 个数据点
2026-09-04 14:00:59,871 - DVPTest - INFO - [串口] cuff=391 mmHg
2026-09-04 14:00:59,958 - DVPTest - DEBUG - 发出 sig_data: t=12.485, p=391.00
2026-09-04 14:00:59,961 - DVPTest - DEBUG - process_data: t=12.49, p=391.0, v=0.000, a=0.0, phase=DEFLATING
2026-09-04 14:00:59,962 - DVPTest - DEBUG - 物理分类结果: STABLE
2026-09-04 14:00:59,964 - DVPTest - DEBUG - [UI] _on_plot_update 收到 125 个数据点
2026-09-04 14:00:59,966 - DVPTest - INFO - [串口] cuff=391 mmHg
2026-09-04 14:01:00,071 - DVPTest - DEBUG - 发出 sig_data: t=12.597, p=390.00
2026-09-04 14:01:00,073 - DVPTest - DEBUG - process_data: t=12.60, p=390.0, v=-8.920, a=-79.6, phase=DEFLATING
2026-09-04 14:01:00,073 - DVPTest - DEBUG - 物理分类结果: DEFLATING
2026-09-04 14:01:00,074 - DVPTest - DEBUG - [UI] _on_plot_update 收到 126 个数据点
2026-09-04 14:01:00,076 - DVPTest - INFO - [串口] cuff=390 mmHg
2026-09-04 14:01:00,166 - DVPTest - DEBUG - 发出 sig_data: t=12.693, p=390.00
2026-09-04 14:01:00,168 - DVPTest - DEBUG - process_data: t=12.69, p=390.0, v=0.000, a=93.3, phase=DEFLATING
2026-09-04 14:01:00,168 - DVPTest - DEBUG - 物理分类结果: STABLE
2026-09-04 14:01:00,168 - DVPTest - DEBUG - [UI] _on_plot_update 收到 127 个数据点
2026-09-04 14:01:00,170 - DVPTest - INFO - [串口] cuff=390 mmHg
2026-09-04 14:01:00,262 - DVPTest - DEBUG - 发出 sig_data: t=12.789, p=390.00
2026-09-04 14:01:00,264 - DVPTest - DEBUG - process_data: t=12.79, p=390.0, v=0.000, a=0.0, phase=DEFLATING
2026-09-04 14:01:00,265 - DVPTest - DEBUG - 物理分类结果: STABLE
2026-09-04 14:01:00,265 - DVPTest - DEBUG - [UI] _on_plot_update 收到 128 个数据点
2026-09-04 14:01:00,268 - DVPTest - INFO - [串口] cuff=390 mmHg
2026-09-04 14:01:00,358 - DVPTest - DEBUG - 发出 sig_data: t=12.885, p=389.00
2026-09-04 14:01:00,360 - DVPTest - DEBUG - process_data: t=12.88, p=389.0, v=-10.418, a=-108.5, phase=DEFLATING
2026-09-04 14:01:00,360 - DVPTest - DEBUG - 物理分类结果: DEFLATING
2026-09-04 14:01:00,360 - DVPTest - DEBUG - [UI] _on_plot_update 收到 129 个数据点
2026-09-04 14:01:00,362 - DVPTest - INFO - [串口] cuff=389 mmHg
2026-09-04 14:01:00,470 - DVPTest - DEBUG - 发出 sig_data: t=12.996, p=390.00
2026-09-04 14:01:00,470 - DVPTest - DEBUG - process_data: t=13.00, p=390.0, v=8.971, a=173.9, phase=DEFLATING
2026-09-04 14:01:00,470 - DVPTest - DEBUG - 物理分类结果: INFLATING
2026-09-04 14:01:00,471 - DVPTest - DEBUG - [UI] _on_plot_update 收到 130 个数据点
2026-09-04 14:01:00,473 - DVPTest - INFO - [串口] cuff=390 mmHg
2026-09-04 14:01:00,565 - DVPTest - DEBUG - 发出 sig_data: t=13.092, p=390.00
2026-09-04 14:01:00,567 - DVPTest - DEBUG - process_data: t=13.09, p=390.0, v=0.000, a=-93.8, phase=DEFLATING
2026-09-04 14:01:00,567 - DVPTest - DEBUG - 物理分类结果: STABLE
2026-09-04 14:01:00,568 - DVPTest - DEBUG - [UI] _on_plot_update 收到 131 个数据点
2026-09-04 14:01:00,572 - DVPTest - INFO - [串口] cuff=390 mmHg
2026-09-04 14:01:00,661 - DVPTest - DEBUG - 发出 sig_data: t=13.188, p=391.00
2026-09-04 14:01:00,661 - DVPTest - DEBUG - process_data: t=13.19, p=391.0, v=10.443, a=109.1, phase=DEFLATING
2026-09-04 14:01:00,662 - DVPTest - DEBUG - 物理分类结果: INFLATING
2026-09-04 14:01:00,663 - DVPTest - DEBUG - [UI] _on_plot_update 收到 132 个数据点
2026-09-04 14:01:00,664 - DVPTest - INFO - [串口] cuff=391 mmHg
2026-09-04 14:01:00,773 - DVPTest - DEBUG - 发出 sig_data: t=13.299, p=391.00
2026-09-04 14:01:00,775 - DVPTest - DEBUG - process_data: t=13.30, p=391.0, v=0.000, a=-93.4, phase=DEFLATING
2026-09-04 14:01:00,776 - DVPTest - DEBUG - 物理分类结果: STABLE
2026-09-04 14:01:00,777 - DVPTest - DEBUG - [UI] _on_plot_update 收到 133 个数据点
2026-09-04 14:01:00,780 - DVPTest - INFO - [串口] cuff=391 mmHg
2026-09-04 14:01:00,869 - DVPTest - DEBUG - 发出 sig_data: t=13.396, p=391.00
2026-09-04 14:01:00,871 - DVPTest - DEBUG - process_data: t=13.40, p=391.0, v=0.000, a=0.0, phase=DEFLATING
2026-09-04 14:01:00,871 - DVPTest - DEBUG - 物理分类结果: STABLE
2026-09-04 14:01:00,872 - DVPTest - DEBUG - [UI] _on_plot_update 收到 134 个数据点
2026-09-04 14:01:00,874 - DVPTest - INFO - [串口] cuff=391 mmHg
2026-09-04 14:01:00,965 - DVPTest - DEBUG - 发出 sig_data: t=13.491, p=390.00
2026-09-04 14:01:00,966 - DVPTest - DEBUG - process_data: t=13.49, p=390.0, v=-10.484, a=-109.9, phase=DEFLATING
2026-09-04 14:01:00,967 - DVPTest - DEBUG - 物理分类结果: DEFLATING
2026-09-04 14:01:00,968 - DVPTest - DEBUG - [UI] _on_plot_update 收到 135 个数据点
2026-09-04 14:01:00,969 - DVPTest - INFO - [串口] cuff=390 mmHg
2026-09-04 14:01:01,061 - DVPTest - DEBUG - 发出 sig_data: t=13.588, p=390.00
2026-09-04 14:01:01,062 - DVPTest - DEBUG - process_data: t=13.59, p=390.0, v=0.000, a=108.7, phase=DEFLATING
2026-09-04 14:01:01,063 - DVPTest - DEBUG - 物理分类结果: STABLE
2026-09-04 14:01:01,064 - DVPTest - DEBUG - [UI] _on_plot_update 收到 136 个数据点
2026-09-04 14:01:01,067 - DVPTest - INFO - [串口] cuff=390 mmHg
2026-09-04 14:01:01,172 - DVPTest - DEBUG - 发出 sig_data: t=13.699, p=390.00
2026-09-04 14:01:01,173 - DVPTest - DEBUG - process_data: t=13.70, p=390.0, v=0.000, a=0.0, phase=DEFLATING
2026-09-04 14:01:01,174 - DVPTest - DEBUG - 物理分类结果: STABLE
2026-09-04 14:01:01,175 - DVPTest - DEBUG - [UI] _on_plot_update 收到 137 个数据点
2026-09-04 14:01:01,177 - DVPTest - INFO - [串口] cuff=390 mmHg
2026-09-04 14:01:01,268 - DVPTest - DEBUG - 发出 sig_data: t=13.795, p=390.00
2026-09-04 14:01:01,271 - DVPTest - DEBUG - process_data: t=13.80, p=390.0, v=0.000, a=0.0, phase=DEFLATING
2026-09-04 14:01:01,272 - DVPTest - DEBUG - 物理分类结果: STABLE
2026-09-04 14:01:01,273 - DVPTest - DEBUG - [UI] _on_plot_update 收到 138 个数据点
2026-09-04 14:01:01,277 - DVPTest - INFO - [串口] cuff=390 mmHg
2026-09-04 14:01:01,364 - DVPTest - DEBUG - 发出 sig_data: t=13.891, p=390.00
2026-09-04 14:01:01,368 - DVPTest - DEBUG - process_data: t=13.89, p=390.0, v=0.000, a=0.0, phase=DEFLATING
2026-09-04 14:01:01,369 - DVPTest - DEBUG - 物理分类结果: STABLE
2026-09-04 14:01:01,371 - DVPTest - DEBUG - [UI] _on_plot_update 收到 139 个数据点
2026-09-04 14:01:01,375 - DVPTest - INFO - [串口] cuff=390 mmHg
2026-09-04 14:01:01,460 - DVPTest - DEBUG - 发出 sig_data: t=13.987, p=389.00
2026-09-04 14:01:01,462 - DVPTest - DEBUG - process_data: t=13.99, p=389.0, v=-10.512, a=-110.5, phase=DEFLATING
2026-09-04 14:01:01,462 - DVPTest - DEBUG - 物理分类结果: DEFLATING
2026-09-04 14:01:01,463 - DVPTest - DEBUG - [UI] _on_plot_update 收到 140 个数据点
2026-09-04 14:01:01,464 - DVPTest - INFO - [串口] cuff=389 mmHg
2026-09-04 14:01:01,572 - DVPTest - DEBUG - 发出 sig_data: t=14.099, p=389.00
2026-09-04 14:01:01,576 - DVPTest - DEBUG - process_data: t=14.10, p=389.0, v=0.000, a=93.5, phase=DEFLATING
2026-09-04 14:01:01,577 - DVPTest - DEBUG - 物理分类结果: STABLE
2026-09-04 14:01:01,579 - DVPTest - DEBUG - [UI] _on_plot_update 收到 141 个数据点
2026-09-04 14:01:01,582 - DVPTest - INFO - [串口] cuff=389 mmHg
2026-09-04 14:01:01,668 - DVPTest - DEBUG - 发出 sig_data: t=14.195, p=389.00
2026-09-04 14:01:01,671 - DVPTest - DEBUG - process_data: t=14.19, p=389.0, v=0.000, a=0.0, phase=DEFLATING
2026-09-04 14:01:01,673 - DVPTest - DEBUG - 物理分类结果: STABLE
2026-09-04 14:01:01,674 - DVPTest - DEBUG - [UI] _on_plot_update 收到 142 个数据点
2026-09-04 14:01:01,677 - DVPTest - INFO - [串口] cuff=389 mmHg
2026-09-04 14:01:01,764 - DVPTest - DEBUG - 发出 sig_data: t=14.290, p=389.00
2026-09-04 14:01:01,764 - DVPTest - DEBUG - process_data: t=14.29, p=389.0, v=0.000, a=0.0, phase=DEFLATING
2026-09-04 14:01:01,764 - DVPTest - DEBUG - 物理分类结果: STABLE
2026-09-04 14:01:01,765 - DVPTest - DEBUG - [UI] _on_plot_update 收到 143 个数据点
2026-09-04 14:01:01,767 - DVPTest - INFO - [串口] cuff=389 mmHg
2026-09-04 14:01:01,860 - DVPTest - DEBUG - 发出 sig_data: t=14.387, p=389.00
2026-09-04 14:01:01,863 - DVPTest - DEBUG - process_data: t=14.39, p=389.0, v=0.000, a=0.0, phase=DEFLATING
2026-09-04 14:01:01,864 - DVPTest - DEBUG - 物理分类结果: STABLE
2026-09-04 14:01:01,866 - DVPTest - DEBUG - [UI] _on_plot_update 收到 144 个数据点
2026-09-04 14:01:01,870 - DVPTest - INFO - [串口] cuff=389 mmHg
2026-09-04 14:01:01,971 - DVPTest - DEBUG - 发出 sig_data: t=14.498, p=389.00
2026-09-04 14:01:01,972 - DVPTest - DEBUG - process_data: t=14.50, p=389.0, v=0.000, a=0.0, phase=DEFLATING
2026-09-04 14:01:01,973 - DVPTest - DEBUG - 物理分类结果: STABLE
2026-09-04 14:01:01,973 - DVPTest - DEBUG - [UI] _on_plot_update 收到 145 个数据点
2026-09-04 14:01:01,975 - DVPTest - INFO - [串口] cuff=389 mmHg
2026-09-04 14:01:02,067 - DVPTest - DEBUG - 发出 sig_data: t=14.594, p=389.00
2026-09-04 14:01:02,069 - DVPTest - DEBUG - process_data: t=14.59, p=389.0, v=0.000, a=0.0, phase=DEFLATING
2026-09-04 14:01:02,069 - DVPTest - DEBUG - 物理分类结果: STABLE
2026-09-04 14:01:02,070 - DVPTest - DEBUG - [UI] _on_plot_update 收到 146 个数据点
2026-09-04 14:01:02,072 - DVPTest - INFO - [串口] cuff=389 mmHg
2026-09-04 14:01:02,163 - DVPTest - DEBUG - 发出 sig_data: t=14.690, p=388.00
2026-09-04 14:01:02,166 - DVPTest - DEBUG - process_data: t=14.69, p=388.0, v=-10.395, a=-108.1, phase=DEFLATING
2026-09-04 14:01:02,167 - DVPTest - DEBUG - 物理分类结果: DEFLATING
2026-09-04 14:01:02,168 - DVPTest - DEBUG - [UI] _on_plot_update 收到 147 个数据点
2026-09-04 14:01:02,172 - DVPTest - INFO - [串口] cuff=388 mmHg
2026-09-04 14:01:02,260 - DVPTest - DEBUG - 发出 sig_data: t=14.787, p=388.00
2026-09-04 14:01:02,262 - DVPTest - DEBUG - process_data: t=14.79, p=388.0, v=0.000, a=107.7, phase=DEFLATING
2026-09-04 14:01:02,263 - DVPTest - DEBUG - 物理分类结果: STABLE
2026-09-04 14:01:02,265 - DVPTest - DEBUG - [UI] _on_plot_update 收到 148 个数据点
2026-09-04 14:01:02,267 - DVPTest - INFO - [串口] cuff=388 mmHg
2026-09-04 14:01:02,371 - DVPTest - DEBUG - 发出 sig_data: t=14.898, p=388.00
2026-09-04 14:01:02,372 - DVPTest - DEBUG - process_data: t=14.90, p=388.0, v=0.000, a=0.0, phase=DEFLATING
2026-09-04 14:01:02,372 - DVPTest - DEBUG - 物理分类结果: STABLE
2026-09-04 14:01:02,373 - DVPTest - DEBUG - [UI] _on_plot_update 收到 149 个数据点
2026-09-04 14:01:02,374 - DVPTest - INFO - [串口] cuff=388 mmHg
2026-09-04 14:01:02,467 - DVPTest - DEBUG - 发出 sig_data: t=14.994, p=387.00
2026-09-04 14:01:02,471 - DVPTest - DEBUG - process_data: t=14.99, p=387.0, v=-10.370, a=-107.5, phase=DEFLATING
2026-09-04 14:01:02,472 - DVPTest - DEBUG - 物理分类结果: DEFLATING
2026-09-04 14:01:02,473 - DVPTest - DEBUG - [UI] _on_plot_update 收到 150 个数据点
2026-09-04 14:01:02,477 - DVPTest - INFO - [串口] cuff=387 mmHg
2026-09-04 14:01:02,563 - DVPTest - DEBUG - 发出 sig_data: t=15.090, p=386.00
2026-09-04 14:01:02,564 - DVPTest - DEBUG - process_data: t=15.09, p=386.0, v=-10.454, a=-0.9, phase=DEFLATING
2026-09-04 14:01:02,565 - DVPTest - DEBUG - 物理分类结果: DEFLATING
2026-09-04 14:01:02,565 - DVPTest - DEBUG - [UI] _on_plot_update 收到 151 个数据点
2026-09-04 14:01:02,566 - DVPTest - INFO - [串口] cuff=386 mmHg
2026-09-04 14:01:02,659 - DVPTest - DEBUG - 发出 sig_data: t=15.186, p=386.00
2026-09-04 14:01:02,661 - DVPTest - DEBUG - process_data: t=15.19, p=386.0, v=0.000, a=109.1, phase=DEFLATING
2026-09-04 14:01:02,662 - DVPTest - DEBUG - 物理分类结果: STABLE
2026-09-04 14:01:02,664 - DVPTest - DEBUG - [UI] _on_plot_update 收到 152 个数据点
2026-09-04 14:01:02,668 - DVPTest - INFO - [串口] cuff=386 mmHg
2026-09-04 14:01:02,770 - DVPTest - DEBUG - 发出 sig_data: t=15.297, p=385.00
2026-09-04 14:01:02,773 - DVPTest - DEBUG - process_data: t=15.30, p=385.0, v=-8.964, a=-80.4, phase=DEFLATING
2026-09-04 14:01:02,774 - DVPTest - DEBUG - 物理分类结果: DEFLATING
2026-09-04 14:01:02,776 - DVPTest - DEBUG - [UI] _on_plot_update 收到 153 个数据点
2026-09-04 14:01:02,778 - DVPTest - INFO - [串口] cuff=385 mmHg
2026-09-04 14:01:02,866 - DVPTest - DEBUG - 发出 sig_data: t=15.393, p=385.00
2026-09-04 14:01:02,868 - DVPTest - DEBUG - process_data: t=15.39, p=385.0, v=0.000, a=93.7, phase=DEFLATING
2026-09-04 14:01:02,869 - DVPTest - DEBUG - 物理分类结果: STABLE
2026-09-04 14:01:02,869 - DVPTest - DEBUG - [UI] _on_plot_update 收到 154 个数据点
2026-09-04 14:01:02,872 - DVPTest - INFO - [串口] cuff=385 mmHg
2026-09-04 14:01:02,963 - DVPTest - DEBUG - 发出 sig_data: t=15.490, p=0.00
2026-09-04 14:01:02,965 - DVPTest - DEBUG - process_data: t=15.49, p=0.0, v=-2000.000, a=-10000.0, phase=DEFLATING
2026-09-04 14:01:02,966 - DVPTest - SUCCESS - ★ 泄气起始值 300.0 mmHg 真实穿越 @ 15.49s
2026-09-04 14:01:02,967 - DVPTest - SUCCESS - ★ 泄气中间值 200.0 mmHg 真实穿越 @ 15.49s
2026-09-04 14:01:02,968 - DVPTest - SUCCESS - ★ 泄气目标值 5.0 mmHg 真实穿越 @ 15.49s
2026-09-04 14:01:02,969 - DVPTest - INFO - 泄气结果输出（由目标值到达触发）: {'state': 'DONE', 'start': {'value': 300.0, 'time': 15.489708700217307, 'reached': True}, 'mid': {'value': 200.0, 'time': 15.489708700217307, 'reached': True}, 'target': {'value': 5.0, 'time': 15.489708700217307, 'reached': True}, 'peak': {'value': 388.0, 'time': 4.0824072998948395}, 'inflection': {'value': 388.0, 'time': 4.0824072998948395, 'rate': -10.376016501021342, 'method': '速率+加速度'}}
2026-09-04 14:01:02,971 - DVPTest - SUCCESS - ★ 泄气结果已触发（目标到达）
2026-09-04 14:01:02,973 - DVPTest - DEBUG - [UI] _on_result_text: key=deflate, text=起始值300→目标值5 时间0.00s 速率0.00mmHg/s  中间值200→目标值5 时间0.00s 速率0.00mmHg/s
2026-09-04 14:01:02,973 - DVPTest - DEBUG - 物理分类结果: DEFLATING
2026-09-04 14:01:02,974 - DVPTest - DEBUG - [UI] _on_plot_update 收到 155 个数据点
2026-09-04 14:01:02,977 - DVPTest - INFO - 泄气目标已到达，且压力达到 0.2 mmHg，暂停绘图更新
2026-09-04 14:01:02,977 - DVPTest - INFO - [串口] cuff=0 mmHg
2026-09-04 14:01:03,057 - DVPTest - DEBUG - 发出 sig_data: t=15.584, p=0.00
2026-09-04 14:01:03,058 - DVPTest - DEBUG - process_data: t=15.58, p=0.0, v=0.000, a=10000.0, phase=DEFLATING
2026-09-04 14:01:03,059 - DVPTest - DEBUG - 物理分类结果: STABLE
2026-09-04 14:01:03,059 - DVPTest - INFO - DEFLATING → DONE，泄气完成
2026-09-04 14:01:03,059 - DVPTest - INFO - [串口] cuff=0 mmHg
2026-09-04 14:01:03,169 - DVPTest - DEBUG - 发出 sig_data: t=15.696, p=0.00
2026-09-04 14:01:03,172 - DVPTest - DEBUG - 阶段 DONE，忽略新数据 t=15.70
2026-09-04 14:01:03,173 - DVPTest - INFO - [串口] cuff=0 mmHg
2026-09-04 14:01:03,265 - DVPTest - DEBUG - 发出 sig_data: t=15.792, p=0.00
2026-09-04 14:01:03,269 - DVPTest - DEBUG - 阶段 DONE，忽略新数据 t=15.79
2026-09-04 14:01:03,270 - DVPTest - INFO - [串口] cuff=0 mmHg
2026-09-04 14:01:03,362 - DVPTest - DEBUG - 发出 sig_data: t=15.888, p=0.00
2026-09-04 14:01:03,362 - DVPTest - DEBUG - 阶段 DONE，忽略新数据 t=15.89
2026-09-04 14:01:03,363 - DVPTest - INFO - [串口] cuff=0 mmHg
2026-09-04 14:01:03,473 - DVPTest - DEBUG - 发出 sig_data: t=16.000, p=0.00
2026-09-04 14:01:03,476 - DVPTest - DEBUG - 阶段 DONE，忽略新数据 t=16.00
2026-09-04 14:01:03,478 - DVPTest - INFO - [串口] cuff=0 mmHg
2026-09-04 14:01:03,570 - DVPTest - DEBUG - 发出 sig_data: t=16.096, p=0.00
2026-09-04 14:01:03,570 - DVPTest - DEBUG - 阶段 DONE，忽略新数据 t=16.10
2026-09-04 14:01:03,571 - DVPTest - INFO - [串口] cuff=0 mmHg
2026-09-04 14:01:03,665 - DVPTest - DEBUG - 发出 sig_data: t=16.192, p=0.00
2026-09-04 14:01:03,665 - DVPTest - DEBUG - 阶段 DONE，忽略新数据 t=16.19
2026-09-04 14:01:03,666 - DVPTest - INFO - [串口] cuff=0 mmHg
2026-09-04 14:01:03,761 - DVPTest - DEBUG - 发出 sig_data: t=16.288, p=0.00
2026-09-04 14:01:03,763 - DVPTest - DEBUG - 阶段 DONE，忽略新数据 t=16.29
2026-09-04 14:01:03,764 - DVPTest - INFO - [串口] cuff=0 mmHg
2026-09-04 14:01:03,873 - DVPTest - DEBUG - 发出 sig_data: t=16.400, p=0.00
2026-09-04 14:01:03,878 - DVPTest - DEBUG - 阶段 DONE，忽略新数据 t=16.40
2026-09-04 14:01:03,879 - DVPTest - INFO - [串口] cuff=0 mmHg
2026-09-04 14:01:03,968 - DVPTest - DEBUG - 发出 sig_data: t=16.495, p=0.00
2026-09-04 14:01:03,970 - DVPTest - DEBUG - 阶段 DONE，忽略新数据 t=16.49
2026-09-04 14:01:03,970 - DVPTest - INFO - [串口] cuff=0 mmHg
2026-09-04 14:01:04,065 - DVPTest - DEBUG - 发出 sig_data: t=16.592, p=0.00
2026-09-04 14:01:04,068 - DVPTest - DEBUG - 阶段 DONE，忽略新数据 t=16.59
2026-09-04 14:01:04,069 - DVPTest - INFO - [串口] cuff=0 mmHg
2026-09-04 14:01:04,160 - DVPTest - DEBUG - 发出 sig_data: t=16.687, p=0.00
2026-09-04 14:01:04,162 - DVPTest - DEBUG - 阶段 DONE，忽略新数据 t=16.69
2026-09-04 14:01:04,163 - DVPTest - INFO - [串口] cuff=0 mmHg
2026-09-04 14:01:04,273 - DVPTest - DEBUG - 发出 sig_data: t=16.800, p=0.00
2026-09-04 14:01:04,276 - DVPTest - DEBUG - 阶段 DONE，忽略新数据 t=16.80
2026-09-04 14:01:04,277 - DVPTest - INFO - [串口] cuff=0 mmHg
2026-09-04 14:01:04,368 - DVPTest - DEBUG - 发出 sig_data: t=16.895, p=0.00
2026-09-04 14:01:04,371 - DVPTest - DEBUG - 阶段 DONE，忽略新数据 t=16.90
2026-09-04 14:01:04,373 - DVPTest - INFO - [串口] cuff=0 mmHg
2026-09-04 14:01:04,464 - DVPTest - DEBUG - 发出 sig_data: t=16.990, p=0.00
2026-09-04 14:01:04,465 - DVPTest - DEBUG - 阶段 DONE，忽略新数据 t=16.99
2026-09-04 14:01:04,466 - DVPTest - INFO - [串口] cuff=0 mmHg
2026-09-04 14:01:04,559 - DVPTest - DEBUG - 发出 sig_data: t=17.086, p=0.00
2026-09-04 14:01:04,560 - DVPTest - DEBUG - 阶段 DONE，忽略新数据 t=17.09
2026-09-04 14:01:04,561 - DVPTest - INFO - [串口] cuff=0 mmHg
2026-09-04 14:01:04,672 - DVPTest - DEBUG - 发出 sig_data: t=17.199, p=0.00
2026-09-04 14:01:04,673 - DVPTest - DEBUG - 阶段 DONE，忽略新数据 t=17.20
2026-09-04 14:01:04,673 - DVPTest - INFO - [串口] cuff=0 mmHg
2026-09-04 14:01:04,768 - DVPTest - DEBUG - 发出 sig_data: t=17.294, p=0.00
2026-09-04 14:01:04,768 - DVPTest - DEBUG - 阶段 DONE，忽略新数据 t=17.29
2026-09-04 14:01:04,769 - DVPTest - INFO - [串口] cuff=0 mmHg
2026-09-04 14:01:04,863 - DVPTest - DEBUG - 发出 sig_data: t=17.390, p=0.00
2026-09-04 14:01:04,867 - DVPTest - DEBUG - 阶段 DONE，忽略新数据 t=17.39
2026-09-04 14:01:04,868 - DVPTest - INFO - [串口] cuff=0 mmHg
2026-09-04 14:01:04,959 - DVPTest - DEBUG - 发出 sig_data: t=17.486, p=0.00
2026-09-04 14:01:04,962 - DVPTest - DEBUG - 阶段 DONE，忽略新数据 t=17.49
2026-09-04 14:01:04,963 - DVPTest - INFO - [串口] cuff=0 mmHg
2026-09-04 14:01:05,070 - DVPTest - DEBUG - 发出 sig_data: t=17.597, p=0.00
2026-09-04 14:01:05,072 - DVPTest - DEBUG - 阶段 DONE，忽略新数据 t=17.60
2026-09-04 14:01:05,073 - DVPTest - INFO - [串口] cuff=0 mmHg
2026-09-04 14:01:05,167 - DVPTest - DEBUG - 发出 sig_data: t=17.693, p=0.00
2026-09-04 14:01:05,168 - DVPTest - DEBUG - 阶段 DONE，忽略新数据 t=17.69
2026-09-04 14:01:05,168 - DVPTest - INFO - [串口] cuff=0 mmHg
2026-09-04 14:01:05,262 - DVPTest - DEBUG - 发出 sig_data: t=17.789, p=0.00
2026-09-04 14:01:05,263 - DVPTest - DEBUG - 阶段 DONE，忽略新数据 t=17.79
2026-09-04 14:01:05,264 - DVPTest - INFO - [串口] cuff=0 mmHg
2026-09-04 14:01:05,358 - DVPTest - DEBUG - 发出 sig_data: t=17.885, p=0.00
2026-09-04 14:01:05,358 - DVPTest - DEBUG - 阶段 DONE，忽略新数据 t=17.88
2026-09-04 14:01:05,360 - DVPTest - INFO - [串口] cuff=0 mmHg
2026-09-04 14:01:05,471 - DVPTest - DEBUG - 发出 sig_data: t=17.998, p=0.00
2026-09-04 14:01:05,473 - DVPTest - DEBUG - 阶段 DONE，忽略新数据 t=18.00
2026-09-04 14:01:05,475 - DVPTest - INFO - [串口] cuff=0 mmHg
2026-09-04 14:01:05,567 - DVPTest - DEBUG - 发出 sig_data: t=18.093, p=0.00
2026-09-04 14:01:05,567 - DVPTest - DEBUG - 阶段 DONE，忽略新数据 t=18.09
2026-09-04 14:01:05,568 - DVPTest - INFO - [串口] cuff=0 mmHg
2026-09-04 14:01:05,662 - DVPTest - DEBUG - 发出 sig_data: t=18.189, p=0.00
2026-09-04 14:01:05,664 - DVPTest - DEBUG - 阶段 DONE，忽略新数据 t=18.19
2026-09-04 14:01:05,665 - DVPTest - INFO - [串口] cuff=0 mmHg
2026-09-04 14:01:05,773 - DVPTest - DEBUG - 发出 sig_data: t=18.300, p=0.00
2026-09-04 14:01:05,774 - DVPTest - DEBUG - 阶段 DONE，忽略新数据 t=18.30
2026-09-04 14:01:05,775 - DVPTest - INFO - [串口] cuff=0 mmHg
2026-09-04 14:01:05,870 - DVPTest - DEBUG - 发出 sig_data: t=18.397, p=0.00
2026-09-04 14:01:05,872 - DVPTest - DEBUG - 阶段 DONE，忽略新数据 t=18.40
2026-09-04 14:01:05,873 - DVPTest - INFO - [串口] cuff=0 mmHg
2026-09-04 14:01:05,966 - DVPTest - DEBUG - 发出 sig_data: t=18.493, p=0.00
2026-09-04 14:01:05,968 - DVPTest - DEBUG - 阶段 DONE，忽略新数据 t=18.49
2026-09-04 14:01:05,969 - DVPTest - INFO - [串口] cuff=0 mmHg
2026-09-04 14:01:06,062 - DVPTest - DEBUG - 发出 sig_data: t=18.588, p=0.00
2026-09-04 14:01:06,062 - DVPTest - DEBUG - 阶段 DONE，忽略新数据 t=18.59
2026-09-04 14:01:06,063 - DVPTest - INFO - [串口] cuff=0 mmHg
2026-09-04 14:01:06,173 - DVPTest - DEBUG - 发出 sig_data: t=18.699, p=0.00
2026-09-04 14:01:06,175 - DVPTest - DEBUG - 阶段 DONE，忽略新数据 t=18.70
2026-09-04 14:01:06,176 - DVPTest - INFO - [串口] cuff=0 mmHg
2026-09-04 14:01:06,269 - DVPTest - DEBUG - 发出 sig_data: t=18.796, p=0.00
2026-09-04 14:01:06,272 - DVPTest - DEBUG - 阶段 DONE，忽略新数据 t=18.80
2026-09-04 14:01:06,273 - DVPTest - INFO - [串口] cuff=0 mmHg
2026-09-04 14:01:06,365 - DVPTest - DEBUG - 发出 sig_data: t=18.891, p=0.00
2026-09-04 14:01:06,365 - DVPTest - DEBUG - 阶段 DONE，忽略新数据 t=18.89
2026-09-04 14:01:06,366 - DVPTest - INFO - [串口] cuff=0 mmHg
2026-09-04 14:01:06,460 - DVPTest - DEBUG - 发出 sig_data: t=18.987, p=0.00
2026-09-04 14:01:06,465 - DVPTest - DEBUG - 阶段 DONE，忽略新数据 t=18.99
2026-09-04 14:01:06,466 - DVPTest - INFO - [串口] cuff=0 mmHg
2026-09-04 14:01:06,573 - DVPTest - DEBUG - 发出 sig_data: t=19.100, p=0.00
2026-09-04 14:01:06,576 - DVPTest - DEBUG - 阶段 DONE，忽略新数据 t=19.10
2026-09-04 14:01:06,577 - DVPTest - INFO - [串口] cuff=0 mmHg
2026-09-04 14:01:06,669 - DVPTest - DEBUG - 发出 sig_data: t=19.195, p=0.00
2026-09-04 14:01:06,672 - DVPTest - DEBUG - 阶段 DONE，忽略新数据 t=19.20
2026-09-04 14:01:06,672 - DVPTest - INFO - [串口] cuff=0 mmHg
2026-09-04 14:01:06,764 - DVPTest - DEBUG - 发出 sig_data: t=19.291, p=0.00
2026-09-04 14:01:06,768 - DVPTest - DEBUG - 阶段 DONE，忽略新数据 t=19.29
2026-09-04 14:01:06,770 - DVPTest - INFO - [串口] cuff=0 mmHg
2026-09-04 14:01:06,861 - DVPTest - DEBUG - 发出 sig_data: t=19.387, p=0.00
2026-09-04 14:01:06,862 - DVPTest - DEBUG - 阶段 DONE，忽略新数据 t=19.39
2026-09-04 14:01:06,864 - DVPTest - INFO - [串口] cuff=0 mmHg
2026-09-04 14:01:06,973 - DVPTest - DEBUG - 发出 sig_data: t=19.500, p=0.00
2026-09-04 14:01:06,975 - DVPTest - DEBUG - 阶段 DONE，忽略新数据 t=19.50
2026-09-04 14:01:06,977 - DVPTest - INFO - [串口] cuff=0 mmHg
2026-09-04 14:01:07,068 - DVPTest - DEBUG - 发出 sig_data: t=19.594, p=0.00
2026-09-04 14:01:07,071 - DVPTest - DEBUG - 阶段 DONE，忽略新数据 t=19.59
2026-09-04 14:01:07,073 - DVPTest - INFO - [串口] cuff=0 mmHg
2026-09-04 14:01:07,163 - DVPTest - DEBUG - 发出 sig_data: t=19.690, p=0.00
2026-09-04 14:01:07,165 - DVPTest - DEBUG - 阶段 DONE，忽略新数据 t=19.69
2026-09-04 14:01:07,165 - DVPTest - INFO - [串口] cuff=0 mmHg
2026-09-04 14:01:07,259 - DVPTest - DEBUG - 发出 sig_data: t=19.786, p=0.00
2026-09-04 14:01:07,263 - DVPTest - DEBUG - 阶段 DONE，忽略新数据 t=19.79
2026-09-04 14:01:07,265 - DVPTest - INFO - [串口] cuff=0 mmHg
2026-09-04 14:01:07,372 - DVPTest - DEBUG - 发出 sig_data: t=19.899, p=0.00
2026-09-04 14:01:07,374 - DVPTest - DEBUG - 阶段 DONE，忽略新数据 t=19.90
2026-09-04 14:01:07,376 - DVPTest - INFO - [串口] cuff=0 mmHg
2026-09-04 14:01:07,467 - DVPTest - DEBUG - 发出 sig_data: t=19.994, p=0.00
2026-09-04 14:01:07,467 - DVPTest - DEBUG - 阶段 DONE，忽略新数据 t=19.99
2026-09-04 14:01:07,468 - DVPTest - INFO - [串口] cuff=0 mmHg
2026-09-04 14:01:07,563 - DVPTest - DEBUG - 发出 sig_data: t=20.089, p=0.00
2026-09-04 14:01:07,563 - DVPTest - DEBUG - 阶段 DONE，忽略新数据 t=20.09
2026-09-04 14:01:07,564 - DVPTest - INFO - [串口] cuff=0 mmHg
2026-09-04 14:01:07,658 - DVPTest - DEBUG - 发出 sig_data: t=20.185, p=0.00
2026-09-04 14:01:07,661 - DVPTest - DEBUG - 阶段 DONE，忽略新数据 t=20.19
2026-09-04 14:01:07,662 - DVPTest - INFO - [串口] cuff=0 mmHg
2026-09-04 14:01:07,771 - DVPTest - DEBUG - 发出 sig_data: t=20.298, p=0.00
2026-09-04 14:01:07,773 - DVPTest - DEBUG - 阶段 DONE，忽略新数据 t=20.30
2026-09-04 14:01:07,773 - DVPTest - INFO - [串口] cuff=0 mmHg
2026-09-04 14:01:07,867 - DVPTest - DEBUG - 发出 sig_data: t=20.394, p=0.00
2026-09-04 14:01:07,870 - DVPTest - DEBUG - 阶段 DONE，忽略新数据 t=20.39
2026-09-04 14:01:07,871 - DVPTest - INFO - [串口] cuff=0 mmHg
2026-09-04 14:01:07,963 - DVPTest - DEBUG - 发出 sig_data: t=20.490, p=0.00
2026-09-04 14:01:07,965 - DVPTest - DEBUG - 阶段 DONE，忽略新数据 t=20.49
2026-09-04 14:01:07,967 - DVPTest - INFO - [串口] cuff=0 mmHg
2026-09-04 14:01:08,074 - DVPTest - DEBUG - 发出 sig_data: t=20.600, p=0.00
2026-09-04 14:01:08,075 - DVPTest - DEBUG - 阶段 DONE，忽略新数据 t=20.60
2026-09-04 14:01:08,075 - DVPTest - INFO - [串口] cuff=0 mmHg
2026-09-04 14:01:08,170 - DVPTest - DEBUG - 发出 sig_data: t=20.697, p=0.00
2026-09-04 14:01:08,173 - DVPTest - DEBUG - 阶段 DONE，忽略新数据 t=20.70
2026-09-04 14:01:08,175 - DVPTest - INFO - [串口] cuff=0 mmHg
2026-09-04 14:01:08,266 - DVPTest - DEBUG - 发出 sig_data: t=20.793, p=0.00
2026-09-04 14:01:08,268 - DVPTest - DEBUG - 阶段 DONE，忽略新数据 t=20.79
2026-09-04 14:01:08,268 - DVPTest - INFO - [串口] cuff=0 mmHg
2026-09-04 14:01:08,362 - DVPTest - DEBUG - 发出 sig_data: t=20.889, p=0.00
2026-09-04 14:01:08,365 - DVPTest - DEBUG - 阶段 DONE，忽略新数据 t=20.89
2026-09-04 14:01:08,366 - DVPTest - INFO - [串口] cuff=0 mmHg
2026-09-04 14:01:08,473 - DVPTest - DEBUG - 发出 sig_data: t=21.000, p=0.00
2026-09-04 14:01:08,477 - DVPTest - DEBUG - 阶段 DONE，忽略新数据 t=21.00
2026-09-04 14:01:08,478 - DVPTest - INFO - [串口] cuff=0 mmHg
2026-09-04 14:01:08,569 - DVPTest - DEBUG - 发出 sig_data: t=21.096, p=0.00
2026-09-04 14:01:08,571 - DVPTest - DEBUG - 阶段 DONE，忽略新数据 t=21.10
2026-09-04 14:01:08,571 - DVPTest - INFO - [串口] cuff=0 mmHg
2026-09-04 14:01:08,665 - DVPTest - DEBUG - 发出 sig_data: t=21.192, p=0.00
2026-09-04 14:01:08,668 - DVPTest - DEBUG - 阶段 DONE，忽略新数据 t=21.19
2026-09-04 14:01:08,669 - DVPTest - INFO - [串口] cuff=0 mmHg
2026-09-04 14:01:08,761 - DVPTest - DEBUG - 发出 sig_data: t=21.287, p=0.00
2026-09-04 14:01:08,762 - DVPTest - DEBUG - 阶段 DONE，忽略新数据 t=21.29
2026-09-04 14:01:08,763 - DVPTest - INFO - [串口] cuff=0 mmHg
2026-09-04 14:01:08,873 - DVPTest - DEBUG - 发出 sig_data: t=21.400, p=0.00
2026-09-04 14:01:08,875 - DVPTest - DEBUG - 阶段 DONE，忽略新数据 t=21.40
2026-09-04 14:01:08,875 - DVPTest - INFO - [串口] cuff=0 mmHg
2026-09-04 14:01:08,969 - DVPTest - DEBUG - 发出 sig_data: t=21.495, p=0.00
2026-09-04 14:01:08,969 - DVPTest - DEBUG - 阶段 DONE，忽略新数据 t=21.50
2026-09-04 14:01:08,970 - DVPTest - INFO - [串口] cuff=0 mmHg
2026-09-04 14:01:09,065 - DVPTest - DEBUG - 发出 sig_data: t=21.592, p=0.00
2026-09-04 14:01:09,067 - DVPTest - DEBUG - 阶段 DONE，忽略新数据 t=21.59
2026-09-04 14:01:09,068 - DVPTest - INFO - [串口] cuff=0 mmHg
2026-09-04 14:01:09,161 - DVPTest - DEBUG - 发出 sig_data: t=21.687, p=0.00
2026-09-04 14:01:09,161 - DVPTest - DEBUG - 阶段 DONE，忽略新数据 t=21.69
2026-09-04 14:01:09,162 - DVPTest - INFO - [串口] cuff=0 mmHg
2026-09-04 14:01:09,273 - DVPTest - DEBUG - 发出 sig_data: t=21.799, p=0.00
2026-09-04 14:01:09,276 - DVPTest - DEBUG - 阶段 DONE，忽略新数据 t=21.80
2026-09-04 14:01:09,277 - DVPTest - INFO - [串口] cuff=0 mmHg
2026-09-04 14:01:09,368 - DVPTest - DEBUG - 发出 sig_data: t=21.895, p=0.00
2026-09-04 14:01:09,370 - DVPTest - DEBUG - 阶段 DONE，忽略新数据 t=21.89
2026-09-04 14:01:09,370 - DVPTest - INFO - [串口] cuff=0 mmHg
2026-09-04 14:01:09,464 - DVPTest - DEBUG - 发出 sig_data: t=21.990, p=0.00
2026-09-04 14:01:09,466 - DVPTest - DEBUG - 阶段 DONE，忽略新数据 t=21.99
2026-09-04 14:01:09,466 - DVPTest - INFO - [串口] cuff=0 mmHg
2026-09-04 14:01:09,560 - DVPTest - DEBUG - 发出 sig_data: t=22.087, p=0.00
2026-09-04 14:01:09,562 - DVPTest - DEBUG - 阶段 DONE，忽略新数据 t=22.09
2026-09-04 14:01:09,562 - DVPTest - INFO - [串口] cuff=0 mmHg
2026-09-04 14:01:09,672 - DVPTest - DEBUG - 发出 sig_data: t=22.199, p=0.00
2026-09-04 14:01:09,673 - DVPTest - DEBUG - 阶段 DONE，忽略新数据 t=22.20
2026-09-04 14:01:09,674 - DVPTest - INFO - [串口] cuff=0 mmHg
2026-09-04 14:01:09,768 - DVPTest - DEBUG - 发出 sig_data: t=22.295, p=0.00
2026-09-04 14:01:09,770 - DVPTest - DEBUG - 阶段 DONE，忽略新数据 t=22.29
2026-09-04 14:01:09,771 - DVPTest - INFO - [串口] cuff=0 mmHg
2026-09-04 14:01:09,864 - DVPTest - DEBUG - 发出 sig_data: t=22.390, p=0.00
2026-09-04 14:01:09,868 - DVPTest - DEBUG - 阶段 DONE，忽略新数据 t=22.39
2026-09-04 14:01:09,870 - DVPTest - INFO - [串口] cuff=0 mmHg
2026-09-04 14:01:09,974 - DVPTest - DEBUG - 发出 sig_data: t=22.501, p=0.00
2026-09-04 14:01:09,978 - DVPTest - DEBUG - 阶段 DONE，忽略新数据 t=22.50
2026-09-04 14:01:09,978 - DVPTest - INFO - [串口] cuff=0 mmHg
2026-09-04 14:01:10,071 - DVPTest - DEBUG - 发出 sig_data: t=22.598, p=0.00
2026-09-04 14:01:10,073 - DVPTest - DEBUG - 阶段 DONE，忽略新数据 t=22.60
2026-09-04 14:01:10,075 - DVPTest - INFO - [串口] cuff=0 mmHg
2026-09-04 14:01:10,167 - DVPTest - DEBUG - 发出 sig_data: t=22.694, p=0.00
2026-09-04 14:01:10,170 - DVPTest - DEBUG - 阶段 DONE，忽略新数据 t=22.69
2026-09-04 14:01:10,171 - DVPTest - INFO - [串口] cuff=0 mmHg
2026-09-04 14:01:10,263 - DVPTest - DEBUG - 发出 sig_data: t=22.790, p=0.00
2026-09-04 14:01:10,264 - DVPTest - DEBUG - 阶段 DONE，忽略新数据 t=22.79
2026-09-04 14:01:10,265 - DVPTest - INFO - [串口] cuff=0 mmHg
2026-09-04 14:01:10,374 - DVPTest - DEBUG - 发出 sig_data: t=22.901, p=0.00
2026-09-04 14:01:10,378 - DVPTest - DEBUG - 阶段 DONE，忽略新数据 t=22.90
2026-09-04 14:01:10,379 - DVPTest - INFO - [串口] cuff=0 mmHg
2026-09-04 14:01:10,470 - DVPTest - DEBUG - 发出 sig_data: t=22.997, p=0.00
2026-09-04 14:01:10,474 - DVPTest - DEBUG - 阶段 DONE，忽略新数据 t=23.00
2026-09-04 14:01:10,475 - DVPTest - INFO - [串口] cuff=0 mmHg
2026-09-04 14:01:10,566 - DVPTest - DEBUG - 发出 sig_data: t=23.093, p=0.00
2026-09-04 14:01:10,567 - DVPTest - DEBUG - 阶段 DONE，忽略新数据 t=23.09
2026-09-04 14:01:10,568 - DVPTest - INFO - [串口] cuff=0 mmHg
2026-09-04 14:01:10,662 - DVPTest - DEBUG - 发出 sig_data: t=23.189, p=0.00
2026-09-04 14:01:10,667 - DVPTest - DEBUG - 阶段 DONE，忽略新数据 t=23.19
2026-09-04 14:01:10,668 - DVPTest - INFO - [串口] cuff=0 mmHg
2026-09-04 14:01:10,775 - DVPTest - DEBUG - 发出 sig_data: t=23.301, p=0.00
2026-09-04 14:01:10,780 - DVPTest - DEBUG - 阶段 DONE，忽略新数据 t=23.30
2026-09-04 14:01:10,781 - DVPTest - INFO - [串口] cuff=0 mmHg
2026-09-04 14:01:10,870 - DVPTest - DEBUG - 发出 sig_data: t=23.397, p=0.00
2026-09-04 14:01:10,871 - DVPTest - DEBUG - 阶段 DONE，忽略新数据 t=23.40
2026-09-04 14:01:10,872 - DVPTest - INFO - [串口] cuff=0 mmHg
2026-09-04 14:01:10,966 - DVPTest - DEBUG - 发出 sig_data: t=23.492, p=0.00
2026-09-04 14:01:10,968 - DVPTest - DEBUG - 阶段 DONE，忽略新数据 t=23.49
2026-09-04 14:01:10,969 - DVPTest - INFO - [串口] cuff=0 mmHg
2026-09-04 14:01:11,062 - DVPTest - DEBUG - 发出 sig_data: t=23.588, p=0.00
2026-09-04 14:01:11,064 - DVPTest - DEBUG - 阶段 DONE，忽略新数据 t=23.59
2026-09-04 14:01:11,065 - DVPTest - INFO - [串口] cuff=0 mmHg
2026-09-04 14:01:11,174 - DVPTest - DEBUG - 发出 sig_data: t=23.701, p=0.00
2026-09-04 14:01:11,176 - DVPTest - DEBUG - 阶段 DONE，忽略新数据 t=23.70
2026-09-04 14:01:11,177 - DVPTest - INFO - [串口] cuff=0 mmHg
2026-09-04 14:01:11,269 - DVPTest - DEBUG - 发出 sig_data: t=23.795, p=0.00
2026-09-04 14:01:11,270 - DVPTest - DEBUG - 阶段 DONE，忽略新数据 t=23.80
2026-09-04 14:01:11,271 - DVPTest - INFO - [串口] cuff=0 mmHg
2026-09-04 14:01:11,365 - DVPTest - DEBUG - 发出 sig_data: t=23.892, p=0.00
2026-09-04 14:01:11,366 - DVPTest - DEBUG - 阶段 DONE，忽略新数据 t=23.89
2026-09-04 14:01:11,367 - DVPTest - INFO - [串口] cuff=0 mmHg
2026-09-04 14:01:11,461 - DVPTest - DEBUG - 发出 sig_data: t=23.988, p=0.00
2026-09-04 14:01:11,464 - DVPTest - DEBUG - 阶段 DONE，忽略新数据 t=23.99
2026-09-04 14:01:11,464 - DVPTest - INFO - [串口] cuff=0 mmHg
2026-09-04 14:01:11,573 - DVPTest - DEBUG - 发出 sig_data: t=24.100, p=0.00
2026-09-04 14:01:11,576 - DVPTest - DEBUG - 阶段 DONE，忽略新数据 t=24.10
2026-09-04 14:01:11,577 - DVPTest - INFO - [串口] cuff=0 mmHg
2026-09-04 14:01:11,669 - DVPTest - DEBUG - 发出 sig_data: t=24.195, p=0.00
2026-09-04 14:01:11,669 - DVPTest - DEBUG - 阶段 DONE，忽略新数据 t=24.20
2026-09-04 14:01:11,670 - DVPTest - INFO - [串口] cuff=0 mmHg
2026-09-04 14:01:11,765 - DVPTest - DEBUG - 发出 sig_data: t=24.292, p=0.00
2026-09-04 14:01:11,767 - DVPTest - DEBUG - 阶段 DONE，忽略新数据 t=24.29
2026-09-04 14:01:11,770 - DVPTest - INFO - [串口] cuff=0 mmHg
2026-09-04 14:01:11,860 - DVPTest - DEBUG - 发出 sig_data: t=24.387, p=0.00
2026-09-04 14:01:11,864 - DVPTest - DEBUG - 阶段 DONE，忽略新数据 t=24.39
2026-09-04 14:01:11,866 - DVPTest - INFO - [串口] cuff=0 mmHg
2026-09-04 14:01:11,972 - DVPTest - DEBUG - 发出 sig_data: t=24.499, p=0.00
2026-09-04 14:01:11,975 - DVPTest - DEBUG - 阶段 DONE，忽略新数据 t=24.50
2026-09-04 14:01:11,976 - DVPTest - INFO - [串口] cuff=0 mmHg
2026-09-04 14:01:12,068 - DVPTest - DEBUG - 发出 sig_data: t=24.595, p=0.00
2026-09-04 14:01:12,069 - DVPTest - DEBUG - 阶段 DONE，忽略新数据 t=24.59
2026-09-04 14:01:12,070 - DVPTest - INFO - [串口] cuff=0 mmHg
2026-09-04 14:01:12,164 - DVPTest - DEBUG - 发出 sig_data: t=24.691, p=0.00
2026-09-04 14:01:12,168 - DVPTest - DEBUG - 阶段 DONE，忽略新数据 t=24.69
2026-09-04 14:01:12,170 - DVPTest - INFO - [串口] cuff=0 mmHg
2026-09-04 14:01:12,275 - DVPTest - DEBUG - 发出 sig_data: t=24.802, p=0.00
2026-09-04 14:01:12,277 - DVPTest - DEBUG - 阶段 DONE，忽略新数据 t=24.80
2026-09-04 14:01:12,277 - DVPTest - INFO - [串口] cuff=0 mmHg
2026-09-04 14:01:12,372 - DVPTest - DEBUG - 发出 sig_data: t=24.898, p=0.00
2026-09-04 14:01:12,372 - DVPTest - DEBUG - 阶段 DONE，忽略新数据 t=24.90
2026-09-04 14:01:12,374 - DVPTest - INFO - [串口] cuff=0 mmHg
2026-09-04 14:01:12,467 - DVPTest - DEBUG - 发出 sig_data: t=24.994, p=0.00
2026-09-04 14:01:12,469 - DVPTest - DEBUG - 阶段 DONE，忽略新数据 t=24.99
2026-09-04 14:01:12,470 - DVPTest - INFO - [串口] cuff=0 mmHg
2026-09-04 14:01:12,563 - DVPTest - DEBUG - 发出 sig_data: t=25.090, p=0.00
2026-09-04 14:01:12,564 - DVPTest - DEBUG - 阶段 DONE，忽略新数据 t=25.09
2026-09-04 14:01:12,565 - DVPTest - INFO - [串口] cuff=0 mmHg
2026-09-04 14:01:12,675 - DVPTest - DEBUG - 发出 sig_data: t=25.202, p=0.00
2026-09-04 14:01:12,677 - DVPTest - DEBUG - 阶段 DONE，忽略新数据 t=25.20
2026-09-04 14:01:12,678 - DVPTest - INFO - [串口] cuff=0 mmHg
2026-09-04 14:01:12,770 - DVPTest - DEBUG - 发出 sig_data: t=25.297, p=0.00
2026-09-04 14:01:12,771 - DVPTest - DEBUG - 阶段 DONE，忽略新数据 t=25.30
2026-09-04 14:01:12,772 - DVPTest - INFO - [串口] cuff=0 mmHg
2026-09-04 14:01:12,867 - DVPTest - DEBUG - 发出 sig_data: t=25.393, p=0.00
2026-09-04 14:01:12,869 - DVPTest - DEBUG - 阶段 DONE，忽略新数据 t=25.39
2026-09-04 14:01:12,870 - DVPTest - INFO - [串口] cuff=0 mmHg
2026-09-04 14:01:12,962 - DVPTest - DEBUG - 发出 sig_data: t=25.489, p=0.00
2026-09-04 14:01:12,965 - DVPTest - DEBUG - 阶段 DONE，忽略新数据 t=25.49
2026-09-04 14:01:12,966 - DVPTest - INFO - [串口] cuff=0 mmHg
2026-09-04 14:01:13,074 - DVPTest - DEBUG - 发出 sig_data: t=25.601, p=0.00
2026-09-04 14:01:13,075 - DVPTest - DEBUG - 阶段 DONE，忽略新数据 t=25.60
2026-09-04 14:01:13,075 - DVPTest - INFO - [串口] cuff=0 mmHg
2026-09-04 14:01:13,170 - DVPTest - DEBUG - 发出 sig_data: t=25.697, p=0.00
2026-09-04 14:01:13,171 - DVPTest - DEBUG - 阶段 DONE，忽略新数据 t=25.70
2026-09-04 14:01:13,172 - DVPTest - INFO - [串口] cuff=0 mmHg
2026-09-04 14:01:13,267 - DVPTest - DEBUG - 发出 sig_data: t=25.793, p=0.00
2026-09-04 14:01:13,268 - DVPTest - DEBUG - 阶段 DONE，忽略新数据 t=25.79
2026-09-04 14:01:13,268 - DVPTest - INFO - [串口] cuff=0 mmHg
2026-09-04 14:01:13,362 - DVPTest - DEBUG - 发出 sig_data: t=25.888, p=0.00
2026-09-04 14:01:13,362 - DVPTest - DEBUG - 阶段 DONE，忽略新数据 t=25.89
2026-09-04 14:01:13,363 - DVPTest - INFO - [串口] cuff=0 mmHg
2026-09-04 14:01:13,474 - DVPTest - DEBUG - 发出 sig_data: t=26.001, p=0.00
2026-09-04 14:01:13,478 - DVPTest - DEBUG - 阶段 DONE，忽略新数据 t=26.00
2026-09-04 14:01:13,480 - DVPTest - INFO - [串口] cuff=0 mmHg
2026-09-04 14:01:13,569 - DVPTest - DEBUG - 发出 sig_data: t=26.096, p=0.00
2026-09-04 14:01:13,572 - DVPTest - DEBUG - 阶段 DONE，忽略新数据 t=26.10
2026-09-04 14:01:13,573 - DVPTest - INFO - [串口] cuff=0 mmHg
2026-09-04 14:01:13,665 - DVPTest - DEBUG - 发出 sig_data: t=26.192, p=0.00
2026-09-04 14:01:13,666 - DVPTest - DEBUG - 阶段 DONE，忽略新数据 t=26.19
2026-09-04 14:01:13,667 - DVPTest - INFO - [串口] cuff=0 mmHg
2026-09-04 14:01:13,761 - DVPTest - DEBUG - 发出 sig_data: t=26.287, p=0.00
2026-09-04 14:01:13,762 - DVPTest - DEBUG - 阶段 DONE，忽略新数据 t=26.29
2026-09-04 14:01:13,762 - DVPTest - INFO - [串口] cuff=0 mmHg
2026-09-04 14:01:13,873 - DVPTest - DEBUG - 发出 sig_data: t=26.400, p=0.00
2026-09-04 14:01:13,874 - DVPTest - DEBUG - 阶段 DONE，忽略新数据 t=26.40
2026-09-04 14:01:13,874 - DVPTest - INFO - [串口] cuff=0 mmHg
2026-09-04 14:01:13,970 - DVPTest - DEBUG - 发出 sig_data: t=26.496, p=0.00
2026-09-04 14:01:13,970 - DVPTest - DEBUG - 阶段 DONE，忽略新数据 t=26.50
2026-09-04 14:01:13,972 - DVPTest - INFO - [串口] cuff=0 mmHg
2026-09-04 14:01:14,065 - DVPTest - DEBUG - 发出 sig_data: t=26.591, p=0.00
2026-09-04 14:01:14,065 - DVPTest - DEBUG - 阶段 DONE，忽略新数据 t=26.59
2026-09-04 14:01:14,065 - DVPTest - INFO - [串口] cuff=0 mmHg
2026-09-04 14:01:14,161 - DVPTest - DEBUG - 发出 sig_data: t=26.688, p=0.00
2026-09-04 14:01:14,168 - DVPTest - DEBUG - 阶段 DONE，忽略新数据 t=26.69
2026-09-04 14:01:14,170 - DVPTest - INFO - [串口] cuff=0 mmHg
2026-09-04 14:01:14,273 - DVPTest - DEBUG - 发出 sig_data: t=26.800, p=0.00
2026-09-04 14:01:14,276 - DVPTest - DEBUG - 阶段 DONE，忽略新数据 t=26.80
2026-09-04 14:01:14,277 - DVPTest - INFO - [串口] cuff=0 mmHg
2026-09-04 14:01:14,368 - DVPTest - DEBUG - 发出 sig_data: t=26.895, p=0.00
2026-09-04 14:01:14,372 - DVPTest - DEBUG - 阶段 DONE，忽略新数据 t=26.89
2026-09-04 14:01:14,374 - DVPTest - INFO - [串口] cuff=0 mmHg
2026-09-04 14:01:14,465 - DVPTest - DEBUG - 发出 sig_data: t=26.991, p=0.00
2026-09-04 14:01:14,465 - DVPTest - DEBUG - 阶段 DONE，忽略新数据 t=26.99
2026-09-04 14:01:14,466 - DVPTest - INFO - [串口] cuff=0 mmHg
2026-09-04 14:01:14,576 - DVPTest - DEBUG - 发出 sig_data: t=27.102, p=0.00
2026-09-04 14:01:14,578 - DVPTest - DEBUG - 阶段 DONE，忽略新数据 t=27.10
2026-09-04 14:01:14,579 - DVPTest - INFO - [串口] cuff=0 mmHg
2026-09-04 14:01:14,672 - DVPTest - DEBUG - 发出 sig_data: t=27.199, p=0.00
2026-09-04 14:01:14,675 - DVPTest - DEBUG - 阶段 DONE，忽略新数据 t=27.20
2026-09-04 14:01:14,677 - DVPTest - INFO - [串口] cuff=0 mmHg
2026-09-04 14:01:14,768 - DVPTest - DEBUG - 发出 sig_data: t=27.294, p=0.00
2026-09-04 14:01:14,768 - DVPTest - DEBUG - 阶段 DONE，忽略新数据 t=27.29
2026-09-04 14:01:14,768 - DVPTest - INFO - [串口] cuff=0 mmHg
2026-09-04 14:01:14,864 - DVPTest - DEBUG - 发出 sig_data: t=27.391, p=0.00
2026-09-04 14:01:14,868 - DVPTest - DEBUG - 阶段 DONE，忽略新数据 t=27.39
2026-09-04 14:01:14,870 - DVPTest - INFO - [串口] cuff=0 mmHg
2026-09-04 14:01:14,975 - DVPTest - DEBUG - 发出 sig_data: t=27.501, p=0.00
2026-09-04 14:01:14,977 - DVPTest - DEBUG - 阶段 DONE，忽略新数据 t=27.50
2026-09-04 14:01:14,977 - DVPTest - INFO - [串口] cuff=0 mmHg
2026-09-04 14:01:15,072 - DVPTest - DEBUG - 发出 sig_data: t=27.598, p=0.00
2026-09-04 14:01:15,074 - DVPTest - DEBUG - 阶段 DONE，忽略新数据 t=27.60
2026-09-04 14:01:15,074 - DVPTest - INFO - [串口] cuff=0 mmHg
2026-09-04 14:01:15,167 - DVPTest - DEBUG - 发出 sig_data: t=27.694, p=0.00
2026-09-04 14:01:15,170 - DVPTest - DEBUG - 阶段 DONE，忽略新数据 t=27.69
2026-09-04 14:01:15,171 - DVPTest - INFO - [串口] cuff=0 mmHg
2026-09-04 14:01:15,263 - DVPTest - DEBUG - 发出 sig_data: t=27.790, p=0.00
2026-09-04 14:01:15,265 - DVPTest - DEBUG - 阶段 DONE，忽略新数据 t=27.79
2026-09-04 14:01:15,266 - DVPTest - INFO - [串口] cuff=0 mmHg
2026-09-04 14:01:15,375 - DVPTest - DEBUG - 发出 sig_data: t=27.901, p=0.00
2026-09-04 14:01:15,375 - DVPTest - DEBUG - 阶段 DONE，忽略新数据 t=27.90
2026-09-04 14:01:15,376 - DVPTest - INFO - [串口] cuff=0 mmHg
2026-09-04 14:01:15,471 - DVPTest - DEBUG - 发出 sig_data: t=27.998, p=0.00
2026-09-04 14:01:15,474 - DVPTest - DEBUG - 阶段 DONE，忽略新数据 t=28.00
2026-09-04 14:01:15,475 - DVPTest - INFO - [串口] cuff=0 mmHg
2026-09-04 14:01:15,567 - DVPTest - DEBUG - 发出 sig_data: t=28.094, p=0.00
2026-09-04 14:01:15,570 - DVPTest - DEBUG - 阶段 DONE，忽略新数据 t=28.09
2026-09-04 14:01:15,571 - DVPTest - INFO - [串口] cuff=0 mmHg
2026-09-04 14:01:15,663 - DVPTest - DEBUG - 发出 sig_data: t=28.189, p=0.00
2026-09-04 14:01:15,664 - DVPTest - DEBUG - 阶段 DONE，忽略新数据 t=28.19
2026-09-04 14:01:15,665 - DVPTest - INFO - [串口] cuff=0 mmHg
2026-09-04 14:01:15,775 - DVPTest - DEBUG - 发出 sig_data: t=28.301, p=0.00
2026-09-04 14:01:15,778 - DVPTest - DEBUG - 阶段 DONE，忽略新数据 t=28.30
2026-09-04 14:01:15,779 - DVPTest - INFO - [串口] cuff=0 mmHg
2026-09-04 14:01:15,870 - DVPTest - DEBUG - 发出 sig_data: t=28.396, p=0.00
2026-09-04 14:01:15,870 - DVPTest - DEBUG - 阶段 DONE，忽略新数据 t=28.40
2026-09-04 14:01:15,871 - DVPTest - INFO - [串口] cuff=0 mmHg
2026-09-04 14:01:15,966 - DVPTest - DEBUG - 发出 sig_data: t=28.493, p=0.00
2026-09-04 14:01:15,970 - DVPTest - DEBUG - 阶段 DONE，忽略新数据 t=28.49
2026-09-04 14:01:15,971 - DVPTest - INFO - [串口] cuff=0 mmHg
2026-09-04 14:01:16,062 - DVPTest - DEBUG - 发出 sig_data: t=28.589, p=0.00
2026-09-04 14:01:16,064 - DVPTest - DEBUG - 阶段 DONE，忽略新数据 t=28.59
2026-09-04 14:01:16,065 - DVPTest - INFO - [串口] cuff=0 mmHg
2026-09-04 14:01:16,174 - DVPTest - DEBUG - 发出 sig_data: t=28.700, p=0.00
2026-09-04 14:01:16,175 - DVPTest - DEBUG - 阶段 DONE，忽略新数据 t=28.70
2026-09-04 14:01:16,177 - DVPTest - INFO - [串口] cuff=0 mmHg
2026-09-04 14:01:16,270 - DVPTest - DEBUG - 发出 sig_data: t=28.797, p=0.00
2026-09-04 14:01:16,273 - DVPTest - DEBUG - 阶段 DONE，忽略新数据 t=28.80
2026-09-04 14:01:16,274 - DVPTest - INFO - [串口] cuff=0 mmHg
2026-09-04 14:01:16,366 - DVPTest - DEBUG - 发出 sig_data: t=28.893, p=0.00
2026-09-04 14:01:16,368 - DVPTest - DEBUG - 阶段 DONE，忽略新数据 t=28.89
2026-09-04 14:01:16,368 - DVPTest - INFO - [串口] cuff=0 mmHg
2026-09-04 14:01:16,461 - DVPTest - DEBUG - 发出 sig_data: t=28.987, p=0.00
2026-09-04 14:01:16,461 - DVPTest - DEBUG - 阶段 DONE，忽略新数据 t=28.99
2026-09-04 14:01:16,462 - DVPTest - INFO - [串口] cuff=0 mmHg
2026-09-04 14:01:16,573 - DVPTest - DEBUG - 发出 sig_data: t=29.100, p=0.00
2026-09-04 14:01:16,577 - DVPTest - DEBUG - 阶段 DONE，忽略新数据 t=29.10
2026-09-04 14:01:16,579 - DVPTest - INFO - [串口] cuff=0 mmHg
2026-09-04 14:01:16,669 - DVPTest - DEBUG - 发出 sig_data: t=29.196, p=0.00
2026-09-04 14:01:16,671 - DVPTest - DEBUG - 阶段 DONE，忽略新数据 t=29.20
2026-09-04 14:01:16,672 - DVPTest - INFO - [串口] cuff=0 mmHg
2026-09-04 14:01:16,765 - DVPTest - DEBUG - 发出 sig_data: t=29.292, p=0.00
2026-09-04 14:01:16,766 - DVPTest - DEBUG - 阶段 DONE，忽略新数据 t=29.29
2026-09-04 14:01:16,767 - DVPTest - INFO - [串口] cuff=0 mmHg
2026-09-04 14:01:16,861 - DVPTest - DEBUG - 发出 sig_data: t=29.387, p=0.00
2026-09-04 14:01:16,863 - DVPTest - DEBUG - 阶段 DONE，忽略新数据 t=29.39
2026-09-04 14:01:16,864 - DVPTest - INFO - [串口] cuff=0 mmHg
2026-09-04 14:01:16,973 - DVPTest - DEBUG - 发出 sig_data: t=29.499, p=0.00
2026-09-04 14:01:16,973 - DVPTest - DEBUG - 阶段 DONE，忽略新数据 t=29.50
2026-09-04 14:01:16,973 - DVPTest - INFO - [串口] cuff=0 mmHg
2026-09-04 14:01:17,068 - DVPTest - DEBUG - 发出 sig_data: t=29.595, p=0.00
2026-09-04 14:01:17,072 - DVPTest - DEBUG - 阶段 DONE，忽略新数据 t=29.60
2026-09-04 14:01:17,073 - DVPTest - INFO - [串口] cuff=0 mmHg
2026-09-04 14:01:17,164 - DVPTest - DEBUG - 发出 sig_data: t=29.691, p=0.00
2026-09-04 14:01:17,168 - DVPTest - DEBUG - 阶段 DONE，忽略新数据 t=29.69
2026-09-04 14:01:17,169 - DVPTest - INFO - [串口] cuff=0 mmHg
2026-09-04 14:01:17,275 - DVPTest - DEBUG - 发出 sig_data: t=29.802, p=0.00
2026-09-04 14:01:17,278 - DVPTest - DEBUG - 阶段 DONE，忽略新数据 t=29.80
2026-09-04 14:01:17,278 - DVPTest - INFO - [串口] cuff=0 mmHg
2026-09-04 14:01:17,372 - DVPTest - DEBUG - 发出 sig_data: t=29.898, p=0.00
2026-09-04 14:01:17,373 - DVPTest - DEBUG - 阶段 DONE，忽略新数据 t=29.90
2026-09-04 14:01:17,374 - DVPTest - INFO - [串口] cuff=0 mmHg
2026-09-04 14:01:17,467 - DVPTest - DEBUG - 发出 sig_data: t=29.994, p=0.00
2026-09-04 14:01:17,468 - DVPTest - DEBUG - 阶段 DONE，忽略新数据 t=29.99
2026-09-04 14:01:17,469 - DVPTest - INFO - [串口] cuff=0 mmHg
2026-09-04 14:01:17,564 - DVPTest - DEBUG - 发出 sig_data: t=30.090, p=0.00
2026-09-04 14:01:17,564 - DVPTest - DEBUG - 阶段 DONE，忽略新数据 t=30.09
2026-09-04 14:01:17,565 - DVPTest - INFO - [串口] cuff=0 mmHg
2026-09-04 14:01:17,675 - DVPTest - DEBUG - 发出 sig_data: t=30.202, p=0.00
2026-09-04 14:01:17,678 - DVPTest - DEBUG - 阶段 DONE，忽略新数据 t=30.20
2026-09-04 14:01:17,679 - DVPTest - INFO - [串口] cuff=0 mmHg
2026-09-04 14:01:17,772 - DVPTest - DEBUG - 发出 sig_data: t=30.299, p=0.00
2026-09-04 14:01:17,773 - DVPTest - DEBUG - 阶段 DONE，忽略新数据 t=30.30
2026-09-04 14:01:17,775 - DVPTest - INFO - [串口] cuff=0 mmHg
2026-09-04 14:01:17,867 - DVPTest - DEBUG - 发出 sig_data: t=30.393, p=0.00
2026-09-04 14:01:17,870 - DVPTest - DEBUG - 阶段 DONE，忽略新数据 t=30.39
2026-09-04 14:01:17,871 - DVPTest - INFO - [串口] cuff=0 mmHg
2026-09-04 14:01:17,963 - DVPTest - DEBUG - 发出 sig_data: t=30.490, p=0.00
2026-09-04 14:01:17,965 - DVPTest - DEBUG - 阶段 DONE，忽略新数据 t=30.49
2026-09-04 14:01:17,966 - DVPTest - INFO - [串口] cuff=0 mmHg
2026-09-04 14:01:18,075 - DVPTest - DEBUG - 发出 sig_data: t=30.601, p=0.00
2026-09-04 14:01:18,075 - DVPTest - DEBUG - 阶段 DONE，忽略新数据 t=30.60
2026-09-04 14:01:18,076 - DVPTest - INFO - [串口] cuff=0 mmHg
2026-09-04 14:01:18,170 - DVPTest - DEBUG - 发出 sig_data: t=30.697, p=0.00
2026-09-04 14:01:18,173 - DVPTest - DEBUG - 阶段 DONE，忽略新数据 t=30.70
2026-09-04 14:01:18,175 - DVPTest - INFO - [串口] cuff=0 mmHg
2026-09-04 14:01:18,267 - DVPTest - DEBUG - 发出 sig_data: t=30.794, p=0.00
2026-09-04 14:01:18,269 - DVPTest - DEBUG - 阶段 DONE，忽略新数据 t=30.79
2026-09-04 14:01:18,271 - DVPTest - INFO - [串口] cuff=0 mmHg
2026-09-04 14:01:18,363 - DVPTest - DEBUG - 发出 sig_data: t=30.889, p=0.00
2026-09-04 14:01:18,363 - DVPTest - DEBUG - 阶段 DONE，忽略新数据 t=30.89
2026-09-04 14:01:18,364 - DVPTest - INFO - [串口] cuff=0 mmHg
2026-09-04 14:01:18,474 - DVPTest - DEBUG - 发出 sig_data: t=31.001, p=0.00
2026-09-04 14:01:18,479 - DVPTest - DEBUG - 阶段 DONE，忽略新数据 t=31.00
2026-09-04 14:01:18,481 - DVPTest - INFO - [串口] cuff=0 mmHg
2026-09-04 14:01:18,570 - DVPTest - DEBUG - 发出 sig_data: t=31.096, p=0.00
2026-09-04 14:01:18,572 - DVPTest - DEBUG - 阶段 DONE，忽略新数据 t=31.10
2026-09-04 14:01:18,574 - DVPTest - INFO - [串口] cuff=0 mmHg
2026-09-04 14:01:18,666 - DVPTest - DEBUG - 发出 sig_data: t=31.193, p=0.00
2026-09-04 14:01:18,667 - DVPTest - DEBUG - 阶段 DONE，忽略新数据 t=31.19
2026-09-04 14:01:18,668 - DVPTest - INFO - [串口] cuff=0 mmHg
2026-09-04 14:01:18,762 - DVPTest - DEBUG - 发出 sig_data: t=31.289, p=0.00
2026-09-04 14:01:18,766 - DVPTest - DEBUG - 阶段 DONE，忽略新数据 t=31.29
2026-09-04 14:01:18,767 - DVPTest - INFO - [串口] cuff=0 mmHg
2026-09-04 14:01:18,874 - DVPTest - DEBUG - 发出 sig_data: t=31.401, p=0.00
2026-09-04 14:01:18,877 - DVPTest - DEBUG - 阶段 DONE，忽略新数据 t=31.40
2026-09-04 14:01:18,878 - DVPTest - INFO - [串口] cuff=0 mmHg
2026-09-04 14:01:18,969 - DVPTest - DEBUG - 发出 sig_data: t=31.496, p=0.00
2026-09-04 14:01:18,970 - DVPTest - DEBUG - 阶段 DONE，忽略新数据 t=31.50
2026-09-04 14:01:18,970 - DVPTest - INFO - [串口] cuff=0 mmHg
2026-09-04 14:01:19,065 - DVPTest - DEBUG - 发出 sig_data: t=31.592, p=0.00
2026-09-04 14:01:19,069 - DVPTest - DEBUG - 阶段 DONE，忽略新数据 t=31.59
2026-09-04 14:01:19,071 - DVPTest - INFO - [串口] cuff=0 mmHg
2026-09-04 14:01:19,176 - DVPTest - DEBUG - 发出 sig_data: t=31.703, p=0.00
2026-09-04 14:01:19,179 - DVPTest - DEBUG - 阶段 DONE，忽略新数据 t=31.70
2026-09-04 14:01:19,181 - DVPTest - INFO - [串口] cuff=0 mmHg
2026-09-04 14:01:19,273 - DVPTest - DEBUG - 发出 sig_data: t=31.800, p=0.00
2026-09-04 14:01:19,276 - DVPTest - DEBUG - 阶段 DONE，忽略新数据 t=31.80
2026-09-04 14:01:19,277 - DVPTest - INFO - [串口] cuff=0 mmHg
2026-09-04 14:01:19,369 - DVPTest - DEBUG - 发出 sig_data: t=31.895, p=0.00
2026-09-04 14:01:19,372 - DVPTest - DEBUG - 阶段 DONE，忽略新数据 t=31.90
2026-09-04 14:01:19,373 - DVPTest - INFO - [串口] cuff=0 mmHg
2026-09-04 14:01:19,464 - DVPTest - DEBUG - 发出 sig_data: t=31.991, p=0.00
2026-09-04 14:01:19,466 - DVPTest - DEBUG - 阶段 DONE，忽略新数据 t=31.99
2026-09-04 14:01:19,466 - DVPTest - INFO - [串口] cuff=0 mmHg
2026-09-04 14:01:19,577 - DVPTest - DEBUG - 发出 sig_data: t=32.103, p=0.00
2026-09-04 14:01:19,580 - DVPTest - DEBUG - 阶段 DONE，忽略新数据 t=32.10
2026-09-04 14:01:19,581 - DVPTest - INFO - [串口] cuff=0 mmHg
2026-09-04 14:01:19,673 - DVPTest - DEBUG - 发出 sig_data: t=32.199, p=0.00
2026-09-04 14:01:19,675 - DVPTest - DEBUG - 阶段 DONE，忽略新数据 t=32.20
2026-09-04 14:01:19,676 - DVPTest - INFO - [串口] cuff=0 mmHg
2026-09-04 14:01:19,768 - DVPTest - DEBUG - 发出 sig_data: t=32.295, p=0.00
2026-09-04 14:01:19,769 - DVPTest - DEBUG - 阶段 DONE，忽略新数据 t=32.29
2026-09-04 14:01:19,770 - DVPTest - INFO - [串口] cuff=0 mmHg
2026-09-04 14:01:19,864 - DVPTest - DEBUG - 发出 sig_data: t=32.390, p=0.00
2026-09-04 14:01:19,865 - DVPTest - DEBUG - 阶段 DONE，忽略新数据 t=32.39
2026-09-04 14:01:19,865 - DVPTest - INFO - [串口] cuff=0 mmHg
2026-09-04 14:01:19,977 - DVPTest - DEBUG - 发出 sig_data: t=32.503, p=0.00
2026-09-04 14:01:19,981 - DVPTest - DEBUG - 阶段 DONE，忽略新数据 t=32.50
2026-09-04 14:01:19,982 - DVPTest - INFO - [串口] cuff=0 mmHg
2026-09-04 14:01:20,072 - DVPTest - DEBUG - 发出 sig_data: t=32.598, p=0.00
2026-09-04 14:01:20,073 - DVPTest - DEBUG - 阶段 DONE，忽略新数据 t=32.60
2026-09-04 14:01:20,074 - DVPTest - INFO - [串口] cuff=0 mmHg
2026-09-04 14:01:20,167 - DVPTest - DEBUG - 发出 sig_data: t=32.694, p=0.00
2026-09-04 14:01:20,171 - DVPTest - DEBUG - 阶段 DONE，忽略新数据 t=32.69
2026-09-04 14:01:20,172 - DVPTest - INFO - [串口] cuff=0 mmHg
2026-09-04 14:01:20,264 - DVPTest - DEBUG - 发出 sig_data: t=32.790, p=0.00
2026-09-04 14:01:20,266 - DVPTest - DEBUG - 阶段 DONE，忽略新数据 t=32.79
2026-09-04 14:01:20,266 - DVPTest - INFO - [串口] cuff=0 mmHg
2026-09-04 14:01:20,376 - DVPTest - DEBUG - 发出 sig_data: t=32.902, p=0.00
2026-09-04 14:01:20,378 - DVPTest - DEBUG - 阶段 DONE，忽略新数据 t=32.90
2026-09-04 14:01:20,379 - DVPTest - INFO - [串口] cuff=0 mmHg
2026-09-04 14:01:20,471 - DVPTest - DEBUG - 发出 sig_data: t=32.998, p=0.00
2026-09-04 14:01:20,474 - DVPTest - DEBUG - 阶段 DONE，忽略新数据 t=33.00
2026-09-04 14:01:20,475 - DVPTest - INFO - [串口] cuff=0 mmHg
2026-09-04 14:01:20,567 - DVPTest - DEBUG - 发出 sig_data: t=33.093, p=0.00
2026-09-04 14:01:20,567 - DVPTest - DEBUG - 阶段 DONE，忽略新数据 t=33.09
2026-09-04 14:01:20,568 - DVPTest - INFO - [串口] cuff=0 mmHg
2026-09-04 14:01:20,663 - DVPTest - DEBUG - 发出 sig_data: t=33.190, p=0.00
2026-09-04 14:01:20,665 - DVPTest - DEBUG - 阶段 DONE，忽略新数据 t=33.19
2026-09-04 14:01:20,667 - DVPTest - INFO - [串口] cuff=0 mmHg
2026-09-04 14:01:20,775 - DVPTest - DEBUG - 发出 sig_data: t=33.302, p=0.00
2026-09-04 14:01:20,778 - DVPTest - DEBUG - 阶段 DONE，忽略新数据 t=33.30
2026-09-04 14:01:20,780 - DVPTest - INFO - [串口] cuff=0 mmHg
2026-09-04 14:01:20,870 - DVPTest - DEBUG - 发出 sig_data: t=33.397, p=0.00
2026-09-04 14:01:20,871 - DVPTest - DEBUG - 阶段 DONE，忽略新数据 t=33.40
2026-09-04 14:01:20,872 - DVPTest - INFO - [串口] cuff=0 mmHg
2026-09-04 14:01:20,966 - DVPTest - DEBUG - 发出 sig_data: t=33.493, p=0.00
2026-09-04 14:01:20,969 - DVPTest - DEBUG - 阶段 DONE，忽略新数据 t=33.49
2026-09-04 14:01:20,970 - DVPTest - INFO - [串口] cuff=0 mmHg
2026-09-04 14:01:21,063 - DVPTest - DEBUG - 发出 sig_data: t=33.589, p=0.00
2026-09-04 14:01:21,065 - DVPTest - DEBUG - 阶段 DONE，忽略新数据 t=33.59
2026-09-04 14:01:21,066 - DVPTest - INFO - [串口] cuff=0 mmHg
2026-09-04 14:01:21,174 - DVPTest - DEBUG - 发出 sig_data: t=33.701, p=0.00
2026-09-04 14:01:21,177 - DVPTest - DEBUG - 阶段 DONE，忽略新数据 t=33.70
2026-09-04 14:01:21,178 - DVPTest - INFO - [串口] cuff=0 mmHg
2026-09-04 14:01:21,270 - DVPTest - DEBUG - 发出 sig_data: t=33.796, p=0.00
2026-09-04 14:01:21,272 - DVPTest - DEBUG - 阶段 DONE，忽略新数据 t=33.80
2026-09-04 14:01:21,273 - DVPTest - INFO - [串口] cuff=0 mmHg
2026-09-04 14:01:21,366 - DVPTest - DEBUG - 发出 sig_data: t=33.893, p=0.00
2026-09-04 14:01:21,367 - DVPTest - DEBUG - 阶段 DONE，忽略新数据 t=33.89
2026-09-04 14:01:21,368 - DVPTest - INFO - [串口] cuff=0 mmHg
2026-09-04 14:01:21,477 - DVPTest - DEBUG - 发出 sig_data: t=34.004, p=0.00
2026-09-04 14:01:21,480 - DVPTest - DEBUG - 阶段 DONE，忽略新数据 t=34.00
2026-09-04 14:01:21,481 - DVPTest - INFO - [串口] cuff=0 mmHg
2026-09-04 14:01:21,574 - DVPTest - DEBUG - 发出 sig_data: t=34.100, p=0.00
2026-09-04 14:01:21,576 - DVPTest - DEBUG - 阶段 DONE，忽略新数据 t=34.10
2026-09-04 14:01:21,576 - DVPTest - INFO - [串口] cuff=0 mmHg
2026-09-04 14:01:21,669 - DVPTest - DEBUG - 发出 sig_data: t=34.195, p=0.00
2026-09-04 14:01:21,669 - DVPTest - DEBUG - 阶段 DONE，忽略新数据 t=34.20
2026-09-04 14:01:21,671 - DVPTest - INFO - [串口] cuff=0 mmHg
2026-09-04 14:01:21,765 - DVPTest - DEBUG - 发出 sig_data: t=34.292, p=0.00
2026-09-04 14:01:21,769 - DVPTest - DEBUG - 阶段 DONE，忽略新数据 t=34.29
2026-09-04 14:01:21,770 - DVPTest - INFO - [串口] cuff=0 mmHg
2026-09-04 14:01:21,877 - DVPTest - DEBUG - 发出 sig_data: t=34.403, p=0.00
2026-09-04 14:01:21,880 - DVPTest - DEBUG - 阶段 DONE，忽略新数据 t=34.40
2026-09-04 14:01:21,881 - DVPTest - INFO - [串口] cuff=0 mmHg
2026-09-04 14:01:21,973 - DVPTest - DEBUG - 发出 sig_data: t=34.499, p=0.00
2026-09-04 14:01:21,973 - DVPTest - DEBUG - 阶段 DONE，忽略新数据 t=34.50
2026-09-04 14:01:21,974 - DVPTest - INFO - [串口] cuff=0 mmHg
2026-09-04 14:01:22,069 - DVPTest - DEBUG - 发出 sig_data: t=34.596, p=0.00
2026-09-04 14:01:22,073 - DVPTest - DEBUG - 阶段 DONE，忽略新数据 t=34.60
2026-09-04 14:01:22,074 - DVPTest - INFO - [串口] cuff=0 mmHg
2026-09-04 14:01:22,164 - DVPTest - DEBUG - 发出 sig_data: t=34.691, p=0.00
2026-09-04 14:01:22,166 - DVPTest - DEBUG - 阶段 DONE，忽略新数据 t=34.69
2026-09-04 14:01:22,166 - DVPTest - INFO - [串口] cuff=0 mmHg
2026-09-04 14:01:22,277 - DVPTest - DEBUG - 发出 sig_data: t=34.803, p=0.00
2026-09-04 14:01:22,279 - DVPTest - DEBUG - 阶段 DONE，忽略新数据 t=34.80
2026-09-04 14:01:22,279 - DVPTest - INFO - [串口] cuff=0 mmHg
2026-09-04 14:01:22,372 - DVPTest - DEBUG - 发出 sig_data: t=34.899, p=0.00
2026-09-04 14:01:22,375 - DVPTest - DEBUG - 阶段 DONE，忽略新数据 t=34.90
2026-09-04 14:01:22,375 - DVPTest - INFO - [串口] cuff=0 mmHg
2026-09-04 14:01:22,468 - DVPTest - DEBUG - 发出 sig_data: t=34.994, p=0.00
2026-09-04 14:01:22,470 - DVPTest - DEBUG - 阶段 DONE，忽略新数据 t=34.99
2026-09-04 14:01:22,470 - DVPTest - INFO - [串口] cuff=0 mmHg
2026-09-04 14:01:22,563 - DVPTest - DEBUG - 发出 sig_data: t=35.090, p=0.00
2026-09-04 14:01:22,567 - DVPTest - DEBUG - 阶段 DONE，忽略新数据 t=35.09
2026-09-04 14:01:22,567 - DVPTest - INFO - [串口] cuff=0 mmHg
2026-09-04 14:01:22,676 - DVPTest - DEBUG - 发出 sig_data: t=35.203, p=0.00
2026-09-04 14:01:22,678 - DVPTest - DEBUG - 阶段 DONE，忽略新数据 t=35.20
2026-09-04 14:01:22,680 - DVPTest - INFO - [串口] cuff=0 mmHg
2026-09-04 14:01:22,772 - DVPTest - DEBUG - 发出 sig_data: t=35.298, p=0.00
2026-09-04 14:01:22,774 - DVPTest - DEBUG - 阶段 DONE，忽略新数据 t=35.30
2026-09-04 14:01:22,774 - DVPTest - INFO - [串口] cuff=0 mmHg
2026-09-04 14:01:22,868 - DVPTest - DEBUG - 发出 sig_data: t=35.394, p=0.00
2026-09-04 14:01:22,870 - DVPTest - DEBUG - 阶段 DONE，忽略新数据 t=35.39
2026-09-04 14:01:22,870 - DVPTest - INFO - [串口] cuff=0 mmHg
2026-09-04 14:01:22,964 - DVPTest - DEBUG - 发出 sig_data: t=35.490, p=0.00
2026-09-04 14:01:22,966 - DVPTest - DEBUG - 阶段 DONE，忽略新数据 t=35.49
2026-09-04 14:01:22,967 - DVPTest - INFO - [串口] cuff=0 mmHg
2026-09-04 14:01:23,076 - DVPTest - DEBUG - 发出 sig_data: t=35.602, p=0.00
2026-09-04 14:01:23,077 - DVPTest - DEBUG - 阶段 DONE，忽略新数据 t=35.60
2026-09-04 14:01:23,077 - DVPTest - INFO - [串口] cuff=0 mmHg
2026-09-04 14:01:23,171 - DVPTest - DEBUG - 发出 sig_data: t=35.697, p=0.00
2026-09-04 14:01:23,174 - DVPTest - DEBUG - 阶段 DONE，忽略新数据 t=35.70
2026-09-04 14:01:23,176 - DVPTest - INFO - [串口] cuff=0 mmHg
2026-09-04 14:01:23,268 - DVPTest - DEBUG - 发出 sig_data: t=35.794, p=0.00
2026-09-04 14:01:23,273 - DVPTest - DEBUG - 阶段 DONE，忽略新数据 t=35.79
2026-09-04 14:01:23,275 - DVPTest - INFO - [串口] cuff=0 mmHg
2026-09-04 14:01:23,378 - DVPTest - DEBUG - 发出 sig_data: t=35.905, p=0.00
2026-09-04 14:01:23,380 - DVPTest - DEBUG - 阶段 DONE，忽略新数据 t=35.90
2026-09-04 14:01:23,381 - DVPTest - INFO - [串口] cuff=0 mmHg
2026-09-04 14:01:23,475 - DVPTest - DEBUG - 发出 sig_data: t=36.002, p=0.00
2026-09-04 14:01:23,478 - DVPTest - DEBUG - 阶段 DONE，忽略新数据 t=36.00
2026-09-04 14:01:23,479 - DVPTest - INFO - [串口] cuff=0 mmHg
2026-09-04 14:01:23,570 - DVPTest - DEBUG - 发出 sig_data: t=36.097, p=0.00
2026-09-04 14:01:23,572 - DVPTest - DEBUG - 阶段 DONE，忽略新数据 t=36.10
2026-09-04 14:01:23,573 - DVPTest - INFO - [串口] cuff=0 mmHg
2026-09-04 14:01:23,666 - DVPTest - DEBUG - 发出 sig_data: t=36.193, p=0.00
2026-09-04 14:01:23,669 - DVPTest - DEBUG - 阶段 DONE，忽略新数据 t=36.19
2026-09-04 14:01:23,670 - DVPTest - INFO - [串口] cuff=0 mmHg
2026-09-04 14:01:23,778 - DVPTest - DEBUG - 发出 sig_data: t=36.305, p=0.00
2026-09-04 14:01:23,782 - DVPTest - DEBUG - 阶段 DONE，忽略新数据 t=36.30
2026-09-04 14:01:23,783 - DVPTest - INFO - [串口] cuff=0 mmHg
2026-09-04 14:01:23,874 - DVPTest - DEBUG - 发出 sig_data: t=36.400, p=0.00
2026-09-04 14:01:23,875 - DVPTest - DEBUG - 阶段 DONE，忽略新数据 t=36.40
2026-09-04 14:01:23,875 - DVPTest - INFO - [串口] cuff=0 mmHg
2026-09-04 14:01:23,970 - DVPTest - DEBUG - 发出 sig_data: t=36.496, p=0.00
2026-09-04 14:01:23,970 - DVPTest - DEBUG - 阶段 DONE，忽略新数据 t=36.50
2026-09-04 14:01:23,971 - DVPTest - INFO - [串口] cuff=0 mmHg
2026-09-04 14:01:24,065 - DVPTest - DEBUG - 发出 sig_data: t=36.592, p=0.00
2026-09-04 14:01:24,067 - DVPTest - DEBUG - 阶段 DONE，忽略新数据 t=36.59
2026-09-04 14:01:24,067 - DVPTest - INFO - [串口] cuff=0 mmHg
2026-09-04 14:01:24,178 - DVPTest - DEBUG - 发出 sig_data: t=36.704, p=0.00
2026-09-04 14:01:24,180 - DVPTest - DEBUG - 阶段 DONE，忽略新数据 t=36.70
2026-09-04 14:01:24,181 - DVPTest - INFO - [串口] cuff=0 mmHg
2026-09-04 14:01:24,273 - DVPTest - DEBUG - 发出 sig_data: t=36.800, p=0.00
2026-09-04 14:01:24,276 - DVPTest - DEBUG - 阶段 DONE，忽略新数据 t=36.80
2026-09-04 14:01:24,277 - DVPTest - INFO - [串口] cuff=0 mmHg
2026-09-04 14:01:24,369 - DVPTest - DEBUG - 发出 sig_data: t=36.895, p=0.00
2026-09-04 14:01:24,370 - DVPTest - DEBUG - 阶段 DONE，忽略新数据 t=36.90
2026-09-04 14:01:24,371 - DVPTest - INFO - [串口] cuff=0 mmHg
2026-09-04 14:01:24,466 - DVPTest - DEBUG - 发出 sig_data: t=36.992, p=0.00
2026-09-04 14:01:24,468 - DVPTest - DEBUG - 阶段 DONE，忽略新数据 t=36.99
2026-09-04 14:01:24,469 - DVPTest - INFO - [串口] cuff=0 mmHg
2026-09-04 14:01:24,577 - DVPTest - DEBUG - 发出 sig_data: t=37.104, p=0.00
2026-09-04 14:01:24,580 - DVPTest - DEBUG - 阶段 DONE，忽略新数据 t=37.10
2026-09-04 14:01:24,581 - DVPTest - INFO - [串口] cuff=0 mmHg
2026-09-04 14:01:24,672 - DVPTest - DEBUG - 发出 sig_data: t=37.199, p=0.00
2026-09-04 14:01:24,673 - DVPTest - DEBUG - 阶段 DONE，忽略新数据 t=37.20
2026-09-04 14:01:24,673 - DVPTest - INFO - [串口] cuff=0 mmHg
2026-09-04 14:01:24,769 - DVPTest - DEBUG - 发出 sig_data: t=37.295, p=0.00
2026-09-04 14:01:24,769 - DVPTest - DEBUG - 阶段 DONE，忽略新数据 t=37.29
2026-09-04 14:01:24,770 - DVPTest - INFO - [串口] cuff=0 mmHg
2026-09-04 14:01:24,864 - DVPTest - DEBUG - 发出 sig_data: t=37.391, p=0.00
2026-09-04 14:01:24,868 - DVPTest - DEBUG - 阶段 DONE，忽略新数据 t=37.39
2026-09-04 14:01:24,870 - DVPTest - INFO - [串口] cuff=0 mmHg
2026-09-04 14:01:24,976 - DVPTest - DEBUG - 发出 sig_data: t=37.502, p=0.00
2026-09-04 14:01:24,976 - DVPTest - DEBUG - 阶段 DONE，忽略新数据 t=37.50
2026-09-04 14:01:24,977 - DVPTest - INFO - [串口] cuff=0 mmHg
2026-09-04 14:01:25,072 - DVPTest - DEBUG - 发出 sig_data: t=37.599, p=0.00
2026-09-04 14:01:25,076 - DVPTest - DEBUG - 阶段 DONE，忽略新数据 t=37.60
2026-09-04 14:01:25,077 - DVPTest - INFO - [串口] cuff=0 mmHg
2026-09-04 14:01:25,168 - DVPTest - DEBUG - 发出 sig_data: t=37.694, p=0.00
2026-09-04 14:01:25,172 - DVPTest - DEBUG - 阶段 DONE，忽略新数据 t=37.69
2026-09-04 14:01:25,173 - DVPTest - INFO - [串口] cuff=0 mmHg
2026-09-04 14:01:25,279 - DVPTest - DEBUG - 发出 sig_data: t=37.806, p=0.00
2026-09-04 14:01:25,281 - DVPTest - DEBUG - 阶段 DONE，忽略新数据 t=37.81
2026-09-04 14:01:25,281 - DVPTest - INFO - [串口] cuff=0 mmHg
2026-09-04 14:01:25,376 - DVPTest - DEBUG - 发出 sig_data: t=37.903, p=0.00
2026-09-04 14:01:25,379 - DVPTest - DEBUG - 阶段 DONE，忽略新数据 t=37.90
2026-09-04 14:01:25,380 - DVPTest - INFO - [串口] cuff=0 mmHg
2026-09-04 14:01:25,471 - DVPTest - DEBUG - 发出 sig_data: t=37.998, p=0.00
2026-09-04 14:01:25,473 - DVPTest - DEBUG - 阶段 DONE，忽略新数据 t=38.00
2026-09-04 14:01:25,473 - DVPTest - INFO - [串口] cuff=0 mmHg
2026-09-04 14:01:25,567 - DVPTest - DEBUG - 发出 sig_data: t=38.094, p=0.00
2026-09-04 14:01:25,568 - DVPTest - DEBUG - 阶段 DONE，忽略新数据 t=38.09
2026-09-04 14:01:25,569 - DVPTest - INFO - [串口] cuff=0 mmHg
2026-09-04 14:01:25,679 - DVPTest - DEBUG - 发出 sig_data: t=38.206, p=0.00
2026-09-04 14:01:25,684 - DVPTest - DEBUG - 阶段 DONE，忽略新数据 t=38.21
2026-09-04 14:01:25,685 - DVPTest - INFO - [串口] cuff=0 mmHg
2026-09-04 14:01:25,775 - DVPTest - DEBUG - 发出 sig_data: t=38.301, p=0.00
2026-09-04 14:01:25,778 - DVPTest - DEBUG - 阶段 DONE，忽略新数据 t=38.30
2026-09-04 14:01:25,779 - DVPTest - INFO - [串口] cuff=0 mmHg
2026-09-04 14:01:25,871 - DVPTest - DEBUG - 发出 sig_data: t=38.397, p=0.00
2026-09-04 14:01:25,871 - DVPTest - DEBUG - 阶段 DONE，忽略新数据 t=38.40
2026-09-04 14:01:25,873 - DVPTest - INFO - [串口] cuff=0 mmHg
2026-09-04 14:01:25,967 - DVPTest - DEBUG - 发出 sig_data: t=38.494, p=0.00
2026-09-04 14:01:25,968 - DVPTest - DEBUG - 阶段 DONE，忽略新数据 t=38.49
2026-09-04 14:01:25,969 - DVPTest - INFO - [串口] cuff=0 mmHg
2026-09-04 14:01:26,079 - DVPTest - DEBUG - 发出 sig_data: t=38.605, p=0.00
2026-09-04 14:01:26,079 - DVPTest - DEBUG - 阶段 DONE，忽略新数据 t=38.60
2026-09-04 14:01:26,079 - DVPTest - INFO - [串口] cuff=0 mmHg
2026-09-04 14:01:26,174 - DVPTest - DEBUG - 发出 sig_data: t=38.700, p=0.00
2026-09-04 14:01:26,175 - DVPTest - DEBUG - 阶段 DONE，忽略新数据 t=38.70
2026-09-04 14:01:26,176 - DVPTest - INFO - [串口] cuff=0 mmHg
2026-09-04 14:01:26,271 - DVPTest - DEBUG - 发出 sig_data: t=38.797, p=0.00
2026-09-04 14:01:26,274 - DVPTest - DEBUG - 阶段 DONE，忽略新数据 t=38.80
2026-09-04 14:01:26,275 - DVPTest - INFO - [串口] cuff=0 mmHg
2026-09-04 14:01:26,366 - DVPTest - DEBUG - 发出 sig_data: t=38.893, p=0.00
2026-09-04 14:01:26,367 - DVPTest - DEBUG - 阶段 DONE，忽略新数据 t=38.89
2026-09-04 14:01:26,368 - DVPTest - INFO - [串口] cuff=0 mmHg
2026-09-04 14:01:26,478 - DVPTest - DEBUG - 发出 sig_data: t=39.004, p=0.00
2026-09-04 14:01:26,480 - DVPTest - DEBUG - 阶段 DONE，忽略新数据 t=39.00
2026-09-04 14:01:26,480 - DVPTest - INFO - [串口] cuff=0 mmHg
2026-09-04 14:01:26,574 - DVPTest - DEBUG - 发出 sig_data: t=39.100, p=0.00
2026-09-04 14:01:26,576 - DVPTest - DEBUG - 阶段 DONE，忽略新数据 t=39.10
2026-09-04 14:01:26,576 - DVPTest - INFO - [串口] cuff=0 mmHg
2026-09-04 14:01:26,670 - DVPTest - DEBUG - 发出 sig_data: t=39.197, p=0.00
2026-09-04 14:01:26,671 - DVPTest - DEBUG - 阶段 DONE，忽略新数据 t=39.20
2026-09-04 14:01:26,673 - DVPTest - INFO - [串口] cuff=0 mmHg
2026-09-04 14:01:26,766 - DVPTest - DEBUG - 发出 sig_data: t=39.292, p=0.00
2026-09-04 14:01:26,768 - DVPTest - DEBUG - 阶段 DONE，忽略新数据 t=39.29
2026-09-04 14:01:26,769 - DVPTest - INFO - [串口] cuff=0 mmHg
2026-09-04 14:01:26,878 - DVPTest - DEBUG - 发出 sig_data: t=39.404, p=0.00
2026-09-04 14:01:26,880 - DVPTest - DEBUG - 阶段 DONE，忽略新数据 t=39.40
2026-09-04 14:01:26,881 - DVPTest - INFO - [串口] cuff=0 mmHg
2026-09-04 14:01:26,973 - DVPTest - DEBUG - 发出 sig_data: t=39.499, p=0.00
2026-09-04 14:01:26,974 - DVPTest - DEBUG - 阶段 DONE，忽略新数据 t=39.50
2026-09-04 14:01:26,975 - DVPTest - INFO - [串口] cuff=0 mmHg
2026-09-04 14:01:27,070 - DVPTest - DEBUG - 发出 sig_data: t=39.596, p=0.00
2026-09-04 14:01:27,073 - DVPTest - DEBUG - 阶段 DONE，忽略新数据 t=39.60
2026-09-04 14:01:27,073 - DVPTest - INFO - [串口] cuff=0 mmHg
2026-09-04 14:01:27,166 - DVPTest - DEBUG - 发出 sig_data: t=39.692, p=0.00
2026-09-04 14:01:27,168 - DVPTest - DEBUG - 阶段 DONE，忽略新数据 t=39.69
2026-09-04 14:01:27,172 - DVPTest - INFO - [串口] cuff=0 mmHg
2026-09-04 14:01:27,277 - DVPTest - DEBUG - 发出 sig_data: t=39.804, p=0.00
2026-09-04 14:01:27,278 - DVPTest - DEBUG - 阶段 DONE，忽略新数据 t=39.80
2026-09-04 14:01:27,279 - DVPTest - INFO - [串口] cuff=0 mmHg
2026-09-04 14:01:27,373 - DVPTest - DEBUG - 发出 sig_data: t=39.899, p=0.00
2026-09-04 14:01:27,375 - DVPTest - DEBUG - 阶段 DONE，忽略新数据 t=39.90
2026-09-04 14:01:27,376 - DVPTest - INFO - [串口] cuff=0 mmHg
2026-09-04 14:01:27,469 - DVPTest - DEBUG - 发出 sig_data: t=39.995, p=0.00
2026-09-04 14:01:27,469 - DVPTest - DEBUG - 阶段 DONE，忽略新数据 t=40.00
2026-09-04 14:01:27,470 - DVPTest - INFO - [串口] cuff=0 mmHg
2026-09-04 14:01:27,579 - DVPTest - DEBUG - 发出 sig_data: t=40.106, p=0.00
2026-09-04 14:01:27,582 - DVPTest - DEBUG - 阶段 DONE，忽略新数据 t=40.11
2026-09-04 14:01:27,583 - DVPTest - INFO - [串口] cuff=0 mmHg
2026-09-04 14:01:27,677 - DVPTest - DEBUG - 发出 sig_data: t=40.203, p=0.00
2026-09-04 14:01:27,679 - DVPTest - DEBUG - 阶段 DONE，忽略新数据 t=40.20
2026-09-04 14:01:27,680 - DVPTest - INFO - [串口] cuff=0 mmHg
2026-09-04 14:01:27,772 - DVPTest - DEBUG - 发出 sig_data: t=40.298, p=0.00
2026-09-04 14:01:27,774 - DVPTest - DEBUG - 阶段 DONE，忽略新数据 t=40.30
2026-09-04 14:01:27,774 - DVPTest - INFO - [串口] cuff=0 mmHg
2026-09-04 14:01:27,868 - DVPTest - DEBUG - 发出 sig_data: t=40.395, p=0.00
2026-09-04 14:01:27,871 - DVPTest - DEBUG - 阶段 DONE，忽略新数据 t=40.39
2026-09-04 14:01:27,874 - DVPTest - INFO - [串口] cuff=0 mmHg
2026-09-04 14:01:27,979 - DVPTest - DEBUG - 发出 sig_data: t=40.506, p=0.00
2026-09-04 14:01:27,984 - DVPTest - DEBUG - 阶段 DONE，忽略新数据 t=40.51
2026-09-04 14:01:27,985 - DVPTest - INFO - [串口] cuff=0 mmHg
2026-09-04 14:01:28,076 - DVPTest - DEBUG - 发出 sig_data: t=40.602, p=0.00
2026-09-04 14:01:28,076 - DVPTest - DEBUG - 阶段 DONE，忽略新数据 t=40.60
2026-09-04 14:01:28,077 - DVPTest - INFO - [串口] cuff=0 mmHg
2026-09-04 14:01:28,172 - DVPTest - DEBUG - 发出 sig_data: t=40.698, p=0.00
2026-09-04 14:01:28,174 - DVPTest - DEBUG - 阶段 DONE，忽略新数据 t=40.70
2026-09-04 14:01:28,175 - DVPTest - INFO - [串口] cuff=0 mmHg
2026-09-04 14:01:28,270 - DVPTest - DEBUG - 发出 sig_data: t=40.796, p=0.00
2026-09-04 14:01:28,272 - DVPTest - DEBUG - 阶段 DONE，忽略新数据 t=40.80
2026-09-04 14:01:28,273 - DVPTest - INFO - [串口] cuff=0 mmHg
2026-09-04 14:01:28,380 - DVPTest - DEBUG - 发出 sig_data: t=40.906, p=0.00
2026-09-04 14:01:28,382 - DVPTest - DEBUG - 阶段 DONE，忽略新数据 t=40.91
2026-09-04 14:01:28,383 - DVPTest - INFO - [串口] cuff=0 mmHg
2026-09-04 14:01:28,475 - DVPTest - DEBUG - 发出 sig_data: t=41.001, p=0.00
2026-09-04 14:01:28,478 - DVPTest - DEBUG - 阶段 DONE，忽略新数据 t=41.00
2026-09-04 14:01:28,479 - DVPTest - INFO - [串口] cuff=0 mmHg
2026-09-04 14:01:28,571 - DVPTest - DEBUG - 发出 sig_data: t=41.097, p=0.00
2026-09-04 14:01:28,573 - DVPTest - DEBUG - 阶段 DONE，忽略新数据 t=41.10
2026-09-04 14:01:28,573 - DVPTest - INFO - [串口] cuff=0 mmHg
2026-09-04 14:01:28,667 - DVPTest - DEBUG - 发出 sig_data: t=41.194, p=0.00
2026-09-04 14:01:28,670 - DVPTest - DEBUG - 阶段 DONE，忽略新数据 t=41.19
2026-09-04 14:01:28,671 - DVPTest - INFO - [串口] cuff=0 mmHg
2026-09-04 14:01:28,782 - DVPTest - DEBUG - 发出 sig_data: t=41.308, p=0.00
2026-09-04 14:01:28,783 - DVPTest - DEBUG - 阶段 DONE，忽略新数据 t=41.31
2026-09-04 14:01:28,784 - DVPTest - INFO - [串口] cuff=0 mmHg
2026-09-04 14:01:28,875 - DVPTest - DEBUG - 发出 sig_data: t=41.401, p=0.00
2026-09-04 14:01:28,877 - DVPTest - DEBUG - 阶段 DONE，忽略新数据 t=41.40
2026-09-04 14:01:28,878 - DVPTest - INFO - [串口] cuff=0 mmHg
2026-09-04 14:01:28,971 - DVPTest - DEBUG - 发出 sig_data: t=41.497, p=0.00
2026-09-04 14:01:28,971 - DVPTest - DEBUG - 阶段 DONE，忽略新数据 t=41.50
2026-09-04 14:01:28,972 - DVPTest - INFO - [串口] cuff=0 mmHg
2026-09-04 14:01:29,066 - DVPTest - DEBUG - 发出 sig_data: t=41.592, p=0.00
2026-09-04 14:01:29,067 - DVPTest - DEBUG - 阶段 DONE，忽略新数据 t=41.59
2026-09-04 14:01:29,067 - DVPTest - INFO - [串口] cuff=0 mmHg
2026-09-04 14:01:29,178 - DVPTest - DEBUG - 发出 sig_data: t=41.704, p=0.00
2026-09-04 14:01:29,178 - DVPTest - DEBUG - 阶段 DONE，忽略新数据 t=41.70
2026-09-04 14:01:29,180 - DVPTest - INFO - [串口] cuff=0 mmHg
2026-09-04 14:01:29,274 - DVPTest - DEBUG - 发出 sig_data: t=41.801, p=0.00
2026-09-04 14:01:29,278 - DVPTest - DEBUG - 阶段 DONE，忽略新数据 t=41.80
2026-09-04 14:01:29,279 - DVPTest - INFO - [串口] cuff=0 mmHg
2026-09-04 14:01:29,370 - DVPTest - DEBUG - 发出 sig_data: t=41.896, p=0.00
2026-09-04 14:01:29,371 - DVPTest - DEBUG - 阶段 DONE，忽略新数据 t=41.90
2026-09-04 14:01:29,372 - DVPTest - INFO - [串口] cuff=0 mmHg
2026-09-04 14:01:29,466 - DVPTest - DEBUG - 发出 sig_data: t=41.992, p=0.00
2026-09-04 14:01:29,468 - DVPTest - DEBUG - 阶段 DONE，忽略新数据 t=41.99
2026-09-04 14:01:29,469 - DVPTest - INFO - [串口] cuff=0 mmHg
2026-09-04 14:01:29,578 - DVPTest - DEBUG - 发出 sig_data: t=42.104, p=0.00
2026-09-04 14:01:29,581 - DVPTest - DEBUG - 阶段 DONE，忽略新数据 t=42.10
2026-09-04 14:01:29,582 - DVPTest - INFO - [串口] cuff=0 mmHg
2026-09-04 14:01:29,673 - DVPTest - DEBUG - 发出 sig_data: t=42.199, p=0.00
2026-09-04 14:01:29,673 - DVPTest - DEBUG - 阶段 DONE，忽略新数据 t=42.20
2026-09-04 14:01:29,674 - DVPTest - INFO - [串口] cuff=0 mmHg
2026-09-04 14:01:29,769 - DVPTest - DEBUG - 发出 sig_data: t=42.295, p=0.00
2026-09-04 14:01:29,770 - DVPTest - DEBUG - 阶段 DONE，忽略新数据 t=42.30
2026-09-04 14:01:29,770 - DVPTest - INFO - [串口] cuff=0 mmHg
2026-09-04 14:01:29,880 - DVPTest - DEBUG - 发出 sig_data: t=42.406, p=0.00
2026-09-04 14:01:29,883 - DVPTest - DEBUG - 阶段 DONE，忽略新数据 t=42.41
2026-09-04 14:01:29,884 - DVPTest - INFO - [串口] cuff=0 mmHg
2026-09-04 14:01:29,977 - DVPTest - DEBUG - 发出 sig_data: t=42.503, p=0.00
2026-09-04 14:01:29,978 - DVPTest - DEBUG - 阶段 DONE，忽略新数据 t=42.50
2026-09-04 14:01:29,979 - DVPTest - INFO - [串口] cuff=0 mmHg
2026-09-04 14:01:30,073 - DVPTest - DEBUG - 发出 sig_data: t=42.599, p=0.00
2026-09-04 14:01:30,075 - DVPTest - DEBUG - 阶段 DONE，忽略新数据 t=42.60
2026-09-04 14:01:30,075 - DVPTest - INFO - [串口] cuff=0 mmHg
2026-09-04 14:01:30,169 - DVPTest - DEBUG - 发出 sig_data: t=42.695, p=0.00
2026-09-04 14:01:30,171 - DVPTest - DEBUG - 阶段 DONE，忽略新数据 t=42.70
2026-09-04 14:01:30,171 - DVPTest - INFO - [串口] cuff=0 mmHg
2026-09-04 14:01:30,279 - DVPTest - DEBUG - 发出 sig_data: t=42.806, p=0.00
2026-09-04 14:01:30,280 - DVPTest - DEBUG - 阶段 DONE，忽略新数据 t=42.81
2026-09-04 14:01:30,282 - DVPTest - INFO - [串口] cuff=0 mmHg
2026-09-04 14:01:30,376 - DVPTest - DEBUG - 发出 sig_data: t=42.903, p=0.00
2026-09-04 14:01:30,378 - DVPTest - DEBUG - 阶段 DONE，忽略新数据 t=42.90
2026-09-04 14:01:30,378 - DVPTest - INFO - [串口] cuff=0 mmHg
2026-09-04 14:01:30,472 - DVPTest - DEBUG - 发出 sig_data: t=42.999, p=0.00
2026-09-04 14:01:30,475 - DVPTest - DEBUG - 阶段 DONE，忽略新数据 t=43.00
2026-09-04 14:01:30,477 - DVPTest - INFO - [串口] cuff=0 mmHg
2026-09-04 14:01:30,568 - DVPTest - DEBUG - 发出 sig_data: t=43.094, p=0.00
2026-09-04 14:01:30,569 - DVPTest - DEBUG - 阶段 DONE，忽略新数据 t=43.09
2026-09-04 14:01:30,570 - DVPTest - INFO - [串口] cuff=0 mmHg
2026-09-04 14:01:30,679 - DVPTest - DEBUG - 发出 sig_data: t=43.205, p=0.00
2026-09-04 14:01:30,680 - DVPTest - DEBUG - 阶段 DONE，忽略新数据 t=43.21
2026-09-04 14:01:30,681 - DVPTest - INFO - [串口] cuff=0 mmHg
2026-09-04 14:01:30,775 - DVPTest - DEBUG - 发出 sig_data: t=43.301, p=0.00
2026-09-04 14:01:30,777 - DVPTest - DEBUG - 阶段 DONE，忽略新数据 t=43.30
2026-09-04 14:01:30,777 - DVPTest - INFO - [串口] cuff=0 mmHg
2026-09-04 14:01:30,871 - DVPTest - DEBUG - 发出 sig_data: t=43.397, p=0.00
2026-09-04 14:01:30,873 - DVPTest - DEBUG - 阶段 DONE，忽略新数据 t=43.40
2026-09-04 14:01:30,875 - DVPTest - INFO - [串口] cuff=0 mmHg
2026-09-04 14:01:30,968 - DVPTest - DEBUG - 发出 sig_data: t=43.494, p=0.00
2026-09-04 14:01:30,972 - DVPTest - DEBUG - 阶段 DONE，忽略新数据 t=43.49
2026-09-04 14:01:30,973 - DVPTest - INFO - [串口] cuff=0 mmHg
2026-09-04 14:01:31,079 - DVPTest - DEBUG - 发出 sig_data: t=43.605, p=0.00
2026-09-04 14:01:31,080 - DVPTest - DEBUG - 阶段 DONE，忽略新数据 t=43.61
2026-09-04 14:01:31,081 - DVPTest - INFO - [串口] cuff=0 mmHg
2026-09-04 14:01:31,175 - DVPTest - DEBUG - 发出 sig_data: t=43.701, p=0.00
2026-09-04 14:01:31,175 - DVPTest - DEBUG - 阶段 DONE，忽略新数据 t=43.70
2026-09-04 14:01:31,176 - DVPTest - INFO - [串口] cuff=0 mmHg
2026-09-04 14:01:31,271 - DVPTest - DEBUG - 发出 sig_data: t=43.797, p=0.00
2026-09-04 14:01:31,273 - DVPTest - DEBUG - 阶段 DONE，忽略新数据 t=43.80
2026-09-04 14:01:31,275 - DVPTest - INFO - [串口] cuff=0 mmHg
2026-09-04 14:01:31,367 - DVPTest - DEBUG - 发出 sig_data: t=43.893, p=0.00
2026-09-04 14:01:31,367 - DVPTest - DEBUG - 阶段 DONE，忽略新数据 t=43.89
2026-09-04 14:01:31,368 - DVPTest - INFO - [串口] cuff=0 mmHg
2026-09-04 14:01:31,479 - DVPTest - DEBUG - 发出 sig_data: t=44.005, p=0.00
2026-09-04 14:01:31,481 - DVPTest - DEBUG - 阶段 DONE，忽略新数据 t=44.01
2026-09-04 14:01:31,482 - DVPTest - INFO - [串口] cuff=0 mmHg
2026-09-04 14:01:31,575 - DVPTest - DEBUG - 发出 sig_data: t=44.101, p=0.00
2026-09-04 14:01:31,579 - DVPTest - DEBUG - 阶段 DONE，忽略新数据 t=44.10
2026-09-04 14:01:31,581 - DVPTest - INFO - [串口] cuff=0 mmHg
2026-09-04 14:01:31,670 - DVPTest - DEBUG - 发出 sig_data: t=44.196, p=0.00
2026-09-04 14:01:31,672 - DVPTest - DEBUG - 阶段 DONE，忽略新数据 t=44.20
2026-09-04 14:01:31,673 - DVPTest - INFO - [串口] cuff=0 mmHg
2026-09-04 14:01:31,782 - DVPTest - DEBUG - 发出 sig_data: t=44.308, p=0.00
2026-09-04 14:01:31,783 - DVPTest - DEBUG - 阶段 DONE，忽略新数据 t=44.31
2026-09-04 14:01:31,784 - DVPTest - INFO - [串口] cuff=0 mmHg
2026-09-04 14:01:31,879 - DVPTest - DEBUG - 发出 sig_data: t=44.405, p=0.00
2026-09-04 14:01:31,881 - DVPTest - DEBUG - 阶段 DONE，忽略新数据 t=44.40
2026-09-04 14:01:31,882 - DVPTest - INFO - [串口] cuff=0 mmHg
2026-09-04 14:01:31,974 - DVPTest - DEBUG - 发出 sig_data: t=44.500, p=0.00
2026-09-04 14:01:31,975 - DVPTest - DEBUG - 阶段 DONE，忽略新数据 t=44.50
2026-09-04 14:01:31,976 - DVPTest - INFO - [串口] cuff=0 mmHg
2026-09-04 14:01:32,070 - DVPTest - DEBUG - 发出 sig_data: t=44.596, p=0.00
2026-09-04 14:01:32,072 - DVPTest - DEBUG - 阶段 DONE，忽略新数据 t=44.60
2026-09-04 14:01:32,073 - DVPTest - INFO - [串口] cuff=0 mmHg
2026-09-04 14:01:32,180 - DVPTest - DEBUG - 发出 sig_data: t=44.707, p=0.00
2026-09-04 14:01:32,183 - DVPTest - DEBUG - 阶段 DONE，忽略新数据 t=44.71
2026-09-04 14:01:32,183 - DVPTest - INFO - [串口] cuff=0 mmHg
2026-09-04 14:01:32,277 - DVPTest - DEBUG - 发出 sig_data: t=44.803, p=0.00
2026-09-04 14:01:32,278 - DVPTest - DEBUG - 阶段 DONE，忽略新数据 t=44.80
2026-09-04 14:01:32,279 - DVPTest - INFO - [串口] cuff=0 mmHg
2026-09-04 14:01:32,373 - DVPTest - DEBUG - 发出 sig_data: t=44.899, p=0.00
2026-09-04 14:01:32,376 - DVPTest - DEBUG - 阶段 DONE，忽略新数据 t=44.90
2026-09-04 14:01:32,377 - DVPTest - INFO - [串口] cuff=0 mmHg
2026-09-04 14:01:32,469 - DVPTest - DEBUG - 发出 sig_data: t=44.996, p=0.00
2026-09-04 14:01:32,471 - DVPTest - DEBUG - 阶段 DONE，忽略新数据 t=45.00
2026-09-04 14:01:32,474 - DVPTest - INFO - [串口] cuff=0 mmHg
2026-09-04 14:01:32,581 - DVPTest - DEBUG - 发出 sig_data: t=45.107, p=0.00
2026-09-04 14:01:32,583 - DVPTest - DEBUG - 阶段 DONE，忽略新数据 t=45.11
2026-09-04 14:01:32,584 - DVPTest - INFO - [串口] cuff=0 mmHg
2026-09-04 14:01:32,677 - DVPTest - DEBUG - 发出 sig_data: t=45.203, p=0.00
2026-09-04 14:01:32,679 - DVPTest - DEBUG - 阶段 DONE，忽略新数据 t=45.20
2026-09-04 14:01:32,679 - DVPTest - INFO - [串口] cuff=0 mmHg
2026-09-04 14:01:32,773 - DVPTest - DEBUG - 发出 sig_data: t=45.299, p=0.00
2026-09-04 14:01:32,775 - DVPTest - DEBUG - 阶段 DONE，忽略新数据 t=45.30
2026-09-04 14:01:32,775 - DVPTest - INFO - [串口] cuff=0 mmHg
2026-09-04 14:01:32,868 - DVPTest - DEBUG - 发出 sig_data: t=45.394, p=0.00
2026-09-04 14:01:32,870 - DVPTest - DEBUG - 阶段 DONE，忽略新数据 t=45.39
2026-09-04 14:01:32,871 - DVPTest - INFO - [串口] cuff=0 mmHg
2026-09-04 14:01:32,980 - DVPTest - DEBUG - 发出 sig_data: t=45.507, p=0.00
2026-09-04 14:01:32,983 - DVPTest - DEBUG - 阶段 DONE，忽略新数据 t=45.51
2026-09-04 14:01:32,984 - DVPTest - INFO - [串口] cuff=0 mmHg
2026-09-04 14:01:33,076 - DVPTest - DEBUG - 发出 sig_data: t=45.602, p=0.00
2026-09-04 14:01:33,077 - DVPTest - DEBUG - 阶段 DONE，忽略新数据 t=45.60
2026-09-04 14:01:33,077 - DVPTest - INFO - [串口] cuff=0 mmHg
2026-09-04 14:01:33,174 - DVPTest - DEBUG - 发出 sig_data: t=45.700, p=0.00
2026-09-04 14:01:33,177 - DVPTest - DEBUG - 阶段 DONE，忽略新数据 t=45.70
2026-09-04 14:01:33,178 - DVPTest - INFO - [串口] cuff=0 mmHg
2026-09-04 14:01:33,268 - DVPTest - DEBUG - 发出 sig_data: t=45.794, p=0.00
2026-09-04 14:01:33,271 - DVPTest - DEBUG - 阶段 DONE，忽略新数据 t=45.79
2026-09-04 14:01:33,272 - DVPTest - INFO - [串口] cuff=0 mmHg
2026-09-04 14:01:33,380 - DVPTest - DEBUG - 发出 sig_data: t=45.906, p=0.00
2026-09-04 14:01:33,381 - DVPTest - DEBUG - 阶段 DONE，忽略新数据 t=45.91
2026-09-04 14:01:33,381 - DVPTest - INFO - [串口] cuff=0 mmHg
2026-09-04 14:01:33,475 - DVPTest - DEBUG - 发出 sig_data: t=46.001, p=0.00
2026-09-04 14:01:33,477 - DVPTest - DEBUG - 阶段 DONE，忽略新数据 t=46.00
2026-09-04 14:01:33,478 - DVPTest - INFO - [串口] cuff=0 mmHg
2026-09-04 14:01:33,571 - DVPTest - DEBUG - 发出 sig_data: t=46.097, p=0.00
2026-09-04 14:01:33,572 - DVPTest - DEBUG - 阶段 DONE，忽略新数据 t=46.10
2026-09-04 14:01:33,573 - DVPTest - INFO - [串口] cuff=0 mmHg
2026-09-04 14:01:33,668 - DVPTest - DEBUG - 发出 sig_data: t=46.194, p=0.00
2026-09-04 14:01:33,671 - DVPTest - DEBUG - 阶段 DONE，忽略新数据 t=46.19
2026-09-04 14:01:33,672 - DVPTest - INFO - [串口] cuff=0 mmHg
2026-09-04 14:01:33,779 - DVPTest - DEBUG - 发出 sig_data: t=46.305, p=0.00
2026-09-04 14:01:33,781 - DVPTest - DEBUG - 阶段 DONE，忽略新数据 t=46.31
2026-09-04 14:01:33,782 - DVPTest - INFO - [串口] cuff=0 mmHg
2026-09-04 14:01:33,875 - DVPTest - DEBUG - 发出 sig_data: t=46.401, p=0.00
2026-09-04 14:01:33,876 - DVPTest - DEBUG - 阶段 DONE，忽略新数据 t=46.40
2026-09-04 14:01:33,877 - DVPTest - INFO - [串口] cuff=0 mmHg
2026-09-04 14:01:33,971 - DVPTest - DEBUG - 发出 sig_data: t=46.497, p=0.00
2026-09-04 14:01:33,973 - DVPTest - DEBUG - 阶段 DONE，忽略新数据 t=46.50
2026-09-04 14:01:33,974 - DVPTest - INFO - [串口] cuff=0 mmHg
2026-09-04 14:01:34,082 - DVPTest - DEBUG - 发出 sig_data: t=46.608, p=0.00
2026-09-04 14:01:34,082 - DVPTest - DEBUG - 阶段 DONE，忽略新数据 t=46.61
2026-09-04 14:01:34,082 - DVPTest - INFO - [串口] cuff=0 mmHg
2026-09-04 14:01:34,178 - DVPTest - DEBUG - 发出 sig_data: t=46.705, p=0.00
2026-09-04 14:01:34,181 - DVPTest - DEBUG - 阶段 DONE，忽略新数据 t=46.70
2026-09-04 14:01:34,183 - DVPTest - INFO - [串口] cuff=0 mmHg
2026-09-04 14:01:34,274 - DVPTest - DEBUG - 发出 sig_data: t=46.800, p=0.00
2026-09-04 14:01:34,277 - DVPTest - DEBUG - 阶段 DONE，忽略新数据 t=46.80
2026-09-04 14:01:34,278 - DVPTest - INFO - [串口] cuff=0 mmHg
2026-09-04 14:01:34,370 - DVPTest - DEBUG - 发出 sig_data: t=46.896, p=0.00
2026-09-04 14:01:34,370 - DVPTest - DEBUG - 阶段 DONE，忽略新数据 t=46.90
2026-09-04 14:01:34,371 - DVPTest - INFO - [串口] cuff=0 mmHg
2026-09-04 14:01:34,481 - DVPTest - DEBUG - 发出 sig_data: t=47.008, p=0.00
2026-09-04 14:01:34,483 - DVPTest - DEBUG - 阶段 DONE，忽略新数据 t=47.01
2026-09-04 14:01:34,484 - DVPTest - INFO - [串口] cuff=0 mmHg
2026-09-04 14:01:34,578 - DVPTest - DEBUG - 发出 sig_data: t=47.104, p=0.00
2026-09-04 14:01:34,580 - DVPTest - DEBUG - 阶段 DONE，忽略新数据 t=47.10
2026-09-04 14:01:34,580 - DVPTest - INFO - [串口] cuff=0 mmHg
2026-09-04 14:01:34,673 - DVPTest - DEBUG - 发出 sig_data: t=47.199, p=0.00
2026-09-04 14:01:34,674 - DVPTest - DEBUG - 阶段 DONE，忽略新数据 t=47.20
2026-09-04 14:01:34,675 - DVPTest - INFO - [串口] cuff=0 mmHg
2026-09-04 14:01:34,770 - DVPTest - DEBUG - 发出 sig_data: t=47.296, p=0.00
2026-09-04 14:01:34,773 - DVPTest - DEBUG - 阶段 DONE，忽略新数据 t=47.30
2026-09-04 14:01:34,774 - DVPTest - INFO - [串口] cuff=0 mmHg
2026-09-04 14:01:34,882 - DVPTest - DEBUG - 发出 sig_data: t=47.408, p=0.00
2026-09-04 14:01:34,884 - DVPTest - DEBUG - 阶段 DONE，忽略新数据 t=47.41
2026-09-04 14:01:34,884 - DVPTest - INFO - [串口] cuff=0 mmHg
2026-09-04 14:01:34,977 - DVPTest - DEBUG - 发出 sig_data: t=47.503, p=0.00
2026-09-04 14:01:34,978 - DVPTest - DEBUG - 阶段 DONE，忽略新数据 t=47.50
2026-09-04 14:01:34,979 - DVPTest - INFO - [串口] cuff=0 mmHg
2026-09-04 14:01:35,073 - DVPTest - DEBUG - 发出 sig_data: t=47.600, p=0.00
2026-09-04 14:01:35,077 - DVPTest - DEBUG - 阶段 DONE，忽略新数据 t=47.60
2026-09-04 14:01:35,078 - DVPTest - INFO - [串口] cuff=0 mmHg
2026-09-04 14:01:35,169 - DVPTest - DEBUG - 发出 sig_data: t=47.695, p=0.00
2026-09-04 14:01:35,171 - DVPTest - DEBUG - 阶段 DONE，忽略新数据 t=47.69
2026-09-04 14:01:35,172 - DVPTest - INFO - [串口] cuff=0 mmHg
2026-09-04 14:01:35,281 - DVPTest - DEBUG - 发出 sig_data: t=47.807, p=0.00
2026-09-04 14:01:35,281 - DVPTest - DEBUG - 阶段 DONE，忽略新数据 t=47.81
2026-09-04 14:01:35,282 - DVPTest - INFO - [串口] cuff=0 mmHg
2026-09-04 14:01:35,376 - DVPTest - DEBUG - 发出 sig_data: t=47.903, p=0.00
2026-09-04 14:01:35,380 - DVPTest - DEBUG - 阶段 DONE，忽略新数据 t=47.90
2026-09-04 14:01:35,382 - DVPTest - INFO - [串口] cuff=0 mmHg
2026-09-04 14:01:35,472 - DVPTest - DEBUG - 发出 sig_data: t=47.998, p=0.00
2026-09-04 14:01:35,473 - DVPTest - DEBUG - 阶段 DONE，忽略新数据 t=48.00
2026-09-04 14:01:35,474 - DVPTest - INFO - [串口] cuff=0 mmHg
2026-09-04 14:01:35,568 - DVPTest - DEBUG - 发出 sig_data: t=48.094, p=0.00
2026-09-04 14:01:35,571 - DVPTest - DEBUG - 阶段 DONE，忽略新数据 t=48.09
2026-09-04 14:01:35,572 - DVPTest - INFO - [串口] cuff=0 mmHg
2026-09-04 14:01:35,680 - DVPTest - DEBUG - 发出 sig_data: t=48.206, p=0.00
2026-09-04 14:01:35,683 - DVPTest - DEBUG - 阶段 DONE，忽略新数据 t=48.21
2026-09-04 14:01:35,684 - DVPTest - INFO - [串口] cuff=0 mmHg
2026-09-04 14:01:35,776 - DVPTest - DEBUG - 发出 sig_data: t=48.302, p=0.00
2026-09-04 14:01:35,777 - DVPTest - DEBUG - 阶段 DONE，忽略新数据 t=48.30
2026-09-04 14:01:35,778 - DVPTest - INFO - [串口] cuff=0 mmHg
2026-09-04 14:01:35,872 - DVPTest - DEBUG - 发出 sig_data: t=48.398, p=0.00
2026-09-04 14:01:35,875 - DVPTest - DEBUG - 阶段 DONE，忽略新数据 t=48.40
2026-09-04 14:01:35,876 - DVPTest - INFO - [串口] cuff=0 mmHg
2026-09-04 14:01:35,968 - DVPTest - DEBUG - 发出 sig_data: t=48.494, p=0.00
2026-09-04 14:01:35,970 - DVPTest - DEBUG - 阶段 DONE，忽略新数据 t=48.49
2026-09-04 14:01:35,970 - DVPTest - INFO - [串口] cuff=0 mmHg
2026-09-04 14:01:36,080 - DVPTest - DEBUG - 发出 sig_data: t=48.606, p=0.00
2026-09-04 14:01:36,082 - DVPTest - DEBUG - 阶段 DONE，忽略新数据 t=48.61
2026-09-04 14:01:36,082 - DVPTest - INFO - [串口] cuff=0 mmHg
2026-09-04 14:01:36,175 - DVPTest - DEBUG - 发出 sig_data: t=48.701, p=0.00
2026-09-04 14:01:36,178 - DVPTest - DEBUG - 阶段 DONE，忽略新数据 t=48.70
2026-09-04 14:01:36,179 - DVPTest - INFO - [串口] cuff=0 mmHg
2026-09-04 14:01:36,271 - DVPTest - DEBUG - 发出 sig_data: t=48.798, p=0.00
2026-09-04 14:01:36,274 - DVPTest - DEBUG - 阶段 DONE，忽略新数据 t=48.80
2026-09-04 14:01:36,274 - DVPTest - INFO - [串口] cuff=0 mmHg
2026-09-04 14:01:36,367 - DVPTest - DEBUG - 发出 sig_data: t=48.893, p=0.00
2026-09-04 14:01:36,369 - DVPTest - DEBUG - 阶段 DONE，忽略新数据 t=48.89
2026-09-04 14:01:36,369 - DVPTest - INFO - [串口] cuff=0 mmHg
2026-09-04 14:01:36,479 - DVPTest - DEBUG - 发出 sig_data: t=49.005, p=0.00
2026-09-04 14:01:36,480 - DVPTest - DEBUG - 阶段 DONE，忽略新数据 t=49.01
2026-09-04 14:01:36,480 - DVPTest - INFO - [串口] cuff=0 mmHg
2026-09-04 14:01:36,575 - DVPTest - DEBUG - 发出 sig_data: t=49.101, p=0.00
2026-09-04 14:01:36,577 - DVPTest - DEBUG - 阶段 DONE，忽略新数据 t=49.10
2026-09-04 14:01:36,578 - DVPTest - INFO - [串口] cuff=0 mmHg
2026-09-04 14:01:36,671 - DVPTest - DEBUG - 发出 sig_data: t=49.197, p=0.00
2026-09-04 14:01:36,672 - DVPTest - DEBUG - 阶段 DONE，忽略新数据 t=49.20
2026-09-04 14:01:36,673 - DVPTest - INFO - [串口] cuff=0 mmHg
2026-09-04 14:01:36,782 - DVPTest - DEBUG - 发出 sig_data: t=49.308, p=0.00
2026-09-04 14:01:36,785 - DVPTest - DEBUG - 阶段 DONE，忽略新数据 t=49.31
2026-09-04 14:01:36,788 - DVPTest - INFO - [串口] cuff=0 mmHg
2026-09-04 14:01:36,879 - DVPTest - DEBUG - 发出 sig_data: t=49.405, p=0.00
2026-09-04 14:01:36,880 - DVPTest - DEBUG - 阶段 DONE，忽略新数据 t=49.40
2026-09-04 14:01:36,881 - DVPTest - INFO - [串口] cuff=0 mmHg
2026-09-04 14:01:36,977 - DVPTest - DEBUG - 发出 sig_data: t=49.504, p=0.00
2026-09-04 14:01:36,981 - DVPTest - DEBUG - 阶段 DONE，忽略新数据 t=49.50
2026-09-04 14:01:36,981 - DVPTest - INFO - [串口] cuff=0 mmHg
2026-09-04 14:01:37,070 - DVPTest - DEBUG - 发出 sig_data: t=49.596, p=0.00
2026-09-04 14:01:37,071 - DVPTest - DEBUG - 阶段 DONE，忽略新数据 t=49.60
2026-09-04 14:01:37,072 - DVPTest - INFO - [串口] cuff=0 mmHg
2026-09-04 14:01:37,182 - DVPTest - DEBUG - 发出 sig_data: t=49.708, p=0.00
2026-09-04 14:01:37,183 - DVPTest - DEBUG - 阶段 DONE，忽略新数据 t=49.71
2026-09-04 14:01:37,183 - DVPTest - INFO - [串口] cuff=0 mmHg
2026-09-04 14:01:37,278 - DVPTest - DEBUG - 发出 sig_data: t=49.804, p=0.00
2026-09-04 14:01:37,282 - DVPTest - DEBUG - 阶段 DONE，忽略新数据 t=49.80
2026-09-04 14:01:37,283 - DVPTest - INFO - [串口] cuff=0 mmHg
2026-09-04 14:01:37,373 - DVPTest - DEBUG - 发出 sig_data: t=49.900, p=0.00
2026-09-04 14:01:37,377 - DVPTest - DEBUG - 阶段 DONE，忽略新数据 t=49.90
2026-09-04 14:01:37,379 - DVPTest - INFO - [串口] cuff=0 mmHg
2026-09-04 14:01:37,469 - DVPTest - DEBUG - 发出 sig_data: t=49.995, p=0.00
2026-09-04 14:01:37,469 - DVPTest - DEBUG - 阶段 DONE，忽略新数据 t=49.99
2026-09-04 14:01:37,469 - DVPTest - INFO - [串口] cuff=0 mmHg
2026-09-04 14:01:37,582 - DVPTest - DEBUG - 发出 sig_data: t=50.108, p=0.00
2026-09-04 14:01:37,584 - DVPTest - DEBUG - 阶段 DONE，忽略新数据 t=50.11
2026-09-04 14:01:37,585 - DVPTest - INFO - [串口] cuff=0 mmHg
2026-09-04 14:01:37,677 - DVPTest - DEBUG - 发出 sig_data: t=50.203, p=0.00
2026-09-04 14:01:37,679 - DVPTest - DEBUG - 阶段 DONE，忽略新数据 t=50.20
2026-09-04 14:01:37,680 - DVPTest - INFO - [串口] cuff=0 mmHg
2026-09-04 14:01:37,773 - DVPTest - DEBUG - 发出 sig_data: t=50.299, p=0.00
2026-09-04 14:01:37,774 - DVPTest - DEBUG - 阶段 DONE，忽略新数据 t=50.30
2026-09-04 14:01:37,775 - DVPTest - INFO - [串口] cuff=0 mmHg
2026-09-04 14:01:37,869 - DVPTest - DEBUG - 发出 sig_data: t=50.395, p=0.00
2026-09-04 14:01:37,872 - DVPTest - DEBUG - 阶段 DONE，忽略新数据 t=50.40
2026-09-04 14:01:37,874 - DVPTest - INFO - [串口] cuff=0 mmHg
2026-09-04 14:01:37,981 - DVPTest - DEBUG - 发出 sig_data: t=50.507, p=0.00
2026-09-04 14:01:37,984 - DVPTest - DEBUG - 阶段 DONE，忽略新数据 t=50.51
2026-09-04 14:01:37,986 - DVPTest - INFO - [串口] cuff=0 mmHg
2026-09-04 14:01:38,077 - DVPTest - DEBUG - 发出 sig_data: t=50.603, p=0.00
2026-09-04 14:01:38,078 - DVPTest - DEBUG - 阶段 DONE，忽略新数据 t=50.60
2026-09-04 14:01:38,079 - DVPTest - INFO - [串口] cuff=0 mmHg
2026-09-04 14:01:38,174 - DVPTest - DEBUG - 发出 sig_data: t=50.700, p=0.00
2026-09-04 14:01:38,176 - DVPTest - DEBUG - 阶段 DONE，忽略新数据 t=50.70
2026-09-04 14:01:38,176 - DVPTest - INFO - [串口] cuff=0 mmHg
2026-09-04 14:01:38,268 - DVPTest - DEBUG - 发出 sig_data: t=50.795, p=0.00
2026-09-04 14:01:38,269 - DVPTest - DEBUG - 阶段 DONE，忽略新数据 t=50.79
2026-09-04 14:01:38,270 - DVPTest - INFO - [串口] cuff=0 mmHg
2026-09-04 14:01:38,380 - DVPTest - DEBUG - 发出 sig_data: t=50.906, p=0.00
2026-09-04 14:01:38,380 - DVPTest - DEBUG - 阶段 DONE，忽略新数据 t=50.91
2026-09-04 14:01:38,381 - DVPTest - INFO - [串口] cuff=0 mmHg
2026-09-04 14:01:38,475 - DVPTest - DEBUG - 发出 sig_data: t=51.002, p=0.00
2026-09-04 14:01:38,478 - DVPTest - DEBUG - 阶段 DONE，忽略新数据 t=51.00
2026-09-04 14:01:38,479 - DVPTest - INFO - [串口] cuff=0 mmHg
2026-09-04 14:01:38,572 - DVPTest - DEBUG - 发出 sig_data: t=51.098, p=0.00
2026-09-04 14:01:38,574 - DVPTest - DEBUG - 阶段 DONE，忽略新数据 t=51.10
2026-09-04 14:01:38,574 - DVPTest - INFO - [串口] cuff=0 mmHg
2026-09-04 14:01:38,668 - DVPTest - DEBUG - 发出 sig_data: t=51.194, p=0.00
2026-09-04 14:01:38,669 - DVPTest - DEBUG - 阶段 DONE，忽略新数据 t=51.19
2026-09-04 14:01:38,671 - DVPTest - INFO - [串口] cuff=0 mmHg
2026-09-04 14:01:38,780 - DVPTest - DEBUG - 发出 sig_data: t=51.306, p=0.00
2026-09-04 14:01:38,782 - DVPTest - DEBUG - 阶段 DONE，忽略新数据 t=51.31
2026-09-04 14:01:38,782 - DVPTest - INFO - [串口] cuff=0 mmHg
2026-09-04 14:01:38,876 - DVPTest - DEBUG - 发出 sig_data: t=51.402, p=0.00
2026-09-04 14:01:38,878 - DVPTest - DEBUG - 阶段 DONE，忽略新数据 t=51.40
2026-09-04 14:01:38,879 - DVPTest - INFO - [串口] cuff=0 mmHg
2026-09-04 14:01:38,971 - DVPTest - DEBUG - 发出 sig_data: t=51.498, p=0.00
2026-09-04 14:01:38,973 - DVPTest - DEBUG - 阶段 DONE，忽略新数据 t=51.50
2026-09-04 14:01:38,974 - DVPTest - INFO - [串口] cuff=0 mmHg
2026-09-04 14:01:39,082 - DVPTest - DEBUG - 发出 sig_data: t=51.608, p=0.00
2026-09-04 14:01:39,083 - DVPTest - DEBUG - 阶段 DONE，忽略新数据 t=51.61
2026-09-04 14:01:39,084 - DVPTest - INFO - [串口] cuff=0 mmHg
2026-09-04 14:01:39,179 - DVPTest - DEBUG - 发出 sig_data: t=51.705, p=0.00
2026-09-04 14:01:39,179 - DVPTest - DEBUG - 阶段 DONE，忽略新数据 t=51.70
2026-09-04 14:01:39,180 - DVPTest - INFO - [串口] cuff=0 mmHg
2026-09-04 14:01:39,275 - DVPTest - DEBUG - 发出 sig_data: t=51.801, p=0.00
2026-09-04 14:01:39,277 - DVPTest - DEBUG - 阶段 DONE，忽略新数据 t=51.80
2026-09-04 14:01:39,278 - DVPTest - INFO - [串口] cuff=0 mmHg
2026-09-04 14:01:39,371 - DVPTest - DEBUG - 发出 sig_data: t=51.897, p=0.00
2026-09-04 14:01:39,372 - DVPTest - DEBUG - 阶段 DONE，忽略新数据 t=51.90
2026-09-04 14:01:39,372 - DVPTest - INFO - [串口] cuff=0 mmHg
2026-09-04 14:01:39,482 - DVPTest - DEBUG - 发出 sig_data: t=52.008, p=0.00
2026-09-04 14:01:39,484 - DVPTest - DEBUG - 阶段 DONE，忽略新数据 t=52.01
2026-09-04 14:01:39,486 - DVPTest - INFO - [串口] cuff=0 mmHg
2026-09-04 14:01:39,579 - DVPTest - DEBUG - 发出 sig_data: t=52.105, p=0.00
2026-09-04 14:01:39,581 - DVPTest - DEBUG - 阶段 DONE，忽略新数据 t=52.10
2026-09-04 14:01:39,583 - DVPTest - INFO - [串口] cuff=0 mmHg
2026-09-04 14:01:39,674 - DVPTest - DEBUG - 发出 sig_data: t=52.200, p=0.00
2026-09-04 14:01:39,678 - DVPTest - DEBUG - 阶段 DONE，忽略新数据 t=52.20
2026-09-04 14:01:39,678 - DVPTest - INFO - [串口] cuff=0 mmHg
2026-09-04 14:01:39,770 - DVPTest - DEBUG - 发出 sig_data: t=52.296, p=0.00
2026-09-04 14:01:39,773 - DVPTest - DEBUG - 阶段 DONE，忽略新数据 t=52.30
2026-09-04 14:01:39,775 - DVPTest - INFO - [串口] cuff=0 mmHg
2026-09-04 14:01:39,882 - DVPTest - DEBUG - 发出 sig_data: t=52.408, p=0.00
2026-09-04 14:01:39,884 - DVPTest - DEBUG - 阶段 DONE，忽略新数据 t=52.41
2026-09-04 14:01:39,885 - DVPTest - INFO - [串口] cuff=0 mmHg
2026-09-04 14:01:39,978 - DVPTest - DEBUG - 发出 sig_data: t=52.504, p=0.00
2026-09-04 14:01:39,980 - DVPTest - DEBUG - 阶段 DONE，忽略新数据 t=52.50
2026-09-04 14:01:39,980 - DVPTest - INFO - [串口] cuff=0 mmHg
2026-09-04 14:01:40,073 - DVPTest - DEBUG - 发出 sig_data: t=52.599, p=0.00
2026-09-04 14:01:40,075 - DVPTest - DEBUG - 阶段 DONE，忽略新数据 t=52.60
2026-09-04 14:01:40,076 - DVPTest - INFO - [串口] cuff=0 mmHg
2026-09-04 14:01:40,169 - DVPTest - DEBUG - 发出 sig_data: t=52.696, p=0.00
2026-09-04 14:01:40,173 - DVPTest - DEBUG - 阶段 DONE，忽略新数据 t=52.70
2026-09-04 14:01:40,175 - DVPTest - INFO - [串口] cuff=0 mmHg
2026-09-04 14:01:40,282 - DVPTest - DEBUG - 发出 sig_data: t=52.808, p=0.00
2026-09-04 14:01:40,284 - DVPTest - DEBUG - 阶段 DONE，忽略新数据 t=52.81
2026-09-04 14:01:40,285 - DVPTest - INFO - [串口] cuff=0 mmHg
2026-09-04 14:01:40,377 - DVPTest - DEBUG - 发出 sig_data: t=52.903, p=0.00
2026-09-04 14:01:40,379 - DVPTest - DEBUG - 阶段 DONE，忽略新数据 t=52.90
2026-09-04 14:01:40,380 - DVPTest - INFO - [串口] cuff=0 mmHg
2026-09-04 14:01:40,473 - DVPTest - DEBUG - 发出 sig_data: t=52.999, p=0.00
2026-09-04 14:01:40,475 - DVPTest - DEBUG - 阶段 DONE，忽略新数据 t=53.00
2026-09-04 14:01:40,475 - DVPTest - INFO - [串口] cuff=0 mmHg
2026-09-04 14:01:40,569 - DVPTest - DEBUG - 发出 sig_data: t=53.095, p=0.00
2026-09-04 14:01:40,572 - DVPTest - DEBUG - 阶段 DONE，忽略新数据 t=53.10
2026-09-04 14:01:40,574 - DVPTest - INFO - [串口] cuff=0 mmHg
2026-09-04 14:01:40,680 - DVPTest - DEBUG - 发出 sig_data: t=53.207, p=0.00
2026-09-04 14:01:40,685 - DVPTest - DEBUG - 阶段 DONE，忽略新数据 t=53.21
2026-09-04 14:01:40,686 - DVPTest - INFO - [串口] cuff=0 mmHg
2026-09-04 14:01:40,776 - DVPTest - DEBUG - 发出 sig_data: t=53.302, p=0.00
2026-09-04 14:01:40,778 - DVPTest - DEBUG - 阶段 DONE，忽略新数据 t=53.30
2026-09-04 14:01:40,779 - DVPTest - INFO - [串口] cuff=0 mmHg
2026-09-04 14:01:40,872 - DVPTest - DEBUG - 发出 sig_data: t=53.399, p=0.00
2026-09-04 14:01:40,879 - DVPTest - DEBUG - 阶段 DONE，忽略新数据 t=53.40
2026-09-04 14:01:40,880 - DVPTest - INFO - [串口] cuff=0 mmHg
2026-09-04 14:01:40,969 - DVPTest - DEBUG - 发出 sig_data: t=53.495, p=0.00
2026-09-04 14:01:40,972 - DVPTest - DEBUG - 阶段 DONE，忽略新数据 t=53.49
2026-09-04 14:01:40,973 - DVPTest - INFO - [串口] cuff=0 mmHg
2026-09-04 14:01:41,080 - DVPTest - DEBUG - 发出 sig_data: t=53.605, p=0.00
2026-09-04 14:01:41,080 - DVPTest - DEBUG - 阶段 DONE，忽略新数据 t=53.61
2026-09-04 14:01:41,081 - DVPTest - INFO - [串口] cuff=0 mmHg
2026-09-04 14:01:41,177 - DVPTest - DEBUG - 发出 sig_data: t=53.703, p=0.00
2026-09-04 14:01:41,179 - DVPTest - DEBUG - 阶段 DONE，忽略新数据 t=53.70
2026-09-04 14:01:41,180 - DVPTest - INFO - [串口] cuff=0 mmHg
2026-09-04 14:01:41,271 - DVPTest - DEBUG - 发出 sig_data: t=53.797, p=0.00
2026-09-04 14:01:41,274 - DVPTest - DEBUG - 阶段 DONE，忽略新数据 t=53.80
2026-09-04 14:01:41,275 - DVPTest - INFO - [串口] cuff=0 mmHg
2026-09-04 14:01:41,368 - DVPTest - DEBUG - 发出 sig_data: t=53.894, p=0.00
2026-09-04 14:01:41,368 - DVPTest - DEBUG - 阶段 DONE，忽略新数据 t=53.89
2026-09-04 14:01:41,369 - DVPTest - INFO - [串口] cuff=0 mmHg
2026-09-04 14:01:41,480 - DVPTest - DEBUG - 发出 sig_data: t=54.006, p=0.00
2026-09-04 14:01:41,482 - DVPTest - DEBUG - 阶段 DONE，忽略新数据 t=54.01
2026-09-04 14:01:41,482 - DVPTest - INFO - [串口] cuff=0 mmHg
2026-09-04 14:01:41,575 - DVPTest - DEBUG - 发出 sig_data: t=54.101, p=0.00
2026-09-04 14:01:41,578 - DVPTest - DEBUG - 阶段 DONE，忽略新数据 t=54.10
2026-09-04 14:01:41,579 - DVPTest - INFO - [串口] cuff=0 mmHg
2026-09-04 14:01:41,671 - DVPTest - DEBUG - 发出 sig_data: t=54.197, p=0.00
2026-09-04 14:01:41,672 - DVPTest - DEBUG - 阶段 DONE，忽略新数据 t=54.20
2026-09-04 14:01:41,673 - DVPTest - INFO - [串口] cuff=0 mmHg
2026-09-04 14:01:41,783 - DVPTest - DEBUG - 发出 sig_data: t=54.309, p=0.00
2026-09-04 14:01:41,786 - DVPTest - DEBUG - 阶段 DONE，忽略新数据 t=54.31
2026-09-04 14:01:41,787 - DVPTest - INFO - [串口] cuff=0 mmHg
2026-09-04 14:01:41,879 - DVPTest - DEBUG - 发出 sig_data: t=54.405, p=0.00
2026-09-04 14:01:41,881 - DVPTest - DEBUG - 阶段 DONE，忽略新数据 t=54.41
2026-09-04 14:01:41,881 - DVPTest - INFO - [串口] cuff=0 mmHg
2026-09-04 14:01:41,974 - DVPTest - DEBUG - 发出 sig_data: t=54.500, p=0.00
2026-09-04 14:01:41,977 - DVPTest - DEBUG - 阶段 DONE，忽略新数据 t=54.50
2026-09-04 14:01:41,978 - DVPTest - INFO - [串口] cuff=0 mmHg
2026-09-04 14:01:42,071 - DVPTest - DEBUG - 发出 sig_data: t=54.597, p=0.00
2026-09-04 14:01:42,073 - DVPTest - DEBUG - 阶段 DONE，忽略新数据 t=54.60
2026-09-04 14:01:42,073 - DVPTest - INFO - [串口] cuff=0 mmHg
2026-09-04 14:01:42,182 - DVPTest - DEBUG - 发出 sig_data: t=54.708, p=0.00
2026-09-04 14:01:42,183 - DVPTest - DEBUG - 阶段 DONE，忽略新数据 t=54.71
2026-09-04 14:01:42,184 - DVPTest - INFO - [串口] cuff=0 mmHg
2026-09-04 14:01:42,278 - DVPTest - DEBUG - 发出 sig_data: t=54.805, p=0.00
2026-09-04 14:01:42,281 - DVPTest - DEBUG - 阶段 DONE，忽略新数据 t=54.80
2026-09-04 14:01:42,283 - DVPTest - INFO - [串口] cuff=0 mmHg
2026-09-04 14:01:42,375 - DVPTest - DEBUG - 发出 sig_data: t=54.901, p=0.00
2026-09-04 14:01:42,377 - DVPTest - DEBUG - 阶段 DONE，忽略新数据 t=54.90
2026-09-04 14:01:42,378 - DVPTest - INFO - [串口] cuff=0 mmHg
2026-09-04 14:01:42,470 - DVPTest - DEBUG - 发出 sig_data: t=54.996, p=0.00
2026-09-04 14:01:42,470 - DVPTest - DEBUG - 阶段 DONE，忽略新数据 t=55.00
2026-09-04 14:01:42,472 - DVPTest - INFO - [串口] cuff=0 mmHg
2026-09-04 14:01:42,581 - DVPTest - DEBUG - 发出 sig_data: t=55.107, p=0.00
2026-09-04 14:01:42,583 - DVPTest - DEBUG - 阶段 DONE，忽略新数据 t=55.11
2026-09-04 14:01:42,584 - DVPTest - INFO - [串口] cuff=0 mmHg
2026-09-04 14:01:42,678 - DVPTest - DEBUG - 发出 sig_data: t=55.204, p=0.00
2026-09-04 14:01:42,681 - DVPTest - DEBUG - 阶段 DONE，忽略新数据 t=55.20
2026-09-04 14:01:42,682 - DVPTest - INFO - [串口] cuff=0 mmHg
2026-09-04 14:01:42,774 - DVPTest - DEBUG - 发出 sig_data: t=55.300, p=0.00
2026-09-04 14:01:42,775 - DVPTest - DEBUG - 阶段 DONE，忽略新数据 t=55.30
2026-09-04 14:01:42,775 - DVPTest - INFO - [串口] cuff=0 mmHg
2026-09-04 14:01:42,869 - DVPTest - DEBUG - 发出 sig_data: t=55.395, p=0.00
2026-09-04 14:01:42,870 - DVPTest - DEBUG - 阶段 DONE，忽略新数据 t=55.39
2026-09-04 14:01:42,871 - DVPTest - INFO - [串口] cuff=0 mmHg
2026-09-04 14:01:42,981 - DVPTest - DEBUG - 发出 sig_data: t=55.507, p=0.00
2026-09-04 14:01:42,984 - DVPTest - DEBUG - 阶段 DONE，忽略新数据 t=55.51
2026-09-04 14:01:42,985 - DVPTest - INFO - [串口] cuff=0 mmHg
2026-09-04 14:01:43,077 - DVPTest - DEBUG - 发出 sig_data: t=55.603, p=0.00
2026-09-04 14:01:43,079 - DVPTest - DEBUG - 阶段 DONE，忽略新数据 t=55.60
2026-09-04 14:01:43,079 - DVPTest - INFO - [串口] cuff=0 mmHg
2026-09-04 14:01:43,173 - DVPTest - DEBUG - 发出 sig_data: t=55.699, p=0.00
2026-09-04 14:01:43,175 - DVPTest - DEBUG - 阶段 DONE，忽略新数据 t=55.70
2026-09-04 14:01:43,176 - DVPTest - INFO - [串口] cuff=0 mmHg
2026-09-04 14:01:43,284 - DVPTest - DEBUG - 发出 sig_data: t=55.810, p=0.00
2026-09-04 14:01:43,285 - DVPTest - DEBUG - 阶段 DONE，忽略新数据 t=55.81
2026-09-04 14:01:43,286 - DVPTest - INFO - [串口] cuff=0 mmHg
2026-09-04 14:01:43,381 - DVPTest - DEBUG - 发出 sig_data: t=55.907, p=0.00
2026-09-04 14:01:43,383 - DVPTest - DEBUG - 阶段 DONE，忽略新数据 t=55.91
2026-09-04 14:01:43,384 - DVPTest - INFO - [串口] cuff=0 mmHg
2026-09-04 14:01:43,477 - DVPTest - DEBUG - 发出 sig_data: t=56.003, p=0.00
2026-09-04 14:01:43,480 - DVPTest - DEBUG - 阶段 DONE，忽略新数据 t=56.00
2026-09-04 14:01:43,482 - DVPTest - INFO - [串口] cuff=0 mmHg
2026-09-04 14:01:43,572 - DVPTest - DEBUG - 发出 sig_data: t=56.098, p=0.00
2026-09-04 14:01:43,573 - DVPTest - DEBUG - 阶段 DONE，忽略新数据 t=56.10
2026-09-04 14:01:43,574 - DVPTest - INFO - [串口] cuff=0 mmHg
2026-09-04 14:01:43,684 - DVPTest - DEBUG - 发出 sig_data: t=56.209, p=0.00
2026-09-04 14:01:43,685 - DVPTest - DEBUG - 阶段 DONE，忽略新数据 t=56.21
2026-09-04 14:01:43,686 - DVPTest - INFO - [串口] cuff=0 mmHg
2026-09-04 14:01:43,780 - DVPTest - DEBUG - 发出 sig_data: t=56.306, p=0.00
2026-09-04 14:01:43,783 - DVPTest - DEBUG - 阶段 DONE，忽略新数据 t=56.31
2026-09-04 14:01:43,784 - DVPTest - INFO - [串口] cuff=0 mmHg
2026-09-04 14:01:43,876 - DVPTest - DEBUG - 发出 sig_data: t=56.401, p=0.00
2026-09-04 14:01:43,877 - DVPTest - DEBUG - 阶段 DONE，忽略新数据 t=56.40
2026-09-04 14:01:43,877 - DVPTest - INFO - [串口] cuff=0 mmHg
2026-09-04 14:01:43,971 - DVPTest - DEBUG - 发出 sig_data: t=56.497, p=0.00
2026-09-04 14:01:43,974 - DVPTest - DEBUG - 阶段 DONE，忽略新数据 t=56.50
2026-09-04 14:01:43,976 - DVPTest - INFO - [串口] cuff=0 mmHg
2026-09-04 14:01:44,083 - DVPTest - DEBUG - 发出 sig_data: t=56.609, p=0.00
2026-09-04 14:01:44,085 - DVPTest - DEBUG - 阶段 DONE，忽略新数据 t=56.61
2026-09-04 14:01:44,086 - DVPTest - INFO - [串口] cuff=0 mmHg
2026-09-04 14:01:44,180 - DVPTest - DEBUG - 发出 sig_data: t=56.706, p=0.00
2026-09-04 14:01:44,182 - DVPTest - DEBUG - 阶段 DONE，忽略新数据 t=56.71
2026-09-04 14:01:44,183 - DVPTest - INFO - [串口] cuff=0 mmHg
2026-09-04 14:01:44,276 - DVPTest - DEBUG - 发出 sig_data: t=56.802, p=0.00
2026-09-04 14:01:44,278 - DVPTest - DEBUG - 阶段 DONE，忽略新数据 t=56.80
2026-09-04 14:01:44,278 - DVPTest - INFO - [串口] cuff=0 mmHg
2026-09-04 14:01:44,371 - DVPTest - DEBUG - 发出 sig_data: t=56.897, p=0.00
2026-09-04 14:01:44,372 - DVPTest - DEBUG - 阶段 DONE，忽略新数据 t=56.90
2026-09-04 14:01:44,373 - DVPTest - INFO - [串口] cuff=0 mmHg
2026-09-04 14:01:44,483 - DVPTest - DEBUG - 发出 sig_data: t=57.009, p=0.00
2026-09-04 14:01:44,487 - DVPTest - DEBUG - 阶段 DONE，忽略新数据 t=57.01
2026-09-04 14:01:44,489 - DVPTest - INFO - [串口] cuff=0 mmHg
2026-09-04 14:01:44,579 - DVPTest - DEBUG - 发出 sig_data: t=57.105, p=0.00
2026-09-04 14:01:44,581 - DVPTest - DEBUG - 阶段 DONE，忽略新数据 t=57.11
2026-09-04 14:01:44,581 - DVPTest - INFO - [串口] cuff=0 mmHg
2026-09-04 14:01:44,675 - DVPTest - DEBUG - 发出 sig_data: t=57.201, p=0.00
2026-09-04 14:01:44,675 - DVPTest - DEBUG - 阶段 DONE，忽略新数据 t=57.20
2026-09-04 14:01:44,676 - DVPTest - INFO - [串口] cuff=0 mmHg
2026-09-04 14:01:44,771 - DVPTest - DEBUG - 发出 sig_data: t=57.297, p=0.00
2026-09-04 14:01:44,773 - DVPTest - DEBUG - 阶段 DONE，忽略新数据 t=57.30
2026-09-04 14:01:44,774 - DVPTest - INFO - [串口] cuff=0 mmHg
2026-09-04 14:01:44,882 - DVPTest - DEBUG - 发出 sig_data: t=57.409, p=0.00
2026-09-04 14:01:44,887 - DVPTest - DEBUG - 阶段 DONE，忽略新数据 t=57.41
2026-09-04 14:01:44,888 - DVPTest - INFO - [串口] cuff=0 mmHg
2026-09-04 14:01:44,978 - DVPTest - DEBUG - 发出 sig_data: t=57.504, p=0.00
2026-09-04 14:01:44,979 - DVPTest - DEBUG - 阶段 DONE，忽略新数据 t=57.50
2026-09-04 14:01:44,979 - DVPTest - INFO - [串口] cuff=0 mmHg
2026-09-04 14:01:45,074 - DVPTest - DEBUG - 发出 sig_data: t=57.600, p=0.00
2026-09-04 14:01:45,077 - DVPTest - DEBUG - 阶段 DONE，忽略新数据 t=57.60
2026-09-04 14:01:45,078 - DVPTest - INFO - [串口] cuff=0 mmHg
2026-09-04 14:01:45,170 - DVPTest - DEBUG - 发出 sig_data: t=57.696, p=0.00
2026-09-04 14:01:45,173 - DVPTest - DEBUG - 阶段 DONE，忽略新数据 t=57.70
2026-09-04 14:01:45,174 - DVPTest - INFO - [串口] cuff=0 mmHg
2026-09-04 14:01:45,282 - DVPTest - DEBUG - 发出 sig_data: t=57.808, p=0.00
2026-09-04 14:01:45,282 - DVPTest - DEBUG - 阶段 DONE，忽略新数据 t=57.81
2026-09-04 14:01:45,282 - DVPTest - INFO - [串口] cuff=0 mmHg
2026-09-04 14:01:45,377 - DVPTest - DEBUG - 发出 sig_data: t=57.903, p=0.00
2026-09-04 14:01:45,382 - DVPTest - DEBUG - 阶段 DONE，忽略新数据 t=57.90
2026-09-04 14:01:45,386 - DVPTest - INFO - [串口] cuff=0 mmHg
2026-09-04 14:01:45,473 - DVPTest - DEBUG - 发出 sig_data: t=58.000, p=0.00
2026-09-04 14:01:45,478 - DVPTest - DEBUG - 阶段 DONE，忽略新数据 t=58.00
2026-09-04 14:01:45,479 - DVPTest - INFO - [串口] cuff=0 mmHg
2026-09-04 14:01:45,569 - DVPTest - DEBUG - 发出 sig_data: t=58.095, p=0.00
2026-09-04 14:01:45,570 - DVPTest - DEBUG - 阶段 DONE，忽略新数据 t=58.10
2026-09-04 14:01:45,572 - DVPTest - INFO - [串口] cuff=0 mmHg
2026-09-04 14:01:45,681 - DVPTest - DEBUG - 发出 sig_data: t=58.207, p=0.00
2026-09-04 14:01:45,683 - DVPTest - DEBUG - 阶段 DONE，忽略新数据 t=58.21
2026-09-04 14:01:45,683 - DVPTest - INFO - [串口] cuff=0 mmHg
2026-09-04 14:01:45,777 - DVPTest - DEBUG - 发出 sig_data: t=58.303, p=0.00
2026-09-04 14:01:45,778 - DVPTest - DEBUG - 阶段 DONE，忽略新数据 t=58.30
2026-09-04 14:01:45,779 - DVPTest - INFO - [串口] cuff=0 mmHg
2026-09-04 14:01:45,873 - DVPTest - DEBUG - 发出 sig_data: t=58.399, p=0.00
2026-09-04 14:01:45,875 - DVPTest - DEBUG - 阶段 DONE，忽略新数据 t=58.40
2026-09-04 14:01:45,876 - DVPTest - INFO - [串口] cuff=0 mmHg
2026-09-04 14:01:45,984 - DVPTest - DEBUG - 发出 sig_data: t=58.510, p=0.00
2026-09-04 14:01:45,987 - DVPTest - DEBUG - 阶段 DONE，忽略新数据 t=58.51
2026-09-04 14:01:45,988 - DVPTest - INFO - [串口] cuff=0 mmHg
2026-09-04 14:01:46,080 - DVPTest - DEBUG - 发出 sig_data: t=58.606, p=0.00
2026-09-04 14:01:46,082 - DVPTest - DEBUG - 阶段 DONE，忽略新数据 t=58.61
2026-09-04 14:01:46,082 - DVPTest - INFO - [串口] cuff=0 mmHg
2026-09-04 14:01:46,176 - DVPTest - DEBUG - 发出 sig_data: t=58.702, p=0.00
2026-09-04 14:01:46,179 - DVPTest - DEBUG - 阶段 DONE，忽略新数据 t=58.70
2026-09-04 14:01:46,180 - DVPTest - INFO - [串口] cuff=0 mmHg
2026-09-04 14:01:46,272 - DVPTest - DEBUG - 发出 sig_data: t=58.798, p=0.00
2026-09-04 14:01:46,275 - DVPTest - DEBUG - 阶段 DONE，忽略新数据 t=58.80
2026-09-04 14:01:46,276 - DVPTest - INFO - [串口] cuff=0 mmHg
2026-09-04 14:01:46,384 - DVPTest - DEBUG - 发出 sig_data: t=58.910, p=0.00
2026-09-04 14:01:46,387 - DVPTest - DEBUG - 阶段 DONE，忽略新数据 t=58.91
2026-09-04 14:01:46,387 - DVPTest - INFO - [串口] cuff=0 mmHg
2026-09-04 14:01:46,480 - DVPTest - DEBUG - 发出 sig_data: t=59.006, p=0.00
2026-09-04 14:01:46,482 - DVPTest - DEBUG - 阶段 DONE，忽略新数据 t=59.01
2026-09-04 14:01:46,482 - DVPTest - INFO - [串口] cuff=0 mmHg
2026-09-04 14:01:46,576 - DVPTest - DEBUG - 发出 sig_data: t=59.102, p=0.00
2026-09-04 14:01:46,578 - DVPTest - DEBUG - 阶段 DONE，忽略新数据 t=59.10
2026-09-04 14:01:46,580 - DVPTest - INFO - [串口] cuff=0 mmHg
2026-09-04 14:01:46,672 - DVPTest - DEBUG - 发出 sig_data: t=59.198, p=0.00
2026-09-04 14:01:46,674 - DVPTest - DEBUG - 阶段 DONE，忽略新数据 t=59.20
2026-09-04 14:01:46,676 - DVPTest - INFO - [串口] cuff=0 mmHg
2026-09-04 14:01:46,784 - DVPTest - DEBUG - 发出 sig_data: t=59.310, p=0.00
2026-09-04 14:01:46,786 - DVPTest - DEBUG - 阶段 DONE，忽略新数据 t=59.31
2026-09-04 14:01:46,787 - DVPTest - INFO - [串口] cuff=0 mmHg
2026-09-04 14:01:46,879 - DVPTest - DEBUG - 发出 sig_data: t=59.405, p=0.00
2026-09-04 14:01:46,880 - DVPTest - DEBUG - 阶段 DONE，忽略新数据 t=59.40
2026-09-04 14:01:46,881 - DVPTest - INFO - [串口] cuff=0 mmHg
2026-09-04 14:01:46,977 - DVPTest - DEBUG - 发出 sig_data: t=59.503, p=0.00
2026-09-04 14:01:46,978 - DVPTest - DEBUG - 阶段 DONE，忽略新数据 t=59.50
2026-09-04 14:01:46,979 - DVPTest - INFO - [串口] cuff=0 mmHg
2026-09-04 14:01:47,071 - DVPTest - DEBUG - 发出 sig_data: t=59.597, p=0.00
2026-09-04 14:01:47,072 - DVPTest - DEBUG - 阶段 DONE，忽略新数据 t=59.60
2026-09-04 14:01:47,073 - DVPTest - INFO - [串口] cuff=0 mmHg
2026-09-04 14:01:47,182 - DVPTest - DEBUG - 发出 sig_data: t=59.708, p=0.00
2026-09-04 14:01:47,183 - DVPTest - DEBUG - 阶段 DONE，忽略新数据 t=59.71
2026-09-04 14:01:47,184 - DVPTest - INFO - [串口] cuff=0 mmHg
2026-09-04 14:01:47,279 - DVPTest - DEBUG - 发出 sig_data: t=59.805, p=0.00
2026-09-04 14:01:47,282 - DVPTest - DEBUG - 阶段 DONE，忽略新数据 t=59.81
2026-09-04 14:01:47,284 - DVPTest - INFO - [串口] cuff=0 mmHg
2026-09-04 14:01:47,374 - DVPTest - DEBUG - 发出 sig_data: t=59.900, p=0.00
2026-09-04 14:01:47,377 - DVPTest - DEBUG - 阶段 DONE，忽略新数据 t=59.90
2026-09-04 14:01:47,378 - DVPTest - INFO - [串口] cuff=0 mmHg
2026-09-04 14:01:47,470 - DVPTest - DEBUG - 发出 sig_data: t=59.996, p=0.00
2026-09-04 14:01:47,473 - DVPTest - DEBUG - 阶段 DONE，忽略新数据 t=60.00
2026-09-04 14:01:47,473 - DVPTest - INFO - [串口] cuff=0 mmHg
2026-09-04 14:01:47,583 - DVPTest - DEBUG - 发出 sig_data: t=60.109, p=0.00
2026-09-04 14:01:47,585 - DVPTest - DEBUG - 阶段 DONE，忽略新数据 t=60.11
2026-09-04 14:01:47,586 - DVPTest - INFO - [串口] cuff=0 mmHg
2026-09-04 14:01:47,678 - DVPTest - DEBUG - 发出 sig_data: t=60.204, p=0.00
2026-09-04 14:01:47,680 - DVPTest - DEBUG - 阶段 DONE，忽略新数据 t=60.20
2026-09-04 14:01:47,680 - DVPTest - INFO - [串口] cuff=0 mmHg
2026-09-04 14:01:47,774 - DVPTest - DEBUG - 发出 sig_data: t=60.300, p=0.00
2026-09-04 14:01:47,775 - DVPTest - DEBUG - 阶段 DONE，忽略新数据 t=60.30
2026-09-04 14:01:47,776 - DVPTest - INFO - [串口] cuff=0 mmHg
2026-09-04 14:01:47,869 - DVPTest - DEBUG - 发出 sig_data: t=60.395, p=0.00
2026-09-04 14:01:47,873 - DVPTest - DEBUG - 阶段 DONE，忽略新数据 t=60.40
2026-09-04 14:01:47,874 - DVPTest - INFO - [串口] cuff=0 mmHg
2026-09-04 14:01:47,982 - DVPTest - DEBUG - 发出 sig_data: t=60.508, p=0.00
2026-09-04 14:01:47,986 - DVPTest - DEBUG - 阶段 DONE，忽略新数据 t=60.51
2026-09-04 14:01:47,988 - DVPTest - INFO - [串口] cuff=0 mmHg
2026-09-04 14:01:48,077 - DVPTest - DEBUG - 发出 sig_data: t=60.603, p=0.00
2026-09-04 14:01:48,079 - DVPTest - DEBUG - 阶段 DONE，忽略新数据 t=60.60
2026-09-04 14:01:48,079 - DVPTest - INFO - [串口] cuff=0 mmHg
2026-09-04 14:01:48,174 - DVPTest - DEBUG - 发出 sig_data: t=60.700, p=0.00
2026-09-04 14:01:48,176 - DVPTest - DEBUG - 阶段 DONE，忽略新数据 t=60.70
2026-09-04 14:01:48,177 - DVPTest - INFO - [串口] cuff=0 mmHg
2026-09-04 14:01:48,284 - DVPTest - DEBUG - 发出 sig_data: t=60.810, p=0.00
2026-09-04 14:01:48,286 - DVPTest - DEBUG - 阶段 DONE，忽略新数据 t=60.81
2026-09-04 14:01:48,286 - DVPTest - INFO - [串口] cuff=0 mmHg
2026-09-04 14:01:48,382 - DVPTest - DEBUG - 发出 sig_data: t=60.908, p=0.00
2026-09-04 14:01:48,385 - DVPTest - DEBUG - 阶段 DONE，忽略新数据 t=60.91
2026-09-04 14:01:48,386 - DVPTest - INFO - [串口] cuff=0 mmHg
2026-09-04 14:01:48,477 - DVPTest - DEBUG - 发出 sig_data: t=61.003, p=0.00
2026-09-04 14:01:48,479 - DVPTest - DEBUG - 阶段 DONE，忽略新数据 t=61.00
2026-09-04 14:01:48,479 - DVPTest - INFO - [串口] cuff=0 mmHg
2026-09-04 14:01:48,573 - DVPTest - DEBUG - 发出 sig_data: t=61.099, p=0.00
2026-09-04 14:01:48,574 - DVPTest - DEBUG - 阶段 DONE，忽略新数据 t=61.10
2026-09-04 14:01:48,575 - DVPTest - INFO - [串口] cuff=0 mmHg
2026-09-04 14:01:48,685 - DVPTest - DEBUG - 发出 sig_data: t=61.211, p=0.00
2026-09-04 14:01:48,687 - DVPTest - DEBUG - 阶段 DONE，忽略新数据 t=61.21
2026-09-04 14:01:48,688 - DVPTest - INFO - [串口] cuff=0 mmHg
2026-09-04 14:01:48,780 - DVPTest - DEBUG - 发出 sig_data: t=61.306, p=0.00
2026-09-04 14:01:48,783 - DVPTest - DEBUG - 阶段 DONE，忽略新数据 t=61.31
2026-09-04 14:01:48,784 - DVPTest - INFO - [串口] cuff=0 mmHg
2026-09-04 14:01:48,876 - DVPTest - DEBUG - 发出 sig_data: t=61.402, p=0.00
2026-09-04 14:01:48,877 - DVPTest - DEBUG - 阶段 DONE，忽略新数据 t=61.40
2026-09-04 14:01:48,878 - DVPTest - INFO - [串口] cuff=0 mmHg
2026-09-04 14:01:48,972 - DVPTest - DEBUG - 发出 sig_data: t=61.498, p=0.00
2026-09-04 14:01:48,973 - DVPTest - DEBUG - 阶段 DONE，忽略新数据 t=61.50
2026-09-04 14:01:48,974 - DVPTest - INFO - [串口] cuff=0 mmHg
2026-09-04 14:01:49,084 - DVPTest - DEBUG - 发出 sig_data: t=61.610, p=0.00
2026-09-04 14:01:49,084 - DVPTest - DEBUG - 阶段 DONE，忽略新数据 t=61.61
2026-09-04 14:01:49,085 - DVPTest - INFO - [串口] cuff=0 mmHg
2026-09-04 14:01:49,180 - DVPTest - DEBUG - 发出 sig_data: t=61.706, p=0.00
2026-09-04 14:01:49,182 - DVPTest - DEBUG - 阶段 DONE，忽略新数据 t=61.71
2026-09-04 14:01:49,182 - DVPTest - INFO - [串口] cuff=0 mmHg
2026-09-04 14:01:49,276 - DVPTest - DEBUG - 发出 sig_data: t=61.802, p=0.00
2026-09-04 14:01:49,279 - DVPTest - DEBUG - 阶段 DONE，忽略新数据 t=61.80
2026-09-04 14:01:49,281 - DVPTest - INFO - [串口] cuff=0 mmHg
2026-09-04 14:01:49,387 - DVPTest - DEBUG - 发出 sig_data: t=61.913, p=0.00
2026-09-04 14:01:49,389 - DVPTest - DEBUG - 阶段 DONE，忽略新数据 t=61.91
2026-09-04 14:01:49,389 - DVPTest - INFO - [串口] cuff=0 mmHg
2026-09-04 14:01:49,483 - DVPTest - DEBUG - 发出 sig_data: t=62.009, p=0.00
2026-09-04 14:01:49,485 - DVPTest - DEBUG - 阶段 DONE，忽略新数据 t=62.01
2026-09-04 14:01:49,486 - DVPTest - INFO - [串口] cuff=0 mmHg
2026-09-04 14:01:49,579 - DVPTest - DEBUG - 发出 sig_data: t=62.105, p=0.00
2026-09-04 14:01:49,583 - DVPTest - DEBUG - 阶段 DONE，忽略新数据 t=62.11
2026-09-04 14:01:49,587 - DVPTest - INFO - [串口] cuff=0 mmHg
2026-09-04 14:01:49,675 - DVPTest - DEBUG - 发出 sig_data: t=62.200, p=0.00
2026-09-04 14:01:49,675 - DVPTest - DEBUG - 阶段 DONE，忽略新数据 t=62.20
2026-09-04 14:01:49,676 - DVPTest - INFO - [串口] cuff=0 mmHg
2026-09-04 14:01:49,786 - DVPTest - DEBUG - 发出 sig_data: t=62.312, p=0.00
2026-09-04 14:01:49,788 - DVPTest - DEBUG - 阶段 DONE，忽略新数据 t=62.31
2026-09-04 14:01:49,790 - DVPTest - INFO - [串口] cuff=0 mmHg
2026-09-04 14:01:49,883 - DVPTest - DEBUG - 发出 sig_data: t=62.409, p=0.00
2026-09-04 14:01:49,883 - DVPTest - DEBUG - 阶段 DONE，忽略新数据 t=62.41
2026-09-04 14:01:49,884 - DVPTest - INFO - [串口] cuff=0 mmHg
2026-09-04 14:01:49,978 - DVPTest - DEBUG - 发出 sig_data: t=62.504, p=0.00
2026-09-04 14:01:49,979 - DVPTest - DEBUG - 阶段 DONE，忽略新数据 t=62.50
2026-09-04 14:01:49,980 - DVPTest - INFO - [串口] cuff=0 mmHg
2026-09-04 14:01:50,074 - DVPTest - DEBUG - 发出 sig_data: t=62.600, p=0.00
2026-09-04 14:01:50,077 - DVPTest - DEBUG - 阶段 DONE，忽略新数据 t=62.60
2026-09-04 14:01:50,080 - DVPTest - INFO - [串口] cuff=0 mmHg
2026-09-04 14:01:50,186 - DVPTest - DEBUG - 发出 sig_data: t=62.711, p=0.00
2026-09-04 14:01:50,188 - DVPTest - DEBUG - 阶段 DONE，忽略新数据 t=62.71
2026-09-04 14:01:50,188 - DVPTest - INFO - [串口] cuff=0 mmHg
2026-09-04 14:01:50,283 - DVPTest - DEBUG - 发出 sig_data: t=62.809, p=0.00
2026-09-04 14:01:50,285 - DVPTest - DEBUG - 阶段 DONE，忽略新数据 t=62.81
2026-09-04 14:01:50,286 - DVPTest - INFO - [串口] cuff=0 mmHg
2026-09-04 14:01:50,378 - DVPTest - DEBUG - 发出 sig_data: t=62.904, p=0.00
2026-09-04 14:01:50,381 - DVPTest - DEBUG - 阶段 DONE，忽略新数据 t=62.90
2026-09-04 14:01:50,382 - DVPTest - INFO - [串口] cuff=0 mmHg
2026-09-04 14:01:50,473 - DVPTest - DEBUG - 发出 sig_data: t=62.999, p=0.00
2026-09-04 14:01:50,474 - DVPTest - DEBUG - 阶段 DONE，忽略新数据 t=63.00
2026-09-04 14:01:50,475 - DVPTest - INFO - [串口] cuff=0 mmHg
2026-09-04 14:01:50,586 - DVPTest - DEBUG - 发出 sig_data: t=63.112, p=0.00
2026-09-04 14:01:50,586 - DVPTest - DEBUG - 阶段 DONE，忽略新数据 t=63.11
2026-09-04 14:01:50,587 - DVPTest - INFO - [串口] cuff=0 mmHg
2026-09-04 14:01:50,682 - DVPTest - DEBUG - 发出 sig_data: t=63.208, p=0.00
2026-09-04 14:01:50,685 - DVPTest - DEBUG - 阶段 DONE，忽略新数据 t=63.21
2026-09-04 14:01:50,686 - DVPTest - INFO - [串口] cuff=0 mmHg
2026-09-04 14:01:50,777 - DVPTest - DEBUG - 发出 sig_data: t=63.303, p=0.00
2026-09-04 14:01:50,780 - DVPTest - DEBUG - 阶段 DONE，忽略新数据 t=63.30
2026-09-04 14:01:50,781 - DVPTest - INFO - [串口] cuff=0 mmHg
2026-09-04 14:01:50,873 - DVPTest - DEBUG - 发出 sig_data: t=63.399, p=0.00
2026-09-04 14:01:50,875 - DVPTest - DEBUG - 阶段 DONE，忽略新数据 t=63.40
2026-09-04 14:01:50,876 - DVPTest - INFO - [串口] cuff=0 mmHg
2026-09-04 14:01:50,986 - DVPTest - DEBUG - 发出 sig_data: t=63.511, p=0.00
2026-09-04 14:01:50,988 - DVPTest - DEBUG - 阶段 DONE，忽略新数据 t=63.51
2026-09-04 14:01:50,989 - DVPTest - INFO - [串口] cuff=0 mmHg
2026-09-04 14:01:51,081 - DVPTest - DEBUG - 发出 sig_data: t=63.607, p=0.00
2026-09-04 14:01:51,081 - DVPTest - DEBUG - 阶段 DONE，忽略新数据 t=63.61
2026-09-04 14:01:51,083 - DVPTest - INFO - [串口] cuff=0 mmHg
2026-09-04 14:01:51,177 - DVPTest - DEBUG - 发出 sig_data: t=63.703, p=0.00
2026-09-04 14:01:51,178 - DVPTest - DEBUG - 阶段 DONE，忽略新数据 t=63.70
2026-09-04 14:01:51,179 - DVPTest - INFO - [串口] cuff=0 mmHg
2026-09-04 14:01:51,272 - DVPTest - DEBUG - 发出 sig_data: t=63.798, p=0.00
2026-09-04 14:01:51,274 - DVPTest - DEBUG - 阶段 DONE，忽略新数据 t=63.80
2026-09-04 14:01:51,275 - DVPTest - INFO - [串口] cuff=0 mmHg
2026-09-04 14:01:51,384 - DVPTest - DEBUG - 发出 sig_data: t=63.910, p=0.00
2026-09-04 14:01:51,385 - DVPTest - DEBUG - 阶段 DONE，忽略新数据 t=63.91
2026-09-04 14:01:51,386 - DVPTest - INFO - [串口] cuff=0 mmHg
2026-09-04 14:01:51,480 - DVPTest - DEBUG - 发出 sig_data: t=64.006, p=0.00
2026-09-04 14:01:51,481 - DVPTest - DEBUG - 阶段 DONE，忽略新数据 t=64.01
2026-09-04 14:01:51,482 - DVPTest - INFO - [串口] cuff=0 mmHg
2026-09-04 14:01:51,576 - DVPTest - DEBUG - 发出 sig_data: t=64.101, p=0.00
2026-09-04 14:01:51,576 - DVPTest - DEBUG - 阶段 DONE，忽略新数据 t=64.10
2026-09-04 14:01:51,577 - DVPTest - INFO - [串口] cuff=0 mmHg
2026-09-04 14:01:51,672 - DVPTest - DEBUG - 发出 sig_data: t=64.198, p=0.00
2026-09-04 14:01:51,674 - DVPTest - DEBUG - 阶段 DONE，忽略新数据 t=64.20
2026-09-04 14:01:51,675 - DVPTest - INFO - [串口] cuff=0 mmHg
2026-09-04 14:01:51,784 - DVPTest - DEBUG - 发出 sig_data: t=64.310, p=0.00
2026-09-04 14:01:51,786 - DVPTest - DEBUG - 阶段 DONE，忽略新数据 t=64.31
2026-09-04 14:01:51,786 - DVPTest - INFO - [串口] cuff=0 mmHg
2026-09-04 14:01:51,880 - DVPTest - DEBUG - 发出 sig_data: t=64.406, p=0.00
2026-09-04 14:01:51,882 - DVPTest - DEBUG - 阶段 DONE，忽略新数据 t=64.41
2026-09-04 14:01:51,882 - DVPTest - INFO - [串口] cuff=0 mmHg
2026-09-04 14:01:51,975 - DVPTest - DEBUG - 发出 sig_data: t=64.501, p=0.00
2026-09-04 14:01:51,978 - DVPTest - DEBUG - 阶段 DONE，忽略新数据 t=64.50
2026-09-04 14:01:51,978 - DVPTest - INFO - [串口] cuff=0 mmHg
2026-09-04 14:01:52,087 - DVPTest - DEBUG - 发出 sig_data: t=64.613, p=0.00
2026-09-04 14:01:52,089 - DVPTest - DEBUG - 阶段 DONE，忽略新数据 t=64.61
2026-09-04 14:01:52,089 - DVPTest - INFO - [串口] cuff=0 mmHg
2026-09-04 14:01:52,183 - DVPTest - DEBUG - 发出 sig_data: t=64.709, p=0.00
2026-09-04 14:01:52,186 - DVPTest - DEBUG - 阶段 DONE，忽略新数据 t=64.71
2026-09-04 14:01:52,187 - DVPTest - INFO - [串口] cuff=0 mmHg
2026-09-04 14:01:52,279 - DVPTest - DEBUG - 发出 sig_data: t=64.805, p=0.00
2026-09-04 14:01:52,283 - DVPTest - DEBUG - 阶段 DONE，忽略新数据 t=64.81
2026-09-04 14:01:52,284 - DVPTest - INFO - [串口] cuff=0 mmHg
2026-09-04 14:01:52,375 - DVPTest - DEBUG - 发出 sig_data: t=64.901, p=0.00
2026-09-04 14:01:52,378 - DVPTest - DEBUG - 阶段 DONE，忽略新数据 t=64.90
2026-09-04 14:01:52,379 - DVPTest - INFO - [串口] cuff=0 mmHg
2026-09-04 14:01:52,487 - DVPTest - DEBUG - 发出 sig_data: t=65.012, p=0.00
2026-09-04 14:01:52,489 - DVPTest - DEBUG - 阶段 DONE，忽略新数据 t=65.01
2026-09-04 14:01:52,491 - DVPTest - INFO - [串口] cuff=0 mmHg
2026-09-04 14:01:52,583 - DVPTest - DEBUG - 发出 sig_data: t=65.109, p=0.00
2026-09-04 14:01:52,587 - DVPTest - DEBUG - 阶段 DONE，忽略新数据 t=65.11
2026-09-04 14:01:52,588 - DVPTest - INFO - [串口] cuff=0 mmHg
2026-09-04 14:01:52,679 - DVPTest - DEBUG - 发出 sig_data: t=65.205, p=0.00
2026-09-04 14:01:52,681 - DVPTest - DEBUG - 阶段 DONE，忽略新数据 t=65.20
2026-09-04 14:01:52,681 - DVPTest - INFO - [串口] cuff=0 mmHg
2026-09-04 14:01:52,775 - DVPTest - DEBUG - 发出 sig_data: t=65.301, p=0.00
2026-09-04 14:01:52,777 - DVPTest - DEBUG - 阶段 DONE，忽略新数据 t=65.30
2026-09-04 14:01:52,778 - DVPTest - INFO - [串口] cuff=0 mmHg
2026-09-04 14:01:52,886 - DVPTest - DEBUG - 发出 sig_data: t=65.412, p=0.00
2026-09-04 14:01:52,889 - DVPTest - DEBUG - 阶段 DONE，忽略新数据 t=65.41
2026-09-04 14:01:52,891 - DVPTest - INFO - [串口] cuff=0 mmHg
2026-09-04 14:01:52,982 - DVPTest - DEBUG - 发出 sig_data: t=65.508, p=0.00
2026-09-04 14:01:52,984 - DVPTest - DEBUG - 阶段 DONE，忽略新数据 t=65.51
2026-09-04 14:01:52,984 - DVPTest - INFO - [串口] cuff=0 mmHg
2026-09-04 14:01:53,078 - DVPTest - DEBUG - 发出 sig_data: t=65.603, p=0.00
2026-09-04 14:01:53,080 - DVPTest - DEBUG - 阶段 DONE，忽略新数据 t=65.60
2026-09-04 14:01:53,081 - DVPTest - INFO - [串口] cuff=0 mmHg
2026-09-04 14:01:53,189 - DVPTest - DEBUG - 发出 sig_data: t=65.715, p=0.00
2026-09-04 14:01:53,192 - DVPTest - DEBUG - 阶段 DONE，忽略新数据 t=65.72
2026-09-04 14:01:53,192 - DVPTest - INFO - [串口] cuff=0 mmHg
2026-09-04 14:01:53,285 - DVPTest - DEBUG - 发出 sig_data: t=65.811, p=0.00
2026-09-04 14:01:53,289 - DVPTest - DEBUG - 阶段 DONE，忽略新数据 t=65.81
2026-09-04 14:01:53,291 - DVPTest - INFO - [串口] cuff=0 mmHg
2026-09-04 14:01:53,381 - DVPTest - DEBUG - 发出 sig_data: t=65.907, p=0.00
2026-09-04 14:01:53,384 - DVPTest - DEBUG - 阶段 DONE，忽略新数据 t=65.91
2026-09-04 14:01:53,385 - DVPTest - INFO - [串口] cuff=0 mmHg
2026-09-04 14:01:53,477 - DVPTest - DEBUG - 发出 sig_data: t=66.003, p=0.00
2026-09-04 14:01:53,478 - DVPTest - DEBUG - 阶段 DONE，忽略新数据 t=66.00
2026-09-04 14:01:53,478 - DVPTest - INFO - [串口] cuff=0 mmHg
2026-09-04 14:01:53,589 - DVPTest - DEBUG - 发出 sig_data: t=66.115, p=0.00
2026-09-04 14:01:53,591 - DVPTest - DEBUG - 阶段 DONE，忽略新数据 t=66.11
2026-09-04 14:01:53,592 - DVPTest - INFO - [串口] cuff=0 mmHg
2026-09-04 14:01:53,685 - DVPTest - DEBUG - 发出 sig_data: t=66.211, p=0.00
2026-09-04 14:01:53,687 - DVPTest - DEBUG - 阶段 DONE，忽略新数据 t=66.21
2026-09-04 14:01:53,687 - DVPTest - INFO - [串口] cuff=0 mmHg
2026-09-04 14:01:53,781 - DVPTest - DEBUG - 发出 sig_data: t=66.307, p=0.00
2026-09-04 14:01:53,783 - DVPTest - DEBUG - 阶段 DONE，忽略新数据 t=66.31
2026-09-04 14:01:53,785 - DVPTest - INFO - [串口] cuff=0 mmHg
2026-09-04 14:01:53,876 - DVPTest - DEBUG - 发出 sig_data: t=66.403, p=0.00
2026-09-04 14:01:53,880 - DVPTest - DEBUG - 阶段 DONE，忽略新数据 t=66.40
2026-09-04 14:01:53,882 - DVPTest - INFO - [串口] cuff=0 mmHg
2026-09-04 14:01:53,989 - DVPTest - DEBUG - 发出 sig_data: t=66.515, p=0.00
2026-09-04 14:01:53,991 - DVPTest - DEBUG - 阶段 DONE，忽略新数据 t=66.51
2026-09-04 14:01:53,992 - DVPTest - INFO - [串口] cuff=0 mmHg
2026-09-04 14:01:54,084 - DVPTest - DEBUG - 发出 sig_data: t=66.610, p=0.00
2026-09-04 14:01:54,085 - DVPTest - DEBUG - 阶段 DONE，忽略新数据 t=66.61
2026-09-04 14:01:54,086 - DVPTest - INFO - [串口] cuff=0 mmHg
2026-09-04 14:01:54,180 - DVPTest - DEBUG - 发出 sig_data: t=66.706, p=0.00
2026-09-04 14:01:54,183 - DVPTest - DEBUG - 阶段 DONE，忽略新数据 t=66.71
2026-09-04 14:01:54,185 - DVPTest - INFO - [串口] cuff=0 mmHg
2026-09-04 14:01:54,277 - DVPTest - DEBUG - 发出 sig_data: t=66.803, p=0.00
2026-09-04 14:01:54,280 - DVPTest - DEBUG - 阶段 DONE，忽略新数据 t=66.80
2026-09-04 14:01:54,281 - DVPTest - INFO - [串口] cuff=0 mmHg
2026-09-04 14:01:54,388 - DVPTest - DEBUG - 发出 sig_data: t=66.914, p=0.00
2026-09-04 14:01:54,391 - DVPTest - DEBUG - 阶段 DONE，忽略新数据 t=66.91
2026-09-04 14:01:54,392 - DVPTest - INFO - [串口] cuff=0 mmHg
2026-09-04 14:01:54,484 - DVPTest - DEBUG - 发出 sig_data: t=67.010, p=0.00
2026-09-04 14:01:54,486 - DVPTest - DEBUG - 阶段 DONE，忽略新数据 t=67.01
2026-09-04 14:01:54,488 - DVPTest - INFO - [串口] cuff=0 mmHg
2026-09-04 14:01:54,580 - DVPTest - DEBUG - 发出 sig_data: t=67.105, p=0.00
2026-09-04 14:01:54,580 - DVPTest - DEBUG - 阶段 DONE，忽略新数据 t=67.11
2026-09-04 14:01:54,580 - DVPTest - INFO - [串口] cuff=0 mmHg
2026-09-04 14:01:54,676 - DVPTest - DEBUG - 发出 sig_data: t=67.202, p=0.00
2026-09-04 14:01:54,678 - DVPTest - DEBUG - 阶段 DONE，忽略新数据 t=67.20
2026-09-04 14:01:54,679 - DVPTest - INFO - [串口] cuff=0 mmHg
2026-09-04 14:01:54,788 - DVPTest - DEBUG - 发出 sig_data: t=67.314, p=0.00
2026-09-04 14:01:54,790 - DVPTest - DEBUG - 阶段 DONE，忽略新数据 t=67.31
2026-09-04 14:01:54,792 - DVPTest - INFO - [串口] cuff=0 mmHg
2026-09-04 14:01:54,883 - DVPTest - DEBUG - 发出 sig_data: t=67.409, p=0.00
2026-09-04 14:01:54,886 - DVPTest - DEBUG - 阶段 DONE，忽略新数据 t=67.41
2026-09-04 14:01:54,887 - DVPTest - INFO - [串口] cuff=0 mmHg
2026-09-04 14:01:54,979 - DVPTest - DEBUG - 发出 sig_data: t=67.505, p=0.00
2026-09-04 14:01:54,982 - DVPTest - DEBUG - 阶段 DONE，忽略新数据 t=67.51
2026-09-04 14:01:54,983 - DVPTest - INFO - [串口] cuff=0 mmHg
2026-09-04 14:01:55,091 - DVPTest - DEBUG - 发出 sig_data: t=67.617, p=0.00
2026-09-04 14:01:55,093 - DVPTest - DEBUG - 阶段 DONE，忽略新数据 t=67.62
2026-09-04 14:01:55,093 - DVPTest - INFO - [串口] cuff=0 mmHg
2026-09-04 14:01:55,187 - DVPTest - DEBUG - 发出 sig_data: t=67.713, p=0.00
2026-09-04 14:01:55,190 - DVPTest - DEBUG - 阶段 DONE，忽略新数据 t=67.71
2026-09-04 14:01:55,191 - DVPTest - INFO - [串口] cuff=0 mmHg
2026-09-04 14:01:55,283 - DVPTest - DEBUG - 发出 sig_data: t=67.809, p=0.00
2026-09-04 14:01:55,286 - DVPTest - DEBUG - 阶段 DONE，忽略新数据 t=67.81
2026-09-04 14:01:55,288 - DVPTest - INFO - [串口] cuff=0 mmHg
2026-09-04 14:01:55,378 - DVPTest - DEBUG - 发出 sig_data: t=67.904, p=0.00
2026-09-04 14:01:55,379 - DVPTest - DEBUG - 阶段 DONE，忽略新数据 t=67.90
2026-09-04 14:01:55,380 - DVPTest - INFO - [串口] cuff=0 mmHg
2026-09-04 14:01:55,490 - DVPTest - DEBUG - 发出 sig_data: t=68.016, p=0.00
2026-09-04 14:01:55,491 - DVPTest - DEBUG - 阶段 DONE，忽略新数据 t=68.02
2026-09-04 14:01:55,492 - DVPTest - INFO - [串口] cuff=0 mmHg
2026-09-04 14:01:55,586 - DVPTest - DEBUG - 发出 sig_data: t=68.112, p=0.00
2026-09-04 14:01:55,587 - DVPTest - DEBUG - 阶段 DONE，忽略新数据 t=68.11
2026-09-04 14:01:55,588 - DVPTest - INFO - [串口] cuff=0 mmHg
2026-09-04 14:01:55,682 - DVPTest - DEBUG - 发出 sig_data: t=68.208, p=0.00
2026-09-04 14:01:55,683 - DVPTest - DEBUG - 阶段 DONE，忽略新数据 t=68.21
2026-09-04 14:01:55,684 - DVPTest - INFO - [串口] cuff=0 mmHg
2026-09-04 14:01:55,778 - DVPTest - DEBUG - 发出 sig_data: t=68.304, p=0.00
2026-09-04 14:01:55,781 - DVPTest - DEBUG - 阶段 DONE，忽略新数据 t=68.30
2026-09-04 14:01:55,781 - DVPTest - INFO - [串口] cuff=0 mmHg
2026-09-04 14:01:55,890 - DVPTest - DEBUG - 发出 sig_data: t=68.416, p=0.00
2026-09-04 14:01:55,893 - DVPTest - DEBUG - 阶段 DONE，忽略新数据 t=68.42
2026-09-04 14:01:55,894 - DVPTest - INFO - [串口] cuff=0 mmHg
2026-09-04 14:01:55,985 - DVPTest - DEBUG - 发出 sig_data: t=68.511, p=0.00
2026-09-04 14:01:55,988 - DVPTest - DEBUG - 阶段 DONE，忽略新数据 t=68.51
2026-09-04 14:01:55,988 - DVPTest - INFO - [串口] cuff=0 mmHg
2026-09-04 14:01:56,082 - DVPTest - DEBUG - 发出 sig_data: t=68.607, p=0.00
2026-09-04 14:01:56,082 - DVPTest - DEBUG - 阶段 DONE，忽略新数据 t=68.61
2026-09-04 14:01:56,083 - DVPTest - INFO - [串口] cuff=0 mmHg
2026-09-04 14:01:56,177 - DVPTest - DEBUG - 发出 sig_data: t=68.703, p=0.00
2026-09-04 14:01:56,177 - DVPTest - DEBUG - 阶段 DONE，忽略新数据 t=68.70
2026-09-04 14:01:56,178 - DVPTest - INFO - [串口] cuff=0 mmHg
2026-09-04 14:01:56,289 - DVPTest - DEBUG - 发出 sig_data: t=68.815, p=0.00
2026-09-04 14:01:56,291 - DVPTest - DEBUG - 阶段 DONE，忽略新数据 t=68.82
2026-09-04 14:01:56,291 - DVPTest - INFO - [串口] cuff=0 mmHg
2026-09-04 14:01:56,385 - DVPTest - DEBUG - 发出 sig_data: t=68.911, p=0.00
2026-09-04 14:01:56,386 - DVPTest - DEBUG - 阶段 DONE，忽略新数据 t=68.91
2026-09-04 14:01:56,387 - DVPTest - INFO - [串口] cuff=0 mmHg
2026-09-04 14:01:56,481 - DVPTest - DEBUG - 发出 sig_data: t=69.006, p=0.00
2026-09-04 14:01:56,482 - DVPTest - DEBUG - 阶段 DONE，忽略新数据 t=69.01
2026-09-04 14:01:56,483 - DVPTest - INFO - [串口] cuff=0 mmHg
2026-09-04 14:01:56,577 - DVPTest - DEBUG - 发出 sig_data: t=69.102, p=0.00
2026-09-04 14:01:56,577 - DVPTest - DEBUG - 阶段 DONE，忽略新数据 t=69.10
2026-09-04 14:01:56,579 - DVPTest - INFO - [串口] cuff=0 mmHg
2026-09-04 14:01:56,689 - DVPTest - DEBUG - 发出 sig_data: t=69.215, p=0.00
2026-09-04 14:01:56,692 - DVPTest - DEBUG - 阶段 DONE，忽略新数据 t=69.21
2026-09-04 14:01:56,694 - DVPTest - INFO - [串口] cuff=0 mmHg
2026-09-04 14:01:56,785 - DVPTest - DEBUG - 发出 sig_data: t=69.310, p=0.00
2026-09-04 14:01:56,785 - DVPTest - DEBUG - 阶段 DONE，忽略新数据 t=69.31
2026-09-04 14:01:56,786 - DVPTest - INFO - [串口] cuff=0 mmHg
2026-09-04 14:01:56,881 - DVPTest - DEBUG - 发出 sig_data: t=69.406, p=0.00
2026-09-04 14:01:56,885 - DVPTest - DEBUG - 阶段 DONE，忽略新数据 t=69.41
2026-09-04 14:01:56,887 - DVPTest - INFO - [串口] cuff=0 mmHg
2026-09-04 14:01:56,976 - DVPTest - DEBUG - 发出 sig_data: t=69.502, p=0.00
2026-09-04 14:01:56,981 - DVPTest - DEBUG - 阶段 DONE，忽略新数据 t=69.50
2026-09-04 14:01:56,982 - DVPTest - INFO - [串口] cuff=0 mmHg
2026-09-04 14:01:57,088 - DVPTest - DEBUG - 发出 sig_data: t=69.614, p=0.00
2026-09-04 14:01:57,089 - DVPTest - DEBUG - 阶段 DONE，忽略新数据 t=69.61
2026-09-04 14:01:57,090 - DVPTest - INFO - [串口] cuff=0 mmHg
2026-09-04 14:01:57,184 - DVPTest - DEBUG - 发出 sig_data: t=69.710, p=0.00
2026-09-04 14:01:57,185 - DVPTest - DEBUG - 阶段 DONE，忽略新数据 t=69.71
2026-09-04 14:01:57,186 - DVPTest - INFO - [串口] cuff=0 mmHg
2026-09-04 14:01:57,279 - DVPTest - DEBUG - 发出 sig_data: t=69.805, p=0.00
2026-09-04 14:01:57,282 - DVPTest - DEBUG - 阶段 DONE，忽略新数据 t=69.81
2026-09-04 14:01:57,283 - DVPTest - INFO - [串口] cuff=0 mmHg
2026-09-04 14:01:57,391 - DVPTest - DEBUG - 发出 sig_data: t=69.916, p=0.00
2026-09-04 14:01:57,392 - DVPTest - DEBUG - 阶段 DONE，忽略新数据 t=69.92
2026-09-04 14:01:57,393 - DVPTest - INFO - [串口] cuff=0 mmHg
2026-09-04 14:01:57,488 - DVPTest - DEBUG - 发出 sig_data: t=70.014, p=0.00
2026-09-04 14:01:57,490 - DVPTest - DEBUG - 阶段 DONE，忽略新数据 t=70.01
2026-09-04 14:01:57,490 - DVPTest - INFO - [串口] cuff=0 mmHg
2026-09-04 14:01:57,583 - DVPTest - DEBUG - 发出 sig_data: t=70.108, p=0.00
2026-09-04 14:01:57,584 - DVPTest - DEBUG - 阶段 DONE，忽略新数据 t=70.11
2026-09-04 14:01:57,584 - DVPTest - INFO - [串口] cuff=0 mmHg
2026-09-04 14:01:57,681 - DVPTest - DEBUG - 发出 sig_data: t=70.207, p=0.00
2026-09-04 14:01:57,683 - DVPTest - DEBUG - 阶段 DONE，忽略新数据 t=70.21
2026-09-04 14:01:57,684 - DVPTest - INFO - [串口] cuff=0 mmHg
2026-09-04 14:01:57,791 - DVPTest - DEBUG - 发出 sig_data: t=70.316, p=0.00
2026-09-04 14:01:57,792 - DVPTest - DEBUG - 阶段 DONE，忽略新数据 t=70.32
2026-09-04 14:01:57,795 - DVPTest - INFO - [串口] cuff=0 mmHg
2026-09-04 14:01:57,887 - DVPTest - DEBUG - 发出 sig_data: t=70.413, p=0.00
2026-09-04 14:01:57,888 - DVPTest - DEBUG - 阶段 DONE，忽略新数据 t=70.41
2026-09-04 14:01:57,889 - DVPTest - INFO - [串口] cuff=0 mmHg
2026-09-04 14:01:57,983 - DVPTest - DEBUG - 发出 sig_data: t=70.509, p=0.00
2026-09-04 14:01:57,985 - DVPTest - DEBUG - 阶段 DONE，忽略新数据 t=70.51
2026-09-04 14:01:57,987 - DVPTest - INFO - [串口] cuff=0 mmHg
2026-09-04 14:01:58,079 - DVPTest - DEBUG - 发出 sig_data: t=70.604, p=0.00
2026-09-04 14:01:58,079 - DVPTest - DEBUG - 阶段 DONE，忽略新数据 t=70.60
2026-09-04 14:01:58,079 - DVPTest - INFO - [串口] cuff=0 mmHg
2026-09-04 14:01:58,190 - DVPTest - DEBUG - 发出 sig_data: t=70.716, p=0.00
2026-09-04 14:01:58,193 - DVPTest - DEBUG - 阶段 DONE，忽略新数据 t=70.72
2026-09-04 14:01:58,194 - DVPTest - INFO - [串口] cuff=0 mmHg
2026-09-04 14:01:58,287 - DVPTest - DEBUG - 发出 sig_data: t=70.813, p=0.00
2026-09-04 14:01:58,291 - DVPTest - DEBUG - 阶段 DONE，忽略新数据 t=70.81
2026-09-04 14:01:58,292 - DVPTest - INFO - [串口] cuff=0 mmHg
2026-09-04 14:01:58,382 - DVPTest - DEBUG - 发出 sig_data: t=70.908, p=0.00
2026-09-04 14:01:58,384 - DVPTest - DEBUG - 阶段 DONE，忽略新数据 t=70.91
2026-09-04 14:01:58,384 - DVPTest - INFO - [串口] cuff=0 mmHg
2026-09-04 14:01:58,478 - DVPTest - DEBUG - 发出 sig_data: t=71.003, p=0.00
2026-09-04 14:01:58,480 - DVPTest - DEBUG - 阶段 DONE，忽略新数据 t=71.00
2026-09-04 14:01:58,481 - DVPTest - INFO - [串口] cuff=0 mmHg
2026-09-04 14:01:58,589 - DVPTest - DEBUG - 发出 sig_data: t=71.115, p=0.00
2026-09-04 14:01:58,591 - DVPTest - DEBUG - 阶段 DONE，忽略新数据 t=71.11
2026-09-04 14:01:58,593 - DVPTest - INFO - [串口] cuff=0 mmHg
2026-09-04 14:01:58,685 - DVPTest - DEBUG - 发出 sig_data: t=71.211, p=0.00
2026-09-04 14:01:58,686 - DVPTest - DEBUG - 阶段 DONE，忽略新数据 t=71.21
2026-09-04 14:01:58,687 - DVPTest - INFO - [串口] cuff=0 mmHg
2026-09-04 14:01:58,781 - DVPTest - DEBUG - 发出 sig_data: t=71.307, p=0.00
2026-09-04 14:01:58,783 - DVPTest - DEBUG - 阶段 DONE，忽略新数据 t=71.31
2026-09-04 14:01:58,785 - DVPTest - INFO - [串口] cuff=0 mmHg
2026-09-04 14:01:58,893 - DVPTest - DEBUG - 发出 sig_data: t=71.419, p=0.00
2026-09-04 14:01:58,897 - DVPTest - DEBUG - 阶段 DONE，忽略新数据 t=71.42
2026-09-04 14:01:58,898 - DVPTest - INFO - [串口] cuff=0 mmHg
2026-09-04 14:01:58,989 - DVPTest - DEBUG - 发出 sig_data: t=71.515, p=0.00
2026-09-04 14:01:58,990 - DVPTest - DEBUG - 阶段 DONE，忽略新数据 t=71.51
2026-09-04 14:01:58,991 - DVPTest - INFO - [串口] cuff=0 mmHg
2026-09-04 14:01:59,085 - DVPTest - DEBUG - 发出 sig_data: t=71.611, p=0.00
2026-09-04 14:01:59,089 - DVPTest - DEBUG - 阶段 DONE，忽略新数据 t=71.61
2026-09-04 14:01:59,090 - DVPTest - INFO - [串口] cuff=0 mmHg
2026-09-04 14:01:59,180 - DVPTest - DEBUG - 发出 sig_data: t=71.706, p=0.00
2026-09-04 14:01:59,183 - DVPTest - DEBUG - 阶段 DONE，忽略新数据 t=71.71
2026-09-04 14:01:59,184 - DVPTest - INFO - [串口] cuff=0 mmHg
2026-09-04 14:01:59,292 - DVPTest - DEBUG - 发出 sig_data: t=71.818, p=0.00
2026-09-04 14:01:59,295 - DVPTest - DEBUG - 阶段 DONE，忽略新数据 t=71.82
2026-09-04 14:01:59,296 - DVPTest - INFO - [串口] cuff=0 mmHg
2026-09-04 14:01:59,388 - DVPTest - DEBUG - 发出 sig_data: t=71.914, p=0.00
2026-09-04 14:01:59,394 - DVPTest - DEBUG - 阶段 DONE，忽略新数据 t=71.91
2026-09-04 14:01:59,395 - DVPTest - INFO - [串口] cuff=0 mmHg
2026-09-04 14:01:59,484 - DVPTest - DEBUG - 发出 sig_data: t=72.010, p=0.00
2026-09-04 14:01:59,485 - DVPTest - DEBUG - 阶段 DONE，忽略新数据 t=72.01
2026-09-04 14:01:59,486 - DVPTest - INFO - [串口] cuff=0 mmHg
2026-09-04 14:01:59,580 - DVPTest - DEBUG - 发出 sig_data: t=72.105, p=0.00
2026-09-04 14:01:59,582 - DVPTest - DEBUG - 阶段 DONE，忽略新数据 t=72.11
2026-09-04 14:01:59,582 - DVPTest - INFO - [串口] cuff=0 mmHg
2026-09-04 14:01:59,692 - DVPTest - DEBUG - 发出 sig_data: t=72.218, p=0.00
2026-09-04 14:01:59,694 - DVPTest - DEBUG - 阶段 DONE，忽略新数据 t=72.22
2026-09-04 14:01:59,694 - DVPTest - INFO - [串口] cuff=0 mmHg
2026-09-04 14:01:59,788 - DVPTest - DEBUG - 发出 sig_data: t=72.314, p=0.00
2026-09-04 14:01:59,789 - DVPTest - DEBUG - 阶段 DONE，忽略新数据 t=72.31
2026-09-04 14:01:59,790 - DVPTest - INFO - [串口] cuff=0 mmHg
2026-09-04 14:01:59,884 - DVPTest - DEBUG - 发出 sig_data: t=72.410, p=0.00
2026-09-04 14:01:59,886 - DVPTest - DEBUG - 阶段 DONE，忽略新数据 t=72.41
2026-09-04 14:01:59,886 - DVPTest - INFO - [串口] cuff=0 mmHg
2026-09-04 14:01:59,980 - DVPTest - DEBUG - 发出 sig_data: t=72.505, p=0.00
2026-09-04 14:01:59,983 - DVPTest - DEBUG - 阶段 DONE，忽略新数据 t=72.51
2026-09-04 14:01:59,984 - DVPTest - INFO - [串口] cuff=0 mmHg
2026-09-04 14:02:00,092 - DVPTest - DEBUG - 发出 sig_data: t=72.618, p=0.00
2026-09-04 14:02:00,094 - DVPTest - DEBUG - 阶段 DONE，忽略新数据 t=72.62
2026-09-04 14:02:00,094 - DVPTest - INFO - [串口] cuff=0 mmHg
2026-09-04 14:02:00,188 - DVPTest - DEBUG - 发出 sig_data: t=72.713, p=0.00
2026-09-04 14:02:00,188 - DVPTest - DEBUG - 阶段 DONE，忽略新数据 t=72.71
2026-09-04 14:02:00,189 - DVPTest - INFO - [串口] cuff=0 mmHg
2026-09-04 14:02:00,283 - DVPTest - DEBUG - 发出 sig_data: t=72.809, p=0.00
2026-09-04 14:02:00,286 - DVPTest - DEBUG - 阶段 DONE，忽略新数据 t=72.81
2026-09-04 14:02:00,287 - DVPTest - INFO - [串口] cuff=0 mmHg
2026-09-04 14:02:00,394 - DVPTest - DEBUG - 发出 sig_data: t=72.920, p=0.00
2026-09-04 14:02:00,395 - DVPTest - DEBUG - 阶段 DONE，忽略新数据 t=72.92
2026-09-04 14:02:00,396 - DVPTest - INFO - [串口] cuff=0 mmHg
2026-09-04 14:02:00,491 - DVPTest - DEBUG - 发出 sig_data: t=73.016, p=0.00
2026-09-04 14:02:00,493 - DVPTest - DEBUG - 阶段 DONE，忽略新数据 t=73.02
2026-09-04 14:02:00,494 - DVPTest - INFO - [串口] cuff=0 mmHg
2026-09-04 14:02:00,586 - DVPTest - DEBUG - 发出 sig_data: t=73.112, p=0.00
2026-09-04 14:02:00,591 - DVPTest - DEBUG - 阶段 DONE，忽略新数据 t=73.11
2026-09-04 14:02:00,592 - DVPTest - INFO - [串口] cuff=0 mmHg
2026-09-04 14:02:00,683 - DVPTest - DEBUG - 发出 sig_data: t=73.209, p=0.00
2026-09-04 14:02:00,685 - DVPTest - DEBUG - 阶段 DONE，忽略新数据 t=73.21
2026-09-04 14:02:00,685 - DVPTest - INFO - [串口] cuff=0 mmHg
2026-09-04 14:02:00,795 - DVPTest - DEBUG - 发出 sig_data: t=73.321, p=0.00
2026-09-04 14:02:00,797 - DVPTest - DEBUG - 阶段 DONE，忽略新数据 t=73.32
2026-09-04 14:02:00,798 - DVPTest - INFO - [串口] cuff=0 mmHg
2026-09-04 14:02:00,890 - DVPTest - DEBUG - 发出 sig_data: t=73.416, p=0.00
2026-09-04 14:02:00,891 - DVPTest - DEBUG - 阶段 DONE，忽略新数据 t=73.42
2026-09-04 14:02:00,891 - DVPTest - INFO - [串口] cuff=0 mmHg
2026-09-04 14:02:00,986 - DVPTest - DEBUG - 发出 sig_data: t=73.511, p=0.00
2026-09-04 14:02:00,986 - DVPTest - DEBUG - 阶段 DONE，忽略新数据 t=73.51
2026-09-04 14:02:00,987 - DVPTest - INFO - [串口] cuff=0 mmHg
2026-09-04 14:02:01,082 - DVPTest - DEBUG - 发出 sig_data: t=73.608, p=0.00
2026-09-04 14:02:01,085 - DVPTest - DEBUG - 阶段 DONE，忽略新数据 t=73.61
2026-09-04 14:02:01,087 - DVPTest - INFO - [串口] cuff=0 mmHg
2026-09-04 14:02:01,194 - DVPTest - DEBUG - 发出 sig_data: t=73.720, p=0.00
2026-09-04 14:02:01,196 - DVPTest - DEBUG - 阶段 DONE，忽略新数据 t=73.72
2026-09-04 14:02:01,196 - DVPTest - INFO - [串口] cuff=0 mmHg
2026-09-04 14:02:01,290 - DVPTest - DEBUG - 发出 sig_data: t=73.815, p=0.00
2026-09-04 14:02:01,292 - DVPTest - DEBUG - 阶段 DONE，忽略新数据 t=73.82
2026-09-04 14:02:01,293 - DVPTest - INFO - [串口] cuff=0 mmHg
2026-09-04 14:02:01,386 - DVPTest - DEBUG - 发出 sig_data: t=73.912, p=0.00
2026-09-04 14:02:01,389 - DVPTest - DEBUG - 阶段 DONE，忽略新数据 t=73.91
2026-09-04 14:02:01,391 - DVPTest - INFO - [串口] cuff=0 mmHg
2026-09-04 14:02:01,481 - DVPTest - DEBUG - 发出 sig_data: t=74.007, p=0.00
2026-09-04 14:02:01,481 - DVPTest - DEBUG - 阶段 DONE，忽略新数据 t=74.01
2026-09-04 14:02:01,482 - DVPTest - INFO - [串口] cuff=0 mmHg
2026-09-04 14:02:01,593 - DVPTest - DEBUG - 发出 sig_data: t=74.119, p=0.00
2026-09-04 14:02:01,596 - DVPTest - DEBUG - 阶段 DONE，忽略新数据 t=74.12
2026-09-04 14:02:01,597 - DVPTest - INFO - [串口] cuff=0 mmHg
2026-09-04 14:02:01,689 - DVPTest - DEBUG - 发出 sig_data: t=74.215, p=0.00
2026-09-04 14:02:01,690 - DVPTest - DEBUG - 阶段 DONE，忽略新数据 t=74.22
2026-09-04 14:02:01,691 - DVPTest - INFO - [串口] cuff=0 mmHg
2026-09-04 14:02:01,785 - DVPTest - DEBUG - 发出 sig_data: t=74.310, p=0.00
2026-09-04 14:02:01,785 - DVPTest - DEBUG - 阶段 DONE，忽略新数据 t=74.31
2026-09-04 14:02:01,785 - DVPTest - INFO - [串口] cuff=0 mmHg
2026-09-04 14:02:01,881 - DVPTest - DEBUG - 发出 sig_data: t=74.407, p=0.00
2026-09-04 14:02:01,883 - DVPTest - DEBUG - 阶段 DONE，忽略新数据 t=74.41
2026-09-04 14:02:01,885 - DVPTest - INFO - [串口] cuff=0 mmHg
2026-09-04 14:02:01,992 - DVPTest - DEBUG - 发出 sig_data: t=74.518, p=0.00
2026-09-04 14:02:01,996 - DVPTest - DEBUG - 阶段 DONE，忽略新数据 t=74.52
2026-09-04 14:02:01,997 - DVPTest - INFO - [串口] cuff=0 mmHg
2026-09-04 14:02:02,088 - DVPTest - DEBUG - 发出 sig_data: t=74.614, p=0.00
2026-09-04 14:02:02,091 - DVPTest - DEBUG - 阶段 DONE，忽略新数据 t=74.61
2026-09-04 14:02:02,092 - DVPTest - INFO - [串口] cuff=0 mmHg
2026-09-04 14:02:02,185 - DVPTest - DEBUG - 发出 sig_data: t=74.710, p=0.00
2026-09-04 14:02:02,187 - DVPTest - DEBUG - 阶段 DONE，忽略新数据 t=74.71
2026-09-04 14:02:02,189 - DVPTest - INFO - [串口] cuff=0 mmHg
2026-09-04 14:02:02,280 - DVPTest - DEBUG - 发出 sig_data: t=74.806, p=0.00
2026-09-04 14:02:02,281 - DVPTest - DEBUG - 阶段 DONE，忽略新数据 t=74.81
2026-09-04 14:02:02,282 - DVPTest - INFO - [串口] cuff=0 mmHg
2026-09-04 14:02:02,392 - DVPTest - DEBUG - 发出 sig_data: t=74.918, p=0.00
2026-09-04 14:02:02,394 - DVPTest - DEBUG - 阶段 DONE，忽略新数据 t=74.92
2026-09-04 14:02:02,395 - DVPTest - INFO - [串口] cuff=0 mmHg
2026-09-04 14:02:02,488 - DVPTest - DEBUG - 发出 sig_data: t=75.013, p=0.00
2026-09-04 14:02:02,488 - DVPTest - DEBUG - 阶段 DONE，忽略新数据 t=75.01
2026-09-04 14:02:02,489 - DVPTest - INFO - [串口] cuff=0 mmHg
2026-09-04 14:02:02,584 - DVPTest - DEBUG - 发出 sig_data: t=75.109, p=0.00
2026-09-04 14:02:02,584 - DVPTest - DEBUG - 阶段 DONE，忽略新数据 t=75.11
2026-09-04 14:02:02,586 - DVPTest - INFO - [串口] cuff=0 mmHg
2026-09-04 14:02:02,679 - DVPTest - DEBUG - 发出 sig_data: t=75.205, p=0.00
2026-09-04 14:02:02,682 - DVPTest - DEBUG - 阶段 DONE，忽略新数据 t=75.21
2026-09-04 14:02:02,683 - DVPTest - INFO - [串口] cuff=0 mmHg
2026-09-04 14:02:02,792 - DVPTest - DEBUG - 发出 sig_data: t=75.318, p=0.00
2026-09-04 14:02:02,793 - DVPTest - DEBUG - 阶段 DONE，忽略新数据 t=75.32
2026-09-04 14:02:02,794 - DVPTest - INFO - [串口] cuff=0 mmHg
2026-09-04 14:02:02,888 - DVPTest - DEBUG - 发出 sig_data: t=75.413, p=0.00
2026-09-04 14:02:02,890 - DVPTest - DEBUG - 阶段 DONE，忽略新数据 t=75.41
2026-09-04 14:02:02,891 - DVPTest - INFO - [串口] cuff=0 mmHg
2026-09-04 14:02:02,983 - DVPTest - DEBUG - 发出 sig_data: t=75.509, p=0.00
2026-09-04 14:02:02,986 - DVPTest - DEBUG - 阶段 DONE，忽略新数据 t=75.51
2026-09-04 14:02:02,987 - DVPTest - INFO - [串口] cuff=0 mmHg
2026-09-04 14:02:03,095 - DVPTest - DEBUG - 发出 sig_data: t=75.620, p=0.00
2026-09-04 14:02:03,095 - DVPTest - DEBUG - 阶段 DONE，忽略新数据 t=75.62
2026-09-04 14:02:03,096 - DVPTest - INFO - [串口] cuff=0 mmHg
2026-09-04 14:02:03,191 - DVPTest - DEBUG - 发出 sig_data: t=75.717, p=0.00
2026-09-04 14:02:03,193 - DVPTest - DEBUG - 阶段 DONE，忽略新数据 t=75.72
2026-09-04 14:02:03,195 - DVPTest - INFO - [串口] cuff=0 mmHg
2026-09-04 14:02:03,287 - DVPTest - DEBUG - 发出 sig_data: t=75.813, p=0.00
2026-09-04 14:02:03,289 - DVPTest - DEBUG - 阶段 DONE，忽略新数据 t=75.81
2026-09-04 14:02:03,290 - DVPTest - INFO - [串口] cuff=0 mmHg
2026-09-04 14:02:03,383 - DVPTest - DEBUG - 发出 sig_data: t=75.909, p=0.00
2026-09-04 14:02:03,385 - DVPTest - DEBUG - 阶段 DONE，忽略新数据 t=75.91
2026-09-04 14:02:03,385 - DVPTest - INFO - [串口] cuff=0 mmHg
2026-09-04 14:02:03,494 - DVPTest - DEBUG - 发出 sig_data: t=76.020, p=0.00
2026-09-04 14:02:03,495 - DVPTest - DEBUG - 阶段 DONE，忽略新数据 t=76.02
2026-09-04 14:02:03,496 - DVPTest - INFO - [串口] cuff=0 mmHg
2026-09-04 14:02:03,590 - DVPTest - DEBUG - 发出 sig_data: t=76.116, p=0.00
2026-09-04 14:02:03,593 - DVPTest - DEBUG - 阶段 DONE，忽略新数据 t=76.12
2026-09-04 14:02:03,594 - DVPTest - INFO - [串口] cuff=0 mmHg
2026-09-04 14:02:03,686 - DVPTest - DEBUG - 发出 sig_data: t=76.212, p=0.00
2026-09-04 14:02:03,687 - DVPTest - DEBUG - 阶段 DONE，忽略新数据 t=76.21
2026-09-04 14:02:03,688 - DVPTest - INFO - [串口] cuff=0 mmHg
2026-09-04 14:02:03,782 - DVPTest - DEBUG - 发出 sig_data: t=76.308, p=0.00
2026-09-04 14:02:03,784 - DVPTest - DEBUG - 阶段 DONE，忽略新数据 t=76.31
2026-09-04 14:02:03,784 - DVPTest - INFO - [串口] cuff=0 mmHg
2026-09-04 14:02:03,893 - DVPTest - DEBUG - 发出 sig_data: t=76.419, p=0.00
2026-09-04 14:02:03,897 - DVPTest - DEBUG - 阶段 DONE，忽略新数据 t=76.42
2026-09-04 14:02:03,897 - DVPTest - INFO - [串口] cuff=0 mmHg
2026-09-04 14:02:03,990 - DVPTest - DEBUG - 发出 sig_data: t=76.516, p=0.00
2026-09-04 14:02:03,992 - DVPTest - DEBUG - 阶段 DONE，忽略新数据 t=76.52
2026-09-04 14:02:03,992 - DVPTest - INFO - [串口] cuff=0 mmHg
2026-09-04 14:02:04,086 - DVPTest - DEBUG - 发出 sig_data: t=76.611, p=0.00
2026-09-04 14:02:04,086 - DVPTest - DEBUG - 阶段 DONE，忽略新数据 t=76.61
2026-09-04 14:02:04,087 - DVPTest - INFO - [串口] cuff=0 mmHg
2026-09-04 14:02:04,181 - DVPTest - DEBUG - 发出 sig_data: t=76.707, p=0.00
2026-09-04 14:02:04,183 - DVPTest - DEBUG - 阶段 DONE，忽略新数据 t=76.71
2026-09-04 14:02:04,183 - DVPTest - INFO - [串口] cuff=0 mmHg
2026-09-04 14:02:04,293 - DVPTest - DEBUG - 发出 sig_data: t=76.819, p=0.00
2026-09-04 14:02:04,295 - DVPTest - DEBUG - 阶段 DONE，忽略新数据 t=76.82
2026-09-04 14:02:04,296 - DVPTest - INFO - [串口] cuff=0 mmHg
2026-09-04 14:02:04,389 - DVPTest - DEBUG - 发出 sig_data: t=76.915, p=0.00
2026-09-04 14:02:04,391 - DVPTest - DEBUG - 阶段 DONE，忽略新数据 t=76.92
2026-09-04 14:02:04,392 - DVPTest - INFO - [串口] cuff=0 mmHg
2026-09-04 14:02:04,485 - DVPTest - DEBUG - 发出 sig_data: t=77.011, p=0.00
2026-09-04 14:02:04,486 - DVPTest - DEBUG - 阶段 DONE，忽略新数据 t=77.01
2026-09-04 14:02:04,487 - DVPTest - INFO - [串口] cuff=0 mmHg
2026-09-04 14:02:04,581 - DVPTest - DEBUG - 发出 sig_data: t=77.107, p=0.00
2026-09-04 14:02:04,582 - DVPTest - DEBUG - 阶段 DONE，忽略新数据 t=77.11
2026-09-04 14:02:04,583 - DVPTest - INFO - [串口] cuff=0 mmHg
2026-09-04 14:02:04,693 - DVPTest - DEBUG - 发出 sig_data: t=77.219, p=0.00
2026-09-04 14:02:04,697 - DVPTest - DEBUG - 阶段 DONE，忽略新数据 t=77.22
2026-09-04 14:02:04,698 - DVPTest - INFO - [串口] cuff=0 mmHg
2026-09-04 14:02:04,788 - DVPTest - DEBUG - 发出 sig_data: t=77.313, p=0.00
2026-09-04 14:02:04,790 - DVPTest - DEBUG - 阶段 DONE，忽略新数据 t=77.31
2026-09-04 14:02:04,790 - DVPTest - INFO - [串口] cuff=0 mmHg
2026-09-04 14:02:04,885 - DVPTest - DEBUG - 发出 sig_data: t=77.411, p=0.00
2026-09-04 14:02:04,887 - DVPTest - DEBUG - 阶段 DONE，忽略新数据 t=77.41
2026-09-04 14:02:04,888 - DVPTest - INFO - [串口] cuff=0 mmHg
2026-09-04 14:02:04,980 - DVPTest - DEBUG - 发出 sig_data: t=77.505, p=0.00
2026-09-04 14:02:04,982 - DVPTest - DEBUG - 阶段 DONE，忽略新数据 t=77.51
2026-09-04 14:02:04,983 - DVPTest - INFO - [串口] cuff=0 mmHg
2026-09-04 14:02:05,092 - DVPTest - DEBUG - 发出 sig_data: t=77.618, p=0.00
2026-09-04 14:02:05,093 - DVPTest - DEBUG - 阶段 DONE，忽略新数据 t=77.62
2026-09-04 14:02:05,093 - DVPTest - INFO - [串口] cuff=0 mmHg
2026-09-04 14:02:05,188 - DVPTest - DEBUG - 发出 sig_data: t=77.713, p=0.00
2026-09-04 14:02:05,189 - DVPTest - DEBUG - 阶段 DONE，忽略新数据 t=77.71
2026-09-04 14:02:05,190 - DVPTest - INFO - [串口] cuff=0 mmHg
2026-09-04 14:02:05,283 - DVPTest - DEBUG - 发出 sig_data: t=77.809, p=0.00
2026-09-04 14:02:05,284 - DVPTest - DEBUG - 阶段 DONE，忽略新数据 t=77.81
2026-09-04 14:02:05,285 - DVPTest - INFO - [串口] cuff=0 mmHg
2026-09-04 14:02:05,395 - DVPTest - DEBUG - 发出 sig_data: t=77.921, p=0.00
2026-09-04 14:02:05,398 - DVPTest - DEBUG - 阶段 DONE，忽略新数据 t=77.92
2026-09-04 14:02:05,399 - DVPTest - INFO - [串口] cuff=0 mmHg
2026-09-04 14:02:05,493 - DVPTest - DEBUG - 发出 sig_data: t=78.018, p=0.00
2026-09-04 14:02:05,494 - DVPTest - DEBUG - 阶段 DONE，忽略新数据 t=78.02
2026-09-04 14:02:05,496 - DVPTest - INFO - [串口] cuff=0 mmHg
2026-09-04 14:02:05,587 - DVPTest - DEBUG - 发出 sig_data: t=78.113, p=0.00
2026-09-04 14:02:05,589 - DVPTest - DEBUG - 阶段 DONE，忽略新数据 t=78.11
2026-09-04 14:02:05,589 - DVPTest - INFO - [串口] cuff=0 mmHg
2026-09-04 14:02:05,683 - DVPTest - DEBUG - 发出 sig_data: t=78.209, p=0.00
2026-09-04 14:02:05,685 - DVPTest - DEBUG - 阶段 DONE，忽略新数据 t=78.21
2026-09-04 14:02:05,686 - DVPTest - INFO - [串口] cuff=0 mmHg
2026-09-04 14:02:05,795 - DVPTest - DEBUG - 发出 sig_data: t=78.320, p=0.00
2026-09-04 14:02:05,797 - DVPTest - DEBUG - 阶段 DONE，忽略新数据 t=78.32
2026-09-04 14:02:05,798 - DVPTest - INFO - [串口] cuff=0 mmHg
2026-09-04 14:02:05,890 - DVPTest - DEBUG - 发出 sig_data: t=78.416, p=0.00
2026-09-04 14:02:05,892 - DVPTest - DEBUG - 阶段 DONE，忽略新数据 t=78.42
2026-09-04 14:02:05,892 - DVPTest - INFO - [串口] cuff=0 mmHg
2026-09-04 14:02:05,987 - DVPTest - DEBUG - 发出 sig_data: t=78.513, p=0.00
2026-09-04 14:02:05,990 - DVPTest - DEBUG - 阶段 DONE，忽略新数据 t=78.51
2026-09-04 14:02:05,991 - DVPTest - INFO - [串口] cuff=0 mmHg
2026-09-04 14:02:06,082 - DVPTest - DEBUG - 发出 sig_data: t=78.608, p=0.00
2026-09-04 14:02:06,084 - DVPTest - DEBUG - 阶段 DONE，忽略新数据 t=78.61
2026-09-04 14:02:06,084 - DVPTest - INFO - [串口] cuff=0 mmHg
2026-09-04 14:02:06,195 - DVPTest - DEBUG - 发出 sig_data: t=78.720, p=0.00
2026-09-04 14:02:06,197 - DVPTest - DEBUG - 阶段 DONE，忽略新数据 t=78.72
2026-09-04 14:02:06,197 - DVPTest - INFO - [串口] cuff=0 mmHg
2026-09-04 14:02:06,291 - DVPTest - DEBUG - 发出 sig_data: t=78.816, p=0.00
2026-09-04 14:02:06,294 - DVPTest - DEBUG - 阶段 DONE，忽略新数据 t=78.82
2026-09-04 14:02:06,295 - DVPTest - INFO - [串口] cuff=0 mmHg
2026-09-04 14:02:06,386 - DVPTest - DEBUG - 发出 sig_data: t=78.912, p=0.00
2026-09-04 14:02:06,387 - DVPTest - DEBUG - 阶段 DONE，忽略新数据 t=78.91
2026-09-04 14:02:06,388 - DVPTest - INFO - [串口] cuff=0 mmHg
2026-09-04 14:02:06,482 - DVPTest - DEBUG - 发出 sig_data: t=79.007, p=0.00
2026-09-04 14:02:06,484 - DVPTest - DEBUG - 阶段 DONE，忽略新数据 t=79.01
2026-09-04 14:02:06,485 - DVPTest - INFO - [串口] cuff=0 mmHg
2026-09-04 14:02:06,593 - DVPTest - DEBUG - 发出 sig_data: t=79.119, p=0.00
2026-09-04 14:02:06,596 - DVPTest - DEBUG - 阶段 DONE，忽略新数据 t=79.12
2026-09-04 14:02:06,596 - DVPTest - INFO - [串口] cuff=0 mmHg
2026-09-04 14:02:06,689 - DVPTest - DEBUG - 发出 sig_data: t=79.215, p=0.00
2026-09-04 14:02:06,690 - DVPTest - DEBUG - 阶段 DONE，忽略新数据 t=79.21
2026-09-04 14:02:06,691 - DVPTest - INFO - [串口] cuff=0 mmHg
2026-09-04 14:02:06,785 - DVPTest - DEBUG - 发出 sig_data: t=79.311, p=0.00
2026-09-04 14:02:06,789 - DVPTest - DEBUG - 阶段 DONE，忽略新数据 t=79.31
2026-09-04 14:02:06,790 - DVPTest - INFO - [串口] cuff=0 mmHg
2026-09-04 14:02:06,881 - DVPTest - DEBUG - 发出 sig_data: t=79.407, p=0.00
2026-09-04 14:02:06,883 - DVPTest - DEBUG - 阶段 DONE，忽略新数据 t=79.41
2026-09-04 14:02:06,884 - DVPTest - INFO - [串口] cuff=0 mmHg
2026-09-04 14:02:06,993 - DVPTest - DEBUG - 发出 sig_data: t=79.519, p=0.00
2026-09-04 14:02:06,995 - DVPTest - DEBUG - 阶段 DONE，忽略新数据 t=79.52
2026-09-04 14:02:06,995 - DVPTest - INFO - [串口] cuff=0 mmHg
2026-09-04 14:02:07,089 - DVPTest - DEBUG - 发出 sig_data: t=79.614, p=0.00
2026-09-04 14:02:07,092 - DVPTest - DEBUG - 阶段 DONE，忽略新数据 t=79.61
2026-09-04 14:02:07,093 - DVPTest - INFO - [串口] cuff=0 mmHg
2026-09-04 14:02:07,185 - DVPTest - DEBUG - 发出 sig_data: t=79.711, p=0.00
2026-09-04 14:02:07,188 - DVPTest - DEBUG - 阶段 DONE，忽略新数据 t=79.71
2026-09-04 14:02:07,189 - DVPTest - INFO - [串口] cuff=0 mmHg
2026-09-04 14:02:07,296 - DVPTest - DEBUG - 发出 sig_data: t=79.822, p=0.00
2026-09-04 14:02:07,299 - DVPTest - DEBUG - 阶段 DONE，忽略新数据 t=79.82
2026-09-04 14:02:07,300 - DVPTest - INFO - [串口] cuff=0 mmHg
2026-09-04 14:02:07,393 - DVPTest - DEBUG - 发出 sig_data: t=79.919, p=0.00
2026-09-04 14:02:07,395 - DVPTest - DEBUG - 阶段 DONE，忽略新数据 t=79.92
2026-09-04 14:02:07,396 - DVPTest - INFO - [串口] cuff=0 mmHg
2026-09-04 14:02:07,488 - DVPTest - DEBUG - 发出 sig_data: t=80.013, p=0.00
2026-09-04 14:02:07,489 - DVPTest - DEBUG - 阶段 DONE，忽略新数据 t=80.01
2026-09-04 14:02:07,490 - DVPTest - INFO - [串口] cuff=0 mmHg
2026-09-04 14:02:07,584 - DVPTest - DEBUG - 发出 sig_data: t=80.110, p=0.00
2026-09-04 14:02:07,586 - DVPTest - DEBUG - 阶段 DONE，忽略新数据 t=80.11
2026-09-04 14:02:07,586 - DVPTest - INFO - [串口] cuff=0 mmHg
2026-09-04 14:02:07,696 - DVPTest - DEBUG - 发出 sig_data: t=80.222, p=0.00
2026-09-04 14:02:07,698 - DVPTest - DEBUG - 阶段 DONE，忽略新数据 t=80.22
2026-09-04 14:02:07,700 - DVPTest - INFO - [串口] cuff=0 mmHg
2026-09-04 14:02:07,792 - DVPTest - DEBUG - 发出 sig_data: t=80.318, p=0.00
2026-09-04 14:02:07,793 - DVPTest - DEBUG - 阶段 DONE，忽略新数据 t=80.32
2026-09-04 14:02:07,793 - DVPTest - INFO - [串口] cuff=0 mmHg
2026-09-04 14:02:07,889 - DVPTest - DEBUG - 发出 sig_data: t=80.415, p=0.00
2026-09-04 14:02:07,891 - DVPTest - DEBUG - 阶段 DONE，忽略新数据 t=80.41
2026-09-04 14:02:07,892 - DVPTest - INFO - [串口] cuff=0 mmHg
2026-09-04 14:02:07,984 - DVPTest - DEBUG - 发出 sig_data: t=80.510, p=0.00
2026-09-04 14:02:07,986 - DVPTest - DEBUG - 阶段 DONE，忽略新数据 t=80.51
2026-09-04 14:02:07,986 - DVPTest - INFO - [串口] cuff=0 mmHg
2026-09-04 14:02:08,096 - DVPTest - DEBUG - 发出 sig_data: t=80.621, p=0.00
2026-09-04 14:02:08,097 - DVPTest - DEBUG - 阶段 DONE，忽略新数据 t=80.62
2026-09-04 14:02:08,097 - DVPTest - INFO - [串口] cuff=0 mmHg
2026-09-04 14:02:08,192 - DVPTest - DEBUG - 发出 sig_data: t=80.718, p=0.00
2026-09-04 14:02:08,193 - DVPTest - DEBUG - 阶段 DONE，忽略新数据 t=80.72
2026-09-04 14:02:08,193 - DVPTest - INFO - [串口] cuff=0 mmHg
2026-09-04 14:02:08,288 - DVPTest - DEBUG - 发出 sig_data: t=80.813, p=0.00
2026-09-04 14:02:08,290 - DVPTest - DEBUG - 阶段 DONE，忽略新数据 t=80.81
2026-09-04 14:02:08,290 - DVPTest - INFO - [串口] cuff=0 mmHg
2026-09-04 14:02:08,384 - DVPTest - DEBUG - 发出 sig_data: t=80.909, p=0.00
2026-09-04 14:02:08,384 - DVPTest - DEBUG - 阶段 DONE，忽略新数据 t=80.91
2026-09-04 14:02:08,385 - DVPTest - INFO - [串口] cuff=0 mmHg
2026-09-04 14:02:08,495 - DVPTest - DEBUG - 发出 sig_data: t=81.021, p=0.00
2026-09-04 14:02:08,497 - DVPTest - DEBUG - 阶段 DONE，忽略新数据 t=81.02
2026-09-04 14:02:08,498 - DVPTest - INFO - [串口] cuff=0 mmHg
2026-09-04 14:02:08,591 - DVPTest - DEBUG - 发出 sig_data: t=81.116, p=0.00
2026-09-04 14:02:08,593 - DVPTest - DEBUG - 阶段 DONE，忽略新数据 t=81.12
2026-09-04 14:02:08,595 - DVPTest - INFO - [串口] cuff=0 mmHg
2026-09-04 14:02:08,686 - DVPTest - DEBUG - 发出 sig_data: t=81.212, p=0.00
2026-09-04 14:02:08,688 - DVPTest - DEBUG - 阶段 DONE，忽略新数据 t=81.21
2026-09-04 14:02:08,689 - DVPTest - INFO - [串口] cuff=0 mmHg
2026-09-04 14:02:08,782 - DVPTest - DEBUG - 发出 sig_data: t=81.308, p=0.00
2026-09-04 14:02:08,783 - DVPTest - DEBUG - 阶段 DONE，忽略新数据 t=81.31
2026-09-04 14:02:08,783 - DVPTest - INFO - [串口] cuff=0 mmHg
2026-09-04 14:02:08,894 - DVPTest - DEBUG - 发出 sig_data: t=81.420, p=0.00
2026-09-04 14:02:08,895 - DVPTest - DEBUG - 阶段 DONE，忽略新数据 t=81.42
2026-09-04 14:02:08,896 - DVPTest - INFO - [串口] cuff=0 mmHg
2026-09-04 14:02:08,990 - DVPTest - DEBUG - 发出 sig_data: t=81.515, p=0.00
2026-09-04 14:02:08,990 - DVPTest - DEBUG - 阶段 DONE，忽略新数据 t=81.52
2026-09-04 14:02:08,991 - DVPTest - INFO - [串口] cuff=0 mmHg
2026-09-04 14:02:09,086 - DVPTest - DEBUG - 发出 sig_data: t=81.612, p=0.00
2026-09-04 14:02:09,090 - DVPTest - DEBUG - 阶段 DONE，忽略新数据 t=81.61
2026-09-04 14:02:09,091 - DVPTest - INFO - [串口] cuff=0 mmHg
2026-09-04 14:02:09,197 - DVPTest - DEBUG - 发出 sig_data: t=81.723, p=0.00
2026-09-04 14:02:09,199 - DVPTest - DEBUG - 阶段 DONE，忽略新数据 t=81.72
2026-09-04 14:02:09,200 - DVPTest - INFO - [串口] cuff=0 mmHg
2026-09-04 14:02:09,294 - DVPTest - DEBUG - 发出 sig_data: t=81.820, p=0.00
2026-09-04 14:02:09,296 - DVPTest - DEBUG - 阶段 DONE，忽略新数据 t=81.82
2026-09-04 14:02:09,297 - DVPTest - INFO - [串口] cuff=0 mmHg
2026-09-04 14:02:09,389 - DVPTest - DEBUG - 发出 sig_data: t=81.915, p=0.00
2026-09-04 14:02:09,391 - DVPTest - DEBUG - 阶段 DONE，忽略新数据 t=81.91
2026-09-04 14:02:09,392 - DVPTest - INFO - [串口] cuff=0 mmHg
2026-09-04 14:02:09,486 - DVPTest - DEBUG - 发出 sig_data: t=82.011, p=0.00
2026-09-04 14:02:09,486 - DVPTest - DEBUG - 阶段 DONE，忽略新数据 t=82.01
2026-09-04 14:02:09,486 - DVPTest - INFO - [串口] cuff=0 mmHg
2026-09-04 14:02:09,598 - DVPTest - DEBUG - 发出 sig_data: t=82.123, p=0.00
2026-09-04 14:02:09,601 - DVPTest - DEBUG - 阶段 DONE，忽略新数据 t=82.12
2026-09-04 14:02:09,603 - DVPTest - INFO - [串口] cuff=0 mmHg
2026-09-04 14:02:09,693 - DVPTest - DEBUG - 发出 sig_data: t=82.219, p=0.00
2026-09-04 14:02:09,694 - DVPTest - DEBUG - 阶段 DONE，忽略新数据 t=82.22
2026-09-04 14:02:09,695 - DVPTest - INFO - [串口] cuff=0 mmHg
2026-09-04 14:02:09,789 - DVPTest - DEBUG - 发出 sig_data: t=82.314, p=0.00
2026-09-04 14:02:09,790 - DVPTest - DEBUG - 阶段 DONE，忽略新数据 t=82.31
2026-09-04 14:02:09,790 - DVPTest - INFO - [串口] cuff=0 mmHg
2026-09-04 14:02:09,885 - DVPTest - DEBUG - 发出 sig_data: t=82.411, p=0.00
2026-09-04 14:02:09,887 - DVPTest - DEBUG - 阶段 DONE，忽略新数据 t=82.41
2026-09-04 14:02:09,888 - DVPTest - INFO - [串口] cuff=0 mmHg
2026-09-04 14:02:09,996 - DVPTest - DEBUG - 发出 sig_data: t=82.522, p=0.00
2026-09-04 14:02:09,997 - DVPTest - DEBUG - 阶段 DONE，忽略新数据 t=82.52
2026-09-04 14:02:09,998 - DVPTest - INFO - [串口] cuff=0 mmHg
2026-09-04 14:02:10,093 - DVPTest - DEBUG - 发出 sig_data: t=82.618, p=0.00
2026-09-04 14:02:10,093 - DVPTest - DEBUG - 阶段 DONE，忽略新数据 t=82.62
2026-09-04 14:02:10,094 - DVPTest - INFO - [串口] cuff=0 mmHg
2026-09-04 14:02:10,189 - DVPTest - DEBUG - 发出 sig_data: t=82.714, p=0.00
2026-09-04 14:02:10,191 - DVPTest - DEBUG - 阶段 DONE，忽略新数据 t=82.71
2026-09-04 14:02:10,191 - DVPTest - INFO - [串口] cuff=0 mmHg
2026-09-04 14:02:10,284 - DVPTest - DEBUG - 发出 sig_data: t=82.810, p=0.00
2026-09-04 14:02:10,285 - DVPTest - DEBUG - 阶段 DONE，忽略新数据 t=82.81
2026-09-04 14:02:10,286 - DVPTest - INFO - [串口] cuff=0 mmHg
2026-09-04 14:02:10,395 - DVPTest - DEBUG - 发出 sig_data: t=82.921, p=0.00
2026-09-04 14:02:10,396 - DVPTest - DEBUG - 阶段 DONE，忽略新数据 t=82.92
2026-09-04 14:02:10,396 - DVPTest - INFO - [串口] cuff=0 mmHg
2026-09-04 14:02:10,492 - DVPTest - DEBUG - 发出 sig_data: t=83.018, p=0.00
2026-09-04 14:02:10,493 - DVPTest - DEBUG - 阶段 DONE，忽略新数据 t=83.02
2026-09-04 14:02:10,494 - DVPTest - INFO - [串口] cuff=0 mmHg
2026-09-04 14:02:10,588 - DVPTest - DEBUG - 发出 sig_data: t=83.114, p=0.00
2026-09-04 14:02:10,589 - DVPTest - DEBUG - 阶段 DONE，忽略新数据 t=83.11
2026-09-04 14:02:10,590 - DVPTest - INFO - [串口] cuff=0 mmHg
2026-09-04 14:02:10,684 - DVPTest - DEBUG - 发出 sig_data: t=83.209, p=0.00
2026-09-04 14:02:10,686 - DVPTest - DEBUG - 阶段 DONE，忽略新数据 t=83.21
2026-09-04 14:02:10,686 - DVPTest - INFO - [串口] cuff=0 mmHg
2026-09-04 14:02:10,796 - DVPTest - DEBUG - 发出 sig_data: t=83.321, p=0.00
2026-09-04 14:02:10,796 - DVPTest - DEBUG - 阶段 DONE，忽略新数据 t=83.32
2026-09-04 14:02:10,797 - DVPTest - INFO - [串口] cuff=0 mmHg
2026-09-04 14:02:10,891 - DVPTest - DEBUG - 发出 sig_data: t=83.417, p=0.00
2026-09-04 14:02:10,892 - DVPTest - DEBUG - 阶段 DONE，忽略新数据 t=83.42
2026-09-04 14:02:10,893 - DVPTest - INFO - [串口] cuff=0 mmHg
2026-09-04 14:02:10,987 - DVPTest - DEBUG - 发出 sig_data: t=83.513, p=0.00
2026-09-04 14:02:10,989 - DVPTest - DEBUG - 阶段 DONE，忽略新数据 t=83.51
2026-09-04 14:02:10,989 - DVPTest - INFO - [串口] cuff=0 mmHg
2026-09-04 14:02:11,083 - DVPTest - DEBUG - 发出 sig_data: t=83.608, p=0.00
2026-09-04 14:02:11,083 - DVPTest - DEBUG - 阶段 DONE，忽略新数据 t=83.61
2026-09-04 14:02:11,084 - DVPTest - INFO - [串口] cuff=0 mmHg
2026-09-04 14:02:11,194 - DVPTest - DEBUG - 发出 sig_data: t=83.720, p=0.00
2026-09-04 14:02:11,195 - DVPTest - DEBUG - 阶段 DONE，忽略新数据 t=83.72
2026-09-04 14:02:11,196 - DVPTest - INFO - [串口] cuff=0 mmHg
2026-09-04 14:02:11,291 - DVPTest - DEBUG - 发出 sig_data: t=83.816, p=0.00
2026-09-04 14:02:11,291 - DVPTest - DEBUG - 阶段 DONE，忽略新数据 t=83.82
2026-09-04 14:02:11,292 - DVPTest - INFO - [串口] cuff=0 mmHg
2026-09-04 14:02:11,386 - DVPTest - DEBUG - 发出 sig_data: t=83.911, p=0.00
2026-09-04 14:02:11,386 - DVPTest - DEBUG - 阶段 DONE，忽略新数据 t=83.91
2026-09-04 14:02:11,386 - DVPTest - INFO - [串口] cuff=0 mmHg
2026-09-04 14:02:11,498 - DVPTest - DEBUG - 发出 sig_data: t=84.023, p=0.00
2026-09-04 14:02:11,499 - DVPTest - DEBUG - 阶段 DONE，忽略新数据 t=84.02
2026-09-04 14:02:11,499 - DVPTest - INFO - [串口] cuff=0 mmHg
2026-09-04 14:02:11,594 - DVPTest - DEBUG - 发出 sig_data: t=84.120, p=0.00
2026-09-04 14:02:11,596 - DVPTest - DEBUG - 阶段 DONE，忽略新数据 t=84.12
2026-09-04 14:02:11,597 - DVPTest - INFO - [串口] cuff=0 mmHg
2026-09-04 14:02:11,690 - DVPTest - DEBUG - 发出 sig_data: t=84.215, p=0.00
2026-09-04 14:02:11,691 - DVPTest - DEBUG - 阶段 DONE，忽略新数据 t=84.22
2026-09-04 14:02:11,691 - DVPTest - INFO - [串口] cuff=0 mmHg
2026-09-04 14:02:11,785 - DVPTest - DEBUG - 发出 sig_data: t=84.311, p=0.00
2026-09-04 14:02:11,786 - DVPTest - DEBUG - 阶段 DONE，忽略新数据 t=84.31
2026-09-04 14:02:11,787 - DVPTest - INFO - [串口] cuff=0 mmHg
2026-09-04 14:02:11,897 - DVPTest - DEBUG - 发出 sig_data: t=84.423, p=0.00
2026-09-04 14:02:11,901 - DVPTest - DEBUG - 阶段 DONE，忽略新数据 t=84.42
2026-09-04 14:02:11,902 - DVPTest - INFO - [串口] cuff=0 mmHg
2026-09-04 14:02:11,993 - DVPTest - DEBUG - 发出 sig_data: t=84.519, p=0.00
2026-09-04 14:02:11,995 - DVPTest - DEBUG - 阶段 DONE，忽略新数据 t=84.52
2026-09-04 14:02:11,995 - DVPTest - INFO - [串口] cuff=0 mmHg
2026-09-04 14:02:12,089 - DVPTest - DEBUG - 发出 sig_data: t=84.615, p=0.00
2026-09-04 14:02:12,091 - DVPTest - DEBUG - 阶段 DONE，忽略新数据 t=84.61
2026-09-04 14:02:12,091 - DVPTest - INFO - [串口] cuff=0 mmHg
2026-09-04 14:02:12,185 - DVPTest - DEBUG - 发出 sig_data: t=84.711, p=0.00
2026-09-04 14:02:12,188 - DVPTest - DEBUG - 阶段 DONE，忽略新数据 t=84.71
2026-09-04 14:02:12,188 - DVPTest - INFO - [串口] cuff=0 mmHg
2026-09-04 14:02:12,298 - DVPTest - DEBUG - 发出 sig_data: t=84.823, p=0.00
2026-09-04 14:02:12,300 - DVPTest - DEBUG - 阶段 DONE，忽略新数据 t=84.82
2026-09-04 14:02:12,301 - DVPTest - INFO - [串口] cuff=0 mmHg
2026-09-04 14:02:12,393 - DVPTest - DEBUG - 发出 sig_data: t=84.919, p=0.00
2026-09-04 14:02:12,395 - DVPTest - DEBUG - 阶段 DONE，忽略新数据 t=84.92
2026-09-04 14:02:12,396 - DVPTest - INFO - [串口] cuff=0 mmHg
2026-09-04 14:02:12,488 - DVPTest - DEBUG - 发出 sig_data: t=85.014, p=0.00
2026-09-04 14:02:12,489 - DVPTest - DEBUG - 阶段 DONE，忽略新数据 t=85.01
2026-09-04 14:02:12,490 - DVPTest - INFO - [串口] cuff=0 mmHg
2026-09-04 14:02:12,584 - DVPTest - DEBUG - 发出 sig_data: t=85.110, p=0.00
2026-09-04 14:02:12,586 - DVPTest - DEBUG - 阶段 DONE，忽略新数据 t=85.11
2026-09-04 14:02:12,586 - DVPTest - INFO - [串口] cuff=0 mmHg
2026-09-04 14:02:12,696 - DVPTest - DEBUG - 发出 sig_data: t=85.222, p=0.00
2026-09-04 14:02:12,698 - DVPTest - DEBUG - 阶段 DONE，忽略新数据 t=85.22
2026-09-04 14:02:12,700 - DVPTest - INFO - [串口] cuff=0 mmHg
2026-09-04 14:02:12,793 - DVPTest - DEBUG - 发出 sig_data: t=85.318, p=0.00
2026-09-04 14:02:12,793 - DVPTest - DEBUG - 阶段 DONE，忽略新数据 t=85.32
2026-09-04 14:02:12,793 - DVPTest - INFO - [串口] cuff=0 mmHg
2026-09-04 14:02:12,889 - DVPTest - DEBUG - 发出 sig_data: t=85.415, p=0.00
2026-09-04 14:02:12,892 - DVPTest - DEBUG - 阶段 DONE，忽略新数据 t=85.41
2026-09-04 14:02:12,894 - DVPTest - INFO - [串口] cuff=0 mmHg
2026-09-04 14:02:12,984 - DVPTest - DEBUG - 发出 sig_data: t=85.510, p=0.00
2026-09-04 14:02:12,986 - DVPTest - DEBUG - 阶段 DONE，忽略新数据 t=85.51
2026-09-04 14:02:12,986 - DVPTest - INFO - [串口] cuff=0 mmHg
2026-09-04 14:02:13,095 - DVPTest - DEBUG - 发出 sig_data: t=85.621, p=0.00
2026-09-04 14:02:13,097 - DVPTest - DEBUG - 阶段 DONE，忽略新数据 t=85.62
2026-09-04 14:02:13,098 - DVPTest - INFO - [串口] cuff=0 mmHg
2026-09-04 14:02:13,192 - DVPTest - DEBUG - 发出 sig_data: t=85.718, p=0.00
2026-09-04 14:02:13,195 - DVPTest - DEBUG - 阶段 DONE，忽略新数据 t=85.72
2026-09-04 14:02:13,195 - DVPTest - INFO - [串口] cuff=0 mmHg
2026-09-04 14:02:13,288 - DVPTest - DEBUG - 发出 sig_data: t=85.814, p=0.00
2026-09-04 14:02:13,292 - DVPTest - DEBUG - 阶段 DONE，忽略新数据 t=85.81
2026-09-04 14:02:13,293 - DVPTest - INFO - [串口] cuff=0 mmHg
2026-09-04 14:02:13,399 - DVPTest - DEBUG - 发出 sig_data: t=85.924, p=0.00
2026-09-04 14:02:13,401 - DVPTest - DEBUG - 阶段 DONE，忽略新数据 t=85.92
2026-09-04 14:02:13,402 - DVPTest - INFO - [串口] cuff=0 mmHg
2026-09-04 14:02:13,496 - DVPTest - DEBUG - 发出 sig_data: t=86.021, p=0.00
2026-09-04 14:02:13,497 - DVPTest - DEBUG - 阶段 DONE，忽略新数据 t=86.02
2026-09-04 14:02:13,497 - DVPTest - INFO - [串口] cuff=0 mmHg
2026-09-04 14:02:13,642 - DVPTest - DEBUG - 发出 sig_data: t=86.167, p=0.00
2026-09-04 14:02:13,670 - DVPTest - DEBUG - 阶段 DONE，忽略新数据 t=86.17
2026-09-04 14:02:13,682 - DVPTest - INFO - [串口] cuff=0 mmHg
2026-09-04 14:02:13,687 - DVPTest - DEBUG - 发出 sig_data: t=86.213, p=0.00
2026-09-04 14:02:13,728 - DVPTest - DEBUG - 阶段 DONE，忽略新数据 t=86.21
2026-09-04 14:02:13,729 - DVPTest - INFO - [串口] cuff=0 mmHg
2026-09-04 14:02:13,798 - DVPTest - DEBUG - 发出 sig_data: t=86.324, p=0.00
2026-09-04 14:02:13,801 - DVPTest - DEBUG - 阶段 DONE，忽略新数据 t=86.32
2026-09-04 14:02:13,802 - DVPTest - INFO - [串口] cuff=0 mmHg
2026-09-04 14:02:13,894 - DVPTest - DEBUG - 发出 sig_data: t=86.420, p=0.00
2026-09-04 14:02:13,897 - DVPTest - DEBUG - 阶段 DONE，忽略新数据 t=86.42
2026-09-04 14:02:13,897 - DVPTest - INFO - [串口] cuff=0 mmHg
2026-09-04 14:02:13,991 - DVPTest - DEBUG - 发出 sig_data: t=86.517, p=0.00
2026-09-04 14:02:13,995 - DVPTest - DEBUG - 阶段 DONE，忽略新数据 t=86.52
2026-09-04 14:02:13,996 - DVPTest - INFO - [串口] cuff=0 mmHg
2026-09-04 14:02:14,087 - DVPTest - DEBUG - 发出 sig_data: t=86.613, p=0.00
2026-09-04 14:02:14,093 - DVPTest - DEBUG - 阶段 DONE，忽略新数据 t=86.61
2026-09-04 14:02:14,094 - DVPTest - INFO - [串口] cuff=0 mmHg
2026-09-04 14:02:14,198 - DVPTest - DEBUG - 发出 sig_data: t=86.723, p=0.00
2026-09-04 14:02:14,200 - DVPTest - DEBUG - 阶段 DONE，忽略新数据 t=86.72
2026-09-04 14:02:14,200 - DVPTest - INFO - [串口] cuff=0 mmHg
2026-09-04 14:02:14,294 - DVPTest - DEBUG - 发出 sig_data: t=86.820, p=0.00
2026-09-04 14:02:14,298 - DVPTest - DEBUG - 阶段 DONE，忽略新数据 t=86.82
2026-09-04 14:02:14,299 - DVPTest - INFO - [串口] cuff=0 mmHg
2026-09-04 14:02:14,390 - DVPTest - DEBUG - 发出 sig_data: t=86.916, p=0.00
2026-09-04 14:02:14,392 - DVPTest - DEBUG - 阶段 DONE，忽略新数据 t=86.92
2026-09-04 14:02:14,394 - DVPTest - INFO - [串口] cuff=0 mmHg
2026-09-04 14:02:14,486 - DVPTest - DEBUG - 发出 sig_data: t=87.011, p=0.00
2026-09-04 14:02:14,488 - DVPTest - DEBUG - 阶段 DONE，忽略新数据 t=87.01
2026-09-04 14:02:14,489 - DVPTest - INFO - [串口] cuff=0 mmHg
2026-09-04 14:02:14,598 - DVPTest - DEBUG - 发出 sig_data: t=87.124, p=0.00
2026-09-04 14:02:14,601 - DVPTest - DEBUG - 阶段 DONE，忽略新数据 t=87.12
2026-09-04 14:02:14,602 - DVPTest - INFO - [串口] cuff=0 mmHg
2026-09-04 14:02:14,694 - DVPTest - DEBUG - 发出 sig_data: t=87.219, p=0.00
2026-09-04 14:02:14,697 - DVPTest - DEBUG - 阶段 DONE，忽略新数据 t=87.22
2026-09-04 14:02:14,698 - DVPTest - INFO - [串口] cuff=0 mmHg
2026-09-04 14:02:14,789 - DVPTest - DEBUG - 发出 sig_data: t=87.314, p=0.00
2026-09-04 14:02:14,792 - DVPTest - DEBUG - 阶段 DONE，忽略新数据 t=87.31
2026-09-04 14:02:14,793 - DVPTest - INFO - [串口] cuff=0 mmHg
2026-09-04 14:02:14,885 - DVPTest - DEBUG - 发出 sig_data: t=87.411, p=0.00
2026-09-04 14:02:14,890 - DVPTest - DEBUG - 阶段 DONE，忽略新数据 t=87.41
2026-09-04 14:02:14,892 - DVPTest - INFO - [串口] cuff=0 mmHg
2026-09-04 14:02:14,997 - DVPTest - DEBUG - 发出 sig_data: t=87.522, p=0.00
2026-09-04 14:02:14,999 - DVPTest - DEBUG - 阶段 DONE，忽略新数据 t=87.52
2026-09-04 14:02:14,999 - DVPTest - INFO - [串口] cuff=0 mmHg
2026-09-04 14:02:15,093 - DVPTest - DEBUG - 发出 sig_data: t=87.619, p=0.00
2026-09-04 14:02:15,097 - DVPTest - DEBUG - 阶段 DONE，忽略新数据 t=87.62
2026-09-04 14:02:15,098 - DVPTest - INFO - [串口] cuff=0 mmHg
2026-09-04 14:02:15,189 - DVPTest - DEBUG - 发出 sig_data: t=87.714, p=0.00
2026-09-04 14:02:15,191 - DVPTest - DEBUG - 阶段 DONE，忽略新数据 t=87.71
2026-09-04 14:02:15,193 - DVPTest - INFO - [串口] cuff=0 mmHg
2026-09-04 14:02:15,299 - DVPTest - DEBUG - 发出 sig_data: t=87.825, p=0.00
2026-09-04 14:02:15,301 - DVPTest - DEBUG - 阶段 DONE，忽略新数据 t=87.83
2026-09-04 14:02:15,302 - DVPTest - INFO - [串口] cuff=0 mmHg
2026-09-04 14:02:15,397 - DVPTest - DEBUG - 发出 sig_data: t=87.922, p=0.00
2026-09-04 14:02:15,397 - DVPTest - DEBUG - 阶段 DONE，忽略新数据 t=87.92
2026-09-04 14:02:15,398 - DVPTest - INFO - [串口] cuff=0 mmHg
2026-09-04 14:02:15,492 - DVPTest - DEBUG - 发出 sig_data: t=88.018, p=0.00
2026-09-04 14:02:15,495 - DVPTest - DEBUG - 阶段 DONE，忽略新数据 t=88.02
2026-09-04 14:02:15,496 - DVPTest - INFO - [串口] cuff=0 mmHg
2026-09-04 14:02:15,589 - DVPTest - DEBUG - 发出 sig_data: t=88.114, p=0.00
2026-09-04 14:02:15,591 - DVPTest - DEBUG - 阶段 DONE，忽略新数据 t=88.11
2026-09-04 14:02:15,594 - DVPTest - INFO - [串口] cuff=0 mmHg
2026-09-04 14:02:15,699 - DVPTest - DEBUG - 发出 sig_data: t=88.225, p=0.00
2026-09-04 14:02:15,704 - DVPTest - DEBUG - 阶段 DONE，忽略新数据 t=88.22
2026-09-04 14:02:15,705 - DVPTest - INFO - [串口] cuff=0 mmHg
2026-09-04 14:02:15,796 - DVPTest - DEBUG - 发出 sig_data: t=88.322, p=0.00
2026-09-04 14:02:15,798 - DVPTest - DEBUG - 阶段 DONE，忽略新数据 t=88.32
2026-09-04 14:02:15,799 - DVPTest - INFO - [串口] cuff=0 mmHg
2026-09-04 14:02:15,892 - DVPTest - DEBUG - 发出 sig_data: t=88.417, p=0.00
2026-09-04 14:02:15,894 - DVPTest - DEBUG - 阶段 DONE，忽略新数据 t=88.42
2026-09-04 14:02:15,895 - DVPTest - INFO - [串口] cuff=0 mmHg
2026-09-04 14:02:15,987 - DVPTest - DEBUG - 发出 sig_data: t=88.513, p=0.00
2026-09-04 14:02:15,990 - DVPTest - DEBUG - 阶段 DONE，忽略新数据 t=88.51
2026-09-04 14:02:15,991 - DVPTest - INFO - [串口] cuff=0 mmHg
2026-09-04 14:02:16,099 - DVPTest - DEBUG - 发出 sig_data: t=88.624, p=0.00
2026-09-04 14:02:16,099 - DVPTest - DEBUG - 阶段 DONE，忽略新数据 t=88.62
2026-09-04 14:02:16,100 - DVPTest - INFO - [串口] cuff=0 mmHg
2026-09-04 14:02:16,196 - DVPTest - DEBUG - 发出 sig_data: t=88.721, p=0.00
2026-09-04 14:02:16,198 - DVPTest - DEBUG - 阶段 DONE，忽略新数据 t=88.72
2026-09-04 14:02:16,198 - DVPTest - INFO - [串口] cuff=0 mmHg
2026-09-04 14:02:16,291 - DVPTest - DEBUG - 发出 sig_data: t=88.816, p=0.00
2026-09-04 14:02:16,294 - DVPTest - DEBUG - 阶段 DONE，忽略新数据 t=88.82
2026-09-04 14:02:16,294 - DVPTest - INFO - [串口] cuff=0 mmHg
2026-09-04 14:02:16,387 - DVPTest - DEBUG - 发出 sig_data: t=88.912, p=0.00
2026-09-04 14:02:16,389 - DVPTest - DEBUG - 阶段 DONE，忽略新数据 t=88.91
2026-09-04 14:02:16,389 - DVPTest - INFO - [串口] cuff=0 mmHg
2026-09-04 14:02:16,502 - DVPTest - DEBUG - 发出 sig_data: t=89.027, p=0.00
2026-09-04 14:02:16,505 - DVPTest - DEBUG - 阶段 DONE，忽略新数据 t=89.03
2026-09-04 14:02:16,507 - DVPTest - INFO - [串口] cuff=0 mmHg
2026-09-04 14:02:16,595 - DVPTest - DEBUG - 发出 sig_data: t=89.120, p=0.00
2026-09-04 14:02:16,596 - DVPTest - DEBUG - 阶段 DONE，忽略新数据 t=89.12
2026-09-04 14:02:16,598 - DVPTest - INFO - [串口] cuff=0 mmHg
2026-09-04 14:02:16,690 - DVPTest - DEBUG - 发出 sig_data: t=89.216, p=0.00
2026-09-04 14:02:16,691 - DVPTest - DEBUG - 阶段 DONE，忽略新数据 t=89.22
2026-09-04 14:02:16,692 - DVPTest - INFO - [串口] cuff=0 mmHg
2026-09-04 14:02:16,786 - DVPTest - DEBUG - 发出 sig_data: t=89.311, p=0.00
2026-09-04 14:02:16,788 - DVPTest - DEBUG - 阶段 DONE，忽略新数据 t=89.31
2026-09-04 14:02:16,789 - DVPTest - INFO - [串口] cuff=0 mmHg
2026-09-04 14:02:16,898 - DVPTest - DEBUG - 发出 sig_data: t=89.423, p=0.00
2026-09-04 14:02:16,901 - DVPTest - DEBUG - 阶段 DONE，忽略新数据 t=89.42
2026-09-04 14:02:16,901 - DVPTest - INFO - [串口] cuff=0 mmHg
2026-09-04 14:02:16,994 - DVPTest - DEBUG - 发出 sig_data: t=89.520, p=0.00
2026-09-04 14:02:16,997 - DVPTest - DEBUG - 阶段 DONE，忽略新数据 t=89.52
2026-09-04 14:02:16,998 - DVPTest - INFO - [串口] cuff=0 mmHg
2026-09-04 14:02:17,090 - DVPTest - DEBUG - 发出 sig_data: t=89.616, p=0.00
2026-09-04 14:02:17,093 - DVPTest - DEBUG - 阶段 DONE，忽略新数据 t=89.62
2026-09-04 14:02:17,095 - DVPTest - INFO - [串口] cuff=0 mmHg
2026-09-04 14:02:17,185 - DVPTest - DEBUG - 发出 sig_data: t=89.710, p=0.00
2026-09-04 14:02:17,186 - DVPTest - DEBUG - 阶段 DONE，忽略新数据 t=89.71
2026-09-04 14:02:17,187 - DVPTest - INFO - [串口] cuff=0 mmHg
2026-09-04 14:02:17,298 - DVPTest - DEBUG - 发出 sig_data: t=89.823, p=0.00
2026-09-04 14:02:17,298 - DVPTest - DEBUG - 阶段 DONE，忽略新数据 t=89.82
2026-09-04 14:02:17,299 - DVPTest - INFO - [串口] cuff=0 mmHg
2026-09-04 14:02:17,393 - DVPTest - DEBUG - 发出 sig_data: t=89.919, p=0.00
2026-09-04 14:02:17,397 - DVPTest - DEBUG - 阶段 DONE，忽略新数据 t=89.92
2026-09-04 14:02:17,400 - DVPTest - INFO - [串口] cuff=0 mmHg
2026-09-04 14:02:17,489 - DVPTest - DEBUG - 发出 sig_data: t=90.015, p=0.00
2026-09-04 14:02:17,497 - DVPTest - DEBUG - 阶段 DONE，忽略新数据 t=90.02
2026-09-04 14:02:17,498 - DVPTest - INFO - [串口] cuff=0 mmHg
2026-09-04 14:02:17,600 - DVPTest - DEBUG - 发出 sig_data: t=90.126, p=0.00
2026-09-04 14:02:17,601 - DVPTest - DEBUG - 阶段 DONE，忽略新数据 t=90.13
2026-09-04 14:02:17,601 - DVPTest - INFO - [串口] cuff=0 mmHg
2026-09-04 14:02:17,697 - DVPTest - DEBUG - 发出 sig_data: t=90.222, p=0.00
2026-09-04 14:02:17,697 - DVPTest - DEBUG - 阶段 DONE，忽略新数据 t=90.22
2026-09-04 14:02:17,698 - DVPTest - INFO - [串口] cuff=0 mmHg
2026-09-04 14:02:17,792 - DVPTest - DEBUG - 发出 sig_data: t=90.318, p=0.00
2026-09-04 14:02:17,795 - DVPTest - DEBUG - 阶段 DONE，忽略新数据 t=90.32
2026-09-04 14:02:17,795 - DVPTest - INFO - [串口] cuff=0 mmHg
2026-09-04 14:02:17,889 - DVPTest - DEBUG - 发出 sig_data: t=90.414, p=0.00
2026-09-04 14:02:17,891 - DVPTest - DEBUG - 阶段 DONE，忽略新数据 t=90.41
2026-09-04 14:02:17,892 - DVPTest - INFO - [串口] cuff=0 mmHg
2026-09-04 14:02:17,999 - DVPTest - DEBUG - 发出 sig_data: t=90.525, p=0.00
2026-09-04 14:02:18,002 - DVPTest - DEBUG - 阶段 DONE，忽略新数据 t=90.53
2026-09-04 14:02:18,003 - DVPTest - INFO - [串口] cuff=0 mmHg
2026-09-04 14:02:18,096 - DVPTest - DEBUG - 发出 sig_data: t=90.621, p=0.00
2026-09-04 14:02:18,098 - DVPTest - DEBUG - 阶段 DONE，忽略新数据 t=90.62
2026-09-04 14:02:18,099 - DVPTest - INFO - [串口] cuff=0 mmHg
2026-09-04 14:02:18,192 - DVPTest - DEBUG - 发出 sig_data: t=90.718, p=0.00
2026-09-04 14:02:18,197 - DVPTest - DEBUG - 阶段 DONE，忽略新数据 t=90.72
2026-09-04 14:02:18,199 - DVPTest - INFO - [串口] cuff=0 mmHg
2026-09-04 14:02:18,288 - DVPTest - DEBUG - 发出 sig_data: t=90.813, p=0.00
2026-09-04 14:02:18,290 - DVPTest - DEBUG - 阶段 DONE，忽略新数据 t=90.81
2026-09-04 14:02:18,291 - DVPTest - INFO - [串口] cuff=0 mmHg
2026-09-04 14:02:18,399 - DVPTest - DEBUG - 发出 sig_data: t=90.925, p=0.00
2026-09-04 14:02:18,402 - DVPTest - DEBUG - 阶段 DONE，忽略新数据 t=90.92
2026-09-04 14:02:18,403 - DVPTest - INFO - [串口] cuff=0 mmHg
2026-09-04 14:02:18,496 - DVPTest - DEBUG - 发出 sig_data: t=91.021, p=0.00
2026-09-04 14:02:18,499 - DVPTest - DEBUG - 阶段 DONE，忽略新数据 t=91.02
2026-09-04 14:02:18,500 - DVPTest - INFO - [串口] cuff=0 mmHg
2026-09-04 14:02:18,592 - DVPTest - DEBUG - 发出 sig_data: t=91.117, p=0.00
2026-09-04 14:02:18,597 - DVPTest - DEBUG - 阶段 DONE，忽略新数据 t=91.12
2026-09-04 14:02:18,597 - DVPTest - INFO - [串口] cuff=0 mmHg
2026-09-04 14:02:18,687 - DVPTest - DEBUG - 发出 sig_data: t=91.212, p=0.00
2026-09-04 14:02:18,690 - DVPTest - DEBUG - 阶段 DONE，忽略新数据 t=91.21
2026-09-04 14:02:18,690 - DVPTest - INFO - [串口] cuff=0 mmHg
2026-09-04 14:02:18,799 - DVPTest - DEBUG - 发出 sig_data: t=91.324, p=0.00
2026-09-04 14:02:18,801 - DVPTest - DEBUG - 阶段 DONE，忽略新数据 t=91.32
2026-09-04 14:02:18,801 - DVPTest - INFO - [串口] cuff=0 mmHg
2026-09-04 14:02:18,895 - DVPTest - DEBUG - 发出 sig_data: t=91.420, p=0.00
2026-09-04 14:02:18,896 - DVPTest - DEBUG - 阶段 DONE，忽略新数据 t=91.42
2026-09-04 14:02:18,897 - DVPTest - INFO - [串口] cuff=0 mmHg
2026-09-04 14:02:18,991 - DVPTest - DEBUG - 发出 sig_data: t=91.516, p=0.00
2026-09-04 14:02:18,994 - DVPTest - DEBUG - 阶段 DONE，忽略新数据 t=91.52
2026-09-04 14:02:18,995 - DVPTest - INFO - [串口] cuff=0 mmHg
2026-09-04 14:02:19,090 - DVPTest - DEBUG - 发出 sig_data: t=91.615, p=0.00
2026-09-04 14:02:19,092 - DVPTest - DEBUG - 阶段 DONE，忽略新数据 t=91.62
2026-09-04 14:02:19,094 - DVPTest - INFO - [串口] cuff=0 mmHg
2026-09-04 14:02:19,198 - DVPTest - DEBUG - 发出 sig_data: t=91.724, p=0.00
2026-09-04 14:02:19,199 - DVPTest - DEBUG - 阶段 DONE，忽略新数据 t=91.72
2026-09-04 14:02:19,200 - DVPTest - INFO - [串口] cuff=0 mmHg
2026-09-04 14:02:19,294 - DVPTest - DEBUG - 发出 sig_data: t=91.820, p=0.00
2026-09-04 14:02:19,299 - DVPTest - DEBUG - 阶段 DONE，忽略新数据 t=91.82
2026-09-04 14:02:19,300 - DVPTest - INFO - [串口] cuff=0 mmHg
2026-09-04 14:02:19,391 - DVPTest - DEBUG - 发出 sig_data: t=91.916, p=0.00
2026-09-04 14:02:19,393 - DVPTest - DEBUG - 阶段 DONE，忽略新数据 t=91.92
2026-09-04 14:02:19,393 - DVPTest - INFO - [串口] cuff=0 mmHg
2026-09-04 14:02:19,486 - DVPTest - DEBUG - 发出 sig_data: t=92.012, p=0.00
2026-09-04 14:02:19,491 - DVPTest - DEBUG - 阶段 DONE，忽略新数据 t=92.01
2026-09-04 14:02:19,492 - DVPTest - INFO - [串口] cuff=0 mmHg
2026-09-04 14:02:19,598 - DVPTest - DEBUG - 发出 sig_data: t=92.123, p=0.00
2026-09-04 14:02:19,599 - DVPTest - DEBUG - 阶段 DONE，忽略新数据 t=92.12
2026-09-04 14:02:19,601 - DVPTest - INFO - [串口] cuff=0 mmHg
2026-09-04 14:02:19,694 - DVPTest - DEBUG - 发出 sig_data: t=92.219, p=0.00
2026-09-04 14:02:19,695 - DVPTest - DEBUG - 阶段 DONE，忽略新数据 t=92.22
2026-09-04 14:02:19,696 - DVPTest - INFO - [串口] cuff=0 mmHg
2026-09-04 14:02:19,790 - DVPTest - DEBUG - 发出 sig_data: t=92.315, p=0.00
2026-09-04 14:02:19,792 - DVPTest - DEBUG - 阶段 DONE，忽略新数据 t=92.31
2026-09-04 14:02:19,793 - DVPTest - INFO - [串口] cuff=0 mmHg
2026-09-04 14:02:19,886 - DVPTest - DEBUG - 发出 sig_data: t=92.411, p=0.00
2026-09-04 14:02:19,888 - DVPTest - DEBUG - 阶段 DONE，忽略新数据 t=92.41
2026-09-04 14:02:19,888 - DVPTest - INFO - [串口] cuff=0 mmHg
2026-09-04 14:02:19,997 - DVPTest - DEBUG - 发出 sig_data: t=92.523, p=0.00
2026-09-04 14:02:20,000 - DVPTest - DEBUG - 阶段 DONE，忽略新数据 t=92.52
2026-09-04 14:02:20,001 - DVPTest - INFO - [串口] cuff=0 mmHg
2026-09-04 14:02:20,093 - DVPTest - DEBUG - 发出 sig_data: t=92.618, p=0.00
2026-09-04 14:02:20,093 - DVPTest - DEBUG - 阶段 DONE，忽略新数据 t=92.62
2026-09-04 14:02:20,094 - DVPTest - INFO - [串口] cuff=0 mmHg
2026-09-04 14:02:20,189 - DVPTest - DEBUG - 发出 sig_data: t=92.714, p=0.00
2026-09-04 14:02:20,189 - DVPTest - DEBUG - 阶段 DONE，忽略新数据 t=92.71
2026-09-04 14:02:20,190 - DVPTest - INFO - [串口] cuff=0 mmHg
2026-09-04 14:02:20,300 - DVPTest - DEBUG - 发出 sig_data: t=92.826, p=0.00
2026-09-04 14:02:20,302 - DVPTest - DEBUG - 阶段 DONE，忽略新数据 t=92.83
2026-09-04 14:02:20,302 - DVPTest - INFO - [串口] cuff=0 mmHg
2026-09-04 14:02:20,397 - DVPTest - DEBUG - 发出 sig_data: t=92.923, p=0.00
2026-09-04 14:02:20,402 - DVPTest - DEBUG - 阶段 DONE，忽略新数据 t=92.92
2026-09-04 14:02:20,403 - DVPTest - INFO - [串口] cuff=0 mmHg
2026-09-04 14:02:20,493 - DVPTest - DEBUG - 发出 sig_data: t=93.018, p=0.00
2026-09-04 14:02:20,495 - DVPTest - DEBUG - 阶段 DONE，忽略新数据 t=93.02
2026-09-04 14:02:20,496 - DVPTest - INFO - [串口] cuff=0 mmHg
2026-09-04 14:02:20,589 - DVPTest - DEBUG - 发出 sig_data: t=93.114, p=0.00
2026-09-04 14:02:20,593 - DVPTest - DEBUG - 阶段 DONE，忽略新数据 t=93.11
2026-09-04 14:02:20,594 - DVPTest - INFO - [串口] cuff=0 mmHg
2026-09-04 14:02:20,703 - DVPTest - DEBUG - 发出 sig_data: t=93.228, p=0.00
2026-09-04 14:02:20,706 - DVPTest - DEBUG - 阶段 DONE，忽略新数据 t=93.23
2026-09-04 14:02:20,707 - DVPTest - INFO - [串口] cuff=0 mmHg
2026-09-04 14:02:20,797 - DVPTest - DEBUG - 发出 sig_data: t=93.322, p=0.00
2026-09-04 14:02:20,798 - DVPTest - DEBUG - 阶段 DONE，忽略新数据 t=93.32
2026-09-04 14:02:20,799 - DVPTest - INFO - [串口] cuff=0 mmHg
2026-09-04 14:02:20,892 - DVPTest - DEBUG - 发出 sig_data: t=93.418, p=0.00
2026-09-04 14:02:20,896 - DVPTest - DEBUG - 阶段 DONE，忽略新数据 t=93.42
2026-09-04 14:02:20,898 - DVPTest - INFO - [串口] cuff=0 mmHg
2026-09-04 14:02:20,988 - DVPTest - DEBUG - 发出 sig_data: t=93.513, p=0.00
2026-09-04 14:02:20,990 - DVPTest - DEBUG - 阶段 DONE，忽略新数据 t=93.51
2026-09-04 14:02:20,991 - DVPTest - INFO - [串口] cuff=0 mmHg
2026-09-04 14:02:21,100 - DVPTest - DEBUG - 发出 sig_data: t=93.625, p=0.00
2026-09-04 14:02:21,101 - DVPTest - DEBUG - 阶段 DONE，忽略新数据 t=93.63
2026-09-04 14:02:21,102 - DVPTest - INFO - [串口] cuff=0 mmHg
2026-09-04 14:02:21,196 - DVPTest - DEBUG - 发出 sig_data: t=93.721, p=0.00
2026-09-04 14:02:21,200 - DVPTest - DEBUG - 阶段 DONE，忽略新数据 t=93.72
2026-09-04 14:02:21,202 - DVPTest - INFO - [串口] cuff=0 mmHg
2026-09-04 14:02:21,292 - DVPTest - DEBUG - 发出 sig_data: t=93.817, p=0.00
2026-09-04 14:02:21,294 - DVPTest - DEBUG - 阶段 DONE，忽略新数据 t=93.82
2026-09-04 14:02:21,296 - DVPTest - INFO - [串口] cuff=0 mmHg
2026-09-04 14:02:21,403 - DVPTest - DEBUG - 发出 sig_data: t=93.928, p=0.00
2026-09-04 14:02:21,404 - DVPTest - DEBUG - 阶段 DONE，忽略新数据 t=93.93
2026-09-04 14:02:21,404 - DVPTest - INFO - [串口] cuff=0 mmHg
2026-09-04 14:02:21,499 - DVPTest - DEBUG - 发出 sig_data: t=94.024, p=0.00
2026-09-04 14:02:21,502 - DVPTest - DEBUG - 阶段 DONE，忽略新数据 t=94.02
2026-09-04 14:02:21,502 - DVPTest - INFO - [串口] cuff=0 mmHg
2026-09-04 14:02:21,595 - DVPTest - DEBUG - 发出 sig_data: t=94.120, p=0.00
2026-09-04 14:02:21,598 - DVPTest - DEBUG - 阶段 DONE，忽略新数据 t=94.12
2026-09-04 14:02:21,598 - DVPTest - INFO - [串口] cuff=0 mmHg
2026-09-04 14:02:21,691 - DVPTest - DEBUG - 发出 sig_data: t=94.216, p=0.00
2026-09-04 14:02:21,693 - DVPTest - DEBUG - 阶段 DONE，忽略新数据 t=94.22
2026-09-04 14:02:21,694 - DVPTest - INFO - [串口] cuff=0 mmHg
2026-09-04 14:02:21,803 - DVPTest - DEBUG - 发出 sig_data: t=94.328, p=0.00
2026-09-04 14:02:21,807 - DVPTest - DEBUG - 阶段 DONE，忽略新数据 t=94.33
2026-09-04 14:02:21,809 - DVPTest - INFO - [串口] cuff=0 mmHg
2026-09-04 14:02:21,898 - DVPTest - DEBUG - 发出 sig_data: t=94.424, p=0.00
2026-09-04 14:02:21,900 - DVPTest - DEBUG - 阶段 DONE，忽略新数据 t=94.42
2026-09-04 14:02:21,901 - DVPTest - INFO - [串口] cuff=0 mmHg
2026-09-04 14:02:21,994 - DVPTest - DEBUG - 发出 sig_data: t=94.520, p=0.00
2026-09-04 14:02:21,998 - DVPTest - DEBUG - 阶段 DONE，忽略新数据 t=94.52
2026-09-04 14:02:21,999 - DVPTest - INFO - [串口] cuff=0 mmHg
2026-09-04 14:02:22,090 - DVPTest - DEBUG - 发出 sig_data: t=94.615, p=0.00
2026-09-04 14:02:22,095 - DVPTest - DEBUG - 阶段 DONE，忽略新数据 t=94.62
2026-09-04 14:02:22,097 - DVPTest - INFO - [串口] cuff=0 mmHg
2026-09-04 14:02:22,202 - DVPTest - DEBUG - 发出 sig_data: t=94.728, p=0.00
2026-09-04 14:02:22,203 - DVPTest - DEBUG - 阶段 DONE，忽略新数据 t=94.73
2026-09-04 14:02:22,205 - DVPTest - INFO - [串口] cuff=0 mmHg
2026-09-04 14:02:22,298 - DVPTest - DEBUG - 发出 sig_data: t=94.823, p=0.00
2026-09-04 14:02:22,298 - DVPTest - DEBUG - 阶段 DONE，忽略新数据 t=94.82
2026-09-04 14:02:22,299 - DVPTest - INFO - [串口] cuff=0 mmHg
2026-09-04 14:02:22,394 - DVPTest - DEBUG - 发出 sig_data: t=94.919, p=0.00
2026-09-04 14:02:22,396 - DVPTest - DEBUG - 阶段 DONE，忽略新数据 t=94.92
2026-09-04 14:02:22,397 - DVPTest - INFO - [串口] cuff=0 mmHg
2026-09-04 14:02:22,490 - DVPTest - DEBUG - 发出 sig_data: t=95.015, p=0.00
2026-09-04 14:02:22,490 - DVPTest - DEBUG - 阶段 DONE，忽略新数据 t=95.01
2026-09-04 14:02:22,491 - DVPTest - INFO - [串口] cuff=0 mmHg
2026-09-04 14:02:22,601 - DVPTest - DEBUG - 发出 sig_data: t=95.126, p=0.00
2026-09-04 14:02:22,605 - DVPTest - DEBUG - 阶段 DONE，忽略新数据 t=95.13
2026-09-04 14:02:22,607 - DVPTest - INFO - [串口] cuff=0 mmHg
2026-09-04 14:02:22,697 - DVPTest - DEBUG - 发出 sig_data: t=95.223, p=0.00
2026-09-04 14:02:22,703 - DVPTest - DEBUG - 阶段 DONE，忽略新数据 t=95.22
2026-09-04 14:02:22,704 - DVPTest - INFO - [串口] cuff=0 mmHg
2026-09-04 14:02:22,793 - DVPTest - DEBUG - 发出 sig_data: t=95.319, p=0.00
2026-09-04 14:02:22,795 - DVPTest - DEBUG - 阶段 DONE，忽略新数据 t=95.32
2026-09-04 14:02:22,795 - DVPTest - INFO - [串口] cuff=0 mmHg
2026-09-04 14:02:22,889 - DVPTest - DEBUG - 发出 sig_data: t=95.415, p=0.00
2026-09-04 14:02:22,892 - DVPTest - DEBUG - 阶段 DONE，忽略新数据 t=95.41
2026-09-04 14:02:22,893 - DVPTest - INFO - [串口] cuff=0 mmHg
2026-09-04 14:02:23,000 - DVPTest - DEBUG - 发出 sig_data: t=95.526, p=0.00
2026-09-04 14:02:23,003 - DVPTest - DEBUG - 阶段 DONE，忽略新数据 t=95.53
2026-09-04 14:02:23,004 - DVPTest - INFO - [串口] cuff=0 mmHg
2026-09-04 14:02:23,097 - DVPTest - DEBUG - 发出 sig_data: t=95.622, p=0.00
2026-09-04 14:02:23,097 - DVPTest - DEBUG - 阶段 DONE，忽略新数据 t=95.62
2026-09-04 14:02:23,098 - DVPTest - INFO - [串口] cuff=0 mmHg
2026-09-04 14:02:23,192 - DVPTest - DEBUG - 发出 sig_data: t=95.717, p=0.00
2026-09-04 14:02:23,193 - DVPTest - DEBUG - 阶段 DONE，忽略新数据 t=95.72
2026-09-04 14:02:23,194 - DVPTest - INFO - [串口] cuff=0 mmHg
2026-09-04 14:02:23,288 - DVPTest - DEBUG - 发出 sig_data: t=95.813, p=0.00
2026-09-04 14:02:23,291 - DVPTest - DEBUG - 阶段 DONE，忽略新数据 t=95.81
2026-09-04 14:02:23,292 - DVPTest - INFO - [串口] cuff=0 mmHg
2026-09-04 14:02:23,401 - DVPTest - DEBUG - 发出 sig_data: t=95.926, p=0.00
2026-09-04 14:02:23,403 - DVPTest - DEBUG - 阶段 DONE，忽略新数据 t=95.93
2026-09-04 14:02:23,405 - DVPTest - INFO - [串口] cuff=0 mmHg
2026-09-04 14:02:23,496 - DVPTest - DEBUG - 发出 sig_data: t=96.021, p=0.00
2026-09-04 14:02:23,500 - DVPTest - DEBUG - 阶段 DONE，忽略新数据 t=96.02
2026-09-04 14:02:23,500 - DVPTest - INFO - [串口] cuff=0 mmHg
2026-09-04 14:02:23,592 - DVPTest - DEBUG - 发出 sig_data: t=96.117, p=0.00
2026-09-04 14:02:23,593 - DVPTest - DEBUG - 阶段 DONE，忽略新数据 t=96.12
2026-09-04 14:02:23,595 - DVPTest - INFO - [串口] cuff=0 mmHg
2026-09-04 14:02:23,703 - DVPTest - DEBUG - 发出 sig_data: t=96.228, p=0.00
2026-09-04 14:02:23,706 - DVPTest - DEBUG - 阶段 DONE，忽略新数据 t=96.23
2026-09-04 14:02:23,707 - DVPTest - INFO - [串口] cuff=0 mmHg
2026-09-04 14:02:23,800 - DVPTest - DEBUG - 发出 sig_data: t=96.325, p=0.00
2026-09-04 14:02:23,802 - DVPTest - DEBUG - 阶段 DONE，忽略新数据 t=96.32
2026-09-04 14:02:23,803 - DVPTest - INFO - [串口] cuff=0 mmHg
2026-09-04 14:02:23,895 - DVPTest - DEBUG - 发出 sig_data: t=96.420, p=0.00
2026-09-04 14:02:23,897 - DVPTest - DEBUG - 阶段 DONE，忽略新数据 t=96.42
2026-09-04 14:02:23,898 - DVPTest - INFO - [串口] cuff=0 mmHg
2026-09-04 14:02:23,992 - DVPTest - DEBUG - 发出 sig_data: t=96.517, p=0.00
2026-09-04 14:02:23,994 - DVPTest - DEBUG - 阶段 DONE，忽略新数据 t=96.52
2026-09-04 14:02:23,994 - DVPTest - INFO - [串口] cuff=0 mmHg
2026-09-04 14:02:24,104 - DVPTest - DEBUG - 发出 sig_data: t=96.629, p=0.00
2026-09-04 14:02:24,105 - DVPTest - DEBUG - 阶段 DONE，忽略新数据 t=96.63
2026-09-04 14:02:24,105 - DVPTest - INFO - [串口] cuff=0 mmHg
2026-09-04 14:02:24,199 - DVPTest - DEBUG - 发出 sig_data: t=96.724, p=0.00
2026-09-04 14:02:24,201 - DVPTest - DEBUG - 阶段 DONE，忽略新数据 t=96.72
2026-09-04 14:02:24,201 - DVPTest - INFO - [串口] cuff=0 mmHg
2026-09-04 14:02:24,295 - DVPTest - DEBUG - 发出 sig_data: t=96.821, p=0.00
2026-09-04 14:02:24,301 - DVPTest - DEBUG - 阶段 DONE，忽略新数据 t=96.82
2026-09-04 14:02:24,302 - DVPTest - INFO - [串口] cuff=0 mmHg
2026-09-04 14:02:24,390 - DVPTest - DEBUG - 发出 sig_data: t=96.916, p=0.00
2026-09-04 14:02:24,391 - DVPTest - DEBUG - 阶段 DONE，忽略新数据 t=96.92
2026-09-04 14:02:24,393 - DVPTest - INFO - [串口] cuff=0 mmHg
2026-09-04 14:02:24,504 - DVPTest - DEBUG - 发出 sig_data: t=97.029, p=0.00
2026-09-04 14:02:24,506 - DVPTest - DEBUG - 阶段 DONE，忽略新数据 t=97.03
2026-09-04 14:02:24,507 - DVPTest - INFO - [串口] cuff=0 mmHg
2026-09-04 14:02:24,598 - DVPTest - DEBUG - 发出 sig_data: t=97.123, p=0.00
2026-09-04 14:02:24,601 - DVPTest - DEBUG - 阶段 DONE，忽略新数据 t=97.12
2026-09-04 14:02:24,602 - DVPTest - INFO - [串口] cuff=0 mmHg
2026-09-04 14:02:24,694 - DVPTest - DEBUG - 发出 sig_data: t=97.219, p=0.00
2026-09-04 14:02:24,697 - DVPTest - DEBUG - 阶段 DONE，忽略新数据 t=97.22
2026-09-04 14:02:24,698 - DVPTest - INFO - [串口] cuff=0 mmHg
2026-09-04 14:02:24,790 - DVPTest - DEBUG - 发出 sig_data: t=97.315, p=0.00
2026-09-04 14:02:24,792 - DVPTest - DEBUG - 阶段 DONE，忽略新数据 t=97.32
2026-09-04 14:02:24,793 - DVPTest - INFO - [串口] cuff=0 mmHg
2026-09-04 14:02:24,902 - DVPTest - DEBUG - 发出 sig_data: t=97.427, p=0.00
2026-09-04 14:02:24,907 - DVPTest - DEBUG - 阶段 DONE，忽略新数据 t=97.43
2026-09-04 14:02:24,910 - DVPTest - INFO - [串口] cuff=0 mmHg
2026-09-04 14:02:24,998 - DVPTest - DEBUG - 发出 sig_data: t=97.523, p=0.00
2026-09-04 14:02:25,000 - DVPTest - DEBUG - 阶段 DONE，忽略新数据 t=97.52
2026-09-04 14:02:25,001 - DVPTest - INFO - [串口] cuff=0 mmHg
2026-09-04 14:02:25,093 - DVPTest - DEBUG - 发出 sig_data: t=97.618, p=0.00
2026-09-04 14:02:25,097 - DVPTest - DEBUG - 阶段 DONE，忽略新数据 t=97.62
2026-09-04 14:02:25,098 - DVPTest - INFO - [串口] cuff=0 mmHg
2026-09-04 14:02:25,189 - DVPTest - DEBUG - 发出 sig_data: t=97.714, p=0.00
2026-09-04 14:02:25,191 - DVPTest - DEBUG - 阶段 DONE，忽略新数据 t=97.71
2026-09-04 14:02:25,191 - DVPTest - INFO - [串口] cuff=0 mmHg
2026-09-04 14:02:25,301 - DVPTest - DEBUG - 发出 sig_data: t=97.826, p=0.00
2026-09-04 14:02:25,303 - DVPTest - DEBUG - 阶段 DONE，忽略新数据 t=97.83
2026-09-04 14:02:25,304 - DVPTest - INFO - [串口] cuff=0 mmHg
2026-09-04 14:02:25,397 - DVPTest - DEBUG - 发出 sig_data: t=97.922, p=0.00
2026-09-04 14:02:25,401 - DVPTest - DEBUG - 阶段 DONE，忽略新数据 t=97.92
2026-09-04 14:02:25,403 - DVPTest - INFO - [串口] cuff=0 mmHg
2026-09-04 14:02:25,493 - DVPTest - DEBUG - 发出 sig_data: t=98.019, p=0.00
2026-09-04 14:02:25,497 - DVPTest - DEBUG - 阶段 DONE，忽略新数据 t=98.02
2026-09-04 14:02:25,498 - DVPTest - INFO - [串口] cuff=0 mmHg
2026-09-04 14:02:25,604 - DVPTest - DEBUG - 发出 sig_data: t=98.129, p=0.00
2026-09-04 14:02:25,606 - DVPTest - DEBUG - 阶段 DONE，忽略新数据 t=98.13
2026-09-04 14:02:25,607 - DVPTest - INFO - [串口] cuff=0 mmHg
2026-09-04 14:02:25,701 - DVPTest - DEBUG - 发出 sig_data: t=98.226, p=0.00
2026-09-04 14:02:25,702 - DVPTest - DEBUG - 阶段 DONE，忽略新数据 t=98.23
2026-09-04 14:02:25,703 - DVPTest - INFO - [串口] cuff=0 mmHg
2026-09-04 14:02:25,796 - DVPTest - DEBUG - 发出 sig_data: t=98.321, p=0.00
2026-09-04 14:02:25,797 - DVPTest - DEBUG - 阶段 DONE，忽略新数据 t=98.32
2026-09-04 14:02:25,798 - DVPTest - INFO - [串口] cuff=0 mmHg
2026-09-04 14:02:25,893 - DVPTest - DEBUG - 发出 sig_data: t=98.418, p=0.00
2026-09-04 14:02:25,896 - DVPTest - DEBUG - 阶段 DONE，忽略新数据 t=98.42
2026-09-04 14:02:25,898 - DVPTest - INFO - [串口] cuff=0 mmHg
2026-09-04 14:02:26,003 - DVPTest - DEBUG - 发出 sig_data: t=98.529, p=0.00
2026-09-04 14:02:26,006 - DVPTest - DEBUG - 阶段 DONE，忽略新数据 t=98.53
2026-09-04 14:02:26,008 - DVPTest - INFO - [串口] cuff=0 mmHg
2026-09-04 14:02:26,100 - DVPTest - DEBUG - 发出 sig_data: t=98.625, p=0.00
2026-09-04 14:02:26,100 - DVPTest - DEBUG - 阶段 DONE，忽略新数据 t=98.62
2026-09-04 14:02:26,101 - DVPTest - INFO - [串口] cuff=0 mmHg
2026-09-04 14:02:26,196 - DVPTest - DEBUG - 发出 sig_data: t=98.721, p=0.00
2026-09-04 14:02:26,200 - DVPTest - DEBUG - 阶段 DONE，忽略新数据 t=98.72
2026-09-04 14:02:26,203 - DVPTest - INFO - [串口] cuff=0 mmHg
2026-09-04 14:02:26,292 - DVPTest - DEBUG - 发出 sig_data: t=98.817, p=0.00
2026-09-04 14:02:26,296 - DVPTest - DEBUG - 阶段 DONE，忽略新数据 t=98.82
2026-09-04 14:02:26,298 - DVPTest - INFO - [串口] cuff=0 mmHg
2026-09-04 14:02:26,404 - DVPTest - DEBUG - 发出 sig_data: t=98.929, p=0.00
2026-09-04 14:02:26,404 - DVPTest - DEBUG - 阶段 DONE，忽略新数据 t=98.93
2026-09-04 14:02:26,407 - DVPTest - INFO - [串口] cuff=0 mmHg
2026-09-04 14:02:26,500 - DVPTest - DEBUG - 发出 sig_data: t=99.025, p=0.00
2026-09-04 14:02:26,501 - DVPTest - DEBUG - 阶段 DONE，忽略新数据 t=99.02
2026-09-04 14:02:26,502 - DVPTest - INFO - [串口] cuff=0 mmHg
2026-09-04 14:02:26,595 - DVPTest - DEBUG - 发出 sig_data: t=99.121, p=0.00
2026-09-04 14:02:26,598 - DVPTest - DEBUG - 阶段 DONE，忽略新数据 t=99.12
2026-09-04 14:02:26,599 - DVPTest - INFO - [串口] cuff=0 mmHg
2026-09-04 14:02:26,691 - DVPTest - DEBUG - 发出 sig_data: t=99.216, p=0.00
2026-09-04 14:02:26,691 - DVPTest - DEBUG - 阶段 DONE，忽略新数据 t=99.22
2026-09-04 14:02:26,692 - DVPTest - INFO - [串口] cuff=0 mmHg
2026-09-04 14:02:26,803 - DVPTest - DEBUG - 发出 sig_data: t=99.328, p=0.00
2026-09-04 14:02:26,808 - DVPTest - DEBUG - 阶段 DONE，忽略新数据 t=99.33
2026-09-04 14:02:26,809 - DVPTest - INFO - [串口] cuff=0 mmHg
2026-09-04 14:02:26,899 - DVPTest - DEBUG - 发出 sig_data: t=99.424, p=0.00
2026-09-04 14:02:26,904 - DVPTest - DEBUG - 阶段 DONE，忽略新数据 t=99.42
2026-09-04 14:02:26,905 - DVPTest - INFO - [串口] cuff=0 mmHg
2026-09-04 14:02:26,994 - DVPTest - DEBUG - 发出 sig_data: t=99.519, p=0.00
2026-09-04 14:02:26,996 - DVPTest - DEBUG - 阶段 DONE，忽略新数据 t=99.52
2026-09-04 14:02:26,996 - DVPTest - INFO - [串口] cuff=0 mmHg
2026-09-04 14:02:27,091 - DVPTest - DEBUG - 发出 sig_data: t=99.616, p=0.00
2026-09-04 14:02:27,093 - DVPTest - DEBUG - 阶段 DONE，忽略新数据 t=99.62
2026-09-04 14:02:27,094 - DVPTest - INFO - [串口] cuff=0 mmHg
2026-09-04 14:02:27,202 - DVPTest - DEBUG - 发出 sig_data: t=99.728, p=0.00
2026-09-04 14:02:27,204 - DVPTest - DEBUG - 阶段 DONE，忽略新数据 t=99.73
2026-09-04 14:02:27,206 - DVPTest - INFO - [串口] cuff=0 mmHg
2026-09-04 14:02:27,298 - DVPTest - DEBUG - 发出 sig_data: t=99.823, p=0.00
2026-09-04 14:02:27,300 - DVPTest - DEBUG - 阶段 DONE，忽略新数据 t=99.82
2026-09-04 14:02:27,301 - DVPTest - INFO - [串口] cuff=0 mmHg
2026-09-04 14:02:27,394 - DVPTest - DEBUG - 发出 sig_data: t=99.919, p=0.00
2026-09-04 14:02:27,396 - DVPTest - DEBUG - 阶段 DONE，忽略新数据 t=99.92
2026-09-04 14:02:27,397 - DVPTest - INFO - [串口] cuff=0 mmHg
2026-09-04 14:02:27,490 - DVPTest - DEBUG - 发出 sig_data: t=100.015, p=0.00
2026-09-04 14:02:27,493 - DVPTest - DEBUG - 阶段 DONE，忽略新数据 t=100.01
2026-09-04 14:02:27,496 - DVPTest - INFO - [串口] cuff=0 mmHg
2026-09-04 14:02:27,602 - DVPTest - DEBUG - 发出 sig_data: t=100.127, p=0.00
2026-09-04 14:02:27,604 - DVPTest - DEBUG - 阶段 DONE，忽略新数据 t=100.13
2026-09-04 14:02:27,606 - DVPTest - INFO - [串口] cuff=0 mmHg
2026-09-04 14:02:27,698 - DVPTest - DEBUG - 发出 sig_data: t=100.223, p=0.00
2026-09-04 14:02:27,700 - DVPTest - DEBUG - 阶段 DONE，忽略新数据 t=100.22
2026-09-04 14:02:27,702 - DVPTest - INFO - [串口] cuff=0 mmHg
2026-09-04 14:02:27,794 - DVPTest - DEBUG - 发出 sig_data: t=100.319, p=0.00
2026-09-04 14:02:27,795 - DVPTest - DEBUG - 阶段 DONE，忽略新数据 t=100.32
2026-09-04 14:02:27,796 - DVPTest - INFO - [串口] cuff=0 mmHg
2026-09-04 14:02:27,905 - DVPTest - DEBUG - 发出 sig_data: t=100.430, p=0.00
2026-09-04 14:02:27,907 - DVPTest - DEBUG - 阶段 DONE，忽略新数据 t=100.43
2026-09-04 14:02:27,908 - DVPTest - INFO - [串口] cuff=0 mmHg
2026-09-04 14:02:28,001 - DVPTest - DEBUG - 发出 sig_data: t=100.527, p=0.00
2026-09-04 14:02:28,005 - DVPTest - DEBUG - 阶段 DONE，忽略新数据 t=100.53
2026-09-04 14:02:28,006 - DVPTest - INFO - [串口] cuff=0 mmHg
2026-09-04 14:02:28,097 - DVPTest - DEBUG - 发出 sig_data: t=100.622, p=0.00
2026-09-04 14:02:28,098 - DVPTest - DEBUG - 阶段 DONE，忽略新数据 t=100.62
2026-09-04 14:02:28,099 - DVPTest - INFO - [串口] cuff=0 mmHg
2026-09-04 14:02:28,193 - DVPTest - DEBUG - 发出 sig_data: t=100.718, p=0.00
2026-09-04 14:02:28,196 - DVPTest - DEBUG - 阶段 DONE，忽略新数据 t=100.72
2026-09-04 14:02:28,198 - DVPTest - INFO - [串口] cuff=0 mmHg
2026-09-04 14:02:28,304 - DVPTest - DEBUG - 发出 sig_data: t=100.829, p=0.00
2026-09-04 14:02:28,307 - DVPTest - DEBUG - 阶段 DONE，忽略新数据 t=100.83
2026-09-04 14:02:28,307 - DVPTest - INFO - [串口] cuff=0 mmHg
2026-09-04 14:02:28,401 - DVPTest - DEBUG - 发出 sig_data: t=100.926, p=0.00
2026-09-04 14:02:28,403 - DVPTest - DEBUG - 阶段 DONE，忽略新数据 t=100.93
2026-09-04 14:02:28,403 - DVPTest - INFO - [串口] cuff=0 mmHg
2026-09-04 14:02:28,497 - DVPTest - DEBUG - 发出 sig_data: t=101.022, p=0.00
2026-09-04 14:02:28,503 - DVPTest - DEBUG - 阶段 DONE，忽略新数据 t=101.02
2026-09-04 14:02:28,504 - DVPTest - INFO - [串口] cuff=0 mmHg
2026-09-04 14:02:28,593 - DVPTest - DEBUG - 发出 sig_data: t=101.118, p=0.00
2026-09-04 14:02:28,597 - DVPTest - DEBUG - 阶段 DONE，忽略新数据 t=101.12
2026-09-04 14:02:28,598 - DVPTest - INFO - [串口] cuff=0 mmHg
2026-09-04 14:02:28,704 - DVPTest - DEBUG - 发出 sig_data: t=101.229, p=0.00
2026-09-04 14:02:28,707 - DVPTest - DEBUG - 阶段 DONE，忽略新数据 t=101.23
2026-09-04 14:02:28,708 - DVPTest - INFO - [串口] cuff=0 mmHg
2026-09-04 14:02:28,800 - DVPTest - DEBUG - 发出 sig_data: t=101.325, p=0.00
2026-09-04 14:02:28,803 - DVPTest - DEBUG - 阶段 DONE，忽略新数据 t=101.33
2026-09-04 14:02:28,804 - DVPTest - INFO - [串口] cuff=0 mmHg
2026-09-04 14:02:28,896 - DVPTest - DEBUG - 发出 sig_data: t=101.421, p=0.00
2026-09-04 14:02:28,897 - DVPTest - DEBUG - 阶段 DONE，忽略新数据 t=101.42
2026-09-04 14:02:28,898 - DVPTest - INFO - [串口] cuff=0 mmHg
2026-09-04 14:02:28,991 - DVPTest - DEBUG - 发出 sig_data: t=101.516, p=0.00
2026-09-04 14:02:28,995 - DVPTest - DEBUG - 阶段 DONE，忽略新数据 t=101.52
2026-09-04 14:02:28,996 - DVPTest - INFO - [串口] cuff=0 mmHg
2026-09-04 14:02:29,104 - DVPTest - DEBUG - 发出 sig_data: t=101.629, p=0.00
2026-09-04 14:02:29,106 - DVPTest - DEBUG - 阶段 DONE，忽略新数据 t=101.63
2026-09-04 14:02:29,107 - DVPTest - INFO - [串口] cuff=0 mmHg
2026-09-04 14:02:29,200 - DVPTest - DEBUG - 发出 sig_data: t=101.725, p=0.00
2026-09-04 14:02:29,201 - DVPTest - DEBUG - 阶段 DONE，忽略新数据 t=101.72
2026-09-04 14:02:29,201 - DVPTest - INFO - [串口] cuff=0 mmHg
2026-09-04 14:02:29,296 - DVPTest - DEBUG - 发出 sig_data: t=101.821, p=0.00
2026-09-04 14:02:29,299 - DVPTest - DEBUG - 阶段 DONE，忽略新数据 t=101.82
2026-09-04 14:02:29,301 - DVPTest - INFO - [串口] cuff=0 mmHg
2026-09-04 14:02:29,391 - DVPTest - DEBUG - 发出 sig_data: t=101.916, p=0.00
2026-09-04 14:02:29,395 - DVPTest - DEBUG - 阶段 DONE，忽略新数据 t=101.92
2026-09-04 14:02:29,397 - DVPTest - INFO - [串口] cuff=0 mmHg
2026-09-04 14:02:29,503 - DVPTest - DEBUG - 发出 sig_data: t=102.028, p=0.00
2026-09-04 14:02:29,503 - DVPTest - DEBUG - 阶段 DONE，忽略新数据 t=102.03
2026-09-04 14:02:29,504 - DVPTest - INFO - [串口] cuff=0 mmHg
2026-09-04 14:02:29,599 - DVPTest - DEBUG - 发出 sig_data: t=102.124, p=0.00
2026-09-04 14:02:29,605 - DVPTest - DEBUG - 阶段 DONE，忽略新数据 t=102.12
2026-09-04 14:02:29,606 - DVPTest - INFO - [串口] cuff=0 mmHg
2026-09-04 14:02:29,694 - DVPTest - DEBUG - 发出 sig_data: t=102.219, p=0.00
2026-09-04 14:02:29,696 - DVPTest - DEBUG - 阶段 DONE，忽略新数据 t=102.22
2026-09-04 14:02:29,696 - DVPTest - INFO - [串口] cuff=0 mmHg
2026-09-04 14:02:29,806 - DVPTest - DEBUG - 发出 sig_data: t=102.331, p=0.00
2026-09-04 14:02:29,808 - DVPTest - DEBUG - 阶段 DONE，忽略新数据 t=102.33
2026-09-04 14:02:29,809 - DVPTest - INFO - [串口] cuff=0 mmHg
2026-09-04 14:02:29,902 - DVPTest - DEBUG - 发出 sig_data: t=102.428, p=0.00
2026-09-04 14:02:29,905 - DVPTest - DEBUG - 阶段 DONE，忽略新数据 t=102.43
2026-09-04 14:02:29,907 - DVPTest - INFO - [串口] cuff=0 mmHg
2026-09-04 14:02:29,998 - DVPTest - DEBUG - 发出 sig_data: t=102.523, p=0.00
2026-09-04 14:02:30,000 - DVPTest - DEBUG - 阶段 DONE，忽略新数据 t=102.52
2026-09-04 14:02:30,000 - DVPTest - INFO - [串口] cuff=0 mmHg
2026-09-04 14:02:30,094 - DVPTest - DEBUG - 发出 sig_data: t=102.619, p=0.00
2026-09-04 14:02:30,096 - DVPTest - DEBUG - 阶段 DONE，忽略新数据 t=102.62
2026-09-04 14:02:30,096 - DVPTest - INFO - [串口] cuff=0 mmHg
2026-09-04 14:02:30,205 - DVPTest - DEBUG - 发出 sig_data: t=102.731, p=0.00
2026-09-04 14:02:30,209 - DVPTest - DEBUG - 阶段 DONE，忽略新数据 t=102.73
2026-09-04 14:02:30,211 - DVPTest - INFO - [串口] cuff=0 mmHg
2026-09-04 14:02:30,301 - DVPTest - DEBUG - 发出 sig_data: t=102.826, p=0.00
2026-09-04 14:02:30,302 - DVPTest - DEBUG - 阶段 DONE，忽略新数据 t=102.83
2026-09-04 14:02:30,303 - DVPTest - INFO - [串口] cuff=0 mmHg
2026-09-04 14:02:30,398 - DVPTest - DEBUG - 发出 sig_data: t=102.923, p=0.00
2026-09-04 14:02:30,402 - DVPTest - DEBUG - 阶段 DONE，忽略新数据 t=102.92
2026-09-04 14:02:30,403 - DVPTest - INFO - [串口] cuff=0 mmHg
2026-09-04 14:02:30,493 - DVPTest - DEBUG - 发出 sig_data: t=103.018, p=0.00
2026-09-04 14:02:30,496 - DVPTest - DEBUG - 阶段 DONE，忽略新数据 t=103.02
2026-09-04 14:02:30,497 - DVPTest - INFO - [串口] cuff=0 mmHg
2026-09-04 14:02:30,605 - DVPTest - DEBUG - 发出 sig_data: t=103.130, p=0.00
2026-09-04 14:02:30,609 - DVPTest - DEBUG - 阶段 DONE，忽略新数据 t=103.13
2026-09-04 14:02:30,609 - DVPTest - INFO - [串口] cuff=0 mmHg
2026-09-04 14:02:30,701 - DVPTest - DEBUG - 发出 sig_data: t=103.226, p=0.00
2026-09-04 14:02:30,705 - DVPTest - DEBUG - 阶段 DONE，忽略新数据 t=103.23
2026-09-04 14:02:30,706 - DVPTest - INFO - [串口] cuff=0 mmHg
2026-09-04 14:02:30,797 - DVPTest - DEBUG - 发出 sig_data: t=103.322, p=0.00
2026-09-04 14:02:30,799 - DVPTest - DEBUG - 阶段 DONE，忽略新数据 t=103.32
2026-09-04 14:02:30,801 - DVPTest - INFO - [串口] cuff=0 mmHg
2026-09-04 14:02:30,892 - DVPTest - DEBUG - 发出 sig_data: t=103.417, p=0.00
2026-09-04 14:02:30,895 - DVPTest - DEBUG - 阶段 DONE，忽略新数据 t=103.42
2026-09-04 14:02:30,896 - DVPTest - INFO - [串口] cuff=0 mmHg
2026-09-04 14:02:31,004 - DVPTest - DEBUG - 发出 sig_data: t=103.529, p=0.00
2026-09-04 14:02:31,005 - DVPTest - DEBUG - 阶段 DONE，忽略新数据 t=103.53
2026-09-04 14:02:31,006 - DVPTest - INFO - [串口] cuff=0 mmHg
2026-09-04 14:02:31,100 - DVPTest - DEBUG - 发出 sig_data: t=103.625, p=0.00
2026-09-04 14:02:31,100 - DVPTest - DEBUG - 阶段 DONE，忽略新数据 t=103.62
2026-09-04 14:02:31,101 - DVPTest - INFO - [串口] cuff=0 mmHg
2026-09-04 14:02:31,197 - DVPTest - DEBUG - 发出 sig_data: t=103.722, p=0.00
2026-09-04 14:02:31,200 - DVPTest - DEBUG - 阶段 DONE，忽略新数据 t=103.72
2026-09-04 14:02:31,201 - DVPTest - INFO - [串口] cuff=0 mmHg
2026-09-04 14:02:31,292 - DVPTest - DEBUG - 发出 sig_data: t=103.817, p=0.00
2026-09-04 14:02:31,295 - DVPTest - DEBUG - 阶段 DONE，忽略新数据 t=103.82
2026-09-04 14:02:31,296 - DVPTest - INFO - [串口] cuff=0 mmHg
2026-09-04 14:02:31,404 - DVPTest - DEBUG - 发出 sig_data: t=103.929, p=0.00
2026-09-04 14:02:31,404 - DVPTest - DEBUG - 阶段 DONE，忽略新数据 t=103.93
2026-09-04 14:02:31,406 - DVPTest - INFO - [串口] cuff=0 mmHg
2026-09-04 14:02:31,499 - DVPTest - DEBUG - 发出 sig_data: t=104.025, p=0.00
2026-09-04 14:02:31,501 - DVPTest - DEBUG - 阶段 DONE，忽略新数据 t=104.02
2026-09-04 14:02:31,504 - DVPTest - INFO - [串口] cuff=0 mmHg
2026-09-04 14:02:31,596 - DVPTest - DEBUG - 发出 sig_data: t=104.121, p=0.00
2026-09-04 14:02:31,598 - DVPTest - DEBUG - 阶段 DONE，忽略新数据 t=104.12
2026-09-04 14:02:31,599 - DVPTest - INFO - [串口] cuff=0 mmHg
2026-09-04 14:02:31,706 - DVPTest - DEBUG - 发出 sig_data: t=104.232, p=0.00
2026-09-04 14:02:31,709 - DVPTest - DEBUG - 阶段 DONE，忽略新数据 t=104.23
2026-09-04 14:02:31,709 - DVPTest - INFO - [串口] cuff=0 mmHg
2026-09-04 14:02:31,804 - DVPTest - DEBUG - 发出 sig_data: t=104.329, p=0.00
2026-09-04 14:02:31,808 - DVPTest - DEBUG - 阶段 DONE，忽略新数据 t=104.33
2026-09-04 14:02:31,810 - DVPTest - INFO - [串口] cuff=0 mmHg
2026-09-04 14:02:31,899 - DVPTest - DEBUG - 发出 sig_data: t=104.424, p=0.00
2026-09-04 14:02:31,901 - DVPTest - DEBUG - 阶段 DONE，忽略新数据 t=104.42
2026-09-04 14:02:31,901 - DVPTest - INFO - [串口] cuff=0 mmHg
2026-09-04 14:02:31,996 - DVPTest - DEBUG - 发出 sig_data: t=104.521, p=0.00
2026-09-04 14:02:31,999 - DVPTest - DEBUG - 阶段 DONE，忽略新数据 t=104.52
2026-09-04 14:02:32,000 - DVPTest - INFO - [串口] cuff=0 mmHg
2026-09-04 14:02:32,107 - DVPTest - DEBUG - 发出 sig_data: t=104.633, p=0.00
2026-09-04 14:02:32,114 - DVPTest - DEBUG - 阶段 DONE，忽略新数据 t=104.63
2026-09-04 14:02:32,115 - DVPTest - INFO - [串口] cuff=0 mmHg
2026-09-04 14:02:32,202 - DVPTest - DEBUG - 发出 sig_data: t=104.727, p=0.00
2026-09-04 14:02:32,203 - DVPTest - DEBUG - 阶段 DONE，忽略新数据 t=104.73
2026-09-04 14:02:32,203 - DVPTest - INFO - [串口] cuff=0 mmHg
2026-09-04 14:02:32,298 - DVPTest - DEBUG - 发出 sig_data: t=104.823, p=0.00
2026-09-04 14:02:32,300 - DVPTest - DEBUG - 阶段 DONE，忽略新数据 t=104.82
2026-09-04 14:02:32,301 - DVPTest - INFO - [串口] cuff=0 mmHg
2026-09-04 14:02:32,395 - DVPTest - DEBUG - 发出 sig_data: t=104.920, p=0.00
2026-09-04 14:02:32,398 - DVPTest - DEBUG - 阶段 DONE，忽略新数据 t=104.92
2026-09-04 14:02:32,399 - DVPTest - INFO - [串口] cuff=0 mmHg
2026-09-04 14:02:32,506 - DVPTest - DEBUG - 发出 sig_data: t=105.031, p=0.00
2026-09-04 14:02:32,507 - DVPTest - DEBUG - 阶段 DONE，忽略新数据 t=105.03
2026-09-04 14:02:32,508 - DVPTest - INFO - [串口] cuff=0 mmHg
2026-09-04 14:02:32,602 - DVPTest - DEBUG - 发出 sig_data: t=105.127, p=0.00
2026-09-04 14:02:32,606 - DVPTest - DEBUG - 阶段 DONE，忽略新数据 t=105.13
2026-09-04 14:02:32,609 - DVPTest - INFO - [串口] cuff=0 mmHg
2026-09-04 14:02:32,698 - DVPTest - DEBUG - 发出 sig_data: t=105.223, p=0.00
2026-09-04 14:02:32,700 - DVPTest - DEBUG - 阶段 DONE，忽略新数据 t=105.22
2026-09-04 14:02:32,701 - DVPTest - INFO - [串口] cuff=0 mmHg
2026-09-04 14:02:32,794 - DVPTest - DEBUG - 发出 sig_data: t=105.319, p=0.00
2026-09-04 14:02:32,795 - DVPTest - DEBUG - 阶段 DONE，忽略新数据 t=105.32
2026-09-04 14:02:32,795 - DVPTest - INFO - [串口] cuff=0 mmHg
2026-09-04 14:02:32,905 - DVPTest - DEBUG - 发出 sig_data: t=105.430, p=0.00
2026-09-04 14:02:32,908 - DVPTest - DEBUG - 阶段 DONE，忽略新数据 t=105.43
2026-09-04 14:02:32,909 - DVPTest - INFO - [串口] cuff=0 mmHg
2026-09-04 14:02:33,001 - DVPTest - DEBUG - 发出 sig_data: t=105.526, p=0.00
2026-09-04 14:02:33,003 - DVPTest - DEBUG - 阶段 DONE，忽略新数据 t=105.53
2026-09-04 14:02:33,009 - DVPTest - INFO - [串口] cuff=0 mmHg
2026-09-04 14:02:33,097 - DVPTest - DEBUG - 发出 sig_data: t=105.622, p=0.00
2026-09-04 14:02:33,098 - DVPTest - DEBUG - 阶段 DONE，忽略新数据 t=105.62
2026-09-04 14:02:33,099 - DVPTest - INFO - [串口] cuff=0 mmHg
2026-09-04 14:02:33,193 - DVPTest - DEBUG - 发出 sig_data: t=105.718, p=0.00
2026-09-04 14:02:33,195 - DVPTest - DEBUG - 阶段 DONE，忽略新数据 t=105.72
2026-09-04 14:02:33,196 - DVPTest - INFO - [串口] cuff=0 mmHg
2026-09-04 14:02:33,305 - DVPTest - DEBUG - 发出 sig_data: t=105.830, p=0.00
2026-09-04 14:02:33,309 - DVPTest - DEBUG - 阶段 DONE，忽略新数据 t=105.83
2026-09-04 14:02:33,309 - DVPTest - INFO - [串口] cuff=0 mmHg
2026-09-04 14:02:33,400 - DVPTest - DEBUG - 发出 sig_data: t=105.925, p=0.00
2026-09-04 14:02:33,402 - DVPTest - DEBUG - 阶段 DONE，忽略新数据 t=105.93
2026-09-04 14:02:33,403 - DVPTest - INFO - [串口] cuff=0 mmHg
2026-09-04 14:02:33,497 - DVPTest - DEBUG - 发出 sig_data: t=106.022, p=0.00
2026-09-04 14:02:33,500 - DVPTest - DEBUG - 阶段 DONE，忽略新数据 t=106.02
2026-09-04 14:02:33,501 - DVPTest - INFO - [串口] cuff=0 mmHg
2026-09-04 14:02:33,592 - DVPTest - DEBUG - 发出 sig_data: t=106.117, p=0.00
2026-09-04 14:02:33,593 - DVPTest - DEBUG - 阶段 DONE，忽略新数据 t=106.12
2026-09-04 14:02:33,596 - DVPTest - INFO - [串口] cuff=0 mmHg
2026-09-04 14:02:33,705 - DVPTest - DEBUG - 发出 sig_data: t=106.230, p=0.00
2026-09-04 14:02:33,705 - DVPTest - DEBUG - 阶段 DONE，忽略新数据 t=106.23
2026-09-04 14:02:33,706 - DVPTest - INFO - [串口] cuff=0 mmHg
2026-09-04 14:02:33,801 - DVPTest - DEBUG - 发出 sig_data: t=106.326, p=0.00
2026-09-04 14:02:33,801 - DVPTest - DEBUG - 阶段 DONE，忽略新数据 t=106.33
2026-09-04 14:02:33,802 - DVPTest - INFO - [串口] cuff=0 mmHg
2026-09-04 14:02:33,896 - DVPTest - DEBUG - 发出 sig_data: t=106.421, p=0.00
2026-09-04 14:02:33,898 - DVPTest - DEBUG - 阶段 DONE，忽略新数据 t=106.42
2026-09-04 14:02:33,899 - DVPTest - INFO - [串口] cuff=0 mmHg
2026-09-04 14:02:34,009 - DVPTest - DEBUG - 发出 sig_data: t=106.534, p=0.00
2026-09-04 14:02:34,104 - DVPTest - DEBUG - 发出 sig_data: t=106.629, p=0.00
2026-09-04 14:02:34,106 - DVPTest - DEBUG - 阶段 DONE，忽略新数据 t=106.53
2026-09-04 14:02:34,107 - DVPTest - INFO - [串口] cuff=0 mmHg
2026-09-04 14:02:34,113 - DVPTest - DEBUG - 阶段 DONE，忽略新数据 t=106.63
2026-09-04 14:02:34,114 - DVPTest - INFO - [串口] cuff=0 mmHg
2026-09-04 14:02:34,199 - DVPTest - DEBUG - 发出 sig_data: t=106.724, p=0.00
2026-09-04 14:02:34,201 - DVPTest - DEBUG - 阶段 DONE，忽略新数据 t=106.72
2026-09-04 14:02:34,202 - DVPTest - INFO - [串口] cuff=0 mmHg
2026-09-04 14:02:34,296 - DVPTest - DEBUG - 发出 sig_data: t=106.821, p=0.00
2026-09-04 14:02:34,298 - DVPTest - DEBUG - 阶段 DONE，忽略新数据 t=106.82
2026-09-04 14:02:34,298 - DVPTest - INFO - [串口] cuff=0 mmHg
2026-09-04 14:02:34,408 - DVPTest - DEBUG - 发出 sig_data: t=106.932, p=0.00
2026-09-04 14:02:34,408 - DVPTest - DEBUG - 阶段 DONE，忽略新数据 t=106.93
2026-09-04 14:02:34,409 - DVPTest - INFO - [串口] cuff=0 mmHg
2026-09-04 14:02:34,504 - DVPTest - DEBUG - 发出 sig_data: t=107.028, p=0.00
2026-09-04 14:02:34,504 - DVPTest - DEBUG - 阶段 DONE，忽略新数据 t=107.03
2026-09-04 14:02:34,505 - DVPTest - INFO - [串口] cuff=0 mmHg
2026-09-04 14:02:34,599 - DVPTest - DEBUG - 发出 sig_data: t=107.124, p=0.00
2026-09-04 14:02:34,600 - DVPTest - DEBUG - 阶段 DONE，忽略新数据 t=107.12
2026-09-04 14:02:34,601 - DVPTest - INFO - [串口] cuff=0 mmHg
2026-09-04 14:02:34,694 - DVPTest - DEBUG - 发出 sig_data: t=107.220, p=0.00
2026-09-04 14:02:34,697 - DVPTest - DEBUG - 阶段 DONE，忽略新数据 t=107.22
2026-09-04 14:02:34,698 - DVPTest - INFO - [串口] cuff=0 mmHg
2026-09-04 14:02:34,807 - DVPTest - DEBUG - 发出 sig_data: t=107.332, p=0.00
2026-09-04 14:02:34,810 - DVPTest - DEBUG - 阶段 DONE，忽略新数据 t=107.33
2026-09-04 14:02:34,811 - DVPTest - INFO - [串口] cuff=0 mmHg
2026-09-04 14:02:34,902 - DVPTest - DEBUG - 发出 sig_data: t=107.427, p=0.00
2026-09-04 14:02:34,904 - DVPTest - DEBUG - 阶段 DONE，忽略新数据 t=107.43
2026-09-04 14:02:34,904 - DVPTest - INFO - [串口] cuff=0 mmHg
2026-09-04 14:02:34,998 - DVPTest - DEBUG - 发出 sig_data: t=107.523, p=0.00
2026-09-04 14:02:35,000 - DVPTest - DEBUG - 阶段 DONE，忽略新数据 t=107.52
2026-09-04 14:02:35,000 - DVPTest - INFO - [串口] cuff=0 mmHg
2026-09-04 14:02:35,095 - DVPTest - DEBUG - 发出 sig_data: t=107.620, p=0.00
2026-09-04 14:02:35,097 - DVPTest - DEBUG - 阶段 DONE，忽略新数据 t=107.62
2026-09-04 14:02:35,099 - DVPTest - INFO - [串口] cuff=0 mmHg
2026-09-04 14:02:35,206 - DVPTest - DEBUG - 发出 sig_data: t=107.731, p=0.00
2026-09-04 14:02:35,208 - DVPTest - DEBUG - 阶段 DONE，忽略新数据 t=107.73
2026-09-04 14:02:35,209 - DVPTest - INFO - [串口] cuff=0 mmHg
2026-09-04 14:02:35,302 - DVPTest - DEBUG - 发出 sig_data: t=107.827, p=0.00
2026-09-04 14:02:35,304 - DVPTest - DEBUG - 阶段 DONE，忽略新数据 t=107.83
2026-09-04 14:02:35,306 - DVPTest - INFO - [串口] cuff=0 mmHg
2026-09-04 14:02:35,398 - DVPTest - DEBUG - 发出 sig_data: t=107.923, p=0.00
2026-09-04 14:02:35,401 - DVPTest - DEBUG - 阶段 DONE，忽略新数据 t=107.92
2026-09-04 14:02:35,402 - DVPTest - INFO - [串口] cuff=0 mmHg
2026-09-04 14:02:35,493 - DVPTest - DEBUG - 发出 sig_data: t=108.018, p=0.00
2026-09-04 14:02:35,495 - DVPTest - DEBUG - 阶段 DONE，忽略新数据 t=108.02
2026-09-04 14:02:35,495 - DVPTest - INFO - [串口] cuff=0 mmHg
2026-09-04 14:02:35,605 - DVPTest - DEBUG - 发出 sig_data: t=108.131, p=0.00
2026-09-04 14:02:35,610 - DVPTest - DEBUG - 阶段 DONE，忽略新数据 t=108.13
2026-09-04 14:02:35,612 - DVPTest - INFO - [串口] cuff=0 mmHg
2026-09-04 14:02:35,702 - DVPTest - DEBUG - 发出 sig_data: t=108.227, p=0.00
2026-09-04 14:02:35,704 - DVPTest - DEBUG - 阶段 DONE，忽略新数据 t=108.23
2026-09-04 14:02:35,705 - DVPTest - INFO - [串口] cuff=0 mmHg
2026-09-04 14:02:35,798 - DVPTest - DEBUG - 发出 sig_data: t=108.323, p=0.00
2026-09-04 14:02:35,799 - DVPTest - DEBUG - 阶段 DONE，忽略新数据 t=108.32
2026-09-04 14:02:35,800 - DVPTest - INFO - [串口] cuff=0 mmHg
2026-09-04 14:02:35,908 - DVPTest - DEBUG - 发出 sig_data: t=108.433, p=0.00
2026-09-04 14:02:35,910 - DVPTest - DEBUG - 阶段 DONE，忽略新数据 t=108.43
2026-09-04 14:02:35,910 - DVPTest - INFO - [串口] cuff=0 mmHg
2026-09-04 14:02:36,005 - DVPTest - DEBUG - 发出 sig_data: t=108.530, p=0.00
2026-09-04 14:02:36,007 - DVPTest - DEBUG - 阶段 DONE，忽略新数据 t=108.53
2026-09-04 14:02:36,007 - DVPTest - INFO - [串口] cuff=0 mmHg
2026-09-04 14:02:36,100 - DVPTest - DEBUG - 发出 sig_data: t=108.625, p=0.00
2026-09-04 14:02:36,103 - DVPTest - DEBUG - 阶段 DONE，忽略新数据 t=108.63
2026-09-04 14:02:36,104 - DVPTest - INFO - [串口] cuff=0 mmHg
2026-09-04 14:02:36,197 - DVPTest - DEBUG - 发出 sig_data: t=108.722, p=0.00
2026-09-04 14:02:36,198 - DVPTest - DEBUG - 阶段 DONE，忽略新数据 t=108.72
2026-09-04 14:02:36,200 - DVPTest - INFO - [串口] cuff=0 mmHg
2026-09-04 14:02:36,308 - DVPTest - DEBUG - 发出 sig_data: t=108.833, p=0.00
2026-09-04 14:02:36,310 - DVPTest - DEBUG - 阶段 DONE，忽略新数据 t=108.83
2026-09-04 14:02:36,310 - DVPTest - INFO - [串口] cuff=0 mmHg
2026-09-04 14:02:36,404 - DVPTest - DEBUG - 发出 sig_data: t=108.929, p=0.00
2026-09-04 14:02:36,407 - DVPTest - DEBUG - 阶段 DONE，忽略新数据 t=108.93
2026-09-04 14:02:36,408 - DVPTest - INFO - [串口] cuff=0 mmHg
2026-09-04 14:02:36,500 - DVPTest - DEBUG - 发出 sig_data: t=109.025, p=0.00
2026-09-04 14:02:36,503 - DVPTest - DEBUG - 阶段 DONE，忽略新数据 t=109.02
2026-09-04 14:02:36,504 - DVPTest - INFO - [串口] cuff=0 mmHg
2026-09-04 14:02:36,596 - DVPTest - DEBUG - 发出 sig_data: t=109.121, p=0.00
2026-09-04 14:02:36,597 - DVPTest - DEBUG - 阶段 DONE，忽略新数据 t=109.12
2026-09-04 14:02:36,598 - DVPTest - INFO - [串口] cuff=0 mmHg
2026-09-04 14:02:36,707 - DVPTest - DEBUG - 发出 sig_data: t=109.232, p=0.00
2026-09-04 14:02:36,710 - DVPTest - DEBUG - 阶段 DONE，忽略新数据 t=109.23
2026-09-04 14:02:36,711 - DVPTest - INFO - [串口] cuff=0 mmHg
2026-09-04 14:02:36,804 - DVPTest - DEBUG - 发出 sig_data: t=109.328, p=0.00
2026-09-04 14:02:36,804 - DVPTest - DEBUG - 阶段 DONE，忽略新数据 t=109.33
2026-09-04 14:02:36,810 - DVPTest - INFO - [串口] cuff=0 mmHg
2026-09-04 14:02:36,899 - DVPTest - DEBUG - 发出 sig_data: t=109.424, p=0.00
2026-09-04 14:02:36,902 - DVPTest - DEBUG - 阶段 DONE，忽略新数据 t=109.42
2026-09-04 14:02:36,903 - DVPTest - INFO - [串口] cuff=0 mmHg
2026-09-04 14:02:36,995 - DVPTest - DEBUG - 发出 sig_data: t=109.520, p=0.00
2026-09-04 14:02:36,997 - DVPTest - DEBUG - 阶段 DONE，忽略新数据 t=109.52
2026-09-04 14:02:36,997 - DVPTest - INFO - [串口] cuff=0 mmHg
2026-09-04 14:02:37,107 - DVPTest - DEBUG - 发出 sig_data: t=109.632, p=0.00
2026-09-04 14:02:37,108 - DVPTest - DEBUG - 阶段 DONE，忽略新数据 t=109.63
2026-09-04 14:02:37,109 - DVPTest - INFO - [串口] cuff=0 mmHg
2026-09-04 14:02:37,203 - DVPTest - DEBUG - 发出 sig_data: t=109.729, p=0.00
2026-09-04 14:02:37,209 - DVPTest - DEBUG - 阶段 DONE，忽略新数据 t=109.73
2026-09-04 14:02:37,210 - DVPTest - INFO - [串口] cuff=0 mmHg
2026-09-04 14:02:37,299 - DVPTest - DEBUG - 发出 sig_data: t=109.823, p=0.00
2026-09-04 14:02:37,302 - DVPTest - DEBUG - 阶段 DONE，忽略新数据 t=109.82
2026-09-04 14:02:37,303 - DVPTest - INFO - [串口] cuff=0 mmHg
2026-09-04 14:02:37,395 - DVPTest - DEBUG - 发出 sig_data: t=109.920, p=0.00
2026-09-04 14:02:37,397 - DVPTest - DEBUG - 阶段 DONE，忽略新数据 t=109.92
2026-09-04 14:02:37,397 - DVPTest - INFO - [串口] cuff=0 mmHg
2026-09-04 14:02:37,506 - DVPTest - DEBUG - 发出 sig_data: t=110.031, p=0.00
2026-09-04 14:02:37,508 - DVPTest - DEBUG - 阶段 DONE，忽略新数据 t=110.03
2026-09-04 14:02:37,509 - DVPTest - INFO - [串口] cuff=0 mmHg
2026-09-04 14:02:37,603 - DVPTest - DEBUG - 发出 sig_data: t=110.128, p=0.00
2026-09-04 14:02:37,605 - DVPTest - DEBUG - 阶段 DONE，忽略新数据 t=110.13
2026-09-04 14:02:37,606 - DVPTest - INFO - [串口] cuff=0 mmHg
2026-09-04 14:02:37,698 - DVPTest - DEBUG - 发出 sig_data: t=110.223, p=0.00
2026-09-04 14:02:37,701 - DVPTest - DEBUG - 阶段 DONE，忽略新数据 t=110.22
2026-09-04 14:02:37,702 - DVPTest - INFO - [串口] cuff=0 mmHg
2026-09-04 14:02:37,810 - DVPTest - DEBUG - 发出 sig_data: t=110.335, p=0.00
2026-09-04 14:02:37,811 - DVPTest - DEBUG - 阶段 DONE，忽略新数据 t=110.33
2026-09-04 14:02:37,811 - DVPTest - INFO - [串口] cuff=0 mmHg
2026-09-04 14:02:37,906 - DVPTest - DEBUG - 发出 sig_data: t=110.431, p=0.00
2026-09-04 14:02:37,909 - DVPTest - DEBUG - 阶段 DONE，忽略新数据 t=110.43
2026-09-04 14:02:37,910 - DVPTest - INFO - [串口] cuff=0 mmHg
2026-09-04 14:02:38,002 - DVPTest - DEBUG - 发出 sig_data: t=110.526, p=0.00
2026-09-04 14:02:38,003 - DVPTest - DEBUG - 阶段 DONE，忽略新数据 t=110.53
2026-09-04 14:02:38,003 - DVPTest - INFO - [串口] cuff=0 mmHg
2026-09-04 14:02:38,098 - DVPTest - DEBUG - 发出 sig_data: t=110.623, p=0.00
2026-09-04 14:02:38,100 - DVPTest - DEBUG - 阶段 DONE，忽略新数据 t=110.62
2026-09-04 14:02:38,100 - DVPTest - INFO - [串口] cuff=0 mmHg
2026-09-04 14:02:38,209 - DVPTest - DEBUG - 发出 sig_data: t=110.734, p=0.00
2026-09-04 14:02:38,210 - DVPTest - DEBUG - 阶段 DONE，忽略新数据 t=110.73
2026-09-04 14:02:38,211 - DVPTest - INFO - [串口] cuff=0 mmHg
2026-09-04 14:02:38,306 - DVPTest - DEBUG - 发出 sig_data: t=110.831, p=0.00
2026-09-04 14:02:38,309 - DVPTest - DEBUG - 阶段 DONE，忽略新数据 t=110.83
2026-09-04 14:02:38,310 - DVPTest - INFO - [串口] cuff=0 mmHg
2026-09-04 14:02:38,401 - DVPTest - DEBUG - 发出 sig_data: t=110.926, p=0.00
2026-09-04 14:02:38,403 - DVPTest - DEBUG - 阶段 DONE，忽略新数据 t=110.93
2026-09-04 14:02:38,404 - DVPTest - INFO - [串口] cuff=0 mmHg
2026-09-04 14:02:38,497 - DVPTest - DEBUG - 发出 sig_data: t=111.022, p=0.00
2026-09-04 14:02:38,498 - DVPTest - DEBUG - 阶段 DONE，忽略新数据 t=111.02
2026-09-04 14:02:38,499 - DVPTest - INFO - [串口] cuff=0 mmHg
2026-09-04 14:02:38,609 - DVPTest - DEBUG - 发出 sig_data: t=111.134, p=0.00
2026-09-04 14:02:38,612 - DVPTest - DEBUG - 阶段 DONE，忽略新数据 t=111.13
2026-09-04 14:02:38,613 - DVPTest - INFO - [串口] cuff=0 mmHg
2026-09-04 14:02:38,705 - DVPTest - DEBUG - 发出 sig_data: t=111.230, p=0.00
2026-09-04 14:02:38,708 - DVPTest - DEBUG - 阶段 DONE，忽略新数据 t=111.23
2026-09-04 14:02:38,709 - DVPTest - INFO - [串口] cuff=0 mmHg
2026-09-04 14:02:38,801 - DVPTest - DEBUG - 发出 sig_data: t=111.326, p=0.00
2026-09-04 14:02:38,803 - DVPTest - DEBUG - 阶段 DONE，忽略新数据 t=111.33
2026-09-04 14:02:38,806 - DVPTest - INFO - [串口] cuff=0 mmHg
2026-09-04 14:02:38,896 - DVPTest - DEBUG - 发出 sig_data: t=111.421, p=0.00
2026-09-04 14:02:38,897 - DVPTest - DEBUG - 阶段 DONE，忽略新数据 t=111.42
2026-09-04 14:02:38,898 - DVPTest - INFO - [串口] cuff=0 mmHg
2026-09-04 14:02:39,009 - DVPTest - DEBUG - 发出 sig_data: t=111.534, p=0.00
2026-09-04 14:02:39,011 - DVPTest - DEBUG - 阶段 DONE，忽略新数据 t=111.53
2026-09-04 14:02:39,011 - DVPTest - INFO - [串口] cuff=0 mmHg
2026-09-04 14:02:39,105 - DVPTest - DEBUG - 发出 sig_data: t=111.630, p=0.00
2026-09-04 14:02:39,109 - DVPTest - DEBUG - 阶段 DONE，忽略新数据 t=111.63
2026-09-04 14:02:39,110 - DVPTest - INFO - [串口] cuff=0 mmHg
2026-09-04 14:02:39,201 - DVPTest - DEBUG - 发出 sig_data: t=111.725, p=0.00
2026-09-04 14:02:39,202 - DVPTest - DEBUG - 阶段 DONE，忽略新数据 t=111.73
2026-09-04 14:02:39,202 - DVPTest - INFO - [串口] cuff=0 mmHg
2026-09-04 14:02:39,296 - DVPTest - DEBUG - 发出 sig_data: t=111.821, p=0.00
2026-09-04 14:02:39,298 - DVPTest - DEBUG - 阶段 DONE，忽略新数据 t=111.82
2026-09-04 14:02:39,298 - DVPTest - INFO - [串口] cuff=0 mmHg
2026-09-04 14:02:39,408 - DVPTest - DEBUG - 发出 sig_data: t=111.933, p=0.00
2026-09-04 14:02:39,410 - DVPTest - DEBUG - 阶段 DONE，忽略新数据 t=111.93
2026-09-04 14:02:39,411 - DVPTest - INFO - [串口] cuff=0 mmHg
2026-09-04 14:02:39,504 - DVPTest - DEBUG - 发出 sig_data: t=112.029, p=0.00
2026-09-04 14:02:39,508 - DVPTest - DEBUG - 阶段 DONE，忽略新数据 t=112.03
2026-09-04 14:02:39,508 - DVPTest - INFO - [串口] cuff=0 mmHg
2026-09-04 14:02:39,599 - DVPTest - DEBUG - 发出 sig_data: t=112.124, p=0.00
2026-09-04 14:02:39,602 - DVPTest - DEBUG - 阶段 DONE，忽略新数据 t=112.12
2026-09-04 14:02:39,603 - DVPTest - INFO - [串口] cuff=0 mmHg
2026-09-04 14:02:39,695 - DVPTest - DEBUG - 发出 sig_data: t=112.220, p=0.00
2026-09-04 14:02:39,698 - DVPTest - DEBUG - 阶段 DONE，忽略新数据 t=112.22
2026-09-04 14:02:39,700 - DVPTest - INFO - [串口] cuff=0 mmHg
2026-09-04 14:02:39,807 - DVPTest - DEBUG - 发出 sig_data: t=112.332, p=0.00
2026-09-04 14:02:39,808 - DVPTest - DEBUG - 阶段 DONE，忽略新数据 t=112.33
2026-09-04 14:02:39,809 - DVPTest - INFO - [串口] cuff=0 mmHg
2026-09-04 14:02:39,903 - DVPTest - DEBUG - 发出 sig_data: t=112.428, p=0.00
2026-09-04 14:02:39,905 - DVPTest - DEBUG - 阶段 DONE，忽略新数据 t=112.43
2026-09-04 14:02:39,905 - DVPTest - INFO - [串口] cuff=0 mmHg
2026-09-04 14:02:39,999 - DVPTest - DEBUG - 发出 sig_data: t=112.524, p=0.00
2026-09-04 14:02:40,004 - DVPTest - DEBUG - 阶段 DONE，忽略新数据 t=112.52
2026-09-04 14:02:40,006 - DVPTest - INFO - [串口] cuff=0 mmHg
2026-09-04 14:02:40,110 - DVPTest - DEBUG - 发出 sig_data: t=112.635, p=0.00
2026-09-04 14:02:40,111 - DVPTest - DEBUG - 阶段 DONE，忽略新数据 t=112.64
2026-09-04 14:02:40,111 - DVPTest - INFO - [串口] cuff=0 mmHg
2026-09-04 14:02:40,207 - DVPTest - DEBUG - 发出 sig_data: t=112.732, p=0.00
2026-09-04 14:02:40,210 - DVPTest - DEBUG - 阶段 DONE，忽略新数据 t=112.73
2026-09-04 14:02:40,211 - DVPTest - INFO - [串口] cuff=0 mmHg
2026-09-04 14:02:40,302 - DVPTest - DEBUG - 发出 sig_data: t=112.827, p=0.00
2026-09-04 14:02:40,305 - DVPTest - DEBUG - 阶段 DONE，忽略新数据 t=112.83
2026-09-04 14:02:40,307 - DVPTest - INFO - [串口] cuff=0 mmHg
2026-09-04 14:02:40,399 - DVPTest - DEBUG - 发出 sig_data: t=112.924, p=0.00
2026-09-04 14:02:40,401 - DVPTest - DEBUG - 阶段 DONE，忽略新数据 t=112.92
2026-09-04 14:02:40,401 - DVPTest - INFO - [串口] cuff=0 mmHg
2026-09-04 14:02:40,510 - DVPTest - DEBUG - 发出 sig_data: t=113.035, p=0.00
2026-09-04 14:02:40,512 - DVPTest - DEBUG - 阶段 DONE，忽略新数据 t=113.03
2026-09-04 14:02:40,513 - DVPTest - INFO - [串口] cuff=0 mmHg
2026-09-04 14:02:40,608 - DVPTest - DEBUG - 发出 sig_data: t=113.133, p=0.00
2026-09-04 14:02:40,611 - DVPTest - DEBUG - 阶段 DONE，忽略新数据 t=113.13
2026-09-04 14:02:40,613 - DVPTest - INFO - [串口] cuff=0 mmHg
2026-09-04 14:02:40,702 - DVPTest - DEBUG - 发出 sig_data: t=113.227, p=0.00
2026-09-04 14:02:40,704 - DVPTest - DEBUG - 阶段 DONE，忽略新数据 t=113.23
2026-09-04 14:02:40,704 - DVPTest - INFO - [串口] cuff=0 mmHg
2026-09-04 14:02:40,797 - DVPTest - DEBUG - 发出 sig_data: t=113.323, p=0.00
2026-09-04 14:02:40,801 - DVPTest - DEBUG - 阶段 DONE，忽略新数据 t=113.32
2026-09-04 14:02:40,802 - DVPTest - INFO - [串口] cuff=0 mmHg
2026-09-04 14:02:40,910 - DVPTest - DEBUG - 发出 sig_data: t=113.435, p=0.00
2026-09-04 14:02:40,910 - DVPTest - DEBUG - 阶段 DONE，忽略新数据 t=113.43
2026-09-04 14:02:40,912 - DVPTest - INFO - [串口] cuff=0 mmHg
2026-09-04 14:02:41,006 - DVPTest - DEBUG - 发出 sig_data: t=113.531, p=0.00
2026-09-04 14:02:41,008 - DVPTest - DEBUG - 阶段 DONE，忽略新数据 t=113.53
2026-09-04 14:02:41,009 - DVPTest - INFO - [串口] cuff=0 mmHg
2026-09-04 14:02:41,101 - DVPTest - DEBUG - 发出 sig_data: t=113.626, p=0.00
2026-09-04 14:02:41,104 - DVPTest - DEBUG - 阶段 DONE，忽略新数据 t=113.63
2026-09-04 14:02:41,105 - DVPTest - INFO - [串口] cuff=0 mmHg
2026-09-04 14:02:41,197 - DVPTest - DEBUG - 发出 sig_data: t=113.722, p=0.00
2026-09-04 14:02:41,199 - DVPTest - DEBUG - 阶段 DONE，忽略新数据 t=113.72
2026-09-04 14:02:41,199 - DVPTest - INFO - [串口] cuff=0 mmHg
2026-09-04 14:02:41,309 - DVPTest - DEBUG - 发出 sig_data: t=113.834, p=0.00
2026-09-04 14:02:41,312 - DVPTest - DEBUG - 阶段 DONE，忽略新数据 t=113.83
2026-09-04 14:02:41,313 - DVPTest - INFO - [串口] cuff=0 mmHg
2026-09-04 14:02:41,405 - DVPTest - DEBUG - 发出 sig_data: t=113.930, p=0.00
2026-09-04 14:02:41,408 - DVPTest - DEBUG - 阶段 DONE，忽略新数据 t=113.93
2026-09-04 14:02:41,411 - DVPTest - INFO - [串口] cuff=0 mmHg
2026-09-04 14:02:41,501 - DVPTest - DEBUG - 发出 sig_data: t=114.026, p=0.00
2026-09-04 14:02:41,502 - DVPTest - DEBUG - 阶段 DONE，忽略新数据 t=114.03
2026-09-04 14:02:41,503 - DVPTest - INFO - [串口] cuff=0 mmHg
2026-09-04 14:02:41,596 - DVPTest - DEBUG - 发出 sig_data: t=114.121, p=0.00
2026-09-04 14:02:41,599 - DVPTest - DEBUG - 阶段 DONE，忽略新数据 t=114.12
2026-09-04 14:02:41,602 - DVPTest - INFO - [串口] cuff=0 mmHg
2026-09-04 14:02:41,709 - DVPTest - DEBUG - 发出 sig_data: t=114.234, p=0.00
2026-09-04 14:02:41,715 - DVPTest - DEBUG - 阶段 DONE，忽略新数据 t=114.23
2026-09-04 14:02:41,716 - DVPTest - INFO - [串口] cuff=0 mmHg
2026-09-04 14:02:41,804 - DVPTest - DEBUG - 发出 sig_data: t=114.329, p=0.00
2026-09-04 14:02:41,807 - DVPTest - DEBUG - 阶段 DONE，忽略新数据 t=114.33
2026-09-04 14:02:41,807 - DVPTest - INFO - [串口] cuff=0 mmHg
2026-09-04 14:02:41,900 - DVPTest - DEBUG - 发出 sig_data: t=114.425, p=0.00
2026-09-04 14:02:41,905 - DVPTest - DEBUG - 阶段 DONE，忽略新数据 t=114.43
2026-09-04 14:02:41,907 - DVPTest - INFO - [串口] cuff=0 mmHg
2026-09-04 14:02:41,996 - DVPTest - DEBUG - 发出 sig_data: t=114.521, p=0.00
2026-09-04 14:02:41,998 - DVPTest - DEBUG - 阶段 DONE，忽略新数据 t=114.52
2026-09-04 14:02:41,999 - DVPTest - INFO - [串口] cuff=0 mmHg
2026-09-04 14:02:42,108 - DVPTest - DEBUG - 发出 sig_data: t=114.633, p=0.00
2026-09-04 14:02:42,109 - DVPTest - DEBUG - 阶段 DONE，忽略新数据 t=114.63
2026-09-04 14:02:42,110 - DVPTest - INFO - [串口] cuff=0 mmHg
2026-09-04 14:02:42,203 - DVPTest - DEBUG - 发出 sig_data: t=114.728, p=0.00
2026-09-04 14:02:42,205 - DVPTest - DEBUG - 阶段 DONE，忽略新数据 t=114.73
2026-09-04 14:02:42,206 - DVPTest - INFO - [串口] cuff=0 mmHg
2026-09-04 14:02:42,299 - DVPTest - DEBUG - 发出 sig_data: t=114.824, p=0.00
2026-09-04 14:02:42,300 - DVPTest - DEBUG - 阶段 DONE，忽略新数据 t=114.82
2026-09-04 14:02:42,301 - DVPTest - INFO - [串口] cuff=0 mmHg
2026-09-04 14:02:42,395 - DVPTest - DEBUG - 发出 sig_data: t=114.920, p=0.00
2026-09-04 14:02:42,396 - DVPTest - DEBUG - 阶段 DONE，忽略新数据 t=114.92
2026-09-04 14:02:42,397 - DVPTest - INFO - [串口] cuff=0 mmHg
2026-09-04 14:02:42,508 - DVPTest - DEBUG - 发出 sig_data: t=115.033, p=0.00
2026-09-04 14:02:42,511 - DVPTest - DEBUG - 阶段 DONE，忽略新数据 t=115.03
2026-09-04 14:02:42,512 - DVPTest - INFO - [串口] cuff=0 mmHg
2026-09-04 14:02:42,604 - DVPTest - DEBUG - 发出 sig_data: t=115.129, p=0.00
2026-09-04 14:02:42,607 - DVPTest - DEBUG - 阶段 DONE，忽略新数据 t=115.13
2026-09-04 14:02:42,609 - DVPTest - INFO - [串口] cuff=0 mmHg
2026-09-04 14:02:42,699 - DVPTest - DEBUG - 发出 sig_data: t=115.223, p=0.00
2026-09-04 14:02:42,700 - DVPTest - DEBUG - 阶段 DONE，忽略新数据 t=115.22
2026-09-04 14:02:42,700 - DVPTest - INFO - [串口] cuff=0 mmHg
2026-09-04 14:02:42,810 - DVPTest - DEBUG - 发出 sig_data: t=115.335, p=0.00
2026-09-04 14:02:42,814 - DVPTest - DEBUG - 阶段 DONE，忽略新数据 t=115.34
2026-09-04 14:02:42,815 - DVPTest - INFO - [串口] cuff=0 mmHg
2026-09-04 14:02:42,907 - DVPTest - DEBUG - 发出 sig_data: t=115.432, p=0.00
2026-09-04 14:02:42,908 - DVPTest - DEBUG - 阶段 DONE，忽略新数据 t=115.43
2026-09-04 14:02:42,909 - DVPTest - INFO - [串口] cuff=0 mmHg
2026-09-04 14:02:43,002 - DVPTest - DEBUG - 发出 sig_data: t=115.527, p=0.00
2026-09-04 14:02:43,003 - DVPTest - DEBUG - 阶段 DONE，忽略新数据 t=115.53
2026-09-04 14:02:43,004 - DVPTest - INFO - [串口] cuff=0 mmHg
2026-09-04 14:02:43,099 - DVPTest - DEBUG - 发出 sig_data: t=115.623, p=0.00
2026-09-04 14:02:43,099 - DVPTest - DEBUG - 阶段 DONE，忽略新数据 t=115.62
2026-09-04 14:02:43,101 - DVPTest - INFO - [串口] cuff=0 mmHg
2026-09-04 14:02:43,210 - DVPTest - DEBUG - 发出 sig_data: t=115.735, p=0.00
2026-09-04 14:02:43,212 - DVPTest - DEBUG - 阶段 DONE，忽略新数据 t=115.73
2026-09-04 14:02:43,214 - DVPTest - INFO - [串口] cuff=0 mmHg
2026-09-04 14:02:43,307 - DVPTest - DEBUG - 发出 sig_data: t=115.832, p=0.00
2026-09-04 14:02:43,309 - DVPTest - DEBUG - 阶段 DONE，忽略新数据 t=115.83
2026-09-04 14:02:43,309 - DVPTest - INFO - [串口] cuff=0 mmHg
2026-09-04 14:02:43,402 - DVPTest - DEBUG - 发出 sig_data: t=115.927, p=0.00
2026-09-04 14:02:43,404 - DVPTest - DEBUG - 阶段 DONE，忽略新数据 t=115.93
2026-09-04 14:02:43,404 - DVPTest - INFO - [串口] cuff=0 mmHg
2026-09-04 14:02:43,498 - DVPTest - DEBUG - 发出 sig_data: t=116.023, p=0.00
2026-09-04 14:02:43,502 - DVPTest - DEBUG - 阶段 DONE，忽略新数据 t=116.02
2026-09-04 14:02:43,503 - DVPTest - INFO - [串口] cuff=0 mmHg
2026-09-04 14:02:43,610 - DVPTest - DEBUG - 发出 sig_data: t=116.135, p=0.00
2026-09-04 14:02:43,613 - DVPTest - DEBUG - 阶段 DONE，忽略新数据 t=116.13
2026-09-04 14:02:43,615 - DVPTest - INFO - [串口] cuff=0 mmHg
2026-09-04 14:02:43,706 - DVPTest - DEBUG - 发出 sig_data: t=116.231, p=0.00
2026-09-04 14:02:43,706 - DVPTest - DEBUG - 阶段 DONE，忽略新数据 t=116.23
2026-09-04 14:02:43,707 - DVPTest - INFO - [串口] cuff=0 mmHg
2026-09-04 14:02:43,801 - DVPTest - DEBUG - 发出 sig_data: t=116.326, p=0.00
2026-09-04 14:02:43,804 - DVPTest - DEBUG - 阶段 DONE，忽略新数据 t=116.33
2026-09-04 14:02:43,805 - DVPTest - INFO - [串口] cuff=0 mmHg
2026-09-04 14:02:43,897 - DVPTest - DEBUG - 发出 sig_data: t=116.422, p=0.00
2026-09-04 14:02:43,899 - DVPTest - DEBUG - 阶段 DONE，忽略新数据 t=116.42
2026-09-04 14:02:43,899 - DVPTest - INFO - [串口] cuff=0 mmHg
2026-09-04 14:02:44,009 - DVPTest - DEBUG - 发出 sig_data: t=116.534, p=0.00
2026-09-04 14:02:44,012 - DVPTest - DEBUG - 阶段 DONE，忽略新数据 t=116.53
2026-09-04 14:02:44,013 - DVPTest - INFO - [串口] cuff=0 mmHg
2026-09-04 14:02:44,104 - DVPTest - DEBUG - 发出 sig_data: t=116.630, p=0.00
2026-09-04 14:02:44,108 - DVPTest - DEBUG - 阶段 DONE，忽略新数据 t=116.63
2026-09-04 14:02:44,110 - DVPTest - INFO - [串口] cuff=0 mmHg
2026-09-04 14:02:44,201 - DVPTest - DEBUG - 发出 sig_data: t=116.725, p=0.00
2026-09-04 14:02:44,203 - DVPTest - DEBUG - 阶段 DONE，忽略新数据 t=116.73
2026-09-04 14:02:44,203 - DVPTest - INFO - [串口] cuff=0 mmHg
2026-09-04 14:02:44,297 - DVPTest - DEBUG - 发出 sig_data: t=116.822, p=0.00
2026-09-04 14:02:44,302 - DVPTest - DEBUG - 阶段 DONE，忽略新数据 t=116.82
2026-09-04 14:02:44,303 - DVPTest - INFO - [串口] cuff=0 mmHg
2026-09-04 14:02:44,408 - DVPTest - DEBUG - 发出 sig_data: t=116.933, p=0.00
2026-09-04 14:02:44,411 - DVPTest - DEBUG - 阶段 DONE，忽略新数据 t=116.93
2026-09-04 14:02:44,412 - DVPTest - INFO - [串口] cuff=0 mmHg
2026-09-04 14:02:44,504 - DVPTest - DEBUG - 发出 sig_data: t=117.029, p=0.00
2026-09-04 14:02:44,504 - DVPTest - DEBUG - 阶段 DONE，忽略新数据 t=117.03
2026-09-04 14:02:44,505 - DVPTest - INFO - [串口] cuff=0 mmHg
2026-09-04 14:02:44,600 - DVPTest - DEBUG - 发出 sig_data: t=117.125, p=0.00
2026-09-04 14:02:44,602 - DVPTest - DEBUG - 阶段 DONE，忽略新数据 t=117.12
2026-09-04 14:02:44,604 - DVPTest - INFO - [串口] cuff=0 mmHg
2026-09-04 14:02:44,696 - DVPTest - DEBUG - 发出 sig_data: t=117.221, p=0.00
2026-09-04 14:02:44,700 - DVPTest - DEBUG - 阶段 DONE，忽略新数据 t=117.22
2026-09-04 14:02:44,702 - DVPTest - INFO - [串口] cuff=0 mmHg
2026-09-04 14:02:44,808 - DVPTest - DEBUG - 发出 sig_data: t=117.332, p=0.00
2026-09-04 14:02:44,810 - DVPTest - DEBUG - 阶段 DONE，忽略新数据 t=117.33
2026-09-04 14:02:44,810 - DVPTest - INFO - [串口] cuff=0 mmHg
2026-09-04 14:02:44,903 - DVPTest - DEBUG - 发出 sig_data: t=117.429, p=0.00
2026-09-04 14:02:44,910 - DVPTest - DEBUG - 阶段 DONE，忽略新数据 t=117.43
2026-09-04 14:02:44,912 - DVPTest - INFO - [串口] cuff=0 mmHg
2026-09-04 14:02:45,006 - DVPTest - DEBUG - 发出 sig_data: t=117.531, p=0.00
2026-09-04 14:02:45,008 - DVPTest - DEBUG - 阶段 DONE，忽略新数据 t=117.53
2026-09-04 14:02:45,010 - DVPTest - INFO - [串口] cuff=0 mmHg
2026-09-04 14:02:45,111 - DVPTest - DEBUG - 发出 sig_data: t=117.636, p=0.00
2026-09-04 14:02:45,113 - DVPTest - DEBUG - 阶段 DONE，忽略新数据 t=117.64
2026-09-04 14:02:45,114 - DVPTest - INFO - [串口] cuff=0 mmHg
2026-09-04 14:02:45,207 - DVPTest - DEBUG - 发出 sig_data: t=117.732, p=0.00
2026-09-04 14:02:45,207 - DVPTest - DEBUG - 阶段 DONE，忽略新数据 t=117.73
2026-09-04 14:02:45,208 - DVPTest - INFO - [串口] cuff=0 mmHg
2026-09-04 14:02:45,303 - DVPTest - DEBUG - 发出 sig_data: t=117.827, p=0.00
2026-09-04 14:02:45,303 - DVPTest - DEBUG - 阶段 DONE，忽略新数据 t=117.83
2026-09-04 14:02:45,304 - DVPTest - INFO - [串口] cuff=0 mmHg
2026-09-04 14:02:45,399 - DVPTest - DEBUG - 发出 sig_data: t=117.923, p=0.00
2026-09-04 14:02:45,402 - DVPTest - DEBUG - 阶段 DONE，忽略新数据 t=117.92
2026-09-04 14:02:45,404 - DVPTest - INFO - [串口] cuff=0 mmHg
2026-09-04 14:02:45,510 - DVPTest - DEBUG - 发出 sig_data: t=118.035, p=0.00
2026-09-04 14:02:45,514 - DVPTest - DEBUG - 阶段 DONE，忽略新数据 t=118.04
2026-09-04 14:02:45,516 - DVPTest - INFO - [串口] cuff=0 mmHg
2026-09-04 14:02:45,606 - DVPTest - DEBUG - 发出 sig_data: t=118.131, p=0.00
2026-09-04 14:02:45,607 - DVPTest - DEBUG - 阶段 DONE，忽略新数据 t=118.13
2026-09-04 14:02:45,608 - DVPTest - INFO - [串口] cuff=0 mmHg
2026-09-04 14:02:45,703 - DVPTest - DEBUG - 发出 sig_data: t=118.228, p=0.00
2026-09-04 14:02:45,705 - DVPTest - DEBUG - 阶段 DONE，忽略新数据 t=118.23
2026-09-04 14:02:45,706 - DVPTest - INFO - [串口] cuff=0 mmHg
2026-09-04 14:02:45,798 - DVPTest - DEBUG - 发出 sig_data: t=118.323, p=0.00
2026-09-04 14:02:45,798 - DVPTest - DEBUG - 阶段 DONE，忽略新数据 t=118.32
2026-09-04 14:02:45,799 - DVPTest - INFO - [串口] cuff=0 mmHg
2026-09-04 14:02:45,910 - DVPTest - DEBUG - 发出 sig_data: t=118.434, p=0.00
2026-09-04 14:02:45,912 - DVPTest - DEBUG - 阶段 DONE，忽略新数据 t=118.43
2026-09-04 14:02:45,913 - DVPTest - INFO - [串口] cuff=0 mmHg
2026-09-04 14:02:46,006 - DVPTest - DEBUG - 发出 sig_data: t=118.531, p=0.00
2026-09-04 14:02:46,008 - DVPTest - DEBUG - 阶段 DONE，忽略新数据 t=118.53
2026-09-04 14:02:46,010 - DVPTest - INFO - [串口] cuff=0 mmHg
2026-09-04 14:02:46,101 - DVPTest - DEBUG - 发出 sig_data: t=118.626, p=0.00
2026-09-04 14:02:46,106 - DVPTest - DEBUG - 阶段 DONE，忽略新数据 t=118.63
2026-09-04 14:02:46,107 - DVPTest - INFO - [串口] cuff=0 mmHg
2026-09-04 14:02:46,198 - DVPTest - DEBUG - 发出 sig_data: t=118.723, p=0.00
2026-09-04 14:02:46,202 - DVPTest - DEBUG - 阶段 DONE，忽略新数据 t=118.72
2026-09-04 14:02:46,203 - DVPTest - INFO - [串口] cuff=0 mmHg
2026-09-04 14:02:46,309 - DVPTest - DEBUG - 发出 sig_data: t=118.834, p=0.00
2026-09-04 14:02:46,311 - DVPTest - DEBUG - 阶段 DONE，忽略新数据 t=118.83
2026-09-04 14:02:46,313 - DVPTest - INFO - [串口] cuff=0 mmHg
2026-09-04 14:02:46,406 - DVPTest - DEBUG - 发出 sig_data: t=118.930, p=0.00
2026-09-04 14:02:46,406 - DVPTest - DEBUG - 阶段 DONE，忽略新数据 t=118.93
2026-09-04 14:02:46,407 - DVPTest - INFO - [串口] cuff=0 mmHg
2026-09-04 14:02:46,501 - DVPTest - DEBUG - 发出 sig_data: t=119.026, p=0.00
2026-09-04 14:02:46,503 - DVPTest - DEBUG - 阶段 DONE，忽略新数据 t=119.03
2026-09-04 14:02:46,505 - DVPTest - INFO - [串口] cuff=0 mmHg
2026-09-04 14:02:46,596 - DVPTest - DEBUG - 发出 sig_data: t=119.122, p=0.00
2026-09-04 14:02:46,601 - DVPTest - DEBUG - 阶段 DONE，忽略新数据 t=119.12
2026-09-04 14:02:46,604 - DVPTest - INFO - [串口] cuff=0 mmHg
2026-09-04 14:02:46,708 - DVPTest - DEBUG - 发出 sig_data: t=119.233, p=0.00
2026-09-04 14:02:46,710 - DVPTest - DEBUG - 阶段 DONE，忽略新数据 t=119.23
2026-09-04 14:02:46,712 - DVPTest - INFO - [串口] cuff=0 mmHg
2026-09-04 14:02:46,805 - DVPTest - DEBUG - 发出 sig_data: t=119.330, p=0.00
2026-09-04 14:02:46,808 - DVPTest - DEBUG - 阶段 DONE，忽略新数据 t=119.33
2026-09-04 14:02:46,810 - DVPTest - INFO - [串口] cuff=0 mmHg
2026-09-04 14:02:46,900 - DVPTest - DEBUG - 发出 sig_data: t=119.425, p=0.00
2026-09-04 14:02:46,902 - DVPTest - DEBUG - 阶段 DONE，忽略新数据 t=119.42
2026-09-04 14:02:46,903 - DVPTest - INFO - [串口] cuff=0 mmHg
2026-09-04 14:02:47,012 - DVPTest - DEBUG - 发出 sig_data: t=119.536, p=0.00
2026-09-04 14:02:47,014 - DVPTest - DEBUG - 阶段 DONE，忽略新数据 t=119.54
2026-09-04 14:02:47,015 - DVPTest - INFO - [串口] cuff=0 mmHg
2026-09-04 14:02:47,108 - DVPTest - DEBUG - 发出 sig_data: t=119.633, p=0.00
2026-09-04 14:02:47,112 - DVPTest - DEBUG - 阶段 DONE，忽略新数据 t=119.63
2026-09-04 14:02:47,113 - DVPTest - INFO - [串口] cuff=0 mmHg
2026-09-04 14:02:47,204 - DVPTest - DEBUG - 发出 sig_data: t=119.729, p=0.00
2026-09-04 14:02:47,206 - DVPTest - DEBUG - 阶段 DONE，忽略新数据 t=119.73
2026-09-04 14:02:47,207 - DVPTest - INFO - [串口] cuff=0 mmHg
2026-09-04 14:02:47,300 - DVPTest - DEBUG - 发出 sig_data: t=119.824, p=0.00
2026-09-04 14:02:47,303 - DVPTest - DEBUG - 阶段 DONE，忽略新数据 t=119.82
2026-09-04 14:02:47,304 - DVPTest - INFO - [串口] cuff=0 mmHg
2026-09-04 14:02:47,412 - DVPTest - DEBUG - 发出 sig_data: t=119.937, p=0.00
2026-09-04 14:02:47,417 - DVPTest - DEBUG - 阶段 DONE，忽略新数据 t=119.94
2026-09-04 14:02:47,418 - DVPTest - INFO - [串口] cuff=0 mmHg
2026-09-04 14:02:47,508 - DVPTest - DEBUG - 发出 sig_data: t=120.033, p=0.00
2026-09-04 14:02:47,509 - DVPTest - DEBUG - 阶段 DONE，忽略新数据 t=120.03
2026-09-04 14:02:47,510 - DVPTest - INFO - [串口] cuff=0 mmHg
2026-09-04 14:02:47,604 - DVPTest - DEBUG - 发出 sig_data: t=120.128, p=0.00
2026-09-04 14:02:47,608 - DVPTest - DEBUG - 阶段 DONE，忽略新数据 t=120.13
2026-09-04 14:02:47,610 - DVPTest - INFO - [串口] cuff=0 mmHg
2026-09-04 14:02:47,699 - DVPTest - DEBUG - 发出 sig_data: t=120.224, p=0.00
2026-09-04 14:02:47,703 - DVPTest - DEBUG - 阶段 DONE，忽略新数据 t=120.22
2026-09-04 14:02:47,704 - DVPTest - INFO - [串口] cuff=0 mmHg
2026-09-04 14:02:47,811 - DVPTest - DEBUG - 发出 sig_data: t=120.336, p=0.00
2026-09-04 14:02:47,813 - DVPTest - DEBUG - 阶段 DONE，忽略新数据 t=120.34
2026-09-04 14:02:47,813 - DVPTest - INFO - [串口] cuff=0 mmHg
2026-09-04 14:02:47,907 - DVPTest - DEBUG - 发出 sig_data: t=120.432, p=0.00
2026-09-04 14:02:47,911 - DVPTest - DEBUG - 阶段 DONE，忽略新数据 t=120.43
2026-09-04 14:02:47,912 - DVPTest - INFO - [串口] cuff=0 mmHg
2026-09-04 14:02:48,003 - DVPTest - DEBUG - 发出 sig_data: t=120.528, p=0.00
2026-09-04 14:02:48,006 - DVPTest - DEBUG - 阶段 DONE，忽略新数据 t=120.53
2026-09-04 14:02:48,007 - DVPTest - INFO - [串口] cuff=0 mmHg
2026-09-04 14:02:48,098 - DVPTest - DEBUG - 发出 sig_data: t=120.623, p=0.00
2026-09-04 14:02:48,099 - DVPTest - DEBUG - 阶段 DONE，忽略新数据 t=120.62
2026-09-04 14:02:48,100 - DVPTest - INFO - [串口] cuff=0 mmHg
2026-09-04 14:02:48,210 - DVPTest - DEBUG - 发出 sig_data: t=120.735, p=0.00
2026-09-04 14:02:48,212 - DVPTest - DEBUG - 阶段 DONE，忽略新数据 t=120.73
2026-09-04 14:02:48,212 - DVPTest - INFO - [串口] cuff=0 mmHg
2026-09-04 14:02:48,306 - DVPTest - DEBUG - 发出 sig_data: t=120.831, p=0.00
2026-09-04 14:02:48,309 - DVPTest - DEBUG - 阶段 DONE，忽略新数据 t=120.83
2026-09-04 14:02:48,310 - DVPTest - INFO - [串口] cuff=0 mmHg
2026-09-04 14:02:48,402 - DVPTest - DEBUG - 发出 sig_data: t=120.927, p=0.00
2026-09-04 14:02:48,408 - DVPTest - DEBUG - 阶段 DONE，忽略新数据 t=120.93
2026-09-04 14:02:48,409 - DVPTest - INFO - [串口] cuff=0 mmHg
2026-09-04 14:02:48,498 - DVPTest - DEBUG - 发出 sig_data: t=121.023, p=0.00
2026-09-04 14:02:48,501 - DVPTest - DEBUG - 阶段 DONE，忽略新数据 t=121.02
2026-09-04 14:02:48,503 - DVPTest - INFO - [串口] cuff=0 mmHg
2026-09-04 14:02:48,611 - DVPTest - DEBUG - 发出 sig_data: t=121.135, p=0.00
2026-09-04 14:02:48,613 - DVPTest - DEBUG - 阶段 DONE，忽略新数据 t=121.14
2026-09-04 14:02:48,614 - DVPTest - INFO - [串口] cuff=0 mmHg
2026-09-04 14:02:48,705 - DVPTest - DEBUG - 发出 sig_data: t=121.230, p=0.00
2026-09-04 14:02:48,708 - DVPTest - DEBUG - 阶段 DONE，忽略新数据 t=121.23
2026-09-04 14:02:48,710 - DVPTest - INFO - [串口] cuff=0 mmHg
2026-09-04 14:02:48,801 - DVPTest - DEBUG - 发出 sig_data: t=121.326, p=0.00
2026-09-04 14:02:48,802 - DVPTest - DEBUG - 阶段 DONE，忽略新数据 t=121.33
2026-09-04 14:02:48,803 - DVPTest - INFO - [串口] cuff=0 mmHg
2026-09-04 14:02:48,898 - DVPTest - DEBUG - 发出 sig_data: t=121.423, p=0.00
2026-09-04 14:02:48,902 - DVPTest - DEBUG - 阶段 DONE，忽略新数据 t=121.42
2026-09-04 14:02:48,903 - DVPTest - INFO - [串口] cuff=0 mmHg
2026-09-04 14:02:49,009 - DVPTest - DEBUG - 发出 sig_data: t=121.534, p=0.00
2026-09-04 14:02:49,011 - DVPTest - DEBUG - 阶段 DONE，忽略新数据 t=121.53
2026-09-04 14:02:49,013 - DVPTest - INFO - [串口] cuff=0 mmHg
2026-09-04 14:02:49,105 - DVPTest - DEBUG - 发出 sig_data: t=121.629, p=0.00
2026-09-04 14:02:49,108 - DVPTest - DEBUG - 阶段 DONE，忽略新数据 t=121.63
2026-09-04 14:02:49,108 - DVPTest - INFO - [串口] cuff=0 mmHg
2026-09-04 14:02:49,201 - DVPTest - DEBUG - 发出 sig_data: t=121.726, p=0.00
2026-09-04 14:02:49,204 - DVPTest - DEBUG - 阶段 DONE，忽略新数据 t=121.73
2026-09-04 14:02:49,205 - DVPTest - INFO - [串口] cuff=0 mmHg
2026-09-04 14:02:49,312 - DVPTest - DEBUG - 发出 sig_data: t=121.837, p=0.00
2026-09-04 14:02:49,315 - DVPTest - DEBUG - 阶段 DONE，忽略新数据 t=121.84
2026-09-04 14:02:49,317 - DVPTest - INFO - [串口] cuff=0 mmHg
2026-09-04 14:02:49,408 - DVPTest - DEBUG - 发出 sig_data: t=121.933, p=0.00
2026-09-04 14:02:49,409 - DVPTest - DEBUG - 阶段 DONE，忽略新数据 t=121.93
2026-09-04 14:02:49,410 - DVPTest - INFO - [串口] cuff=0 mmHg
2026-09-04 14:02:49,504 - DVPTest - DEBUG - 发出 sig_data: t=122.029, p=0.00
2026-09-04 14:02:49,507 - DVPTest - DEBUG - 阶段 DONE，忽略新数据 t=122.03
2026-09-04 14:02:49,508 - DVPTest - INFO - [串口] cuff=0 mmHg
2026-09-04 14:02:49,600 - DVPTest - DEBUG - 发出 sig_data: t=122.124, p=0.00
2026-09-04 14:02:49,601 - DVPTest - DEBUG - 阶段 DONE，忽略新数据 t=122.12
2026-09-04 14:02:49,602 - DVPTest - INFO - [串口] cuff=0 mmHg
2026-09-04 14:02:49,712 - DVPTest - DEBUG - 发出 sig_data: t=122.237, p=0.00
2026-09-04 14:02:49,717 - DVPTest - DEBUG - 阶段 DONE，忽略新数据 t=122.24
2026-09-04 14:02:49,719 - DVPTest - INFO - [串口] cuff=0 mmHg
2026-09-04 14:02:49,808 - DVPTest - DEBUG - 发出 sig_data: t=122.333, p=0.00
2026-09-04 14:02:49,811 - DVPTest - DEBUG - 阶段 DONE，忽略新数据 t=122.33
2026-09-04 14:02:49,812 - DVPTest - INFO - [串口] cuff=0 mmHg
2026-09-04 14:02:49,905 - DVPTest - DEBUG - 发出 sig_data: t=122.429, p=0.00
2026-09-04 14:02:49,907 - DVPTest - DEBUG - 阶段 DONE，忽略新数据 t=122.43
2026-09-04 14:02:49,909 - DVPTest - INFO - [串口] cuff=0 mmHg
2026-09-04 14:02:50,000 - DVPTest - DEBUG - 发出 sig_data: t=122.525, p=0.00
2026-09-04 14:02:50,002 - DVPTest - DEBUG - 阶段 DONE，忽略新数据 t=122.52
2026-09-04 14:02:50,003 - DVPTest - INFO - [串口] cuff=0 mmHg
2026-09-04 14:02:50,112 - DVPTest - DEBUG - 发出 sig_data: t=122.637, p=0.00
2026-09-04 14:02:50,115 - DVPTest - DEBUG - 阶段 DONE，忽略新数据 t=122.64
2026-09-04 14:02:50,117 - DVPTest - INFO - [串口] cuff=0 mmHg
2026-09-04 14:02:50,207 - DVPTest - DEBUG - 发出 sig_data: t=122.732, p=0.00
2026-09-04 14:02:50,209 - DVPTest - DEBUG - 阶段 DONE，忽略新数据 t=122.73
2026-09-04 14:02:50,209 - DVPTest - INFO - [串口] cuff=0 mmHg
2026-09-04 14:02:50,303 - DVPTest - DEBUG - 发出 sig_data: t=122.828, p=0.00
2026-09-04 14:02:50,307 - DVPTest - DEBUG - 阶段 DONE，忽略新数据 t=122.83
2026-09-04 14:02:50,309 - DVPTest - INFO - [串口] cuff=0 mmHg
2026-09-04 14:02:50,399 - DVPTest - DEBUG - 发出 sig_data: t=122.923, p=0.00
2026-09-04 14:02:50,402 - DVPTest - DEBUG - 阶段 DONE，忽略新数据 t=122.92
2026-09-04 14:02:50,403 - DVPTest - INFO - [串口] cuff=0 mmHg
2026-09-04 14:02:50,511 - DVPTest - DEBUG - 发出 sig_data: t=123.035, p=0.00
2026-09-04 14:02:50,513 - DVPTest - DEBUG - 阶段 DONE，忽略新数据 t=123.04
2026-09-04 14:02:50,514 - DVPTest - INFO - [串口] cuff=0 mmHg
2026-09-04 14:02:50,606 - DVPTest - DEBUG - 发出 sig_data: t=123.131, p=0.00
2026-09-04 14:02:50,611 - DVPTest - DEBUG - 阶段 DONE，忽略新数据 t=123.13
2026-09-04 14:02:50,613 - DVPTest - INFO - [串口] cuff=0 mmHg
2026-09-04 14:02:50,702 - DVPTest - DEBUG - 发出 sig_data: t=123.227, p=0.00
2026-09-04 14:02:50,704 - DVPTest - DEBUG - 阶段 DONE，忽略新数据 t=123.23
2026-09-04 14:02:50,704 - DVPTest - INFO - [串口] cuff=0 mmHg
2026-09-04 14:02:50,798 - DVPTest - DEBUG - 发出 sig_data: t=123.323, p=0.00
2026-09-04 14:02:50,801 - DVPTest - DEBUG - 阶段 DONE，忽略新数据 t=123.32
2026-09-04 14:02:50,801 - DVPTest - INFO - [串口] cuff=0 mmHg
2026-09-04 14:02:50,910 - DVPTest - DEBUG - 发出 sig_data: t=123.435, p=0.00
2026-09-04 14:02:50,914 - DVPTest - DEBUG - 阶段 DONE，忽略新数据 t=123.43
2026-09-04 14:02:50,916 - DVPTest - INFO - [串口] cuff=0 mmHg
2026-09-04 14:02:51,006 - DVPTest - DEBUG - 发出 sig_data: t=123.531, p=0.00
2026-09-04 14:02:51,009 - DVPTest - DEBUG - 阶段 DONE，忽略新数据 t=123.53
2026-09-04 14:02:51,010 - DVPTest - INFO - [串口] cuff=0 mmHg
2026-09-04 14:02:51,102 - DVPTest - DEBUG - 发出 sig_data: t=123.627, p=0.00
2026-09-04 14:02:51,106 - DVPTest - DEBUG - 阶段 DONE，忽略新数据 t=123.63
2026-09-04 14:02:51,109 - DVPTest - INFO - [串口] cuff=0 mmHg
2026-09-04 14:02:51,198 - DVPTest - DEBUG - 发出 sig_data: t=123.723, p=0.00
2026-09-04 14:02:51,200 - DVPTest - DEBUG - 阶段 DONE，忽略新数据 t=123.72
2026-09-04 14:02:51,200 - DVPTest - INFO - [串口] cuff=0 mmHg
2026-09-04 14:02:51,310 - DVPTest - DEBUG - 发出 sig_data: t=123.835, p=0.00
2026-09-04 14:02:51,313 - DVPTest - DEBUG - 阶段 DONE，忽略新数据 t=123.83
2026-09-04 14:02:51,314 - DVPTest - INFO - [串口] cuff=0 mmHg
2026-09-04 14:02:51,405 - DVPTest - DEBUG - 发出 sig_data: t=123.930, p=0.00
2026-09-04 14:02:51,407 - DVPTest - DEBUG - 阶段 DONE，忽略新数据 t=123.93
2026-09-04 14:02:51,408 - DVPTest - INFO - [串口] cuff=0 mmHg
2026-09-04 14:02:51,503 - DVPTest - DEBUG - 发出 sig_data: t=124.027, p=0.00
2026-09-04 14:02:51,506 - DVPTest - DEBUG - 阶段 DONE，忽略新数据 t=124.03
2026-09-04 14:02:51,508 - DVPTest - INFO - [串口] cuff=0 mmHg
2026-09-04 14:02:51,612 - DVPTest - DEBUG - 发出 sig_data: t=124.137, p=0.00
2026-09-04 14:02:51,615 - DVPTest - DEBUG - 阶段 DONE，忽略新数据 t=124.14
2026-09-04 14:02:51,617 - DVPTest - INFO - [串口] cuff=0 mmHg
2026-09-04 14:02:51,709 - DVPTest - DEBUG - 发出 sig_data: t=124.234, p=0.00
2026-09-04 14:02:51,713 - DVPTest - DEBUG - 阶段 DONE，忽略新数据 t=124.23
2026-09-04 14:02:51,715 - DVPTest - INFO - [串口] cuff=0 mmHg
2026-09-04 14:02:51,805 - DVPTest - DEBUG - 发出 sig_data: t=124.330, p=0.00
2026-09-04 14:02:51,812 - DVPTest - DEBUG - 阶段 DONE，忽略新数据 t=124.33
2026-09-04 14:02:51,815 - DVPTest - INFO - [串口] cuff=0 mmHg
2026-09-04 14:02:51,901 - DVPTest - DEBUG - 发出 sig_data: t=124.426, p=0.00
2026-09-04 14:02:51,903 - DVPTest - DEBUG - 阶段 DONE，忽略新数据 t=124.43
2026-09-04 14:02:51,903 - DVPTest - INFO - [串口] cuff=0 mmHg
2026-09-04 14:02:52,012 - DVPTest - DEBUG - 发出 sig_data: t=124.537, p=0.00
2026-09-04 14:02:52,015 - DVPTest - DEBUG - 阶段 DONE，忽略新数据 t=124.54
2026-09-04 14:02:52,017 - DVPTest - INFO - [串口] cuff=0 mmHg
2026-09-04 14:02:52,108 - DVPTest - DEBUG - 发出 sig_data: t=124.633, p=0.00
2026-09-04 14:02:52,112 - DVPTest - DEBUG - 阶段 DONE，忽略新数据 t=124.63
2026-09-04 14:02:52,113 - DVPTest - INFO - [串口] cuff=0 mmHg
2026-09-04 14:02:52,204 - DVPTest - DEBUG - 发出 sig_data: t=124.729, p=0.00
2026-09-04 14:02:52,206 - DVPTest - DEBUG - 阶段 DONE，忽略新数据 t=124.73
2026-09-04 14:02:52,206 - DVPTest - INFO - [串口] cuff=0 mmHg
2026-09-04 14:02:52,301 - DVPTest - DEBUG - 发出 sig_data: t=124.825, p=0.00
2026-09-04 14:02:52,303 - DVPTest - DEBUG - 阶段 DONE，忽略新数据 t=124.83
2026-09-04 14:02:52,303 - DVPTest - INFO - [串口] cuff=0 mmHg
2026-09-04 14:02:52,412 - DVPTest - DEBUG - 发出 sig_data: t=124.937, p=0.00
2026-09-04 14:02:52,416 - DVPTest - DEBUG - 阶段 DONE，忽略新数据 t=124.94
2026-09-04 14:02:52,417 - DVPTest - INFO - [串口] cuff=0 mmHg
2026-09-04 14:02:52,508 - DVPTest - DEBUG - 发出 sig_data: t=125.033, p=0.00
2026-09-04 14:02:52,510 - DVPTest - DEBUG - 阶段 DONE，忽略新数据 t=125.03
2026-09-04 14:02:52,510 - DVPTest - INFO - [串口] cuff=0 mmHg
2026-09-04 14:02:52,604 - DVPTest - DEBUG - 发出 sig_data: t=125.129, p=0.00
2026-09-04 14:02:52,608 - DVPTest - DEBUG - 阶段 DONE，忽略新数据 t=125.13
2026-09-04 14:02:52,610 - DVPTest - INFO - [串口] cuff=0 mmHg
2026-09-04 14:02:52,699 - DVPTest - DEBUG - 发出 sig_data: t=125.224, p=0.00
2026-09-04 14:02:52,705 - DVPTest - DEBUG - 阶段 DONE，忽略新数据 t=125.22
2026-09-04 14:02:52,707 - DVPTest - INFO - [串口] cuff=0 mmHg
2026-09-04 14:02:52,811 - DVPTest - DEBUG - 发出 sig_data: t=125.336, p=0.00
2026-09-04 14:02:52,814 - DVPTest - DEBUG - 阶段 DONE，忽略新数据 t=125.34
2026-09-04 14:02:52,814 - DVPTest - INFO - [串口] cuff=0 mmHg
2026-09-04 14:02:52,907 - DVPTest - DEBUG - 发出 sig_data: t=125.432, p=0.00
2026-09-04 14:02:52,912 - DVPTest - DEBUG - 阶段 DONE，忽略新数据 t=125.43
2026-09-04 14:02:52,913 - DVPTest - INFO - [串口] cuff=0 mmHg
2026-09-04 14:02:53,004 - DVPTest - DEBUG - 发出 sig_data: t=125.529, p=0.00
2026-09-04 14:02:53,006 - DVPTest - DEBUG - 阶段 DONE，忽略新数据 t=125.53
2026-09-04 14:02:53,007 - DVPTest - INFO - [串口] cuff=0 mmHg
2026-09-04 14:02:53,099 - DVPTest - DEBUG - 发出 sig_data: t=125.624, p=0.00
2026-09-04 14:02:53,101 - DVPTest - DEBUG - 阶段 DONE，忽略新数据 t=125.62
2026-09-04 14:02:53,102 - DVPTest - INFO - [串口] cuff=0 mmHg
2026-09-04 14:02:53,210 - DVPTest - DEBUG - 发出 sig_data: t=125.735, p=0.00
2026-09-04 14:02:53,213 - DVPTest - DEBUG - 阶段 DONE，忽略新数据 t=125.74
2026-09-04 14:02:53,215 - DVPTest - INFO - [串口] cuff=0 mmHg
2026-09-04 14:02:53,307 - DVPTest - DEBUG - 发出 sig_data: t=125.832, p=0.00
2026-09-04 14:02:53,309 - DVPTest - DEBUG - 阶段 DONE，忽略新数据 t=125.83
2026-09-04 14:02:53,310 - DVPTest - INFO - [串口] cuff=0 mmHg
2026-09-04 14:02:53,403 - DVPTest - DEBUG - 发出 sig_data: t=125.928, p=0.00
2026-09-04 14:02:53,407 - DVPTest - DEBUG - 阶段 DONE，忽略新数据 t=125.93
2026-09-04 14:02:53,409 - DVPTest - INFO - [串口] cuff=0 mmHg
2026-09-04 14:02:53,498 - DVPTest - DEBUG - 发出 sig_data: t=126.023, p=0.00
2026-09-04 14:02:53,502 - DVPTest - DEBUG - 阶段 DONE，忽略新数据 t=126.02
2026-09-04 14:02:53,503 - DVPTest - INFO - [串口] cuff=0 mmHg
2026-09-04 14:02:53,611 - DVPTest - DEBUG - 发出 sig_data: t=126.135, p=0.00
2026-09-04 14:02:53,612 - DVPTest - DEBUG - 阶段 DONE，忽略新数据 t=126.14
2026-09-04 14:02:53,613 - DVPTest - INFO - [串口] cuff=0 mmHg
2026-09-04 14:02:53,706 - DVPTest - DEBUG - 发出 sig_data: t=126.231, p=0.00
2026-09-04 14:02:53,708 - DVPTest - DEBUG - 阶段 DONE，忽略新数据 t=126.23
2026-09-04 14:02:53,710 - DVPTest - INFO - [串口] cuff=0 mmHg
2026-09-04 14:02:53,802 - DVPTest - DEBUG - 发出 sig_data: t=126.327, p=0.00
2026-09-04 14:02:53,803 - DVPTest - DEBUG - 阶段 DONE，忽略新数据 t=126.33
2026-09-04 14:02:53,804 - DVPTest - INFO - [串口] cuff=0 mmHg
2026-09-04 14:02:53,898 - DVPTest - DEBUG - 发出 sig_data: t=126.422, p=0.00
2026-09-04 14:02:53,900 - DVPTest - DEBUG - 阶段 DONE，忽略新数据 t=126.42
2026-09-04 14:02:53,901 - DVPTest - INFO - [串口] cuff=0 mmHg
2026-09-04 14:02:54,010 - DVPTest - DEBUG - 发出 sig_data: t=126.534, p=0.00
2026-09-04 14:02:54,012 - DVPTest - DEBUG - 阶段 DONE，忽略新数据 t=126.53
2026-09-04 14:02:54,013 - DVPTest - INFO - [串口] cuff=0 mmHg
2026-09-04 14:02:54,106 - DVPTest - DEBUG - 发出 sig_data: t=126.631, p=0.00
2026-09-04 14:02:54,111 - DVPTest - DEBUG - 阶段 DONE，忽略新数据 t=126.63
2026-09-04 14:02:54,112 - DVPTest - INFO - [串口] cuff=0 mmHg
2026-09-04 14:02:54,203 - DVPTest - DEBUG - 发出 sig_data: t=126.727, p=0.00
2026-09-04 14:02:54,205 - DVPTest - DEBUG - 阶段 DONE，忽略新数据 t=126.73
2026-09-04 14:02:54,206 - DVPTest - INFO - [串口] cuff=0 mmHg
2026-09-04 14:02:54,313 - DVPTest - DEBUG - 发出 sig_data: t=126.837, p=0.00
2026-09-04 14:02:54,315 - DVPTest - DEBUG - 阶段 DONE，忽略新数据 t=126.84
2026-09-04 14:02:54,316 - DVPTest - INFO - [串口] cuff=0 mmHg
2026-09-04 14:02:54,409 - DVPTest - DEBUG - 发出 sig_data: t=126.934, p=0.00
2026-09-04 14:02:54,410 - DVPTest - DEBUG - 阶段 DONE，忽略新数据 t=126.93
2026-09-04 14:02:54,411 - DVPTest - INFO - [串口] cuff=0 mmHg
2026-09-04 14:02:54,505 - DVPTest - DEBUG - 发出 sig_data: t=127.030, p=0.00
2026-09-04 14:02:54,507 - DVPTest - DEBUG - 阶段 DONE，忽略新数据 t=127.03
2026-09-04 14:02:54,509 - DVPTest - INFO - [串口] cuff=0 mmHg
2026-09-04 14:02:54,601 - DVPTest - DEBUG - 发出 sig_data: t=127.126, p=0.00
2026-09-04 14:02:54,604 - DVPTest - DEBUG - 阶段 DONE，忽略新数据 t=127.13
2026-09-04 14:02:54,606 - DVPTest - INFO - [串口] cuff=0 mmHg
2026-09-04 14:02:54,713 - DVPTest - DEBUG - 发出 sig_data: t=127.238, p=0.00
2026-09-04 14:02:54,715 - DVPTest - DEBUG - 阶段 DONE，忽略新数据 t=127.24
2026-09-04 14:02:54,715 - DVPTest - INFO - [串口] cuff=0 mmHg
2026-09-04 14:02:54,808 - DVPTest - DEBUG - 发出 sig_data: t=127.333, p=0.00
2026-09-04 14:02:54,809 - DVPTest - DEBUG - 阶段 DONE，忽略新数据 t=127.33
2026-09-04 14:02:54,810 - DVPTest - INFO - [串口] cuff=0 mmHg
2026-09-04 14:02:54,904 - DVPTest - DEBUG - 发出 sig_data: t=127.429, p=0.00
2026-09-04 14:02:54,906 - DVPTest - DEBUG - 阶段 DONE，忽略新数据 t=127.43
2026-09-04 14:02:54,906 - DVPTest - INFO - [串口] cuff=0 mmHg
2026-09-04 14:02:55,000 - DVPTest - DEBUG - 发出 sig_data: t=127.525, p=0.00
2026-09-04 14:02:55,002 - DVPTest - DEBUG - 阶段 DONE，忽略新数据 t=127.52
2026-09-04 14:02:55,003 - DVPTest - INFO - [串口] cuff=0 mmHg
2026-09-04 14:02:55,112 - DVPTest - DEBUG - 发出 sig_data: t=127.637, p=0.00
2026-09-04 14:02:55,114 - DVPTest - DEBUG - 阶段 DONE，忽略新数据 t=127.64
2026-09-04 14:02:55,115 - DVPTest - INFO - [串口] cuff=0 mmHg
2026-09-04 14:02:55,208 - DVPTest - DEBUG - 发出 sig_data: t=127.733, p=0.00
2026-09-04 14:02:55,209 - DVPTest - DEBUG - 阶段 DONE，忽略新数据 t=127.73
2026-09-04 14:02:55,210 - DVPTest - INFO - [串口] cuff=0 mmHg
2026-09-04 14:02:55,304 - DVPTest - DEBUG - 发出 sig_data: t=127.829, p=0.00
2026-09-04 14:02:55,311 - DVPTest - DEBUG - 阶段 DONE，忽略新数据 t=127.83
2026-09-04 14:02:55,312 - DVPTest - INFO - [串口] cuff=0 mmHg
2026-09-04 14:02:55,400 - DVPTest - DEBUG - 发出 sig_data: t=127.925, p=0.00
2026-09-04 14:02:55,402 - DVPTest - DEBUG - 阶段 DONE，忽略新数据 t=127.92
2026-09-04 14:02:55,403 - DVPTest - INFO - [串口] cuff=0 mmHg
2026-09-04 14:02:55,511 - DVPTest - DEBUG - 发出 sig_data: t=128.036, p=0.00
2026-09-04 14:02:55,514 - DVPTest - DEBUG - 阶段 DONE，忽略新数据 t=128.04
2026-09-04 14:02:55,515 - DVPTest - INFO - [串口] cuff=0 mmHg
2026-09-04 14:02:55,607 - DVPTest - DEBUG - 发出 sig_data: t=128.132, p=0.00
2026-09-04 14:02:55,610 - DVPTest - DEBUG - 阶段 DONE，忽略新数据 t=128.13
2026-09-04 14:02:55,612 - DVPTest - INFO - [串口] cuff=0 mmHg
2026-09-04 14:02:55,703 - DVPTest - DEBUG - 发出 sig_data: t=128.227, p=0.00
2026-09-04 14:02:55,705 - DVPTest - DEBUG - 阶段 DONE，忽略新数据 t=128.23
2026-09-04 14:02:55,706 - DVPTest - INFO - [串口] cuff=0 mmHg
2026-09-04 14:02:55,799 - DVPTest - DEBUG - 发出 sig_data: t=128.323, p=0.00
2026-09-04 14:02:55,800 - DVPTest - DEBUG - 阶段 DONE，忽略新数据 t=128.32
2026-09-04 14:02:55,801 - DVPTest - INFO - [串口] cuff=0 mmHg
2026-09-04 14:02:55,911 - DVPTest - DEBUG - 发出 sig_data: t=128.436, p=0.00
2026-09-04 14:02:55,913 - DVPTest - DEBUG - 阶段 DONE，忽略新数据 t=128.44
2026-09-04 14:02:55,913 - DVPTest - INFO - [串口] cuff=0 mmHg
2026-09-04 14:02:56,006 - DVPTest - DEBUG - 发出 sig_data: t=128.531, p=0.00
2026-09-04 14:02:56,009 - DVPTest - DEBUG - 阶段 DONE，忽略新数据 t=128.53
2026-09-04 14:02:56,010 - DVPTest - INFO - [串口] cuff=0 mmHg
2026-09-04 14:02:56,102 - DVPTest - DEBUG - 发出 sig_data: t=128.627, p=0.00
2026-09-04 14:02:56,104 - DVPTest - DEBUG - 阶段 DONE，忽略新数据 t=128.63
2026-09-04 14:02:56,104 - DVPTest - INFO - [串口] cuff=0 mmHg
2026-09-04 14:02:56,199 - DVPTest - DEBUG - 发出 sig_data: t=128.724, p=0.00
2026-09-04 14:02:56,202 - DVPTest - DEBUG - 阶段 DONE，忽略新数据 t=128.72
2026-09-04 14:02:56,203 - DVPTest - INFO - [串口] cuff=0 mmHg
2026-09-04 14:02:56,313 - DVPTest - DEBUG - 发出 sig_data: t=128.837, p=0.00
2026-09-04 14:02:56,314 - DVPTest - DEBUG - 阶段 DONE，忽略新数据 t=128.84
2026-09-04 14:02:56,314 - DVPTest - INFO - [串口] cuff=0 mmHg
2026-09-04 14:02:56,406 - DVPTest - DEBUG - 发出 sig_data: t=128.931, p=0.00
2026-09-04 14:02:56,411 - DVPTest - DEBUG - 阶段 DONE，忽略新数据 t=128.93
2026-09-04 14:02:56,413 - DVPTest - INFO - [串口] cuff=0 mmHg
2026-09-04 14:02:56,502 - DVPTest - DEBUG - 发出 sig_data: t=129.027, p=0.00
2026-09-04 14:02:56,504 - DVPTest - DEBUG - 阶段 DONE，忽略新数据 t=129.03
2026-09-04 14:02:56,505 - DVPTest - INFO - [串口] cuff=0 mmHg
2026-09-04 14:02:56,613 - DVPTest - DEBUG - 发出 sig_data: t=129.138, p=0.00
2026-09-04 14:02:56,616 - DVPTest - DEBUG - 阶段 DONE，忽略新数据 t=129.14
2026-09-04 14:02:56,616 - DVPTest - INFO - [串口] cuff=0 mmHg
2026-09-04 14:02:56,710 - DVPTest - DEBUG - 发出 sig_data: t=129.235, p=0.00
2026-09-04 14:02:56,712 - DVPTest - DEBUG - 阶段 DONE，忽略新数据 t=129.23
2026-09-04 14:02:56,712 - DVPTest - INFO - [串口] cuff=0 mmHg
2026-09-04 14:02:56,806 - DVPTest - DEBUG - 发出 sig_data: t=129.330, p=0.00
2026-09-04 14:02:56,809 - DVPTest - DEBUG - 阶段 DONE，忽略新数据 t=129.33
2026-09-04 14:02:56,810 - DVPTest - INFO - [串口] cuff=0 mmHg
2026-09-04 14:02:56,901 - DVPTest - DEBUG - 发出 sig_data: t=129.426, p=0.00
2026-09-04 14:02:56,903 - DVPTest - DEBUG - 阶段 DONE，忽略新数据 t=129.43
2026-09-04 14:02:56,903 - DVPTest - INFO - [串口] cuff=0 mmHg
2026-09-04 14:02:57,013 - DVPTest - DEBUG - 发出 sig_data: t=129.538, p=0.00
2026-09-04 14:02:57,018 - DVPTest - DEBUG - 阶段 DONE，忽略新数据 t=129.54
2026-09-04 14:02:57,020 - DVPTest - INFO - [串口] cuff=0 mmHg
2026-09-04 14:02:57,109 - DVPTest - DEBUG - 发出 sig_data: t=129.633, p=0.00
2026-09-04 14:02:57,113 - DVPTest - DEBUG - 阶段 DONE，忽略新数据 t=129.63
2026-09-04 14:02:57,115 - DVPTest - INFO - [串口] cuff=0 mmHg
2026-09-04 14:02:57,205 - DVPTest - DEBUG - 发出 sig_data: t=129.730, p=0.00
2026-09-04 14:02:57,208 - DVPTest - DEBUG - 阶段 DONE，忽略新数据 t=129.73
2026-09-04 14:02:57,209 - DVPTest - INFO - [串口] cuff=0 mmHg
2026-09-04 14:02:57,301 - DVPTest - DEBUG - 发出 sig_data: t=129.825, p=0.00
2026-09-04 14:02:57,301 - DVPTest - DEBUG - 阶段 DONE，忽略新数据 t=129.83
2026-09-04 14:02:57,302 - DVPTest - INFO - [串口] cuff=0 mmHg
2026-09-04 14:02:57,413 - DVPTest - DEBUG - 发出 sig_data: t=129.937, p=0.00
2026-09-04 14:02:57,415 - DVPTest - DEBUG - 阶段 DONE，忽略新数据 t=129.94
2026-09-04 14:02:57,416 - DVPTest - INFO - [串口] cuff=0 mmHg
2026-09-04 14:02:57,509 - DVPTest - DEBUG - 发出 sig_data: t=130.033, p=0.00
2026-09-04 14:02:57,511 - DVPTest - DEBUG - 阶段 DONE，忽略新数据 t=130.03
2026-09-04 14:02:57,512 - DVPTest - INFO - [串口] cuff=0 mmHg
2026-09-04 14:02:57,605 - DVPTest - DEBUG - 发出 sig_data: t=130.129, p=0.00
2026-09-04 14:02:57,607 - DVPTest - DEBUG - 阶段 DONE，忽略新数据 t=130.13
2026-09-04 14:02:57,609 - DVPTest - INFO - [串口] cuff=0 mmHg
2026-09-04 14:02:57,700 - DVPTest - DEBUG - 发出 sig_data: t=130.225, p=0.00
2026-09-04 14:02:57,704 - DVPTest - DEBUG - 阶段 DONE，忽略新数据 t=130.23
2026-09-04 14:02:57,706 - DVPTest - INFO - [串口] cuff=0 mmHg
2026-09-04 14:02:57,812 - DVPTest - DEBUG - 发出 sig_data: t=130.337, p=0.00
2026-09-04 14:02:57,815 - DVPTest - DEBUG - 阶段 DONE，忽略新数据 t=130.34
2026-09-04 14:02:57,816 - DVPTest - INFO - [串口] cuff=0 mmHg
2026-09-04 14:02:57,908 - DVPTest - DEBUG - 发出 sig_data: t=130.433, p=0.00
2026-09-04 14:02:57,910 - DVPTest - DEBUG - 阶段 DONE，忽略新数据 t=130.43
2026-09-04 14:02:57,911 - DVPTest - INFO - [串口] cuff=0 mmHg
2026-09-04 14:02:58,004 - DVPTest - DEBUG - 发出 sig_data: t=130.528, p=0.00
2026-09-04 14:02:58,004 - DVPTest - DEBUG - 阶段 DONE，忽略新数据 t=130.53
2026-09-04 14:02:58,006 - DVPTest - INFO - [串口] cuff=0 mmHg
2026-09-04 14:02:58,100 - DVPTest - DEBUG - 发出 sig_data: t=130.624, p=0.00
2026-09-04 14:02:58,100 - DVPTest - DEBUG - 阶段 DONE，忽略新数据 t=130.62
2026-09-04 14:02:58,102 - DVPTest - INFO - [串口] cuff=0 mmHg
2026-09-04 14:02:58,212 - DVPTest - DEBUG - 发出 sig_data: t=130.736, p=0.00
2026-09-04 14:02:58,216 - DVPTest - DEBUG - 阶段 DONE，忽略新数据 t=130.74
2026-09-04 14:02:58,217 - DVPTest - INFO - [串口] cuff=0 mmHg
2026-09-04 14:02:58,307 - DVPTest - DEBUG - 发出 sig_data: t=130.832, p=0.00
2026-09-04 14:02:58,309 - DVPTest - DEBUG - 阶段 DONE，忽略新数据 t=130.83
2026-09-04 14:02:58,309 - DVPTest - INFO - [串口] cuff=0 mmHg
2026-09-04 14:02:58,403 - DVPTest - DEBUG - 发出 sig_data: t=130.927, p=0.00
2026-09-04 14:02:58,408 - DVPTest - DEBUG - 阶段 DONE，忽略新数据 t=130.93
2026-09-04 14:02:58,410 - DVPTest - INFO - [串口] cuff=0 mmHg
2026-09-04 14:02:58,499 - DVPTest - DEBUG - 发出 sig_data: t=131.023, p=0.00
2026-09-04 14:02:58,502 - DVPTest - DEBUG - 阶段 DONE，忽略新数据 t=131.02
2026-09-04 14:02:58,503 - DVPTest - INFO - [串口] cuff=0 mmHg
2026-09-04 14:02:58,611 - DVPTest - DEBUG - 发出 sig_data: t=131.135, p=0.00
2026-09-04 14:02:58,612 - DVPTest - DEBUG - 阶段 DONE，忽略新数据 t=131.14
2026-09-04 14:02:58,612 - DVPTest - INFO - [串口] cuff=0 mmHg
2026-09-04 14:02:58,706 - DVPTest - DEBUG - 发出 sig_data: t=131.231, p=0.00
2026-09-04 14:02:58,709 - DVPTest - DEBUG - 阶段 DONE，忽略新数据 t=131.23
2026-09-04 14:02:58,710 - DVPTest - INFO - [串口] cuff=0 mmHg
2026-09-04 14:02:58,803 - DVPTest - DEBUG - 发出 sig_data: t=131.327, p=0.00
2026-09-04 14:02:58,803 - DVPTest - DEBUG - 阶段 DONE，忽略新数据 t=131.33
2026-09-04 14:02:58,804 - DVPTest - INFO - [串口] cuff=0 mmHg
2026-09-04 14:02:58,914 - DVPTest - DEBUG - 发出 sig_data: t=131.438, p=0.00
2026-09-04 14:02:58,916 - DVPTest - DEBUG - 阶段 DONE，忽略新数据 t=131.44
2026-09-04 14:02:58,918 - DVPTest - INFO - [串口] cuff=0 mmHg
2026-09-04 14:02:59,010 - DVPTest - DEBUG - 发出 sig_data: t=131.534, p=0.00
2026-09-04 14:02:59,012 - DVPTest - DEBUG - 阶段 DONE，忽略新数据 t=131.53
2026-09-04 14:02:59,012 - DVPTest - INFO - [串口] cuff=0 mmHg
2026-09-04 14:02:59,106 - DVPTest - DEBUG - 发出 sig_data: t=131.630, p=0.00
2026-09-04 14:02:59,107 - DVPTest - DEBUG - 阶段 DONE，忽略新数据 t=131.63
2026-09-04 14:02:59,108 - DVPTest - INFO - [串口] cuff=0 mmHg
2026-09-04 14:02:59,202 - DVPTest - DEBUG - 发出 sig_data: t=131.726, p=0.00
2026-09-04 14:02:59,202 - DVPTest - DEBUG - 阶段 DONE，忽略新数据 t=131.73
2026-09-04 14:02:59,204 - DVPTest - INFO - [串口] cuff=0 mmHg
2026-09-04 14:02:59,313 - DVPTest - DEBUG - 发出 sig_data: t=131.838, p=0.00
2026-09-04 14:02:59,315 - DVPTest - DEBUG - 阶段 DONE，忽略新数据 t=131.84
2026-09-04 14:02:59,316 - DVPTest - INFO - [串口] cuff=0 mmHg
2026-09-04 14:02:59,409 - DVPTest - DEBUG - 发出 sig_data: t=131.934, p=0.00
2026-09-04 14:02:59,410 - DVPTest - DEBUG - 阶段 DONE，忽略新数据 t=131.93
2026-09-04 14:02:59,411 - DVPTest - INFO - [串口] cuff=0 mmHg
2026-09-04 14:02:59,505 - DVPTest - DEBUG - 发出 sig_data: t=132.030, p=0.00
2026-09-04 14:02:59,509 - DVPTest - DEBUG - 阶段 DONE，忽略新数据 t=132.03
2026-09-04 14:02:59,511 - DVPTest - INFO - [串口] cuff=0 mmHg
2026-09-04 14:02:59,602 - DVPTest - DEBUG - 发出 sig_data: t=132.126, p=0.00
2026-09-04 14:02:59,604 - DVPTest - DEBUG - 阶段 DONE，忽略新数据 t=132.13
2026-09-04 14:02:59,605 - DVPTest - INFO - [串口] cuff=0 mmHg
2026-09-04 14:02:59,713 - DVPTest - DEBUG - 发出 sig_data: t=132.237, p=0.00
2026-09-04 14:02:59,713 - DVPTest - DEBUG - 阶段 DONE，忽略新数据 t=132.24
2026-09-04 14:02:59,714 - DVPTest - INFO - [串口] cuff=0 mmHg
2026-09-04 14:02:59,809 - DVPTest - DEBUG - 发出 sig_data: t=132.334, p=0.00
2026-09-04 14:02:59,812 - DVPTest - DEBUG - 阶段 DONE，忽略新数据 t=132.33
2026-09-04 14:02:59,813 - DVPTest - INFO - [串口] cuff=0 mmHg
2026-09-04 14:02:59,905 - DVPTest - DEBUG - 发出 sig_data: t=132.429, p=0.00
2026-09-04 14:02:59,907 - DVPTest - DEBUG - 阶段 DONE，忽略新数据 t=132.43
2026-09-04 14:02:59,908 - DVPTest - INFO - [串口] cuff=0 mmHg
2026-09-04 14:03:00,000 - DVPTest - DEBUG - 发出 sig_data: t=132.525, p=0.00
2026-09-04 14:03:00,003 - DVPTest - DEBUG - 阶段 DONE，忽略新数据 t=132.53
2026-09-04 14:03:00,005 - DVPTest - INFO - [串口] cuff=0 mmHg
2026-09-04 14:03:00,112 - DVPTest - DEBUG - 发出 sig_data: t=132.637, p=0.00
2026-09-04 14:03:00,114 - DVPTest - DEBUG - 阶段 DONE，忽略新数据 t=132.64
2026-09-04 14:03:00,116 - DVPTest - INFO - [串口] cuff=0 mmHg
2026-09-04 14:03:00,209 - DVPTest - DEBUG - 发出 sig_data: t=132.733, p=0.00
2026-09-04 14:03:00,210 - DVPTest - DEBUG - 阶段 DONE，忽略新数据 t=132.73
2026-09-04 14:03:00,210 - DVPTest - INFO - [串口] cuff=0 mmHg
2026-09-04 14:03:00,304 - DVPTest - DEBUG - 发出 sig_data: t=132.829, p=0.00
2026-09-04 14:03:00,309 - DVPTest - DEBUG - 阶段 DONE，忽略新数据 t=132.83
2026-09-04 14:03:00,315 - DVPTest - INFO - [串口] cuff=0 mmHg
2026-09-04 14:03:00,400 - DVPTest - DEBUG - 发出 sig_data: t=132.925, p=0.00
2026-09-04 14:03:00,403 - DVPTest - DEBUG - 阶段 DONE，忽略新数据 t=132.92
2026-09-04 14:03:00,404 - DVPTest - INFO - [串口] cuff=0 mmHg
2026-09-04 14:03:00,512 - DVPTest - DEBUG - 发出 sig_data: t=133.037, p=0.00
2026-09-04 14:03:00,515 - DVPTest - DEBUG - 阶段 DONE，忽略新数据 t=133.04
2026-09-04 14:03:00,517 - DVPTest - INFO - [串口] cuff=0 mmHg
2026-09-04 14:03:00,608 - DVPTest - DEBUG - 发出 sig_data: t=133.132, p=0.00
2026-09-04 14:03:00,609 - DVPTest - DEBUG - 阶段 DONE，忽略新数据 t=133.13
2026-09-04 14:03:00,609 - DVPTest - INFO - [串口] cuff=0 mmHg
2026-09-04 14:03:00,704 - DVPTest - DEBUG - 发出 sig_data: t=133.228, p=0.00
2026-09-04 14:03:00,706 - DVPTest - DEBUG - 阶段 DONE，忽略新数据 t=133.23
2026-09-04 14:03:00,706 - DVPTest - INFO - [串口] cuff=0 mmHg
2026-09-04 14:03:00,800 - DVPTest - DEBUG - 发出 sig_data: t=133.325, p=0.00
2026-09-04 14:03:00,802 - DVPTest - DEBUG - 阶段 DONE，忽略新数据 t=133.32
2026-09-04 14:03:00,804 - DVPTest - INFO - [串口] cuff=0 mmHg
2026-09-04 14:03:00,912 - DVPTest - DEBUG - 发出 sig_data: t=133.436, p=0.00
2026-09-04 14:03:00,912 - DVPTest - DEBUG - 阶段 DONE，忽略新数据 t=133.44
2026-09-04 14:03:00,913 - DVPTest - INFO - [串口] cuff=0 mmHg
2026-09-04 14:03:01,008 - DVPTest - DEBUG - 发出 sig_data: t=133.533, p=0.00
2026-09-04 14:03:01,010 - DVPTest - DEBUG - 阶段 DONE，忽略新数据 t=133.53
2026-09-04 14:03:01,011 - DVPTest - INFO - [串口] cuff=0 mmHg
2026-09-04 14:03:01,103 - DVPTest - DEBUG - 发出 sig_data: t=133.628, p=0.00
2026-09-04 14:03:01,108 - DVPTest - DEBUG - 阶段 DONE，忽略新数据 t=133.63
2026-09-04 14:03:01,109 - DVPTest - INFO - [串口] cuff=0 mmHg
2026-09-04 14:03:01,199 - DVPTest - DEBUG - 发出 sig_data: t=133.724, p=0.00
2026-09-04 14:03:01,202 - DVPTest - DEBUG - 阶段 DONE，忽略新数据 t=133.72
2026-09-04 14:03:01,205 - DVPTest - INFO - [串口] cuff=0 mmHg
2026-09-04 14:03:01,311 - DVPTest - DEBUG - 发出 sig_data: t=133.835, p=0.00
2026-09-04 14:03:01,313 - DVPTest - DEBUG - 阶段 DONE，忽略新数据 t=133.84
2026-09-04 14:03:01,313 - DVPTest - INFO - [串口] cuff=0 mmHg
2026-09-04 14:03:01,407 - DVPTest - DEBUG - 发出 sig_data: t=133.931, p=0.00
2026-09-04 14:03:01,409 - DVPTest - DEBUG - 阶段 DONE，忽略新数据 t=133.93
2026-09-04 14:03:01,409 - DVPTest - INFO - [串口] cuff=0 mmHg
2026-09-04 14:03:01,503 - DVPTest - DEBUG - 发出 sig_data: t=134.028, p=0.00
2026-09-04 14:03:01,506 - DVPTest - DEBUG - 阶段 DONE，忽略新数据 t=134.03
2026-09-04 14:03:01,506 - DVPTest - INFO - [串口] cuff=0 mmHg
2026-09-04 14:03:01,613 - DVPTest - DEBUG - 发出 sig_data: t=134.138, p=0.00
2026-09-04 14:03:01,616 - DVPTest - DEBUG - 阶段 DONE，忽略新数据 t=134.14
2026-09-04 14:03:01,617 - DVPTest - INFO - [串口] cuff=0 mmHg
2026-09-04 14:03:01,710 - DVPTest - DEBUG - 发出 sig_data: t=134.234, p=0.00
2026-09-04 14:03:01,710 - DVPTest - DEBUG - 阶段 DONE，忽略新数据 t=134.23
2026-09-04 14:03:01,712 - DVPTest - INFO - [串口] cuff=0 mmHg
2026-09-04 14:03:01,806 - DVPTest - DEBUG - 发出 sig_data: t=134.330, p=0.00
2026-09-04 14:03:01,811 - DVPTest - DEBUG - 阶段 DONE，忽略新数据 t=134.33
2026-09-04 14:03:01,812 - DVPTest - INFO - [串口] cuff=0 mmHg
2026-09-04 14:03:01,902 - DVPTest - DEBUG - 发出 sig_data: t=134.426, p=0.00
2026-09-04 14:03:01,904 - DVPTest - DEBUG - 阶段 DONE，忽略新数据 t=134.43
2026-09-04 14:03:01,904 - DVPTest - INFO - [串口] cuff=0 mmHg
2026-09-04 14:03:02,013 - DVPTest - DEBUG - 发出 sig_data: t=134.538, p=0.00
2026-09-04 14:03:02,014 - DVPTest - DEBUG - 阶段 DONE，忽略新数据 t=134.54
2026-09-04 14:03:02,015 - DVPTest - INFO - [串口] cuff=0 mmHg
2026-09-04 14:03:02,110 - DVPTest - DEBUG - 发出 sig_data: t=134.634, p=0.00
2026-09-04 14:03:02,112 - DVPTest - DEBUG - 阶段 DONE，忽略新数据 t=134.63
2026-09-04 14:03:02,112 - DVPTest - INFO - [串口] cuff=0 mmHg
2026-09-04 14:03:02,207 - DVPTest - DEBUG - 发出 sig_data: t=134.732, p=0.00
2026-09-04 14:03:02,209 - DVPTest - DEBUG - 阶段 DONE，忽略新数据 t=134.73
2026-09-04 14:03:02,211 - DVPTest - INFO - [串口] cuff=0 mmHg
2026-09-04 14:03:02,301 - DVPTest - DEBUG - 发出 sig_data: t=134.826, p=0.00
2026-09-04 14:03:02,303 - DVPTest - DEBUG - 阶段 DONE，忽略新数据 t=134.83
2026-09-04 14:03:02,304 - DVPTest - INFO - [串口] cuff=0 mmHg
2026-09-04 14:03:02,413 - DVPTest - DEBUG - 发出 sig_data: t=134.938, p=0.00
2026-09-04 14:03:02,414 - DVPTest - DEBUG - 阶段 DONE，忽略新数据 t=134.94
2026-09-04 14:03:02,415 - DVPTest - INFO - [串口] cuff=0 mmHg
2026-09-04 14:03:02,509 - DVPTest - DEBUG - 发出 sig_data: t=135.034, p=0.00
2026-09-04 14:03:02,510 - DVPTest - DEBUG - 阶段 DONE，忽略新数据 t=135.03
2026-09-04 14:03:02,511 - DVPTest - INFO - [串口] cuff=0 mmHg
2026-09-04 14:03:02,605 - DVPTest - DEBUG - 发出 sig_data: t=135.129, p=0.00
2026-09-04 14:03:02,606 - DVPTest - DEBUG - 阶段 DONE，忽略新数据 t=135.13
2026-09-04 14:03:02,606 - DVPTest - INFO - [串口] cuff=0 mmHg
2026-09-04 14:03:02,701 - DVPTest - DEBUG - 发出 sig_data: t=135.225, p=0.00
2026-09-04 14:03:02,701 - DVPTest - DEBUG - 阶段 DONE，忽略新数据 t=135.22
2026-09-04 14:03:02,702 - DVPTest - INFO - [串口] cuff=0 mmHg
2026-09-04 14:03:02,813 - DVPTest - DEBUG - 发出 sig_data: t=135.337, p=0.00
2026-09-04 14:03:02,814 - DVPTest - DEBUG - 阶段 DONE，忽略新数据 t=135.34
2026-09-04 14:03:02,815 - DVPTest - INFO - [串口] cuff=0 mmHg
2026-09-04 14:03:02,908 - DVPTest - DEBUG - 发出 sig_data: t=135.433, p=0.00
2026-09-04 14:03:02,910 - DVPTest - DEBUG - 阶段 DONE，忽略新数据 t=135.43
2026-09-04 14:03:02,911 - DVPTest - INFO - [串口] cuff=0 mmHg
2026-09-04 14:03:03,004 - DVPTest - DEBUG - 发出 sig_data: t=135.529, p=0.00
2026-09-04 14:03:03,007 - DVPTest - DEBUG - 阶段 DONE，忽略新数据 t=135.53
2026-09-04 14:03:03,009 - DVPTest - INFO - [串口] cuff=0 mmHg
2026-09-04 14:03:03,101 - DVPTest - DEBUG - 发出 sig_data: t=135.625, p=0.00
2026-09-04 14:03:03,103 - DVPTest - DEBUG - 阶段 DONE，忽略新数据 t=135.63
2026-09-04 14:03:03,104 - DVPTest - INFO - [串口] cuff=0 mmHg
2026-09-04 14:03:03,211 - DVPTest - DEBUG - 发出 sig_data: t=135.736, p=0.00
2026-09-04 14:03:03,214 - DVPTest - DEBUG - 阶段 DONE，忽略新数据 t=135.74
2026-09-04 14:03:03,214 - DVPTest - INFO - [串口] cuff=0 mmHg
2026-09-04 14:03:03,308 - DVPTest - DEBUG - 发出 sig_data: t=135.832, p=0.00
2026-09-04 14:03:03,310 - DVPTest - DEBUG - 阶段 DONE，忽略新数据 t=135.83
2026-09-04 14:03:03,310 - DVPTest - INFO - [串口] cuff=0 mmHg
2026-09-04 14:03:03,404 - DVPTest - DEBUG - 发出 sig_data: t=135.928, p=0.00
2026-09-04 14:03:03,407 - DVPTest - DEBUG - 阶段 DONE，忽略新数据 t=135.93
2026-09-04 14:03:03,408 - DVPTest - INFO - [串口] cuff=0 mmHg
2026-09-04 14:03:03,500 - DVPTest - DEBUG - 发出 sig_data: t=136.024, p=0.00
2026-09-04 14:03:03,502 - DVPTest - DEBUG - 阶段 DONE，忽略新数据 t=136.02
2026-09-04 14:03:03,503 - DVPTest - INFO - [串口] cuff=0 mmHg
2026-09-04 14:03:03,611 - DVPTest - DEBUG - 发出 sig_data: t=136.136, p=0.00
2026-09-04 14:03:03,613 - DVPTest - DEBUG - 阶段 DONE，忽略新数据 t=136.14
2026-09-04 14:03:03,614 - DVPTest - INFO - [串口] cuff=0 mmHg
2026-09-04 14:03:03,707 - DVPTest - DEBUG - 发出 sig_data: t=136.231, p=0.00
2026-09-04 14:03:03,709 - DVPTest - DEBUG - 阶段 DONE，忽略新数据 t=136.23
2026-09-04 14:03:03,710 - DVPTest - INFO - [串口] cuff=0 mmHg
2026-09-04 14:03:03,804 - DVPTest - DEBUG - 发出 sig_data: t=136.328, p=0.00
2026-09-04 14:03:03,807 - DVPTest - DEBUG - 阶段 DONE，忽略新数据 t=136.33
2026-09-04 14:03:03,808 - DVPTest - INFO - [串口] cuff=0 mmHg
2026-09-04 14:03:03,914 - DVPTest - DEBUG - 发出 sig_data: t=136.439, p=0.00
2026-09-04 14:03:03,917 - DVPTest - DEBUG - 阶段 DONE，忽略新数据 t=136.44
2026-09-04 14:03:03,918 - DVPTest - INFO - [串口] cuff=0 mmHg
2026-09-04 14:03:04,011 - DVPTest - DEBUG - 发出 sig_data: t=136.535, p=0.00
2026-09-04 14:03:04,012 - DVPTest - DEBUG - 阶段 DONE，忽略新数据 t=136.54
2026-09-04 14:03:04,013 - DVPTest - INFO - [串口] cuff=0 mmHg
2026-09-04 14:03:04,106 - DVPTest - DEBUG - 发出 sig_data: t=136.631, p=0.00
2026-09-04 14:03:04,108 - DVPTest - DEBUG - 阶段 DONE，忽略新数据 t=136.63
2026-09-04 14:03:04,108 - DVPTest - INFO - [串口] cuff=0 mmHg
2026-09-04 14:03:04,203 - DVPTest - DEBUG - 发出 sig_data: t=136.727, p=0.00
2026-09-04 14:03:04,206 - DVPTest - DEBUG - 阶段 DONE，忽略新数据 t=136.73
2026-09-04 14:03:04,208 - DVPTest - INFO - [串口] cuff=0 mmHg
2026-09-04 14:03:04,314 - DVPTest - DEBUG - 发出 sig_data: t=136.838, p=0.00
2026-09-04 14:03:04,315 - DVPTest - DEBUG - 阶段 DONE，忽略新数据 t=136.84
2026-09-04 14:03:04,316 - DVPTest - INFO - [串口] cuff=0 mmHg
2026-09-04 14:03:04,410 - DVPTest - DEBUG - 发出 sig_data: t=136.935, p=0.00
2026-09-04 14:03:04,412 - DVPTest - DEBUG - 阶段 DONE，忽略新数据 t=136.93
2026-09-04 14:03:04,413 - DVPTest - INFO - [串口] cuff=0 mmHg
2026-09-04 14:03:04,506 - DVPTest - DEBUG - 发出 sig_data: t=137.031, p=0.00
2026-09-04 14:03:04,509 - DVPTest - DEBUG - 阶段 DONE，忽略新数据 t=137.03
2026-09-04 14:03:04,510 - DVPTest - INFO - [串口] cuff=0 mmHg
2026-09-04 14:03:04,602 - DVPTest - DEBUG - 发出 sig_data: t=137.126, p=0.00
2026-09-04 14:03:04,605 - DVPTest - DEBUG - 阶段 DONE，忽略新数据 t=137.13
2026-09-04 14:03:04,607 - DVPTest - INFO - [串口] cuff=0 mmHg
2026-09-04 14:03:04,715 - DVPTest - DEBUG - 发出 sig_data: t=137.240, p=0.00
2026-09-04 14:03:04,720 - DVPTest - DEBUG - 阶段 DONE，忽略新数据 t=137.24
2026-09-04 14:03:04,720 - DVPTest - INFO - [串口] cuff=0 mmHg
2026-09-04 14:03:04,810 - DVPTest - DEBUG - 发出 sig_data: t=137.334, p=0.00
2026-09-04 14:03:04,812 - DVPTest - DEBUG - 阶段 DONE，忽略新数据 t=137.33
2026-09-04 14:03:04,813 - DVPTest - INFO - [串口] cuff=0 mmHg
2026-09-04 14:03:04,906 - DVPTest - DEBUG - 发出 sig_data: t=137.430, p=0.00
2026-09-04 14:03:04,908 - DVPTest - DEBUG - 阶段 DONE，忽略新数据 t=137.43
2026-09-04 14:03:04,909 - DVPTest - INFO - [串口] cuff=0 mmHg
2026-09-04 14:03:05,001 - DVPTest - DEBUG - 发出 sig_data: t=137.526, p=0.00
2026-09-04 14:03:05,003 - DVPTest - DEBUG - 阶段 DONE，忽略新数据 t=137.53
2026-09-04 14:03:05,004 - DVPTest - INFO - [串口] cuff=0 mmHg
2026-09-04 14:03:05,114 - DVPTest - DEBUG - 发出 sig_data: t=137.638, p=0.00
2026-09-04 14:03:05,114 - DVPTest - DEBUG - 阶段 DONE，忽略新数据 t=137.64
2026-09-04 14:03:05,115 - DVPTest - INFO - [串口] cuff=0 mmHg
2026-09-04 14:03:05,209 - DVPTest - DEBUG - 发出 sig_data: t=137.733, p=0.00
2026-09-04 14:03:05,211 - DVPTest - DEBUG - 阶段 DONE，忽略新数据 t=137.73
2026-09-04 14:03:05,213 - DVPTest - INFO - [串口] cuff=0 mmHg
2026-09-04 14:03:05,306 - DVPTest - DEBUG - 发出 sig_data: t=137.831, p=0.00
2026-09-04 14:03:05,312 - DVPTest - DEBUG - 阶段 DONE，忽略新数据 t=137.83
2026-09-04 14:03:05,314 - DVPTest - INFO - [串口] cuff=0 mmHg
2026-09-04 14:03:05,401 - DVPTest - DEBUG - 发出 sig_data: t=137.925, p=0.00
2026-09-04 14:03:05,402 - DVPTest - DEBUG - 阶段 DONE，忽略新数据 t=137.92
2026-09-04 14:03:05,403 - DVPTest - INFO - [串口] cuff=0 mmHg
2026-09-04 14:03:05,513 - DVPTest - DEBUG - 发出 sig_data: t=138.037, p=0.00
2026-09-04 14:03:05,515 - DVPTest - DEBUG - 阶段 DONE，忽略新数据 t=138.04
2026-09-04 14:03:05,517 - DVPTest - INFO - [串口] cuff=0 mmHg
2026-09-04 14:03:05,608 - DVPTest - DEBUG - 发出 sig_data: t=138.132, p=0.00
2026-09-04 14:03:05,610 - DVPTest - DEBUG - 阶段 DONE，忽略新数据 t=138.13
2026-09-04 14:03:05,611 - DVPTest - INFO - [串口] cuff=0 mmHg
2026-09-04 14:03:05,704 - DVPTest - DEBUG - 发出 sig_data: t=138.229, p=0.00
2026-09-04 14:03:05,705 - DVPTest - DEBUG - 阶段 DONE，忽略新数据 t=138.23
2026-09-04 14:03:05,707 - DVPTest - INFO - [串口] cuff=0 mmHg
2026-09-04 14:03:05,800 - DVPTest - DEBUG - 发出 sig_data: t=138.325, p=0.00
2026-09-04 14:03:05,805 - DVPTest - DEBUG - 阶段 DONE，忽略新数据 t=138.33
2026-09-04 14:03:05,807 - DVPTest - INFO - [串口] cuff=0 mmHg
2026-09-04 14:03:05,912 - DVPTest - DEBUG - 发出 sig_data: t=138.437, p=0.00
2026-09-04 14:03:05,917 - DVPTest - DEBUG - 阶段 DONE，忽略新数据 t=138.44
2026-09-04 14:03:05,918 - DVPTest - INFO - [串口] cuff=0 mmHg
2026-09-04 14:03:06,007 - DVPTest - DEBUG - 发出 sig_data: t=138.532, p=0.00
2026-09-04 14:03:06,009 - DVPTest - DEBUG - 阶段 DONE，忽略新数据 t=138.53
2026-09-04 14:03:06,009 - DVPTest - INFO - [串口] cuff=0 mmHg
2026-09-04 14:03:06,104 - DVPTest - DEBUG - 发出 sig_data: t=138.628, p=0.00
2026-09-04 14:03:06,107 - DVPTest - DEBUG - 阶段 DONE，忽略新数据 t=138.63
2026-09-04 14:03:06,109 - DVPTest - INFO - [串口] cuff=0 mmHg
2026-09-04 14:03:06,200 - DVPTest - DEBUG - 发出 sig_data: t=138.724, p=0.00
2026-09-04 14:03:06,202 - DVPTest - DEBUG - 阶段 DONE，忽略新数据 t=138.72
2026-09-04 14:03:06,202 - DVPTest - INFO - [串口] cuff=0 mmHg
2026-09-04 14:03:06,312 - DVPTest - DEBUG - 发出 sig_data: t=138.836, p=0.00
2026-09-04 14:03:06,314 - DVPTest - DEBUG - 阶段 DONE，忽略新数据 t=138.84
2026-09-04 14:03:06,315 - DVPTest - INFO - [串口] cuff=0 mmHg
2026-09-04 14:03:06,407 - DVPTest - DEBUG - 发出 sig_data: t=138.932, p=0.00
2026-09-04 14:03:06,411 - DVPTest - DEBUG - 阶段 DONE，忽略新数据 t=138.93
2026-09-04 14:03:06,414 - DVPTest - INFO - [串口] cuff=0 mmHg
2026-09-04 14:03:06,503 - DVPTest - DEBUG - 发出 sig_data: t=139.028, p=0.00
2026-09-04 14:03:06,505 - DVPTest - DEBUG - 阶段 DONE，忽略新数据 t=139.03
2026-09-04 14:03:06,506 - DVPTest - INFO - [串口] cuff=0 mmHg
2026-09-04 14:03:06,614 - DVPTest - DEBUG - 发出 sig_data: t=139.139, p=0.00
2026-09-04 14:03:06,617 - DVPTest - DEBUG - 阶段 DONE，忽略新数据 t=139.14
2026-09-04 14:03:06,618 - DVPTest - INFO - [串口] cuff=0 mmHg
2026-09-04 14:03:06,710 - DVPTest - DEBUG - 发出 sig_data: t=139.235, p=0.00
2026-09-04 14:03:06,714 - DVPTest - DEBUG - 阶段 DONE，忽略新数据 t=139.23
2026-09-04 14:03:06,715 - DVPTest - INFO - [串口] cuff=0 mmHg
2026-09-04 14:03:06,806 - DVPTest - DEBUG - 发出 sig_data: t=139.330, p=0.00
2026-09-04 14:03:06,808 - DVPTest - DEBUG - 阶段 DONE，忽略新数据 t=139.33
2026-09-04 14:03:06,809 - DVPTest - INFO - [串口] cuff=0 mmHg
2026-09-04 14:03:06,903 - DVPTest - DEBUG - 发出 sig_data: t=139.427, p=0.00
2026-09-04 14:03:06,906 - DVPTest - DEBUG - 阶段 DONE，忽略新数据 t=139.43
2026-09-04 14:03:06,907 - DVPTest - INFO - [串口] cuff=0 mmHg
2026-09-04 14:03:07,015 - DVPTest - DEBUG - 发出 sig_data: t=139.539, p=0.00
2026-09-04 14:03:07,018 - DVPTest - DEBUG - 阶段 DONE，忽略新数据 t=139.54
2026-09-04 14:03:07,019 - DVPTest - INFO - [串口] cuff=0 mmHg
2026-09-04 14:03:07,110 - DVPTest - DEBUG - 发出 sig_data: t=139.634, p=0.00
2026-09-04 14:03:07,111 - DVPTest - DEBUG - 阶段 DONE，忽略新数据 t=139.63
2026-09-04 14:03:07,111 - DVPTest - INFO - [串口] cuff=0 mmHg
2026-09-04 14:03:07,206 - DVPTest - DEBUG - 发出 sig_data: t=139.730, p=0.00
2026-09-04 14:03:07,208 - DVPTest - DEBUG - 阶段 DONE，忽略新数据 t=139.73
2026-09-04 14:03:07,209 - DVPTest - INFO - [串口] cuff=0 mmHg
2026-09-04 14:03:07,301 - DVPTest - DEBUG - 发出 sig_data: t=139.826, p=0.00
2026-09-04 14:03:07,303 - DVPTest - DEBUG - 阶段 DONE，忽略新数据 t=139.83
2026-09-04 14:03:07,304 - DVPTest - INFO - [串口] cuff=0 mmHg
2026-09-04 14:03:07,414 - DVPTest - DEBUG - 发出 sig_data: t=139.939, p=0.00
2026-09-04 14:03:07,418 - DVPTest - DEBUG - 阶段 DONE，忽略新数据 t=139.94
2026-09-04 14:03:07,420 - DVPTest - INFO - [串口] cuff=0 mmHg
2026-09-04 14:03:07,509 - DVPTest - DEBUG - 发出 sig_data: t=140.033, p=0.00
2026-09-04 14:03:07,511 - DVPTest - DEBUG - 阶段 DONE，忽略新数据 t=140.03
2026-09-04 14:03:07,511 - DVPTest - INFO - [串口] cuff=0 mmHg
2026-09-04 14:03:07,605 - DVPTest - DEBUG - 发出 sig_data: t=140.130, p=0.00
2026-09-04 14:03:07,607 - DVPTest - DEBUG - 阶段 DONE，忽略新数据 t=140.13
2026-09-04 14:03:07,609 - DVPTest - INFO - [串口] cuff=0 mmHg
2026-09-04 14:03:07,701 - DVPTest - DEBUG - 发出 sig_data: t=140.226, p=0.00
2026-09-04 14:03:07,702 - DVPTest - DEBUG - 阶段 DONE，忽略新数据 t=140.23
2026-09-04 14:03:07,706 - DVPTest - INFO - [串口] cuff=0 mmHg
2026-09-04 14:03:07,814 - DVPTest - DEBUG - 发出 sig_data: t=140.338, p=0.00
2026-09-04 14:03:07,815 - DVPTest - DEBUG - 阶段 DONE，忽略新数据 t=140.34
2026-09-04 14:03:07,816 - DVPTest - INFO - [串口] cuff=0 mmHg
2026-09-04 14:03:07,909 - DVPTest - DEBUG - 发出 sig_data: t=140.433, p=0.00
2026-09-04 14:03:07,911 - DVPTest - DEBUG - 阶段 DONE，忽略新数据 t=140.43
2026-09-04 14:03:07,916 - DVPTest - INFO - [串口] cuff=0 mmHg
2026-09-04 14:03:08,005 - DVPTest - DEBUG - 发出 sig_data: t=140.530, p=0.00
2026-09-04 14:03:08,008 - DVPTest - DEBUG - 阶段 DONE，忽略新数据 t=140.53
2026-09-04 14:03:08,010 - DVPTest - INFO - [串口] cuff=0 mmHg
2026-09-04 14:03:08,101 - DVPTest - DEBUG - 发出 sig_data: t=140.626, p=0.00
2026-09-04 14:03:08,104 - DVPTest - DEBUG - 阶段 DONE，忽略新数据 t=140.63
2026-09-04 14:03:08,104 - DVPTest - INFO - [串口] cuff=0 mmHg
2026-09-04 14:03:08,213 - DVPTest - DEBUG - 发出 sig_data: t=140.737, p=0.00
2026-09-04 14:03:08,213 - DVPTest - DEBUG - 阶段 DONE，忽略新数据 t=140.74
2026-09-04 14:03:08,215 - DVPTest - INFO - [串口] cuff=0 mmHg
2026-09-04 14:03:08,308 - DVPTest - DEBUG - 发出 sig_data: t=140.833, p=0.00
2026-09-04 14:03:08,377 - DVPTest - DEBUG - 阶段 DONE，忽略新数据 t=140.83
2026-09-04 14:03:08,378 - DVPTest - INFO - [串口] cuff=0 mmHg
2026-09-04 14:03:08,404 - DVPTest - DEBUG - 发出 sig_data: t=140.929, p=0.00
2026-09-04 14:03:08,405 - DVPTest - DEBUG - 阶段 DONE，忽略新数据 t=140.93
2026-09-04 14:03:08,406 - DVPTest - INFO - [串口] cuff=0 mmHg
2026-09-04 14:03:08,500 - DVPTest - DEBUG - 发出 sig_data: t=141.024, p=0.00
2026-09-04 14:03:08,500 - DVPTest - DEBUG - 阶段 DONE，忽略新数据 t=141.02
2026-09-04 14:03:08,501 - DVPTest - INFO - [串口] cuff=0 mmHg
2026-09-04 14:03:08,612 - DVPTest - DEBUG - 发出 sig_data: t=141.136, p=0.00
2026-09-04 14:03:08,614 - DVPTest - DEBUG - 阶段 DONE，忽略新数据 t=141.14
2026-09-04 14:03:08,615 - DVPTest - INFO - [串口] cuff=0 mmHg
2026-09-04 14:03:08,708 - DVPTest - DEBUG - 发出 sig_data: t=141.233, p=0.00
2026-09-04 14:03:08,711 - DVPTest - DEBUG - 阶段 DONE，忽略新数据 t=141.23
2026-09-04 14:03:08,712 - DVPTest - INFO - [串口] cuff=0 mmHg
2026-09-04 14:03:08,804 - DVPTest - DEBUG - 发出 sig_data: t=141.328, p=0.00
2026-09-04 14:03:08,804 - DVPTest - DEBUG - 阶段 DONE，忽略新数据 t=141.33
2026-09-04 14:03:08,805 - DVPTest - INFO - [串口] cuff=0 mmHg
2026-09-04 14:03:08,915 - DVPTest - DEBUG - 发出 sig_data: t=141.439, p=0.00
2026-09-04 14:03:08,917 - DVPTest - DEBUG - 阶段 DONE，忽略新数据 t=141.44
2026-09-04 14:03:08,918 - DVPTest - INFO - [串口] cuff=0 mmHg
2026-09-04 14:03:09,011 - DVPTest - DEBUG - 发出 sig_data: t=141.535, p=0.00
2026-09-04 14:03:09,013 - DVPTest - DEBUG - 阶段 DONE，忽略新数据 t=141.54
2026-09-04 14:03:09,013 - DVPTest - INFO - [串口] cuff=0 mmHg
2026-09-04 14:03:09,107 - DVPTest - DEBUG - 发出 sig_data: t=141.632, p=0.00
2026-09-04 14:03:09,188 - DVPTest - DEBUG - 阶段 DONE，忽略新数据 t=141.63
2026-09-04 14:03:09,190 - DVPTest - INFO - [串口] cuff=0 mmHg
2026-09-04 14:03:09,195 - DVPTest - INFO - 退出程序：测试未运行，直接断开
2026-09-04 14:03:09,313 - DVPTest - INFO - run() 结束
2026-09-04 14:03:09,315 - DVPTest - DEBUG - [TestManager] reset 完成
2026-09-04 14:03:09,316 - DVPTest - INFO - 数据已重置，绘图恢复
2026-09-04 14:03:09,317 - DVPTest - SUCCESS - 已断开串口
