2026-09-02 11:52:31,498 - DVPTest - INFO - === test_managers.py 已加载（新版本）===
2026-09-02 11:52:31,499 - DVPTest - INFO - [TestManager] 初始化完成（完全解耦 + InflectionDetector 版）
2026-09-02 11:52:32,408 - DVPTest - DEBUG - [UI] MainWindow 初始化完成
2026-09-02 11:52:34,418 - DVPTest - INFO - 检测到无创模拟器/测试板 (COM6)，自动连接中...
2026-09-02 11:52:34,429 - DVPTest - INFO - 设备识别: simulator
2026-09-02 11:52:34,429 - DVPTest - SUCCESS - 已连接到串口 COM6 @ 115200 bps
2026-09-02 11:52:34,431 - DVPTest - SUCCESS - 开始记录数据，文件: ./logs/csv\pressure_data_20260902_115234.csv
2026-09-02 11:52:34,431 - DVPTest - INFO - 正在打开串口 COM6 @ 115200
2026-09-02 11:52:34,432 - DVPTest - DEBUG - [TestManager] reset 完成
2026-09-02 11:52:34,434 - DVPTest - DEBUG - 充气参数更新: start=5.0, mid=200.0, target=300.0
2026-09-02 11:52:34,434 - DVPTest - DEBUG - [UI] _connect 完成
2026-09-02 11:52:34,435 - DVPTest - DEBUG - 设备类型为 simulator，直接返回 binary
2026-09-02 11:52:34,435 - DVPTest - INFO - 协议检测完成: device_type=simulator, mode=binary
2026-09-02 11:52:34,436 - DVPTest - INFO - 进入二进制模式
2026-09-02 11:52:34,436 - DVPTest - INFO - 二进制模式启动，发送压力表命令
2026-09-02 11:52:34,436 - DVPTest - DEBUG - 已发送压力表命令 0x03 0x02 0x00
2026-09-02 11:52:34,437 - DVPTest - INFO - [串口] [协议选择] device_type=simulator, mode=binary
2026-09-02 11:52:38,165 - DVPTest - SUCCESS - 已进入PC界面
2026-09-02 11:52:38,166 - DVPTest - SUCCESS - 进入PC界面成功
2026-09-02 11:52:38,176 - DVPTest - DEBUG - 读取到 1 字节原始数据
2026-09-02 11:52:38,176 - DVPTest - DEBUG - _process_binary_data 处理 1 字节
2026-09-02 11:52:38,177 - DVPTest - WARNING - 未知字节 0x01，跳过
2026-09-02 11:52:39,254 - DVPTest - CMD - 发送压力表测试命令
2026-09-02 11:52:39,255 - DVPTest - DEBUG - [TestManager] reset 完成
2026-09-02 11:52:39,256 - DVPTest - INFO - 数据已重置，绘图恢复
2026-09-02 11:52:39,257 - DVPTest - INFO - 数据已清空，波形已清屏（时间轴已归零）
2026-09-02 11:52:39,265 - DVPTest - DEBUG - 读取到 8 字节原始数据
2026-09-02 11:52:39,270 - DVPTest - DEBUG - _process_binary_data 处理 8 字节
2026-09-02 11:52:39,272 - DVPTest - DEBUG - 解析出压力: t=0.016, p=0.0
2026-09-02 11:52:39,275 - DVPTest - DEBUG - 发出 sig_data: t=0.016, p=0.03
2026-09-02 11:52:39,278 - DVPTest - DEBUG - process_data: t=0.02, p=0.0, v=0.000, a=0.0, phase=IDLE
2026-09-02 11:52:39,278 - DVPTest - DEBUG - 充气峰值更新: 0.0 @ 0.02s
2026-09-02 11:52:39,278 - DVPTest - DEBUG - 物理分类结果: STABLE
2026-09-02 11:52:39,278 - DVPTest - DEBUG - [UI] _on_plot_update 收到 1 个数据点
2026-09-02 11:52:39,280 - DVPTest - INFO - [串口] [压力] 0.0 mmHg
2026-09-02 11:52:39,299 - DVPTest - DEBUG - 读取到 1 字节原始数据
2026-09-02 11:52:39,299 - DVPTest - DEBUG - _process_binary_data 处理 1 字节
2026-09-02 11:52:39,299 - DVPTest - WARNING - 未知字节 0x03，跳过
2026-09-02 11:52:39,460 - DVPTest - DEBUG - 读取到 8 字节原始数据
2026-09-02 11:52:39,462 - DVPTest - DEBUG - _process_binary_data 处理 8 字节
2026-09-02 11:52:39,463 - DVPTest - DEBUG - 解析出压力: t=0.207, p=0.0
2026-09-02 11:52:39,463 - DVPTest - DEBUG - 发出 sig_data: t=0.207, p=0.02
2026-09-02 11:52:39,466 - DVPTest - DEBUG - process_data: t=0.21, p=0.0, v=-0.052, a=-0.3, phase=IDLE
2026-09-02 11:52:39,466 - DVPTest - DEBUG - 物理分类结果: STABLE
2026-09-02 11:52:39,467 - DVPTest - DEBUG - [UI] _on_plot_update 收到 2 个数据点
2026-09-02 11:52:39,469 - DVPTest - INFO - [串口] [压力] 0.0 mmHg
2026-09-02 11:52:39,666 - DVPTest - DEBUG - 读取到 8 字节原始数据
2026-09-02 11:52:39,666 - DVPTest - DEBUG - _process_binary_data 处理 8 字节
2026-09-02 11:52:39,667 - DVPTest - DEBUG - 解析出压力: t=0.411, p=0.0
2026-09-02 11:52:39,667 - DVPTest - DEBUG - 发出 sig_data: t=0.411, p=0.02
2026-09-02 11:52:39,672 - DVPTest - DEBUG - process_data: t=0.41, p=0.0, v=0.000, a=0.3, phase=IDLE
2026-09-02 11:52:39,672 - DVPTest - DEBUG - 物理分类结果: STABLE
2026-09-02 11:52:39,673 - DVPTest - DEBUG - [UI] _on_plot_update 收到 3 个数据点
2026-09-02 11:52:39,674 - DVPTest - INFO - [串口] [压力] 0.0 mmHg
2026-09-02 11:52:39,861 - DVPTest - DEBUG - 读取到 8 字节原始数据
2026-09-02 11:52:39,861 - DVPTest - DEBUG - _process_binary_data 处理 8 字节
2026-09-02 11:52:39,862 - DVPTest - DEBUG - 解析出压力: t=0.607, p=0.1
2026-09-02 11:52:39,863 - DVPTest - DEBUG - 发出 sig_data: t=0.607, p=0.09
2026-09-02 11:52:39,866 - DVPTest - DEBUG - process_data: t=0.61, p=0.1, v=0.357, a=1.8, phase=IDLE
2026-09-02 11:52:39,866 - DVPTest - DEBUG - 充气峰值更新: 0.1 @ 0.61s
2026-09-02 11:52:39,867 - DVPTest - DEBUG - 物理分类结果: INFLATING
2026-09-02 11:52:39,868 - DVPTest - DEBUG - [UI] _on_plot_update 收到 4 个数据点
2026-09-02 11:52:39,870 - DVPTest - INFO - [串口] [压力] 0.1 mmHg
2026-09-02 11:52:40,060 - DVPTest - DEBUG - 读取到 8 字节原始数据
2026-09-02 11:52:40,060 - DVPTest - DEBUG - _process_binary_data 处理 8 字节
2026-09-02 11:52:40,060 - DVPTest - DEBUG - 解析出压力: t=0.805, p=0.1
2026-09-02 11:52:40,060 - DVPTest - DEBUG - 发出 sig_data: t=0.805, p=0.08
2026-09-02 11:52:40,063 - DVPTest - DEBUG - process_data: t=0.80, p=0.1, v=-0.051, a=-2.1, phase=IDLE
2026-09-02 11:52:40,063 - DVPTest - DEBUG - [漏气] 检测到缓慢漏气 @ 0.80s, rate=-0.05
2026-09-02 11:52:40,063 - DVPTest - DEBUG - 物理分类结果: STABLE
2026-09-02 11:52:40,064 - DVPTest - DEBUG - [UI] _on_plot_update 收到 5 个数据点
2026-09-02 11:52:40,064 - DVPTest - INFO - [串口] [压力] 0.1 mmHg
2026-09-02 11:52:40,266 - DVPTest - DEBUG - 读取到 8 字节原始数据
2026-09-02 11:52:40,266 - DVPTest - DEBUG - _process_binary_data 处理 8 字节
2026-09-02 11:52:40,268 - DVPTest - DEBUG - 解析出压力: t=1.012, p=0.0
2026-09-02 11:52:40,268 - DVPTest - DEBUG - 发出 sig_data: t=1.012, p=0.04
2026-09-02 11:52:40,273 - DVPTest - DEBUG - process_data: t=1.01, p=0.0, v=-0.193, a=-0.7, phase=IDLE
2026-09-02 11:52:40,273 - DVPTest - DEBUG - 物理分类结果: DEFLATING
2026-09-02 11:52:40,274 - DVPTest - DEBUG - [UI] _on_plot_update 收到 6 个数据点
2026-09-02 11:52:40,276 - DVPTest - INFO - [串口] [压力] 0.0 mmHg
2026-09-02 11:52:40,462 - DVPTest - DEBUG - 读取到 8 字节原始数据
2026-09-02 11:52:40,462 - DVPTest - DEBUG - _process_binary_data 处理 8 字节
2026-09-02 11:52:40,463 - DVPTest - DEBUG - 解析出压力: t=1.207, p=0.1
2026-09-02 11:52:40,463 - DVPTest - DEBUG - 发出 sig_data: t=1.207, p=0.08
2026-09-02 11:52:40,466 - DVPTest - DEBUG - process_data: t=1.21, p=0.1, v=0.206, a=2.0, phase=IDLE
2026-09-02 11:52:40,466 - DVPTest - DEBUG - 物理分类结果: INFLATING
2026-09-02 11:52:40,467 - DVPTest - DEBUG - [UI] _on_plot_update 收到 7 个数据点
2026-09-02 11:52:40,468 - DVPTest - INFO - [串口] [压力] 0.1 mmHg
2026-09-02 11:52:40,659 - DVPTest - DEBUG - 读取到 8 字节原始数据
2026-09-02 11:52:40,659 - DVPTest - DEBUG - _process_binary_data 处理 8 字节
2026-09-02 11:52:40,661 - DVPTest - DEBUG - 解析出压力: t=1.406, p=0.1
2026-09-02 11:52:40,662 - DVPTest - DEBUG - 发出 sig_data: t=1.406, p=0.09
2026-09-02 11:52:40,667 - DVPTest - DEBUG - process_data: t=1.41, p=0.1, v=0.050, a=-0.8, phase=IDLE
2026-09-02 11:52:40,668 - DVPTest - DEBUG - 物理分类结果: STABLE
2026-09-02 11:52:40,669 - DVPTest - DEBUG - [UI] _on_plot_update 收到 8 个数据点
2026-09-02 11:52:40,672 - DVPTest - INFO - [串口] [压力] 0.1 mmHg
2026-09-02 11:52:40,867 - DVPTest - DEBUG - 读取到 8 字节原始数据
2026-09-02 11:52:40,867 - DVPTest - DEBUG - _process_binary_data 处理 8 字节
2026-09-02 11:52:40,868 - DVPTest - DEBUG - 解析出压力: t=1.612, p=0.1
2026-09-02 11:52:40,869 - DVPTest - DEBUG - 发出 sig_data: t=1.612, p=0.09
2026-09-02 11:52:40,872 - DVPTest - DEBUG - process_data: t=1.61, p=0.1, v=0.000, a=-0.2, phase=IDLE
2026-09-02 11:52:40,873 - DVPTest - DEBUG - 物理分类结果: STABLE
2026-09-02 11:52:40,875 - DVPTest - DEBUG - [UI] _on_plot_update 收到 9 个数据点
2026-09-02 11:52:40,876 - DVPTest - INFO - [串口] [压力] 0.1 mmHg
2026-09-02 11:52:41,061 - DVPTest - DEBUG - 读取到 8 字节原始数据
2026-09-02 11:52:41,061 - DVPTest - DEBUG - _process_binary_data 处理 8 字节
2026-09-02 11:52:41,061 - DVPTest - DEBUG - 解析出压力: t=1.806, p=0.1
2026-09-02 11:52:41,062 - DVPTest - DEBUG - 发出 sig_data: t=1.806, p=0.06
2026-09-02 11:52:41,063 - DVPTest - DEBUG - process_data: t=1.81, p=0.1, v=-0.155, a=-0.8, phase=IDLE
2026-09-02 11:52:41,063 - DVPTest - DEBUG - [漏气] 检测到缓慢漏气 @ 1.81s, rate=-0.15
2026-09-02 11:52:41,064 - DVPTest - DEBUG - 物理分类结果: DEFLATING
2026-09-02 11:52:41,065 - DVPTest - DEBUG - [UI] _on_plot_update 收到 10 个数据点
2026-09-02 11:52:41,066 - DVPTest - INFO - [串口] [压力] 0.1 mmHg
2026-09-02 11:52:41,259 - DVPTest - DEBUG - 读取到 8 字节原始数据
2026-09-02 11:52:41,260 - DVPTest - DEBUG - _process_binary_data 处理 8 字节
2026-09-02 11:52:41,261 - DVPTest - DEBUG - 解析出压力: t=2.006, p=0.1
2026-09-02 11:52:41,261 - DVPTest - DEBUG - 发出 sig_data: t=2.006, p=0.12
2026-09-02 11:52:41,267 - DVPTest - DEBUG - process_data: t=2.01, p=0.1, v=0.300, a=2.3, phase=IDLE
2026-09-02 11:52:41,267 - DVPTest - DEBUG - 充气峰值更新: 0.1 @ 2.01s
2026-09-02 11:52:41,268 - DVPTest - DEBUG - 物理分类结果: INFLATING
2026-09-02 11:52:41,268 - DVPTest - DEBUG - [UI] _on_plot_update 收到 11 个数据点
2026-09-02 11:52:41,269 - DVPTest - INFO - [串口] [压力] 0.1 mmHg
2026-09-02 11:52:41,466 - DVPTest - DEBUG - 读取到 8 字节原始数据
2026-09-02 11:52:41,466 - DVPTest - DEBUG - _process_binary_data 处理 8 字节
2026-09-02 11:52:41,467 - DVPTest - DEBUG - 解析出压力: t=2.211, p=0.1
2026-09-02 11:52:41,467 - DVPTest - DEBUG - 发出 sig_data: t=2.211, p=0.09
2026-09-02 11:52:41,471 - DVPTest - DEBUG - process_data: t=2.21, p=0.1, v=-0.146, a=-2.2, phase=IDLE
2026-09-02 11:52:41,471 - DVPTest - DEBUG - [漏气] 检测到缓慢漏气 @ 2.21s, rate=-0.15
2026-09-02 11:52:41,472 - DVPTest - DEBUG - 物理分类结果: DEFLATING
2026-09-02 11:52:41,472 - DVPTest - DEBUG - [UI] _on_plot_update 收到 12 个数据点
2026-09-02 11:52:41,473 - DVPTest - INFO - [串口] [压力] 0.1 mmHg
2026-09-02 11:52:41,662 - DVPTest - DEBUG - 读取到 8 字节原始数据
2026-09-02 11:52:41,662 - DVPTest - DEBUG - _process_binary_data 处理 8 字节
2026-09-02 11:52:41,663 - DVPTest - DEBUG - 解析出压力: t=2.406, p=0.1
2026-09-02 11:52:41,663 - DVPTest - DEBUG - 发出 sig_data: t=2.406, p=0.10
2026-09-02 11:52:41,665 - DVPTest - DEBUG - process_data: t=2.41, p=0.1, v=0.051, a=1.0, phase=IDLE
2026-09-02 11:52:41,665 - DVPTest - DEBUG - 物理分类结果: STABLE
2026-09-02 11:52:41,666 - DVPTest - DEBUG - [UI] _on_plot_update 收到 13 个数据点
2026-09-02 11:52:41,668 - DVPTest - INFO - [串口] [压力] 0.1 mmHg
2026-09-02 11:52:41,860 - DVPTest - DEBUG - 读取到 8 字节原始数据
2026-09-02 11:52:41,860 - DVPTest - DEBUG - _process_binary_data 处理 8 字节
2026-09-02 11:52:41,861 - DVPTest - DEBUG - 解析出压力: t=2.605, p=0.1
2026-09-02 11:52:41,861 - DVPTest - DEBUG - 发出 sig_data: t=2.605, p=0.08
2026-09-02 11:52:41,864 - DVPTest - DEBUG - process_data: t=2.61, p=0.1, v=-0.101, a=-0.8, phase=IDLE
2026-09-02 11:52:41,864 - DVPTest - DEBUG - [漏气] 检测到缓慢漏气 @ 2.61s, rate=-0.10
2026-09-02 11:52:41,864 - DVPTest - DEBUG - 物理分类结果: DEFLATING
2026-09-02 11:52:41,865 - DVPTest - DEBUG - [UI] _on_plot_update 收到 14 个数据点
2026-09-02 11:52:41,868 - DVPTest - INFO - [串口] [压力] 0.1 mmHg
2026-09-02 11:52:42,066 - DVPTest - DEBUG - 读取到 8 字节原始数据
2026-09-02 11:52:42,067 - DVPTest - DEBUG - _process_binary_data 处理 8 字节
2026-09-02 11:52:42,068 - DVPTest - DEBUG - 解析出压力: t=2.813, p=0.1
2026-09-02 11:52:42,069 - DVPTest - DEBUG - 发出 sig_data: t=2.813, p=0.08
2026-09-02 11:52:42,074 - DVPTest - DEBUG - process_data: t=2.81, p=0.1, v=0.000, a=0.5, phase=IDLE
2026-09-02 11:52:42,075 - DVPTest - DEBUG - 物理分类结果: STABLE
2026-09-02 11:52:42,075 - DVPTest - DEBUG - [UI] _on_plot_update 收到 15 个数据点
2026-09-02 11:52:42,078 - DVPTest - INFO - [串口] [压力] 0.1 mmHg
2026-09-02 11:52:42,261 - DVPTest - DEBUG - 读取到 8 字节原始数据
2026-09-02 11:52:42,261 - DVPTest - DEBUG - _process_binary_data 处理 8 字节
2026-09-02 11:52:42,265 - DVPTest - DEBUG - 解析出压力: t=3.009, p=0.1
2026-09-02 11:52:42,265 - DVPTest - DEBUG - 发出 sig_data: t=3.009, p=0.08
2026-09-02 11:52:42,270 - DVPTest - DEBUG - process_data: t=3.01, p=0.1, v=0.000, a=0.0, phase=IDLE
2026-09-02 11:52:42,270 - DVPTest - DEBUG - 物理分类结果: STABLE
2026-09-02 11:52:42,271 - DVPTest - DEBUG - [UI] _on_plot_update 收到 16 个数据点
2026-09-02 11:52:42,273 - DVPTest - INFO - [串口] [压力] 0.1 mmHg
2026-09-02 11:52:42,459 - DVPTest - DEBUG - 读取到 8 字节原始数据
2026-09-02 11:52:42,459 - DVPTest - DEBUG - _process_binary_data 处理 8 字节
2026-09-02 11:52:42,459 - DVPTest - DEBUG - 解析出压力: t=3.204, p=0.1
2026-09-02 11:52:42,460 - DVPTest - DEBUG - 发出 sig_data: t=3.204, p=0.09
2026-09-02 11:52:42,462 - DVPTest - DEBUG - process_data: t=3.20, p=0.1, v=0.051, a=0.3, phase=IDLE
2026-09-02 11:52:42,462 - DVPTest - DEBUG - 物理分类结果: STABLE
2026-09-02 11:52:42,462 - DVPTest - DEBUG - [UI] _on_plot_update 收到 17 个数据点
2026-09-02 11:52:42,464 - DVPTest - INFO - [串口] [压力] 0.1 mmHg
2026-09-02 11:52:42,666 - DVPTest - DEBUG - 读取到 8 字节原始数据
2026-09-02 11:52:42,666 - DVPTest - DEBUG - _process_binary_data 处理 8 字节
2026-09-02 11:52:42,667 - DVPTest - DEBUG - 解析出压力: t=3.411, p=0.1
2026-09-02 11:52:42,667 - DVPTest - DEBUG - 发出 sig_data: t=3.411, p=0.05
2026-09-02 11:52:42,669 - DVPTest - DEBUG - process_data: t=3.41, p=0.1, v=-0.194, a=-1.2, phase=IDLE
2026-09-02 11:52:42,669 - DVPTest - DEBUG - [漏气] 检测到缓慢漏气 @ 3.41s, rate=-0.19
2026-09-02 11:52:42,669 - DVPTest - DEBUG - 物理分类结果: DEFLATING
2026-09-02 11:52:42,670 - DVPTest - DEBUG - [UI] _on_plot_update 收到 18 个数据点
2026-09-02 11:52:42,670 - DVPTest - INFO - [串口] [压力] 0.1 mmHg
2026-09-02 11:52:42,861 - DVPTest - DEBUG - 读取到 8 字节原始数据
2026-09-02 11:52:42,861 - DVPTest - DEBUG - _process_binary_data 处理 8 字节
2026-09-02 11:52:42,863 - DVPTest - DEBUG - 解析出压力: t=3.607, p=0.1
2026-09-02 11:52:42,863 - DVPTest - DEBUG - 发出 sig_data: t=3.607, p=0.09
2026-09-02 11:52:42,867 - DVPTest - DEBUG - process_data: t=3.61, p=0.1, v=0.204, a=2.0, phase=IDLE
2026-09-02 11:52:42,867 - DVPTest - DEBUG - 物理分类结果: INFLATING
2026-09-02 11:52:42,868 - DVPTest - DEBUG - [UI] _on_plot_update 收到 19 个数据点
2026-09-02 11:52:42,870 - DVPTest - INFO - [串口] [压力] 0.1 mmHg
2026-09-02 11:52:43,060 - DVPTest - DEBUG - 读取到 8 字节原始数据
2026-09-02 11:52:43,060 - DVPTest - DEBUG - _process_binary_data 处理 8 字节
2026-09-02 11:52:43,062 - DVPTest - DEBUG - 解析出压力: t=3.806, p=0.1
2026-09-02 11:52:43,062 - DVPTest - DEBUG - 发出 sig_data: t=3.806, p=0.07
2026-09-02 11:52:43,066 - DVPTest - DEBUG - process_data: t=3.81, p=0.1, v=-0.100, a=-1.5, phase=IDLE
2026-09-02 11:52:43,068 - DVPTest - DEBUG - [漏气] 检测到缓慢漏气 @ 3.81s, rate=-0.10
2026-09-02 11:52:43,068 - DVPTest - DEBUG - 物理分类结果: DEFLATING
2026-09-02 11:52:43,069 - DVPTest - DEBUG - [UI] _on_plot_update 收到 20 个数据点
2026-09-02 11:52:43,071 - DVPTest - INFO - [串口] [压力] 0.1 mmHg
2026-09-02 11:52:43,267 - DVPTest - DEBUG - 读取到 8 字节原始数据
2026-09-02 11:52:43,267 - DVPTest - DEBUG - _process_binary_data 处理 8 字节
2026-09-02 11:52:43,269 - DVPTest - DEBUG - 解析出压力: t=4.013, p=0.1
2026-09-02 11:52:43,270 - DVPTest - DEBUG - 发出 sig_data: t=4.013, p=0.05
2026-09-02 11:52:43,275 - DVPTest - DEBUG - process_data: t=4.01, p=0.1, v=-0.096, a=0.0, phase=IDLE
2026-09-02 11:52:43,276 - DVPTest - DEBUG - 物理分类结果: STABLE
2026-09-02 11:52:43,277 - DVPTest - DEBUG - [UI] _on_plot_update 收到 21 个数据点
2026-09-02 11:52:43,280 - DVPTest - INFO - [串口] [压力] 0.1 mmHg
2026-09-02 11:52:43,462 - DVPTest - DEBUG - 读取到 8 字节原始数据
2026-09-02 11:52:43,462 - DVPTest - DEBUG - _process_binary_data 处理 8 字节
2026-09-02 11:52:43,463 - DVPTest - DEBUG - 解析出压力: t=4.207, p=0.1
2026-09-02 11:52:43,463 - DVPTest - DEBUG - 发出 sig_data: t=4.207, p=0.09
2026-09-02 11:52:43,465 - DVPTest - DEBUG - process_data: t=4.21, p=0.1, v=0.207, a=1.6, phase=IDLE
2026-09-02 11:52:43,465 - DVPTest - DEBUG - 物理分类结果: INFLATING
2026-09-02 11:52:43,465 - DVPTest - DEBUG - [UI] _on_plot_update 收到 22 个数据点
2026-09-02 11:52:43,466 - DVPTest - INFO - [串口] [压力] 0.1 mmHg
2026-09-02 11:52:43,660 - DVPTest - DEBUG - 读取到 8 字节原始数据
2026-09-02 11:52:43,660 - DVPTest - DEBUG - _process_binary_data 处理 8 字节
2026-09-02 11:52:43,662 - DVPTest - DEBUG - 解析出压力: t=4.406, p=0.1
2026-09-02 11:52:43,662 - DVPTest - DEBUG - 发出 sig_data: t=4.406, p=0.10
2026-09-02 11:52:43,665 - DVPTest - DEBUG - process_data: t=4.41, p=0.1, v=0.050, a=-0.8, phase=IDLE
2026-09-02 11:52:43,665 - DVPTest - DEBUG - 物理分类结果: STABLE
2026-09-02 11:52:43,666 - DVPTest - DEBUG - [UI] _on_plot_update 收到 23 个数据点
2026-09-02 11:52:43,669 - DVPTest - INFO - [串口] [压力] 0.1 mmHg
2026-09-02 11:52:43,866 - DVPTest - DEBUG - 读取到 8 字节原始数据
2026-09-02 11:52:43,866 - DVPTest - DEBUG - _process_binary_data 处理 8 字节
2026-09-02 11:52:43,868 - DVPTest - DEBUG - 解析出压力: t=4.612, p=0.1
2026-09-02 11:52:43,868 - DVPTest - DEBUG - 发出 sig_data: t=4.612, p=0.07
2026-09-02 11:52:43,871 - DVPTest - DEBUG - process_data: t=4.61, p=0.1, v=-0.146, a=-1.0, phase=IDLE
2026-09-02 11:52:43,871 - DVPTest - DEBUG - [漏气] 检测到缓慢漏气 @ 4.61s, rate=-0.15
2026-09-02 11:52:43,872 - DVPTest - DEBUG - 物理分类结果: DEFLATING
2026-09-02 11:52:43,874 - DVPTest - DEBUG - [UI] _on_plot_update 收到 24 个数据点
2026-09-02 11:52:43,875 - DVPTest - INFO - [串口] [压力] 0.1 mmHg
2026-09-02 11:52:44,061 - DVPTest - DEBUG - 读取到 8 字节原始数据
2026-09-02 11:52:44,061 - DVPTest - DEBUG - _process_binary_data 处理 8 字节
2026-09-02 11:52:44,061 - DVPTest - DEBUG - 解析出压力: t=4.806, p=0.1
2026-09-02 11:52:44,063 - DVPTest - DEBUG - 发出 sig_data: t=4.806, p=0.07
2026-09-02 11:52:44,064 - DVPTest - DEBUG - process_data: t=4.81, p=0.1, v=0.000, a=0.7, phase=IDLE
2026-09-02 11:52:44,064 - DVPTest - DEBUG - 物理分类结果: STABLE
2026-09-02 11:52:44,064 - DVPTest - DEBUG - [UI] _on_plot_update 收到 25 个数据点
2026-09-02 11:52:44,066 - DVPTest - INFO - [串口] [压力] 0.1 mmHg
2026-09-02 11:52:44,260 - DVPTest - DEBUG - 读取到 8 字节原始数据
2026-09-02 11:52:44,261 - DVPTest - DEBUG - _process_binary_data 处理 8 字节
2026-09-02 11:52:44,262 - DVPTest - DEBUG - 解析出压力: t=5.006, p=0.1
2026-09-02 11:52:44,263 - DVPTest - DEBUG - 发出 sig_data: t=5.006, p=0.12
2026-09-02 11:52:44,270 - DVPTest - DEBUG - process_data: t=5.01, p=0.1, v=0.250, a=1.2, phase=IDLE
2026-09-02 11:52:44,271 - DVPTest - DEBUG - 物理分类结果: INFLATING
2026-09-02 11:52:44,271 - DVPTest - DEBUG - [UI] _on_plot_update 收到 26 个数据点
2026-09-02 11:52:44,273 - DVPTest - INFO - [串口] [压力] 0.1 mmHg
2026-09-02 11:52:44,466 - DVPTest - DEBUG - 读取到 8 字节原始数据
2026-09-02 11:52:44,466 - DVPTest - DEBUG - _process_binary_data 处理 8 字节
2026-09-02 11:52:44,468 - DVPTest - DEBUG - 解析出压力: t=5.212, p=0.1
2026-09-02 11:52:44,468 - DVPTest - DEBUG - 发出 sig_data: t=5.212, p=0.08
2026-09-02 11:52:44,474 - DVPTest - DEBUG - process_data: t=5.21, p=0.1, v=-0.194, a=-2.2, phase=IDLE
2026-09-02 11:52:44,474 - DVPTest - DEBUG - [漏气] 检测到缓慢漏气 @ 5.21s, rate=-0.19
2026-09-02 11:52:44,475 - DVPTest - DEBUG - 物理分类结果: DEFLATING
2026-09-02 11:52:44,476 - DVPTest - DEBUG - [UI] _on_plot_update 收到 27 个数据点
2026-09-02 11:52:44,478 - DVPTest - INFO - [串口] [压力] 0.1 mmHg
2026-09-02 11:52:44,661 - DVPTest - DEBUG - 读取到 8 字节原始数据
2026-09-02 11:52:44,661 - DVPTest - DEBUG - _process_binary_data 处理 8 字节
2026-09-02 11:52:44,661 - DVPTest - DEBUG - 解析出压力: t=5.406, p=0.1
2026-09-02 11:52:44,662 - DVPTest - DEBUG - 发出 sig_data: t=5.406, p=0.05
2026-09-02 11:52:44,666 - DVPTest - DEBUG - process_data: t=5.41, p=0.1, v=-0.155, a=0.2, phase=IDLE
2026-09-02 11:52:44,666 - DVPTest - DEBUG - 物理分类结果: DEFLATING
2026-09-02 11:52:44,667 - DVPTest - DEBUG - [UI] _on_plot_update 收到 28 个数据点
2026-09-02 11:52:44,668 - DVPTest - INFO - [串口] [压力] 0.1 mmHg
2026-09-02 11:52:44,859 - DVPTest - DEBUG - 读取到 8 字节原始数据
2026-09-02 11:52:44,859 - DVPTest - DEBUG - _process_binary_data 处理 8 字节
2026-09-02 11:52:44,860 - DVPTest - DEBUG - 解析出压力: t=5.604, p=0.1
2026-09-02 11:52:44,860 - DVPTest - DEBUG - 发出 sig_data: t=5.604, p=0.09
2026-09-02 11:52:44,864 - DVPTest - DEBUG - process_data: t=5.60, p=0.1, v=0.201, a=1.8, phase=IDLE
2026-09-02 11:52:44,864 - DVPTest - DEBUG - 物理分类结果: INFLATING
2026-09-02 11:52:44,864 - DVPTest - DEBUG - [UI] _on_plot_update 收到 29 个数据点
2026-09-02 11:52:44,865 - DVPTest - INFO - [串口] [压力] 0.1 mmHg
2026-09-02 11:52:45,067 - DVPTest - DEBUG - 读取到 8 字节原始数据
2026-09-02 11:52:45,067 - DVPTest - DEBUG - _process_binary_data 处理 8 字节
2026-09-02 11:52:45,068 - DVPTest - DEBUG - 解析出压力: t=5.813, p=0.1
2026-09-02 11:52:45,070 - DVPTest - DEBUG - 发出 sig_data: t=5.813, p=0.10
2026-09-02 11:52:45,074 - DVPTest - DEBUG - process_data: t=5.81, p=0.1, v=0.048, a=-0.7, phase=IDLE
2026-09-02 11:52:45,074 - DVPTest - DEBUG - 物理分类结果: STABLE
2026-09-02 11:52:45,075 - DVPTest - DEBUG - [UI] _on_plot_update 收到 30 个数据点
2026-09-02 11:52:45,077 - DVPTest - INFO - [串口] [压力] 0.1 mmHg
2026-09-02 11:52:45,261 - DVPTest - DEBUG - 读取到 8 字节原始数据
2026-09-02 11:52:45,261 - DVPTest - DEBUG - _process_binary_data 处理 8 字节
2026-09-02 11:52:45,263 - DVPTest - DEBUG - 解析出压力: t=6.008, p=0.1
2026-09-02 11:52:45,264 - DVPTest - DEBUG - 发出 sig_data: t=6.008, p=0.09
2026-09-02 11:52:45,270 - DVPTest - DEBUG - process_data: t=6.01, p=0.1, v=-0.051, a=-0.5, phase=IDLE
2026-09-02 11:52:45,271 - DVPTest - DEBUG - [漏气] 检测到缓慢漏气 @ 6.01s, rate=-0.05
2026-09-02 11:52:45,272 - DVPTest - DEBUG - 物理分类结果: STABLE
2026-09-02 11:52:45,274 - DVPTest - DEBUG - [UI] _on_plot_update 收到 31 个数据点
2026-09-02 11:52:45,276 - DVPTest - INFO - [串口] [压力] 0.1 mmHg
2026-09-02 11:52:45,459 - DVPTest - DEBUG - 读取到 8 字节原始数据
2026-09-02 11:52:45,459 - DVPTest - DEBUG - _process_binary_data 处理 8 字节
2026-09-02 11:52:45,459 - DVPTest - DEBUG - 解析出压力: t=6.204, p=0.1
2026-09-02 11:52:45,461 - DVPTest - DEBUG - 发出 sig_data: t=6.204, p=0.11
2026-09-02 11:52:45,462 - DVPTest - DEBUG - process_data: t=6.20, p=0.1, v=0.102, a=0.8, phase=IDLE
2026-09-02 11:52:45,463 - DVPTest - DEBUG - 物理分类结果: INFLATING
2026-09-02 11:52:45,464 - DVPTest - DEBUG - [UI] _on_plot_update 收到 32 个数据点
2026-09-02 11:52:45,465 - DVPTest - INFO - [串口] [压力] 0.1 mmHg
2026-09-02 11:52:45,666 - DVPTest - DEBUG - 读取到 8 字节原始数据
2026-09-02 11:52:45,666 - DVPTest - DEBUG - _process_binary_data 处理 8 字节
2026-09-02 11:52:45,668 - DVPTest - DEBUG - 解析出压力: t=6.412, p=0.1
2026-09-02 11:52:45,668 - DVPTest - DEBUG - 发出 sig_data: t=6.412, p=0.09
2026-09-02 11:52:45,671 - DVPTest - DEBUG - process_data: t=6.41, p=0.1, v=-0.096, a=-1.0, phase=IDLE
2026-09-02 11:52:45,671 - DVPTest - DEBUG - [漏气] 检测到缓慢漏气 @ 6.41s, rate=-0.10
2026-09-02 11:52:45,671 - DVPTest - DEBUG - 物理分类结果: STABLE
2026-09-02 11:52:45,672 - DVPTest - DEBUG - [UI] _on_plot_update 收到 33 个数据点
2026-09-02 11:52:45,673 - DVPTest - INFO - [串口] [压力] 0.1 mmHg
2026-09-02 11:52:45,861 - DVPTest - DEBUG - 读取到 8 字节原始数据
2026-09-02 11:52:45,861 - DVPTest - DEBUG - _process_binary_data 处理 8 字节
2026-09-02 11:52:45,863 - DVPTest - DEBUG - 解析出压力: t=6.607, p=0.1
2026-09-02 11:52:45,864 - DVPTest - DEBUG - 发出 sig_data: t=6.607, p=0.07
2026-09-02 11:52:45,868 - DVPTest - DEBUG - process_data: t=6.61, p=0.1, v=-0.102, a=-0.0, phase=IDLE
2026-09-02 11:52:45,869 - DVPTest - DEBUG - 物理分类结果: DEFLATING
2026-09-02 11:52:45,869 - DVPTest - DEBUG - [UI] _on_plot_update 收到 34 个数据点
2026-09-02 11:52:45,871 - DVPTest - INFO - [串口] [压力] 0.1 mmHg
2026-09-02 11:52:46,059 - DVPTest - DEBUG - 读取到 8 字节原始数据
2026-09-02 11:52:46,059 - DVPTest - DEBUG - _process_binary_data 处理 8 字节
2026-09-02 11:52:46,061 - DVPTest - DEBUG - 解析出压力: t=6.805, p=0.1
2026-09-02 11:52:46,062 - DVPTest - DEBUG - 发出 sig_data: t=6.805, p=0.10
2026-09-02 11:52:46,065 - DVPTest - DEBUG - process_data: t=6.81, p=0.1, v=0.152, a=1.3, phase=IDLE
2026-09-02 11:52:46,065 - DVPTest - DEBUG - 物理分类结果: INFLATING
2026-09-02 11:52:46,066 - DVPTest - DEBUG - [UI] _on_plot_update 收到 35 个数据点
2026-09-02 11:52:46,068 - DVPTest - INFO - [串口] [压力] 0.1 mmHg
2026-09-02 11:52:46,267 - DVPTest - DEBUG - 读取到 8 字节原始数据
2026-09-02 11:52:46,267 - DVPTest - DEBUG - _process_binary_data 处理 8 字节
2026-09-02 11:52:46,268 - DVPTest - DEBUG - 解析出压力: t=7.012, p=0.1
2026-09-02 11:52:46,268 - DVPTest - DEBUG - 发出 sig_data: t=7.012, p=0.10
2026-09-02 11:52:46,271 - DVPTest - DEBUG - process_data: t=7.01, p=0.1, v=0.000, a=-0.7, phase=IDLE
2026-09-02 11:52:46,271 - DVPTest - DEBUG - 物理分类结果: STABLE
2026-09-02 11:52:46,272 - DVPTest - DEBUG - [UI] _on_plot_update 收到 36 个数据点
2026-09-02 11:52:46,274 - DVPTest - INFO - [串口] [压力] 0.1 mmHg
2026-09-02 11:52:46,461 - DVPTest - DEBUG - 读取到 8 字节原始数据
2026-09-02 11:52:46,461 - DVPTest - DEBUG - _process_binary_data 处理 8 字节
2026-09-02 11:52:46,462 - DVPTest - DEBUG - 解析出压力: t=7.207, p=0.1
2026-09-02 11:52:46,462 - DVPTest - DEBUG - 发出 sig_data: t=7.207, p=0.09
2026-09-02 11:52:46,465 - DVPTest - DEBUG - process_data: t=7.21, p=0.1, v=-0.051, a=-0.3, phase=IDLE
2026-09-02 11:52:46,465 - DVPTest - DEBUG - [漏气] 检测到缓慢漏气 @ 7.21s, rate=-0.05
2026-09-02 11:52:46,465 - DVPTest - DEBUG - 物理分类结果: STABLE
2026-09-02 11:52:46,466 - DVPTest - DEBUG - [UI] _on_plot_update 收到 37 个数据点
2026-09-02 11:52:46,467 - DVPTest - INFO - [串口] [压力] 0.1 mmHg
2026-09-02 11:52:46,659 - DVPTest - DEBUG - 读取到 8 字节原始数据
2026-09-02 11:52:46,659 - DVPTest - DEBUG - _process_binary_data 处理 8 字节
2026-09-02 11:52:46,661 - DVPTest - DEBUG - 解析出压力: t=7.405, p=0.1
2026-09-02 11:52:46,662 - DVPTest - DEBUG - 发出 sig_data: t=7.405, p=0.06
2026-09-02 11:52:46,667 - DVPTest - DEBUG - process_data: t=7.41, p=0.1, v=-0.151, a=-0.5, phase=IDLE
2026-09-02 11:52:46,668 - DVPTest - DEBUG - 物理分类结果: DEFLATING
2026-09-02 11:52:46,668 - DVPTest - DEBUG - [UI] _on_plot_update 收到 38 个数据点
2026-09-02 11:52:46,670 - DVPTest - INFO - [串口] [压力] 0.1 mmHg
2026-09-02 11:52:46,866 - DVPTest - DEBUG - 读取到 8 字节原始数据
2026-09-02 11:52:46,866 - DVPTest - DEBUG - _process_binary_data 处理 8 字节
2026-09-02 11:52:46,867 - DVPTest - DEBUG - 解析出压力: t=7.611, p=0.1
2026-09-02 11:52:46,868 - DVPTest - DEBUG - 发出 sig_data: t=7.611, p=0.13
2026-09-02 11:52:46,870 - DVPTest - DEBUG - process_data: t=7.61, p=0.1, v=0.339, a=2.4, phase=IDLE
2026-09-02 11:52:46,870 - DVPTest - DEBUG - 充气峰值更新: 0.1 @ 7.61s
2026-09-02 11:52:46,871 - DVPTest - DEBUG - 物理分类结果: INFLATING
2026-09-02 11:52:46,871 - DVPTest - DEBUG - [UI] _on_plot_update 收到 39 个数据点
2026-09-02 11:52:46,872 - DVPTest - INFO - [串口] [压力] 0.1 mmHg
2026-09-02 11:52:47,061 - DVPTest - DEBUG - 读取到 8 字节原始数据
2026-09-02 11:52:47,061 - DVPTest - DEBUG - _process_binary_data 处理 8 字节
2026-09-02 11:52:47,062 - DVPTest - DEBUG - 解析出压力: t=7.806, p=0.1
2026-09-02 11:52:47,062 - DVPTest - DEBUG - 发出 sig_data: t=7.806, p=0.10
2026-09-02 11:52:47,067 - DVPTest - DEBUG - process_data: t=7.81, p=0.1, v=-0.154, a=-2.5, phase=IDLE
2026-09-02 11:52:47,068 - DVPTest - DEBUG - [漏气] 检测到缓慢漏气 @ 7.81s, rate=-0.15
2026-09-02 11:52:47,068 - DVPTest - DEBUG - 物理分类结果: DEFLATING
2026-09-02 11:52:47,068 - DVPTest - DEBUG - [UI] _on_plot_update 收到 40 个数据点
2026-09-02 11:52:47,071 - DVPTest - INFO - [串口] [压力] 0.1 mmHg
2026-09-02 11:52:47,259 - DVPTest - DEBUG - 读取到 8 字节原始数据
2026-09-02 11:52:47,259 - DVPTest - DEBUG - _process_binary_data 处理 8 字节
2026-09-02 11:52:47,259 - DVPTest - DEBUG - 解析出压力: t=8.004, p=0.1
2026-09-02 11:52:47,260 - DVPTest - DEBUG - 发出 sig_data: t=8.004, p=0.11
2026-09-02 11:52:47,264 - DVPTest - DEBUG - process_data: t=8.00, p=0.1, v=0.051, a=1.0, phase=IDLE
2026-09-02 11:52:47,265 - DVPTest - DEBUG - 物理分类结果: STABLE
2026-09-02 11:52:47,265 - DVPTest - DEBUG - [UI] _on_plot_update 收到 41 个数据点
2026-09-02 11:52:47,267 - DVPTest - INFO - [串口] [压力] 0.1 mmHg
2026-09-02 11:52:47,466 - DVPTest - DEBUG - 读取到 8 字节原始数据
2026-09-02 11:52:47,467 - DVPTest - DEBUG - _process_binary_data 处理 8 字节
2026-09-02 11:52:47,468 - DVPTest - DEBUG - 解析出压力: t=8.212, p=0.1
2026-09-02 11:52:47,469 - DVPTest - DEBUG - 发出 sig_data: t=8.212, p=0.08
2026-09-02 11:52:47,472 - DVPTest - DEBUG - process_data: t=8.21, p=0.1, v=-0.144, a=-0.9, phase=IDLE
2026-09-02 11:52:47,472 - DVPTest - DEBUG - [漏气] 检测到缓慢漏气 @ 8.21s, rate=-0.14
2026-09-02 11:52:47,473 - DVPTest - DEBUG - 物理分类结果: DEFLATING
2026-09-02 11:52:47,474 - DVPTest - DEBUG - [UI] _on_plot_update 收到 42 个数据点
2026-09-02 11:52:47,478 - DVPTest - INFO - [串口] [压力] 0.1 mmHg
2026-09-02 11:52:47,661 - DVPTest - DEBUG - 读取到 8 字节原始数据
2026-09-02 11:52:47,661 - DVPTest - DEBUG - _process_binary_data 处理 8 字节
2026-09-02 11:52:47,663 - DVPTest - DEBUG - 解析出压力: t=8.407, p=0.1
2026-09-02 11:52:47,663 - DVPTest - DEBUG - 发出 sig_data: t=8.407, p=0.07
2026-09-02 11:52:47,668 - DVPTest - DEBUG - process_data: t=8.41, p=0.1, v=-0.051, a=0.5, phase=IDLE
2026-09-02 11:52:47,668 - DVPTest - DEBUG - 物理分类结果: STABLE
2026-09-02 11:52:47,669 - DVPTest - DEBUG - [UI] _on_plot_update 收到 43 个数据点
2026-09-02 11:52:47,671 - DVPTest - INFO - [串口] [压力] 0.1 mmHg
2026-09-02 11:52:47,860 - DVPTest - DEBUG - 读取到 8 字节原始数据
2026-09-02 11:52:47,860 - DVPTest - DEBUG - _process_binary_data 处理 8 字节
2026-09-02 11:52:47,860 - DVPTest - DEBUG - 解析出压力: t=8.605, p=0.1
2026-09-02 11:52:47,861 - DVPTest - DEBUG - 发出 sig_data: t=8.605, p=0.07
2026-09-02 11:52:47,863 - DVPTest - DEBUG - process_data: t=8.60, p=0.1, v=0.000, a=0.3, phase=IDLE
2026-09-02 11:52:47,863 - DVPTest - DEBUG - 物理分类结果: STABLE
2026-09-02 11:52:47,864 - DVPTest - DEBUG - [UI] _on_plot_update 收到 44 个数据点
2026-09-02 11:52:47,865 - DVPTest - INFO - [串口] [压力] 0.1 mmHg
2026-09-02 11:52:48,066 - DVPTest - DEBUG - 读取到 8 字节原始数据
2026-09-02 11:52:48,067 - DVPTest - DEBUG - _process_binary_data 处理 8 字节
2026-09-02 11:52:48,071 - DVPTest - DEBUG - 解析出压力: t=8.815, p=0.1
2026-09-02 11:52:48,071 - DVPTest - DEBUG - 发出 sig_data: t=8.815, p=0.10
2026-09-02 11:52:48,077 - DVPTest - DEBUG - process_data: t=8.82, p=0.1, v=0.142, a=0.7, phase=IDLE
2026-09-02 11:52:48,078 - DVPTest - DEBUG - 物理分类结果: INFLATING
2026-09-02 11:52:48,080 - DVPTest - DEBUG - [UI] _on_plot_update 收到 45 个数据点
2026-09-02 11:52:48,081 - DVPTest - INFO - [串口] [压力] 0.1 mmHg
2026-09-02 11:52:48,262 - DVPTest - DEBUG - 读取到 8 字节原始数据
2026-09-02 11:52:48,264 - DVPTest - DEBUG - _process_binary_data 处理 8 字节
2026-09-02 11:52:48,266 - DVPTest - DEBUG - 解析出压力: t=9.010, p=0.1
2026-09-02 11:52:48,266 - DVPTest - DEBUG - 发出 sig_data: t=9.010, p=0.11
2026-09-02 11:52:48,271 - DVPTest - DEBUG - process_data: t=9.01, p=0.1, v=0.051, a=-0.5, phase=IDLE
2026-09-02 11:52:48,271 - DVPTest - DEBUG - 物理分类结果: STABLE
2026-09-02 11:52:48,272 - DVPTest - DEBUG - [UI] _on_plot_update 收到 46 个数据点
2026-09-02 11:52:48,273 - DVPTest - INFO - [串口] [压力] 0.1 mmHg
2026-09-02 11:52:48,461 - DVPTest - DEBUG - 读取到 8 字节原始数据
2026-09-02 11:52:48,461 - DVPTest - DEBUG - _process_binary_data 处理 8 字节
2026-09-02 11:52:48,463 - DVPTest - DEBUG - 解析出压力: t=9.206, p=0.1
2026-09-02 11:52:48,463 - DVPTest - DEBUG - 发出 sig_data: t=9.206, p=0.08
2026-09-02 11:52:48,469 - DVPTest - DEBUG - process_data: t=9.21, p=0.1, v=-0.153, a=-1.0, phase=IDLE
2026-09-02 11:52:48,470 - DVPTest - DEBUG - [漏气] 检测到缓慢漏气 @ 9.21s, rate=-0.15
2026-09-02 11:52:48,470 - DVPTest - DEBUG - 物理分类结果: DEFLATING
2026-09-02 11:52:48,471 - DVPTest - DEBUG - [UI] _on_plot_update 收到 47 个数据点
2026-09-02 11:52:48,475 - DVPTest - INFO - [串口] [压力] 0.1 mmHg
2026-09-02 11:52:48,666 - DVPTest - DEBUG - 读取到 8 字节原始数据
2026-09-02 11:52:48,666 - DVPTest - DEBUG - _process_binary_data 处理 8 字节
2026-09-02 11:52:48,668 - DVPTest - DEBUG - 解析出压力: t=9.412, p=0.1
2026-09-02 11:52:48,668 - DVPTest - DEBUG - 发出 sig_data: t=9.412, p=0.05
2026-09-02 11:52:48,671 - DVPTest - DEBUG - process_data: t=9.41, p=0.1, v=-0.146, a=0.0, phase=IDLE
2026-09-02 11:52:48,671 - DVPTest - DEBUG - 物理分类结果: DEFLATING
2026-09-02 11:52:48,671 - DVPTest - DEBUG - [UI] _on_plot_update 收到 48 个数据点
2026-09-02 11:52:48,672 - DVPTest - INFO - [串口] [压力] 0.1 mmHg
2026-09-02 11:52:48,862 - DVPTest - DEBUG - 读取到 8 字节原始数据
2026-09-02 11:52:48,862 - DVPTest - DEBUG - _process_binary_data 处理 8 字节
2026-09-02 11:52:48,863 - DVPTest - DEBUG - 解析出压力: t=9.607, p=0.1
2026-09-02 11:52:48,864 - DVPTest - DEBUG - 发出 sig_data: t=9.607, p=0.05
2026-09-02 11:52:48,866 - DVPTest - DEBUG - process_data: t=9.61, p=0.1, v=0.000, a=0.7, phase=IDLE
2026-09-02 11:52:48,866 - DVPTest - DEBUG - 物理分类结果: STABLE
2026-09-02 11:52:48,867 - DVPTest - DEBUG - [UI] _on_plot_update 收到 49 个数据点
2026-09-02 11:52:48,868 - DVPTest - INFO - [串口] [压力] 0.1 mmHg
2026-09-02 11:52:49,060 - DVPTest - DEBUG - 读取到 8 字节原始数据
2026-09-02 11:52:49,060 - DVPTest - DEBUG - _process_binary_data 处理 8 字节
2026-09-02 11:52:49,062 - DVPTest - DEBUG - 解析出压力: t=9.806, p=0.1
2026-09-02 11:52:49,063 - DVPTest - DEBUG - 发出 sig_data: t=9.806, p=0.07
2026-09-02 11:52:49,067 - DVPTest - DEBUG - process_data: t=9.81, p=0.1, v=0.100, a=0.5, phase=IDLE
2026-09-02 11:52:49,067 - DVPTest - DEBUG - 物理分类结果: INFLATING
2026-09-02 11:52:49,068 - DVPTest - DEBUG - [UI] _on_plot_update 收到 50 个数据点
2026-09-02 11:52:49,071 - DVPTest - INFO - [串口] [压力] 0.1 mmHg
2026-09-02 11:52:49,266 - DVPTest - DEBUG - 读取到 8 字节原始数据
2026-09-02 11:52:49,268 - DVPTest - DEBUG - _process_binary_data 处理 8 字节
2026-09-02 11:52:49,269 - DVPTest - DEBUG - 解析出压力: t=10.013, p=0.7
2026-09-02 11:52:49,269 - DVPTest - DEBUG - 发出 sig_data: t=10.013, p=0.65
2026-09-02 11:52:49,274 - DVPTest - DEBUG - process_data: t=10.01, p=0.7, v=2.807, a=13.1, phase=IDLE
2026-09-02 11:52:49,274 - DVPTest - DEBUG - 充气峰值更新: 0.7 @ 10.01s
2026-09-02 11:52:49,275 - DVPTest - DEBUG - 物理分类结果: INFLATING
2026-09-02 11:52:49,276 - DVPTest - DEBUG - [UI] _on_plot_update 收到 51 个数据点
2026-09-02 11:52:49,278 - DVPTest - INFO - [串口] [压力] 0.7 mmHg
2026-09-02 11:52:49,460 - DVPTest - DEBUG - 读取到 8 字节原始数据
2026-09-02 11:52:49,460 - DVPTest - DEBUG - _process_binary_data 处理 8 字节
2026-09-02 11:52:49,461 - DVPTest - DEBUG - 解析出压力: t=10.205, p=1.2
2026-09-02 11:52:49,461 - DVPTest - DEBUG - 发出 sig_data: t=10.205, p=1.19
2026-09-02 11:52:49,463 - DVPTest - DEBUG - process_data: t=10.21, p=1.2, v=2.808, a=0.0, phase=IDLE
2026-09-02 11:52:49,463 - DVPTest - DEBUG - 充气峰值更新: 1.2 @ 10.21s
2026-09-02 11:52:49,464 - DVPTest - DEBUG - 物理分类结果: INFLATING
2026-09-02 11:52:49,464 - DVPTest - DEBUG - [UI] _on_plot_update 收到 52 个数据点
2026-09-02 11:52:49,465 - DVPTest - INFO - [串口] [压力] 1.2 mmHg
2026-09-02 11:52:49,660 - DVPTest - DEBUG - 读取到 8 字节原始数据
2026-09-02 11:52:49,660 - DVPTest - DEBUG - _process_binary_data 处理 8 字节
2026-09-02 11:52:49,662 - DVPTest - DEBUG - 解析出压力: t=10.406, p=1.5
2026-09-02 11:52:49,662 - DVPTest - DEBUG - 发出 sig_data: t=10.406, p=1.47
2026-09-02 11:52:49,666 - DVPTest - DEBUG - process_data: t=10.41, p=1.5, v=1.396, a=-7.0, phase=IDLE
2026-09-02 11:52:49,667 - DVPTest - DEBUG - 充气峰值更新: 1.5 @ 10.41s
2026-09-02 11:52:49,668 - DVPTest - DEBUG - 物理分类结果: INFLATING
2026-09-02 11:52:49,669 - DVPTest - DEBUG - [UI] _on_plot_update 收到 53 个数据点
2026-09-02 11:52:49,671 - DVPTest - INFO - [串口] [压力] 1.5 mmHg
2026-09-02 11:52:49,866 - DVPTest - DEBUG - 读取到 8 字节原始数据
2026-09-02 11:52:49,866 - DVPTest - DEBUG - _process_binary_data 处理 8 字节
2026-09-02 11:52:49,867 - DVPTest - DEBUG - 解析出压力: t=10.610, p=1.3
2026-09-02 11:52:49,867 - DVPTest - DEBUG - 发出 sig_data: t=10.610, p=1.32
2026-09-02 11:52:49,871 - DVPTest - DEBUG - process_data: t=10.61, p=1.3, v=-0.733, a=-10.4, phase=IDLE
2026-09-02 11:52:49,872 - DVPTest - DEBUG - [漏气] 检测到缓慢漏气 @ 10.61s, rate=-0.73
2026-09-02 11:52:49,872 - DVPTest - DEBUG - 物理分类结果: DEFLATING
2026-09-02 11:52:49,873 - DVPTest - DEBUG - [UI] _on_plot_update 收到 54 个数据点
2026-09-02 11:52:49,876 - DVPTest - INFO - [串口] [压力] 1.3 mmHg
2026-09-02 11:52:50,061 - DVPTest - DEBUG - 读取到 8 字节原始数据
2026-09-02 11:52:50,061 - DVPTest - DEBUG - _process_binary_data 处理 8 字节
2026-09-02 11:52:50,062 - DVPTest - DEBUG - 解析出压力: t=10.806, p=1.3
2026-09-02 11:52:50,062 - DVPTest - DEBUG - 发出 sig_data: t=10.806, p=1.31
2026-09-02 11:52:50,069 - DVPTest - DEBUG - process_data: t=10.81, p=1.3, v=-0.051, a=3.5, phase=IDLE
2026-09-02 11:52:50,070 - DVPTest - DEBUG - 物理分类结果: STABLE
2026-09-02 11:52:50,070 - DVPTest - DEBUG - [UI] _on_plot_update 收到 55 个数据点
2026-09-02 11:52:50,074 - DVPTest - INFO - [串口] [压力] 1.3 mmHg
2026-09-02 11:52:50,259 - DVPTest - DEBUG - 读取到 8 字节原始数据
2026-09-02 11:52:50,260 - DVPTest - DEBUG - _process_binary_data 处理 8 字节
2026-09-02 11:52:50,260 - DVPTest - DEBUG - 解析出压力: t=11.004, p=0.8
2026-09-02 11:52:50,260 - DVPTest - DEBUG - 发出 sig_data: t=11.004, p=0.80
2026-09-02 11:52:50,264 - DVPTest - DEBUG - process_data: t=11.00, p=0.8, v=-2.571, a=-12.7, phase=IDLE
2026-09-02 11:52:50,264 - DVPTest - DEBUG - [主动泄气] 从漏气状态转换 @ 11.00s, rate=-2.57
2026-09-02 11:52:50,264 - DVPTest - INFO - ★ 泄气拐点确认 [主动泄气(漏气后)]: p=0.80 @ t=11.004s, rate=-2.57
2026-09-02 11:52:50,265 - DVPTest - SUCCESS - ★ 泄气拐点确认 [主动泄气(漏气后)]: p=0.80 @ t=11.004s, rate=-2.57
2026-09-02 11:52:50,266 - DVPTest - INFO - 充气结果输出（由泄气拐点触发）: {'state': 'DONE', 'start': {'value': 5.0, 'time': None, 'reached': False}, 'mid': {'value': 200.0, 'time': None, 'reached': False}, 'target': {'value': 300.0, 'time': None, 'reached': False}, 'peak': {'value': 1.4700000000000006, 'time': 10.40567470015958}}
2026-09-02 11:52:50,267 - DVPTest - SUCCESS - ★ 充气结果已触发（拐点）
2026-09-02 11:52:50,268 - DVPTest - DEBUG - [UI] _on_result_text: key=inflate, text=--
2026-09-02 11:52:50,269 - DVPTest - DEBUG - 物理分类结果: DEFLATING
2026-09-02 11:52:50,269 - DVPTest - DEBUG - [UI] _on_plot_update 收到 56 个数据点
2026-09-02 11:52:50,271 - DVPTest - INFO - [串口] [压力] 0.8 mmHg
2026-09-02 11:52:50,466 - DVPTest - DEBUG - 读取到 8 字节原始数据
2026-09-02 11:52:50,466 - DVPTest - DEBUG - _process_binary_data 处理 8 字节
2026-09-02 11:52:50,468 - DVPTest - DEBUG - 解析出压力: t=11.212, p=2.2
2026-09-02 11:52:50,469 - DVPTest - DEBUG - 发出 sig_data: t=11.212, p=2.20
2026-09-02 11:52:50,472 - DVPTest - DEBUG - process_data: t=11.21, p=2.2, v=6.735, a=44.8, phase=IDLE
2026-09-02 11:52:50,472 - DVPTest - DEBUG - 充气峰值更新: 2.2 @ 11.21s
2026-09-02 11:52:50,473 - DVPTest - DEBUG - 物理分类结果: INFLATING
2026-09-02 11:52:50,473 - DVPTest - DEBUG - [UI] _on_plot_update 收到 57 个数据点
2026-09-02 11:52:50,475 - DVPTest - INFO - [串口] [压力] 2.2 mmHg
2026-09-02 11:52:50,662 - DVPTest - DEBUG - 读取到 8 字节原始数据
2026-09-02 11:52:50,662 - DVPTest - DEBUG - _process_binary_data 处理 8 字节
2026-09-02 11:52:50,664 - DVPTest - DEBUG - 解析出压力: t=11.407, p=3.7
2026-09-02 11:52:50,665 - DVPTest - DEBUG - 发出 sig_data: t=11.407, p=3.66
2026-09-02 11:52:50,668 - DVPTest - DEBUG - process_data: t=11.41, p=3.7, v=7.473, a=3.8, phase=IDLE
2026-09-02 11:52:50,669 - DVPTest - DEBUG - 充气峰值更新: 3.7 @ 11.41s
2026-09-02 11:52:50,670 - DVPTest - DEBUG - 物理分类结果: INFLATING
2026-09-02 11:52:50,671 - DVPTest - DEBUG - [UI] _on_plot_update 收到 58 个数据点
2026-09-02 11:52:50,673 - DVPTest - INFO - [串口] [压力] 3.7 mmHg
2026-09-02 11:52:50,860 - DVPTest - DEBUG - 读取到 8 字节原始数据
2026-09-02 11:52:50,860 - DVPTest - DEBUG - _process_binary_data 处理 8 字节
2026-09-02 11:52:50,860 - DVPTest - DEBUG - 解析出压力: t=11.604, p=7.6
2026-09-02 11:52:50,860 - DVPTest - DEBUG - 发出 sig_data: t=11.604, p=7.60
2026-09-02 11:52:50,862 - DVPTest - DEBUG - process_data: t=11.60, p=7.6, v=20.025, a=63.8, phase=IDLE
2026-09-02 11:52:50,862 - DVPTest - DEBUG - 充气峰值更新: 7.6 @ 11.60s
2026-09-02 11:52:50,862 - DVPTest - DEBUG - 充气起始值 5.0 mmHg 到达 @ 11.60s
2026-09-02 11:52:50,863 - DVPTest - DEBUG - 物理分类结果: INFLATING
2026-09-02 11:52:50,863 - DVPTest - INFO - IDLE → INFLATING @ 11.60s, p=7.6
2026-09-02 11:52:50,863 - DVPTest - DEBUG - [UI] _on_plot_update 收到 59 个数据点
2026-09-02 11:52:50,865 - DVPTest - INFO - [串口] [压力] 7.6 mmHg
2026-09-02 11:52:51,066 - DVPTest - DEBUG - 读取到 8 字节原始数据
2026-09-02 11:52:51,067 - DVPTest - DEBUG - _process_binary_data 处理 8 字节
2026-09-02 11:52:51,068 - DVPTest - DEBUG - 解析出压力: t=11.812, p=10.7
2026-09-02 11:52:51,069 - DVPTest - DEBUG - 发出 sig_data: t=11.812, p=10.65
2026-09-02 11:52:51,072 - DVPTest - DEBUG - process_data: t=11.81, p=10.7, v=14.641, a=-25.8, phase=INFLATING
2026-09-02 11:52:51,072 - DVPTest - DEBUG - 充气峰值更新: 10.7 @ 11.81s
2026-09-02 11:52:51,073 - DVPTest - DEBUG - 物理分类结果: INFLATING
2026-09-02 11:52:51,074 - DVPTest - DEBUG - [UI] _on_plot_update 收到 60 个数据点
2026-09-02 11:52:51,075 - DVPTest - INFO - [串口] [压力] 10.7 mmHg
2026-09-02 11:52:51,306 - DVPTest - DEBUG - 读取到 8 字节原始数据
2026-09-02 11:52:51,306 - DVPTest - DEBUG - _process_binary_data 处理 8 字节
2026-09-02 11:52:51,308 - DVPTest - DEBUG - 解析出压力: t=12.053, p=14.2
2026-09-02 11:52:51,309 - DVPTest - DEBUG - 发出 sig_data: t=12.053, p=14.20
2026-09-02 11:52:51,317 - DVPTest - DEBUG - process_data: t=12.05, p=14.2, v=14.782, a=0.6, phase=INFLATING
2026-09-02 11:52:51,318 - DVPTest - DEBUG - 充气峰值更新: 14.2 @ 12.05s
2026-09-02 11:52:51,318 - DVPTest - DEBUG - 物理分类结果: INFLATING
2026-09-02 11:52:51,319 - DVPTest - DEBUG - [UI] _on_plot_update 收到 61 个数据点
2026-09-02 11:52:51,321 - DVPTest - INFO - [串口] [压力] 14.2 mmHg
2026-09-02 11:52:51,502 - DVPTest - DEBUG - 读取到 8 字节原始数据
2026-09-02 11:52:51,502 - DVPTest - DEBUG - _process_binary_data 处理 8 字节
2026-09-02 11:52:51,504 - DVPTest - DEBUG - 解析出压力: t=12.247, p=17.4
2026-09-02 11:52:51,504 - DVPTest - DEBUG - 发出 sig_data: t=12.247, p=17.39
2026-09-02 11:52:51,508 - DVPTest - DEBUG - process_data: t=12.25, p=17.4, v=16.366, a=8.1, phase=INFLATING
2026-09-02 11:52:51,508 - DVPTest - DEBUG - 充气峰值更新: 17.4 @ 12.25s
2026-09-02 11:52:51,509 - DVPTest - DEBUG - 物理分类结果: INFLATING
2026-09-02 11:52:51,510 - DVPTest - DEBUG - [UI] _on_plot_update 收到 62 个数据点
2026-09-02 11:52:51,514 - DVPTest - INFO - [串口] [压力] 17.4 mmHg
2026-09-02 11:52:51,700 - DVPTest - DEBUG - 读取到 8 字节原始数据
2026-09-02 11:52:51,700 - DVPTest - DEBUG - _process_binary_data 处理 8 字节
2026-09-02 11:52:51,702 - DVPTest - DEBUG - 解析出压力: t=12.445, p=20.8
2026-09-02 11:52:51,702 - DVPTest - DEBUG - 发出 sig_data: t=12.445, p=20.79
2026-09-02 11:52:51,704 - DVPTest - DEBUG - process_data: t=12.45, p=20.8, v=17.187, a=4.2, phase=INFLATING
2026-09-02 11:52:51,705 - DVPTest - DEBUG - 充气峰值更新: 20.8 @ 12.45s
2026-09-02 11:52:51,706 - DVPTest - DEBUG - 物理分类结果: INFLATING
2026-09-02 11:52:51,707 - DVPTest - DEBUG - [UI] _on_plot_update 收到 63 个数据点
2026-09-02 11:52:51,710 - DVPTest - INFO - [串口] [压力] 20.8 mmHg
2026-09-02 11:52:51,906 - DVPTest - DEBUG - 读取到 8 字节原始数据
2026-09-02 11:52:51,906 - DVPTest - DEBUG - _process_binary_data 处理 8 字节
2026-09-02 11:52:51,907 - DVPTest - DEBUG - 解析出压力: t=12.651, p=22.6
2026-09-02 11:52:51,907 - DVPTest - DEBUG - 发出 sig_data: t=12.651, p=22.63
2026-09-02 11:52:51,909 - DVPTest - DEBUG - process_data: t=12.65, p=22.6, v=8.965, a=-40.1, phase=INFLATING
2026-09-02 11:52:51,909 - DVPTest - DEBUG - 充气峰值更新: 22.6 @ 12.65s
2026-09-02 11:52:51,910 - DVPTest - DEBUG - 物理分类结果: INFLATING
2026-09-02 11:52:51,911 - DVPTest - DEBUG - [UI] _on_plot_update 收到 64 个数据点
2026-09-02 11:52:51,912 - DVPTest - INFO - [串口] [压力] 22.6 mmHg
2026-09-02 11:52:52,100 - DVPTest - DEBUG - 读取到 8 字节原始数据
2026-09-02 11:52:52,102 - DVPTest - DEBUG - _process_binary_data 处理 8 字节
2026-09-02 11:52:52,103 - DVPTest - DEBUG - 解析出压力: t=12.848, p=22.9
2026-09-02 11:52:52,104 - DVPTest - DEBUG - 发出 sig_data: t=12.848, p=22.86
2026-09-02 11:52:52,108 - DVPTest - DEBUG - process_data: t=12.85, p=22.9, v=1.166, a=-39.5, phase=INFLATING
2026-09-02 11:52:52,109 - DVPTest - DEBUG - 充气峰值更新: 22.9 @ 12.85s
2026-09-02 11:52:52,110 - DVPTest - DEBUG - 物理分类结果: INFLATING
2026-09-02 11:52:52,111 - DVPTest - DEBUG - [UI] _on_plot_update 收到 65 个数据点
2026-09-02 11:52:52,114 - DVPTest - INFO - [串口] [压力] 22.9 mmHg
2026-09-02 11:52:52,299 - DVPTest - DEBUG - 读取到 8 字节原始数据
2026-09-02 11:52:52,300 - DVPTest - DEBUG - _process_binary_data 处理 8 字节
2026-09-02 11:52:52,301 - DVPTest - DEBUG - 解析出压力: t=13.045, p=22.9
2026-09-02 11:52:52,301 - DVPTest - DEBUG - 发出 sig_data: t=13.045, p=22.93
2026-09-02 11:52:52,306 - DVPTest - DEBUG - process_data: t=13.04, p=22.9, v=0.355, a=-4.1, phase=INFLATING
2026-09-02 11:52:52,307 - DVPTest - DEBUG - 充气峰值更新: 22.9 @ 13.04s
2026-09-02 11:52:52,307 - DVPTest - DEBUG - 物理分类结果: INFLATING
2026-09-02 11:52:52,309 - DVPTest - DEBUG - [UI] _on_plot_update 收到 66 个数据点
2026-09-02 11:52:52,311 - DVPTest - INFO - [串口] [压力] 22.9 mmHg
2026-09-02 11:52:52,506 - DVPTest - DEBUG - 读取到 8 字节原始数据
2026-09-02 11:52:52,506 - DVPTest - DEBUG - _process_binary_data 处理 8 字节
2026-09-02 11:52:52,507 - DVPTest - DEBUG - 解析出压力: t=13.251, p=22.9
2026-09-02 11:52:52,507 - DVPTest - DEBUG - 发出 sig_data: t=13.251, p=22.93
2026-09-02 11:52:52,509 - DVPTest - DEBUG - process_data: t=13.25, p=22.9, v=0.000, a=-1.7, phase=INFLATING
2026-09-02 11:52:52,509 - DVPTest - DEBUG - 物理分类结果: STABLE
2026-09-02 11:52:52,510 - DVPTest - DEBUG - [UI] _on_plot_update 收到 67 个数据点
2026-09-02 11:52:52,511 - DVPTest - INFO - [串口] [压力] 22.9 mmHg
2026-09-02 11:52:52,701 - DVPTest - DEBUG - 读取到 8 字节原始数据
2026-09-02 11:52:52,702 - DVPTest - DEBUG - _process_binary_data 处理 8 字节
2026-09-02 11:52:52,704 - DVPTest - DEBUG - 解析出压力: t=13.448, p=23.0
2026-09-02 11:52:52,704 - DVPTest - DEBUG - 发出 sig_data: t=13.448, p=22.97
2026-09-02 11:52:52,708 - DVPTest - DEBUG - process_data: t=13.45, p=23.0, v=0.203, a=1.0, phase=INFLATING
2026-09-02 11:52:52,708 - DVPTest - DEBUG - 充气峰值更新: 23.0 @ 13.45s
2026-09-02 11:52:52,709 - DVPTest - DEBUG - 物理分类结果: INFLATING
2026-09-02 11:52:52,710 - DVPTest - DEBUG - [UI] _on_plot_update 收到 68 个数据点
2026-09-02 11:52:52,712 - DVPTest - INFO - [串口] [压力] 23.0 mmHg
2026-09-02 11:52:52,900 - DVPTest - DEBUG - 读取到 8 字节原始数据
2026-09-02 11:52:52,900 - DVPTest - DEBUG - _process_binary_data 处理 8 字节
2026-09-02 11:52:52,901 - DVPTest - DEBUG - 解析出压力: t=13.645, p=22.9
2026-09-02 11:52:52,902 - DVPTest - DEBUG - 发出 sig_data: t=13.645, p=22.92
2026-09-02 11:52:52,905 - DVPTest - DEBUG - process_data: t=13.65, p=22.9, v=-0.253, a=-2.3, phase=INFLATING
2026-09-02 11:52:52,905 - DVPTest - DEBUG - 物理分类结果: DEFLATING
2026-09-02 11:52:52,906 - DVPTest - DEBUG - [UI] _on_plot_update 收到 69 个数据点
2026-09-02 11:52:52,907 - DVPTest - INFO - [串口] [压力] 22.9 mmHg
2026-09-02 11:52:53,106 - DVPTest - DEBUG - 读取到 8 字节原始数据
2026-09-02 11:52:53,106 - DVPTest - DEBUG - _process_binary_data 处理 8 字节
2026-09-02 11:52:53,108 - DVPTest - DEBUG - 解析出压力: t=13.851, p=23.0
2026-09-02 11:52:53,108 - DVPTest - DEBUG - 发出 sig_data: t=13.851, p=22.95
2026-09-02 11:52:53,113 - DVPTest - DEBUG - process_data: t=13.85, p=23.0, v=0.146, a=1.9, phase=INFLATING
2026-09-02 11:52:53,113 - DVPTest - DEBUG - 物理分类结果: INFLATING
2026-09-02 11:52:53,115 - DVPTest - DEBUG - [UI] _on_plot_update 收到 70 个数据点
2026-09-02 11:52:53,118 - DVPTest - INFO - [串口] [压力] 23.0 mmHg
2026-09-02 11:52:53,300 - DVPTest - DEBUG - 读取到 8 字节原始数据
2026-09-02 11:52:53,300 - DVPTest - DEBUG - _process_binary_data 处理 8 字节
2026-09-02 11:52:53,303 - DVPTest - DEBUG - 解析出压力: t=14.047, p=23.0
2026-09-02 11:52:53,304 - DVPTest - DEBUG - 发出 sig_data: t=14.047, p=23.04
2026-09-02 11:52:53,307 - DVPTest - DEBUG - process_data: t=14.05, p=23.0, v=0.459, a=1.6, phase=INFLATING
2026-09-02 11:52:53,307 - DVPTest - DEBUG - 充气峰值更新: 23.0 @ 14.05s
2026-09-02 11:52:53,308 - DVPTest - DEBUG - 物理分类结果: INFLATING
2026-09-02 11:52:53,308 - DVPTest - DEBUG - [UI] _on_plot_update 收到 71 个数据点
2026-09-02 11:52:53,309 - DVPTest - INFO - [串口] [压力] 23.0 mmHg
2026-09-02 11:52:53,499 - DVPTest - DEBUG - 读取到 8 字节原始数据
2026-09-02 11:52:53,500 - DVPTest - DEBUG - _process_binary_data 处理 8 字节
2026-09-02 11:52:53,502 - DVPTest - DEBUG - 解析出压力: t=14.245, p=23.0
2026-09-02 11:52:53,503 - DVPTest - DEBUG - 发出 sig_data: t=14.245, p=22.98
2026-09-02 11:52:53,508 - DVPTest - DEBUG - process_data: t=14.25, p=23.0, v=-0.303, a=-3.8, phase=INFLATING
2026-09-02 11:52:53,509 - DVPTest - DEBUG - 物理分类结果: DEFLATING
2026-09-02 11:52:53,511 - DVPTest - DEBUG - [UI] _on_plot_update 收到 72 个数据点
2026-09-02 11:52:53,514 - DVPTest - INFO - [串口] [压力] 23.0 mmHg
2026-09-02 11:52:53,706 - DVPTest - DEBUG - 读取到 8 字节原始数据
2026-09-02 11:52:53,706 - DVPTest - DEBUG - _process_binary_data 处理 8 字节
2026-09-02 11:52:53,708 - DVPTest - DEBUG - 解析出压力: t=14.452, p=23.0
2026-09-02 11:52:53,708 - DVPTest - DEBUG - 发出 sig_data: t=14.452, p=23.00
2026-09-02 11:52:53,713 - DVPTest - DEBUG - process_data: t=14.45, p=23.0, v=0.097, a=1.9, phase=INFLATING
2026-09-02 11:52:53,714 - DVPTest - DEBUG - 物理分类结果: STABLE
2026-09-02 11:52:53,715 - DVPTest - DEBUG - [UI] _on_plot_update 收到 73 个数据点
2026-09-02 11:52:53,719 - DVPTest - INFO - [串口] [压力] 23.0 mmHg
2026-09-02 11:52:53,901 - DVPTest - DEBUG - 读取到 8 字节原始数据
2026-09-02 11:52:53,901 - DVPTest - DEBUG - _process_binary_data 处理 8 字节
2026-09-02 11:52:53,902 - DVPTest - DEBUG - 解析出压力: t=14.647, p=23.0
2026-09-02 11:52:53,903 - DVPTest - DEBUG - 发出 sig_data: t=14.647, p=22.98
2026-09-02 11:52:53,907 - DVPTest - DEBUG - process_data: t=14.65, p=23.0, v=-0.103, a=-1.0, phase=INFLATING
2026-09-02 11:52:53,907 - DVPTest - DEBUG - 物理分类结果: DEFLATING
2026-09-02 11:52:53,908 - DVPTest - DEBUG - [UI] _on_plot_update 收到 74 个数据点
2026-09-02 11:52:53,910 - DVPTest - INFO - [串口] [压力] 23.0 mmHg
2026-09-02 11:52:54,100 - DVPTest - DEBUG - 读取到 8 字节原始数据
2026-09-02 11:52:54,100 - DVPTest - DEBUG - _process_binary_data 处理 8 字节
2026-09-02 11:52:54,101 - DVPTest - DEBUG - 解析出压力: t=14.845, p=23.0
2026-09-02 11:52:54,101 - DVPTest - DEBUG - 发出 sig_data: t=14.845, p=23.01
2026-09-02 11:52:54,103 - DVPTest - DEBUG - process_data: t=14.84, p=23.0, v=0.152, a=1.3, phase=INFLATING
2026-09-02 11:52:54,104 - DVPTest - DEBUG - 物理分类结果: INFLATING
2026-09-02 11:52:54,104 - DVPTest - DEBUG - [UI] _on_plot_update 收到 75 个数据点
2026-09-02 11:52:54,105 - DVPTest - INFO - [串口] [压力] 23.0 mmHg
2026-09-02 11:52:54,306 - DVPTest - DEBUG - 读取到 8 字节原始数据
2026-09-02 11:52:54,306 - DVPTest - DEBUG - _process_binary_data 处理 8 字节
2026-09-02 11:52:54,308 - DVPTest - DEBUG - 解析出压力: t=15.052, p=22.9
2026-09-02 11:52:54,309 - DVPTest - DEBUG - 发出 sig_data: t=15.052, p=22.94
2026-09-02 11:52:54,316 - DVPTest - DEBUG - process_data: t=15.05, p=22.9, v=-0.337, a=-2.4, phase=INFLATING
2026-09-02 11:52:54,319 - DVPTest - DEBUG - 物理分类结果: DEFLATING
2026-09-02 11:52:54,320 - DVPTest - DEBUG - [UI] _on_plot_update 收到 76 个数据点
2026-09-02 11:52:54,321 - DVPTest - INFO - [串口] [压力] 22.9 mmHg
2026-09-02 11:52:54,500 - DVPTest - DEBUG - 读取到 8 字节原始数据
2026-09-02 11:52:54,500 - DVPTest - DEBUG - _process_binary_data 处理 8 字节
2026-09-02 11:52:54,501 - DVPTest - DEBUG - 解析出压力: t=15.246, p=23.0
2026-09-02 11:52:54,502 - DVPTest - DEBUG - 发出 sig_data: t=15.246, p=22.99
2026-09-02 11:52:54,506 - DVPTest - DEBUG - process_data: t=15.25, p=23.0, v=0.259, a=3.1, phase=INFLATING
2026-09-02 11:52:54,506 - DVPTest - DEBUG - 物理分类结果: INFLATING
2026-09-02 11:52:54,508 - DVPTest - DEBUG - [UI] _on_plot_update 收到 77 个数据点
2026-09-02 11:52:54,511 - DVPTest - INFO - [串口] [压力] 23.0 mmHg
2026-09-02 11:52:54,699 - DVPTest - DEBUG - 读取到 8 字节原始数据
2026-09-02 11:52:54,699 - DVPTest - DEBUG - _process_binary_data 处理 8 字节
2026-09-02 11:52:54,701 - DVPTest - DEBUG - 解析出压力: t=15.445, p=23.0
2026-09-02 11:52:54,701 - DVPTest - DEBUG - 发出 sig_data: t=15.445, p=23.00
2026-09-02 11:52:54,703 - DVPTest - DEBUG - process_data: t=15.44, p=23.0, v=0.050, a=-1.0, phase=INFLATING
2026-09-02 11:52:54,704 - DVPTest - DEBUG - 物理分类结果: STABLE
2026-09-02 11:52:54,704 - DVPTest - DEBUG - [UI] _on_plot_update 收到 78 个数据点
2026-09-02 11:52:54,706 - DVPTest - INFO - [串口] [压力] 23.0 mmHg
2026-09-02 11:52:54,906 - DVPTest - DEBUG - 读取到 8 字节原始数据
2026-09-02 11:52:54,906 - DVPTest - DEBUG - _process_binary_data 处理 8 字节
2026-09-02 11:52:54,907 - DVPTest - DEBUG - 解析出压力: t=15.651, p=23.0
2026-09-02 11:52:54,907 - DVPTest - DEBUG - 发出 sig_data: t=15.651, p=23.00
2026-09-02 11:52:54,909 - DVPTest - DEBUG - process_data: t=15.65, p=23.0, v=0.000, a=-0.2, phase=INFLATING
2026-09-02 11:52:54,909 - DVPTest - DEBUG - 物理分类结果: STABLE
2026-09-02 11:52:54,909 - DVPTest - DEBUG - [UI] _on_plot_update 收到 79 个数据点
2026-09-02 11:52:54,911 - DVPTest - INFO - [串口] [压力] 23.0 mmHg
2026-09-02 11:52:55,101 - DVPTest - DEBUG - 读取到 8 字节原始数据
2026-09-02 11:52:55,101 - DVPTest - DEBUG - _process_binary_data 处理 8 字节
2026-09-02 11:52:55,103 - DVPTest - DEBUG - 解析出压力: t=15.847, p=23.0
2026-09-02 11:52:55,104 - DVPTest - DEBUG - 发出 sig_data: t=15.847, p=22.98
2026-09-02 11:52:55,110 - DVPTest - DEBUG - process_data: t=15.85, p=23.0, v=-0.102, a=-0.5, phase=INFLATING
2026-09-02 11:52:55,111 - DVPTest - DEBUG - 物理分类结果: DEFLATING
2026-09-02 11:52:55,112 - DVPTest - DEBUG - [UI] _on_plot_update 收到 80 个数据点
2026-09-02 11:52:55,115 - DVPTest - INFO - [串口] [压力] 23.0 mmHg
2026-09-02 11:52:55,300 - DVPTest - DEBUG - 读取到 8 字节原始数据
2026-09-02 11:52:55,300 - DVPTest - DEBUG - _process_binary_data 处理 8 字节
2026-09-02 11:52:55,302 - DVPTest - DEBUG - 解析出压力: t=16.046, p=23.0
2026-09-02 11:52:55,303 - DVPTest - DEBUG - 发出 sig_data: t=16.046, p=23.04
2026-09-02 11:52:55,307 - DVPTest - DEBUG - process_data: t=16.05, p=23.0, v=0.301, a=2.0, phase=INFLATING
2026-09-02 11:52:55,307 - DVPTest - DEBUG - 物理分类结果: INFLATING
2026-09-02 11:52:55,309 - DVPTest - DEBUG - [UI] _on_plot_update 收到 81 个数据点
2026-09-02 11:52:55,312 - DVPTest - INFO - [串口] [压力] 23.0 mmHg
2026-09-02 11:52:55,506 - DVPTest - DEBUG - 读取到 8 字节原始数据
2026-09-02 11:52:55,506 - DVPTest - DEBUG - _process_binary_data 处理 8 字节
2026-09-02 11:52:55,507 - DVPTest - DEBUG - 解析出压力: t=16.251, p=23.1
2026-09-02 11:52:55,507 - DVPTest - DEBUG - 发出 sig_data: t=16.251, p=23.07
2026-09-02 11:52:55,509 - DVPTest - DEBUG - process_data: t=16.25, p=23.1, v=0.146, a=-0.8, phase=INFLATING
2026-09-02 11:52:55,509 - DVPTest - DEBUG - 充气峰值更新: 23.1 @ 16.25s
2026-09-02 11:52:55,509 - DVPTest - DEBUG - 物理分类结果: INFLATING
2026-09-02 11:52:55,510 - DVPTest - DEBUG - [UI] _on_plot_update 收到 82 个数据点
2026-09-02 11:52:55,511 - DVPTest - INFO - [串口] [压力] 23.1 mmHg
2026-09-02 11:52:55,701 - DVPTest - DEBUG - 读取到 8 字节原始数据
2026-09-02 11:52:55,701 - DVPTest - DEBUG - _process_binary_data 处理 8 字节
2026-09-02 11:52:55,704 - DVPTest - DEBUG - 解析出压力: t=16.448, p=23.0
2026-09-02 11:52:55,704 - DVPTest - DEBUG - 发出 sig_data: t=16.448, p=22.95
2026-09-02 11:52:55,709 - DVPTest - DEBUG - process_data: t=16.45, p=23.0, v=-0.611, a=-3.9, phase=INFLATING
2026-09-02 11:52:55,709 - DVPTest - DEBUG - 物理分类结果: DEFLATING
2026-09-02 11:52:55,710 - DVPTest - DEBUG - [UI] _on_plot_update 收到 83 个数据点
2026-09-02 11:52:55,712 - DVPTest - INFO - [串口] [压力] 23.0 mmHg
2026-09-02 11:52:55,899 - DVPTest - DEBUG - 读取到 8 字节原始数据
2026-09-02 11:52:55,899 - DVPTest - DEBUG - _process_binary_data 处理 8 字节
2026-09-02 11:52:55,901 - DVPTest - DEBUG - 解析出压力: t=16.645, p=23.0
2026-09-02 11:52:55,901 - DVPTest - DEBUG - 发出 sig_data: t=16.645, p=22.97
2026-09-02 11:52:55,906 - DVPTest - DEBUG - process_data: t=16.65, p=23.0, v=0.101, a=3.6, phase=INFLATING
2026-09-02 11:52:55,906 - DVPTest - DEBUG - 物理分类结果: INFLATING
2026-09-02 11:52:55,907 - DVPTest - DEBUG - [UI] _on_plot_update 收到 84 个数据点
2026-09-02 11:52:55,910 - DVPTest - INFO - [串口] [压力] 23.0 mmHg
2026-09-02 11:52:56,106 - DVPTest - DEBUG - 读取到 8 字节原始数据
2026-09-02 11:52:56,106 - DVPTest - DEBUG - _process_binary_data 处理 8 字节
2026-09-02 11:52:56,108 - DVPTest - DEBUG - 解析出压力: t=16.851, p=23.0
2026-09-02 11:52:56,108 - DVPTest - DEBUG - 发出 sig_data: t=16.851, p=23.01
2026-09-02 11:52:56,113 - DVPTest - DEBUG - process_data: t=16.85, p=23.0, v=0.194, a=0.5, phase=INFLATING
2026-09-02 11:52:56,113 - DVPTest - DEBUG - 物理分类结果: INFLATING
2026-09-02 11:52:56,114 - DVPTest - DEBUG - [UI] _on_plot_update 收到 85 个数据点
2026-09-02 11:52:56,118 - DVPTest - INFO - [串口] [压力] 23.0 mmHg
2026-09-02 11:52:56,301 - DVPTest - DEBUG - 读取到 8 字节原始数据
2026-09-02 11:52:56,301 - DVPTest - DEBUG - _process_binary_data 处理 8 字节
2026-09-02 11:52:56,302 - DVPTest - DEBUG - 解析出压力: t=17.045, p=23.0
2026-09-02 11:52:56,302 - DVPTest - DEBUG - 发出 sig_data: t=17.045, p=22.99
2026-09-02 11:52:56,304 - DVPTest - DEBUG - process_data: t=17.05, p=23.0, v=-0.103, a=-1.5, phase=INFLATING
2026-09-02 11:52:56,304 - DVPTest - DEBUG - 物理分类结果: DEFLATING
2026-09-02 11:52:56,304 - DVPTest - DEBUG - [UI] _on_plot_update 收到 86 个数据点
2026-09-02 11:52:56,306 - DVPTest - INFO - [串口] [压力] 23.0 mmHg
2026-09-02 11:52:56,499 - DVPTest - DEBUG - 读取到 8 字节原始数据
2026-09-02 11:52:56,500 - DVPTest - DEBUG - _process_binary_data 处理 8 字节
2026-09-02 11:52:56,501 - DVPTest - DEBUG - 解析出压力: t=17.246, p=23.0
2026-09-02 11:52:56,502 - DVPTest - DEBUG - 发出 sig_data: t=17.246, p=22.99
2026-09-02 11:52:56,507 - DVPTest - DEBUG - process_data: t=17.25, p=23.0, v=0.000, a=0.5, phase=INFLATING
2026-09-02 11:52:56,507 - DVPTest - DEBUG - 物理分类结果: STABLE
2026-09-02 11:52:56,508 - DVPTest - DEBUG - [UI] _on_plot_update 收到 87 个数据点
2026-09-02 11:52:56,511 - DVPTest - INFO - [串口] [压力] 23.0 mmHg
2026-09-02 11:52:56,706 - DVPTest - DEBUG - 读取到 8 字节原始数据
2026-09-02 11:52:56,706 - DVPTest - DEBUG - _process_binary_data 处理 8 字节
2026-09-02 11:52:56,708 - DVPTest - DEBUG - 解析出压力: t=17.452, p=23.0
2026-09-02 11:52:56,709 - DVPTest - DEBUG - 发出 sig_data: t=17.452, p=22.99
2026-09-02 11:52:56,714 - DVPTest - DEBUG - process_data: t=17.45, p=23.0, v=0.000, a=0.0, phase=INFLATING
2026-09-02 11:52:56,714 - DVPTest - DEBUG - 物理分类结果: STABLE
2026-09-02 11:52:56,715 - DVPTest - DEBUG - [UI] _on_plot_update 收到 88 个数据点
2026-09-02 11:52:56,717 - DVPTest - INFO - [串口] [压力] 23.0 mmHg
2026-09-02 11:52:56,902 - DVPTest - DEBUG - 读取到 8 字节原始数据
2026-09-02 11:52:56,902 - DVPTest - DEBUG - _process_binary_data 处理 8 字节
2026-09-02 11:52:56,905 - DVPTest - DEBUG - 解析出压力: t=17.648, p=23.0
2026-09-02 11:52:56,905 - DVPTest - DEBUG - 发出 sig_data: t=17.648, p=23.05
2026-09-02 11:52:56,909 - DVPTest - DEBUG - process_data: t=17.65, p=23.0, v=0.305, a=1.6, phase=INFLATING
2026-09-02 11:52:56,910 - DVPTest - DEBUG - 物理分类结果: INFLATING
2026-09-02 11:52:56,912 - DVPTest - DEBUG - [UI] _on_plot_update 收到 89 个数据点
2026-09-02 11:52:56,914 - DVPTest - INFO - [串口] [压力] 23.0 mmHg
2026-09-02 11:52:57,099 - DVPTest - DEBUG - 读取到 8 字节原始数据
2026-09-02 11:52:57,100 - DVPTest - DEBUG - _process_binary_data 处理 8 字节
2026-09-02 11:52:57,100 - DVPTest - DEBUG - 解析出压力: t=17.845, p=23.0
2026-09-02 11:52:57,101 - DVPTest - DEBUG - 发出 sig_data: t=17.845, p=22.98
2026-09-02 11:52:57,103 - DVPTest - DEBUG - process_data: t=17.84, p=23.0, v=-0.357, a=-3.4, phase=INFLATING
2026-09-02 11:52:57,103 - DVPTest - DEBUG - 物理分类结果: DEFLATING
2026-09-02 11:52:57,104 - DVPTest - DEBUG - [UI] _on_plot_update 收到 90 个数据点
2026-09-02 11:52:57,105 - DVPTest - INFO - [串口] [压力] 23.0 mmHg
2026-09-02 11:52:57,306 - DVPTest - DEBUG - 读取到 8 字节原始数据
2026-09-02 11:52:57,306 - DVPTest - DEBUG - _process_binary_data 处理 8 字节
2026-09-02 11:52:57,307 - DVPTest - DEBUG - 解析出压力: t=18.051, p=23.0
2026-09-02 11:52:57,307 - DVPTest - DEBUG - 发出 sig_data: t=18.051, p=23.04
2026-09-02 11:52:57,311 - DVPTest - DEBUG - process_data: t=18.05, p=23.0, v=0.291, a=3.1, phase=INFLATING
2026-09-02 11:52:57,311 - DVPTest - DEBUG - 物理分类结果: INFLATING
2026-09-02 11:52:57,313 - DVPTest - DEBUG - [UI] _on_plot_update 收到 91 个数据点
2026-09-02 11:52:57,314 - DVPTest - INFO - [串口] [压力] 23.0 mmHg
2026-09-02 11:52:57,501 - DVPTest - DEBUG - 读取到 8 字节原始数据
2026-09-02 11:52:57,501 - DVPTest - DEBUG - _process_binary_data 处理 8 字节
2026-09-02 11:52:57,502 - DVPTest - DEBUG - 解析出压力: t=18.246, p=23.1
2026-09-02 11:52:57,502 - DVPTest - DEBUG - 发出 sig_data: t=18.246, p=23.08
2026-09-02 11:52:57,503 - DVPTest - DEBUG - process_data: t=18.25, p=23.1, v=0.205, a=-0.4, phase=INFLATING
2026-09-02 11:52:57,504 - DVPTest - DEBUG - 充气峰值更新: 23.1 @ 18.25s
2026-09-02 11:52:57,505 - DVPTest - DEBUG - 物理分类结果: INFLATING
2026-09-02 11:52:57,506 - DVPTest - DEBUG - [UI] _on_plot_update 收到 92 个数据点
2026-09-02 11:52:57,507 - DVPTest - INFO - [串口] [压力] 23.1 mmHg
2026-09-02 11:52:57,701 - DVPTest - DEBUG - 读取到 8 字节原始数据
2026-09-02 11:52:57,701 - DVPTest - DEBUG - _process_binary_data 处理 8 字节
2026-09-02 11:52:57,702 - DVPTest - DEBUG - 解析出压力: t=18.446, p=23.0
2026-09-02 11:52:57,703 - DVPTest - DEBUG - 发出 sig_data: t=18.446, p=23.02
2026-09-02 11:52:57,705 - DVPTest - DEBUG - process_data: t=18.45, p=23.0, v=-0.300, a=-2.5, phase=INFLATING
2026-09-02 11:52:57,705 - DVPTest - DEBUG - 物理分类结果: DEFLATING
2026-09-02 11:52:57,706 - DVPTest - DEBUG - [UI] _on_plot_update 收到 93 个数据点
2026-09-02 11:52:57,708 - DVPTest - INFO - [串口] [压力] 23.0 mmHg
2026-09-02 11:52:57,905 - DVPTest - DEBUG - 读取到 8 字节原始数据
2026-09-02 11:52:57,905 - DVPTest - DEBUG - _process_binary_data 处理 8 字节
2026-09-02 11:52:57,907 - DVPTest - DEBUG - 解析出压力: t=18.651, p=23.0
2026-09-02 11:52:57,908 - DVPTest - DEBUG - 发出 sig_data: t=18.651, p=22.99
2026-09-02 11:52:57,913 - DVPTest - DEBUG - process_data: t=18.65, p=23.0, v=-0.146, a=0.7, phase=INFLATING
2026-09-02 11:52:57,913 - DVPTest - DEBUG - 物理分类结果: DEFLATING
2026-09-02 11:52:57,914 - DVPTest - DEBUG - [UI] _on_plot_update 收到 94 个数据点
2026-09-02 11:52:57,917 - DVPTest - INFO - [串口] [压力] 23.0 mmHg
2026-09-02 11:52:58,101 - DVPTest - DEBUG - 读取到 8 字节原始数据
2026-09-02 11:52:58,101 - DVPTest - DEBUG - _process_binary_data 处理 8 字节
2026-09-02 11:52:58,103 - DVPTest - DEBUG - 解析出压力: t=18.847, p=23.0
2026-09-02 11:52:58,103 - DVPTest - DEBUG - 发出 sig_data: t=18.847, p=22.96
2026-09-02 11:52:58,107 - DVPTest - DEBUG - process_data: t=18.85, p=23.0, v=-0.153, a=-0.0, phase=INFLATING
2026-09-02 11:52:58,108 - DVPTest - DEBUG - 物理分类结果: DEFLATING
2026-09-02 11:52:58,109 - DVPTest - DEBUG - [UI] _on_plot_update 收到 95 个数据点
2026-09-02 11:52:58,111 - DVPTest - INFO - [串口] [压力] 23.0 mmHg
2026-09-02 11:52:58,300 - DVPTest - DEBUG - 读取到 8 字节原始数据
2026-09-02 11:52:58,300 - DVPTest - DEBUG - _process_binary_data 处理 8 字节
2026-09-02 11:52:58,302 - DVPTest - DEBUG - 解析出压力: t=19.045, p=23.0
2026-09-02 11:52:58,302 - DVPTest - DEBUG - 发出 sig_data: t=19.045, p=22.97
2026-09-02 11:52:58,305 - DVPTest - DEBUG - process_data: t=19.05, p=23.0, v=0.050, a=1.0, phase=INFLATING
2026-09-02 11:52:58,306 - DVPTest - DEBUG - 物理分类结果: STABLE
2026-09-02 11:52:58,306 - DVPTest - DEBUG - [UI] _on_plot_update 收到 96 个数据点
2026-09-02 11:52:58,308 - DVPTest - INFO - [串口] [压力] 23.0 mmHg
2026-09-02 11:52:58,506 - DVPTest - DEBUG - 读取到 8 字节原始数据
2026-09-02 11:52:58,506 - DVPTest - DEBUG - _process_binary_data 处理 8 字节
2026-09-02 11:52:58,507 - DVPTest - DEBUG - 解析出压力: t=19.250, p=23.0
2026-09-02 11:52:58,507 - DVPTest - DEBUG - 发出 sig_data: t=19.250, p=23.01
2026-09-02 11:52:58,509 - DVPTest - DEBUG - process_data: t=19.25, p=23.0, v=0.195, a=0.7, phase=INFLATING
2026-09-02 11:52:58,509 - DVPTest - DEBUG - 物理分类结果: INFLATING
2026-09-02 11:52:58,509 - DVPTest - DEBUG - [UI] _on_plot_update 收到 97 个数据点
2026-09-02 11:52:58,510 - DVPTest - INFO - [串口] [压力] 23.0 mmHg
2026-09-02 11:52:58,701 - DVPTest - DEBUG - 读取到 8 字节原始数据
2026-09-02 11:52:58,701 - DVPTest - DEBUG - _process_binary_data 处理 8 字节
2026-09-02 11:52:58,703 - DVPTest - DEBUG - 解析出压力: t=19.446, p=23.0
2026-09-02 11:52:58,703 - DVPTest - DEBUG - 发出 sig_data: t=19.446, p=22.99
2026-09-02 11:52:58,707 - DVPTest - DEBUG - process_data: t=19.45, p=23.0, v=-0.102, a=-1.5, phase=INFLATING
2026-09-02 11:52:58,708 - DVPTest - DEBUG - 物理分类结果: DEFLATING
2026-09-02 11:52:58,709 - DVPTest - DEBUG - [UI] _on_plot_update 收到 98 个数据点
2026-09-02 11:52:58,712 - DVPTest - INFO - [串口] [压力] 23.0 mmHg
2026-09-02 11:52:58,901 - DVPTest - DEBUG - 读取到 8 字节原始数据
2026-09-02 11:52:58,901 - DVPTest - DEBUG - _process_binary_data 处理 8 字节
2026-09-02 11:52:58,903 - DVPTest - DEBUG - 解析出压力: t=19.646, p=23.0
2026-09-02 11:52:58,903 - DVPTest - DEBUG - 发出 sig_data: t=19.646, p=23.03
2026-09-02 11:52:58,907 - DVPTest - DEBUG - process_data: t=19.65, p=23.0, v=0.200, a=1.5, phase=INFLATING
2026-09-02 11:52:58,908 - DVPTest - DEBUG - 物理分类结果: INFLATING
2026-09-02 11:52:58,909 - DVPTest - DEBUG - [UI] _on_plot_update 收到 99 个数据点
2026-09-02 11:52:58,911 - DVPTest - INFO - [串口] [压力] 23.0 mmHg
2026-09-02 11:52:59,106 - DVPTest - DEBUG - 读取到 8 字节原始数据
2026-09-02 11:52:59,106 - DVPTest - DEBUG - _process_binary_data 处理 8 字节
2026-09-02 11:52:59,107 - DVPTest - DEBUG - 解析出压力: t=19.851, p=23.0
2026-09-02 11:52:59,108 - DVPTest - DEBUG - 发出 sig_data: t=19.851, p=22.97
2026-09-02 11:52:59,113 - DVPTest - DEBUG - process_data: t=19.85, p=23.0, v=-0.293, a=-2.4, phase=INFLATING
2026-09-02 11:52:59,113 - DVPTest - DEBUG - 物理分类结果: DEFLATING
2026-09-02 11:52:59,115 - DVPTest - DEBUG - [UI] _on_plot_update 收到 100 个数据点
2026-09-02 11:52:59,119 - DVPTest - INFO - [串口] [压力] 23.0 mmHg
2026-09-02 11:52:59,300 - DVPTest - DEBUG - 读取到 8 字节原始数据
2026-09-02 11:52:59,300 - DVPTest - DEBUG - _process_binary_data 处理 8 字节
2026-09-02 11:52:59,301 - DVPTest - DEBUG - 解析出压力: t=20.045, p=23.0
2026-09-02 11:52:59,301 - DVPTest - DEBUG - 发出 sig_data: t=20.045, p=23.00
2026-09-02 11:52:59,304 - DVPTest - DEBUG - process_data: t=20.05, p=23.0, v=0.155, a=2.3, phase=INFLATING
2026-09-02 11:52:59,304 - DVPTest - DEBUG - 物理分类结果: INFLATING
2026-09-02 11:52:59,304 - DVPTest - DEBUG - [UI] _on_plot_update 收到 101 个数据点
2026-09-02 11:52:59,307 - DVPTest - INFO - [串口] [压力] 23.0 mmHg
2026-09-02 11:52:59,499 - DVPTest - DEBUG - 读取到 8 字节原始数据
2026-09-02 11:52:59,500 - DVPTest - DEBUG - _process_binary_data 处理 8 字节
2026-09-02 11:52:59,501 - DVPTest - DEBUG - 解析出压力: t=20.245, p=23.0
2026-09-02 11:52:59,501 - DVPTest - DEBUG - 发出 sig_data: t=20.245, p=23.00
2026-09-02 11:52:59,506 - DVPTest - DEBUG - process_data: t=20.25, p=23.0, v=0.000, a=-0.8, phase=INFLATING
2026-09-02 11:52:59,506 - DVPTest - DEBUG - 物理分类结果: STABLE
2026-09-02 11:52:59,507 - DVPTest - DEBUG - [UI] _on_plot_update 收到 102 个数据点
2026-09-02 11:52:59,509 - DVPTest - INFO - [串口] [压力] 23.0 mmHg
2026-09-02 11:52:59,706 - DVPTest - DEBUG - 读取到 8 字节原始数据
2026-09-02 11:52:59,706 - DVPTest - DEBUG - _process_binary_data 处理 8 字节
2026-09-02 11:52:59,707 - DVPTest - DEBUG - 解析出压力: t=20.451, p=23.0
2026-09-02 11:52:59,707 - DVPTest - DEBUG - 发出 sig_data: t=20.451, p=23.00
2026-09-02 11:52:59,709 - DVPTest - DEBUG - process_data: t=20.45, p=23.0, v=0.000, a=0.0, phase=INFLATING
2026-09-02 11:52:59,709 - DVPTest - DEBUG - 物理分类结果: STABLE
2026-09-02 11:52:59,709 - DVPTest - DEBUG - [UI] _on_plot_update 收到 103 个数据点
2026-09-02 11:52:59,711 - DVPTest - INFO - [串口] [压力] 23.0 mmHg
2026-09-02 11:52:59,900 - DVPTest - DEBUG - 读取到 8 字节原始数据
2026-09-02 11:52:59,900 - DVPTest - DEBUG - _process_binary_data 处理 8 字节
2026-09-02 11:52:59,900 - DVPTest - DEBUG - 解析出压力: t=20.645, p=23.0
2026-09-02 11:52:59,901 - DVPTest - DEBUG - 发出 sig_data: t=20.645, p=23.01
2026-09-02 11:52:59,904 - DVPTest - DEBUG - process_data: t=20.64, p=23.0, v=0.052, a=0.3, phase=INFLATING
2026-09-02 11:52:59,904 - DVPTest - DEBUG - 物理分类结果: STABLE
2026-09-02 11:52:59,904 - DVPTest - DEBUG - [UI] _on_plot_update 收到 104 个数据点
2026-09-02 11:52:59,905 - DVPTest - INFO - [串口] [压力] 23.0 mmHg
2026-09-02 11:53:00,100 - DVPTest - DEBUG - 读取到 8 字节原始数据
2026-09-02 11:53:00,101 - DVPTest - DEBUG - _process_binary_data 处理 8 字节
2026-09-02 11:53:00,101 - DVPTest - DEBUG - 解析出压力: t=20.845, p=23.1
2026-09-02 11:53:00,101 - DVPTest - DEBUG - 发出 sig_data: t=20.845, p=23.08
2026-09-02 11:53:00,104 - DVPTest - DEBUG - process_data: t=20.85, p=23.1, v=0.349, a=1.5, phase=INFLATING
2026-09-02 11:53:00,106 - DVPTest - DEBUG - 物理分类结果: INFLATING
2026-09-02 11:53:00,106 - DVPTest - DEBUG - [UI] _on_plot_update 收到 105 个数据点
2026-09-02 11:53:00,109 - DVPTest - INFO - [串口] [压力] 23.1 mmHg
2026-09-02 11:53:00,306 - DVPTest - DEBUG - 读取到 8 字节原始数据
2026-09-02 11:53:00,306 - DVPTest - DEBUG - _process_binary_data 处理 8 字节
2026-09-02 11:53:00,307 - DVPTest - DEBUG - 解析出压力: t=21.051, p=23.0
2026-09-02 11:53:00,308 - DVPTest - DEBUG - 发出 sig_data: t=21.051, p=23.01
2026-09-02 11:53:00,314 - DVPTest - DEBUG - process_data: t=21.05, p=23.0, v=-0.340, a=-3.3, phase=INFLATING
2026-09-02 11:53:00,314 - DVPTest - DEBUG - 物理分类结果: DEFLATING
2026-09-02 11:53:00,315 - DVPTest - DEBUG - [UI] _on_plot_update 收到 106 个数据点
2026-09-02 11:53:00,317 - DVPTest - INFO - [串口] [压力] 23.0 mmHg
2026-09-02 11:53:00,500 - DVPTest - DEBUG - 读取到 8 字节原始数据
2026-09-02 11:53:00,500 - DVPTest - DEBUG - _process_binary_data 处理 8 字节
2026-09-02 11:53:00,501 - DVPTest - DEBUG - 解析出压力: t=21.245, p=23.1
2026-09-02 11:53:00,501 - DVPTest - DEBUG - 发出 sig_data: t=21.245, p=23.08
2026-09-02 11:53:00,505 - DVPTest - DEBUG - process_data: t=21.25, p=23.1, v=0.360, a=3.6, phase=INFLATING
2026-09-02 11:53:00,505 - DVPTest - DEBUG - 物理分类结果: INFLATING
2026-09-02 11:53:00,506 - DVPTest - DEBUG - [UI] _on_plot_update 收到 107 个数据点
2026-09-02 11:53:00,510 - DVPTest - INFO - [串口] [压力] 23.1 mmHg
2026-09-02 11:53:00,699 - DVPTest - DEBUG - 读取到 8 字节原始数据
2026-09-02 11:53:00,699 - DVPTest - DEBUG - _process_binary_data 处理 8 字节
2026-09-02 11:53:00,700 - DVPTest - DEBUG - 解析出压力: t=21.444, p=23.1
2026-09-02 11:53:00,700 - DVPTest - DEBUG - 发出 sig_data: t=21.444, p=23.08
2026-09-02 11:53:00,702 - DVPTest - DEBUG - process_data: t=21.44, p=23.1, v=0.000, a=-1.8, phase=INFLATING
2026-09-02 11:53:00,702 - DVPTest - DEBUG - 物理分类结果: STABLE
2026-09-02 11:53:00,702 - DVPTest - DEBUG - [UI] _on_plot_update 收到 108 个数据点
2026-09-02 11:53:00,704 - DVPTest - INFO - [串口] [压力] 23.1 mmHg
2026-09-02 11:53:00,906 - DVPTest - DEBUG - 读取到 8 字节原始数据
2026-09-02 11:53:00,906 - DVPTest - DEBUG - _process_binary_data 处理 8 字节
2026-09-02 11:53:00,907 - DVPTest - DEBUG - 解析出压力: t=21.650, p=23.0
2026-09-02 11:53:00,907 - DVPTest - DEBUG - 发出 sig_data: t=21.650, p=23.04
2026-09-02 11:53:00,909 - DVPTest - DEBUG - process_data: t=21.65, p=23.0, v=-0.194, a=-0.9, phase=INFLATING
2026-09-02 11:53:00,909 - DVPTest - DEBUG - 物理分类结果: DEFLATING
2026-09-02 11:53:00,910 - DVPTest - DEBUG - [UI] _on_plot_update 收到 109 个数据点
2026-09-02 11:53:00,912 - DVPTest - INFO - [串口] [压力] 23.0 mmHg
2026-09-02 11:53:01,101 - DVPTest - DEBUG - 读取到 8 字节原始数据
2026-09-02 11:53:01,101 - DVPTest - DEBUG - _process_binary_data 处理 8 字节
2026-09-02 11:53:01,102 - DVPTest - DEBUG - 解析出压力: t=21.846, p=23.1
2026-09-02 11:53:01,103 - DVPTest - DEBUG - 发出 sig_data: t=21.846, p=23.07
2026-09-02 11:53:01,108 - DVPTest - DEBUG - process_data: t=21.85, p=23.1, v=0.153, a=1.8, phase=INFLATING
2026-09-02 11:53:01,108 - DVPTest - DEBUG - 物理分类结果: INFLATING
2026-09-02 11:53:01,109 - DVPTest - DEBUG - [UI] _on_plot_update 收到 110 个数据点
2026-09-02 11:53:01,111 - DVPTest - INFO - [串口] [压力] 23.1 mmHg
2026-09-02 11:53:01,300 - DVPTest - DEBUG - 读取到 8 字节原始数据
2026-09-02 11:53:01,300 - DVPTest - DEBUG - _process_binary_data 处理 8 字节
2026-09-02 11:53:01,302 - DVPTest - DEBUG - 解析出压力: t=22.046, p=23.1
2026-09-02 11:53:01,303 - DVPTest - DEBUG - 发出 sig_data: t=22.046, p=23.06
2026-09-02 11:53:01,308 - DVPTest - DEBUG - process_data: t=22.05, p=23.1, v=-0.050, a=-1.0, phase=INFLATING
2026-09-02 11:53:01,309 - DVPTest - DEBUG - 物理分类结果: STABLE
2026-09-02 11:53:01,310 - DVPTest - DEBUG - [UI] _on_plot_update 收到 111 个数据点
2026-09-02 11:53:01,313 - DVPTest - INFO - [串口] [压力] 23.1 mmHg
2026-09-02 11:53:01,506 - DVPTest - DEBUG - 读取到 8 字节原始数据
2026-09-02 11:53:01,506 - DVPTest - DEBUG - _process_binary_data 处理 8 字节
2026-09-02 11:53:01,507 - DVPTest - DEBUG - 解析出压力: t=22.251, p=23.0
2026-09-02 11:53:01,507 - DVPTest - DEBUG - 发出 sig_data: t=22.251, p=23.03
2026-09-02 11:53:01,510 - DVPTest - DEBUG - process_data: t=22.25, p=23.0, v=-0.147, a=-0.5, phase=INFLATING
2026-09-02 11:53:01,511 - DVPTest - DEBUG - 物理分类结果: DEFLATING
2026-09-02 11:53:01,511 - DVPTest - DEBUG - [UI] _on_plot_update 收到 112 个数据点
2026-09-02 11:53:01,512 - DVPTest - INFO - [串口] [压力] 23.0 mmHg
2026-09-02 11:53:01,701 - DVPTest - DEBUG - 读取到 8 字节原始数据
2026-09-02 11:53:01,701 - DVPTest - DEBUG - _process_binary_data 处理 8 字节
2026-09-02 11:53:01,702 - DVPTest - DEBUG - 解析出压力: t=22.447, p=23.0
2026-09-02 11:53:01,702 - DVPTest - DEBUG - 发出 sig_data: t=22.447, p=23.02
2026-09-02 11:53:01,706 - DVPTest - DEBUG - process_data: t=22.45, p=23.0, v=-0.051, a=0.5, phase=INFLATING
2026-09-02 11:53:01,706 - DVPTest - DEBUG - 物理分类结果: STABLE
2026-09-02 11:53:01,707 - DVPTest - DEBUG - [UI] _on_plot_update 收到 113 个数据点
2026-09-02 11:53:01,709 - DVPTest - INFO - [串口] [压力] 23.0 mmHg
2026-09-02 11:53:01,900 - DVPTest - DEBUG - 读取到 8 字节原始数据
2026-09-02 11:53:01,900 - DVPTest - DEBUG - _process_binary_data 处理 8 字节
2026-09-02 11:53:01,902 - DVPTest - DEBUG - 解析出压力: t=22.646, p=23.0
2026-09-02 11:53:01,903 - DVPTest - DEBUG - 发出 sig_data: t=22.646, p=23.01
2026-09-02 11:53:01,907 - DVPTest - DEBUG - process_data: t=22.65, p=23.0, v=-0.050, a=0.0, phase=INFLATING
2026-09-02 11:53:01,908 - DVPTest - DEBUG - 物理分类结果: STABLE
2026-09-02 11:53:01,908 - DVPTest - DEBUG - [UI] _on_plot_update 收到 114 个数据点
2026-09-02 11:53:01,913 - DVPTest - INFO - [串口] [压力] 23.0 mmHg
2026-09-02 11:53:02,106 - DVPTest - DEBUG - 读取到 8 字节原始数据
2026-09-02 11:53:02,106 - DVPTest - DEBUG - _process_binary_data 处理 8 字节
2026-09-02 11:53:02,108 - DVPTest - DEBUG - 解析出压力: t=22.852, p=23.0
2026-09-02 11:53:02,108 - DVPTest - DEBUG - 发出 sig_data: t=22.852, p=23.01
2026-09-02 11:53:02,111 - DVPTest - DEBUG - process_data: t=22.85, p=23.0, v=0.000, a=0.2, phase=INFLATING
2026-09-02 11:53:02,114 - DVPTest - DEBUG - 物理分类结果: STABLE
2026-09-02 11:53:02,115 - DVPTest - DEBUG - [UI] _on_plot_update 收到 115 个数据点
2026-09-02 11:53:02,118 - DVPTest - INFO - [串口] [压力] 23.0 mmHg
2026-09-02 11:53:02,301 - DVPTest - DEBUG - 读取到 8 字节原始数据
2026-09-02 11:53:02,301 - DVPTest - DEBUG - _process_binary_data 处理 8 字节
2026-09-02 11:53:02,302 - DVPTest - DEBUG - 解析出压力: t=23.045, p=23.0
2026-09-02 11:53:02,302 - DVPTest - DEBUG - 发出 sig_data: t=23.045, p=22.97
2026-09-02 11:53:02,305 - DVPTest - DEBUG - process_data: t=23.05, p=23.0, v=-0.207, a=-1.1, phase=INFLATING
2026-09-02 11:53:02,305 - DVPTest - DEBUG - 物理分类结果: DEFLATING
2026-09-02 11:53:02,305 - DVPTest - DEBUG - [UI] _on_plot_update 收到 116 个数据点
2026-09-02 11:53:02,306 - DVPTest - INFO - [串口] [压力] 23.0 mmHg
2026-09-02 11:53:02,499 - DVPTest - DEBUG - 读取到 8 字节原始数据
2026-09-02 11:53:02,499 - DVPTest - DEBUG - _process_binary_data 处理 8 字节
2026-09-02 11:53:02,500 - DVPTest - DEBUG - 解析出压力: t=23.244, p=23.0
2026-09-02 11:53:02,500 - DVPTest - DEBUG - 发出 sig_data: t=23.244, p=23.04
2026-09-02 11:53:02,502 - DVPTest - DEBUG - process_data: t=23.24, p=23.0, v=0.352, a=2.8, phase=INFLATING
2026-09-02 11:53:02,502 - DVPTest - DEBUG - 物理分类结果: INFLATING
2026-09-02 11:53:02,502 - DVPTest - DEBUG - [UI] _on_plot_update 收到 117 个数据点
2026-09-02 11:53:02,504 - DVPTest - INFO - [串口] [压力] 23.0 mmHg
2026-09-02 11:53:02,706 - DVPTest - DEBUG - 读取到 8 字节原始数据
2026-09-02 11:53:02,707 - DVPTest - DEBUG - _process_binary_data 处理 8 字节
2026-09-02 11:53:02,709 - DVPTest - DEBUG - 解析出压力: t=23.452, p=23.0
2026-09-02 11:53:02,709 - DVPTest - DEBUG - 发出 sig_data: t=23.452, p=23.04
2026-09-02 11:53:02,714 - DVPTest - DEBUG - process_data: t=23.45, p=23.0, v=0.000, a=-1.7, phase=INFLATING
2026-09-02 11:53:02,715 - DVPTest - DEBUG - 物理分类结果: STABLE
2026-09-02 11:53:02,717 - DVPTest - DEBUG - [UI] _on_plot_update 收到 118 个数据点
2026-09-02 11:53:02,719 - DVPTest - INFO - [串口] [压力] 23.0 mmHg
2026-09-02 11:53:02,901 - DVPTest - DEBUG - 读取到 8 字节原始数据
2026-09-02 11:53:02,901 - DVPTest - DEBUG - _process_binary_data 处理 8 字节
2026-09-02 11:53:02,905 - DVPTest - DEBUG - 解析出压力: t=23.648, p=23.0
2026-09-02 11:53:02,905 - DVPTest - DEBUG - 发出 sig_data: t=23.648, p=23.04
2026-09-02 11:53:02,909 - DVPTest - DEBUG - process_data: t=23.65, p=23.0, v=0.000, a=0.0, phase=INFLATING
2026-09-02 11:53:02,909 - DVPTest - DEBUG - 物理分类结果: STABLE
2026-09-02 11:53:02,911 - DVPTest - DEBUG - [UI] _on_plot_update 收到 119 个数据点
2026-09-02 11:53:02,915 - DVPTest - INFO - [串口] [压力] 23.0 mmHg
2026-09-02 11:53:03,099 - DVPTest - DEBUG - 读取到 8 字节原始数据
2026-09-02 11:53:03,099 - DVPTest - DEBUG - _process_binary_data 处理 8 字节
2026-09-02 11:53:03,100 - DVPTest - DEBUG - 解析出压力: t=23.844, p=23.0
2026-09-02 11:53:03,100 - DVPTest - DEBUG - 发出 sig_data: t=23.844, p=23.02
2026-09-02 11:53:03,103 - DVPTest - DEBUG - process_data: t=23.84, p=23.0, v=-0.102, a=-0.5, phase=INFLATING
2026-09-02 11:53:03,103 - DVPTest - DEBUG - 物理分类结果: DEFLATING
2026-09-02 11:53:03,104 - DVPTest - DEBUG - [UI] _on_plot_update 收到 120 个数据点
2026-09-02 11:53:03,105 - DVPTest - INFO - [串口] [压力] 23.0 mmHg
2026-09-02 11:53:03,306 - DVPTest - DEBUG - 读取到 8 字节原始数据
2026-09-02 11:53:03,306 - DVPTest - DEBUG - _process_binary_data 处理 8 字节
2026-09-02 11:53:03,307 - DVPTest - DEBUG - 解析出压力: t=24.051, p=23.0
2026-09-02 11:53:03,307 - DVPTest - DEBUG - 发出 sig_data: t=24.051, p=23.02
2026-09-02 11:53:03,312 - DVPTest - DEBUG - process_data: t=24.05, p=23.0, v=0.000, a=0.5, phase=INFLATING
2026-09-02 11:53:03,313 - DVPTest - DEBUG - 物理分类结果: STABLE
2026-09-02 11:53:03,313 - DVPTest - DEBUG - [UI] _on_plot_update 收到 121 个数据点
2026-09-02 11:53:03,315 - DVPTest - INFO - [串口] [压力] 23.0 mmHg
2026-09-02 11:53:03,501 - DVPTest - DEBUG - 读取到 8 字节原始数据
2026-09-02 11:53:03,501 - DVPTest - DEBUG - _process_binary_data 处理 8 字节
2026-09-02 11:53:03,503 - DVPTest - DEBUG - 解析出压力: t=24.247, p=23.0
2026-09-02 11:53:03,504 - DVPTest - DEBUG - 发出 sig_data: t=24.247, p=23.00
2026-09-02 11:53:03,508 - DVPTest - DEBUG - process_data: t=24.25, p=23.0, v=-0.102, a=-0.5, phase=INFLATING
2026-09-02 11:53:03,508 - DVPTest - DEBUG - 物理分类结果: DEFLATING
2026-09-02 11:53:03,509 - DVPTest - DEBUG - [UI] _on_plot_update 收到 122 个数据点
2026-09-02 11:53:03,511 - DVPTest - INFO - [串口] [压力] 23.0 mmHg
2026-09-02 11:53:03,699 - DVPTest - DEBUG - 读取到 8 字节原始数据
2026-09-02 11:53:03,699 - DVPTest - DEBUG - _process_binary_data 处理 8 字节
2026-09-02 11:53:03,701 - DVPTest - DEBUG - 解析出压力: t=24.445, p=23.0
2026-09-02 11:53:03,701 - DVPTest - DEBUG - 发出 sig_data: t=24.445, p=22.98
2026-09-02 11:53:03,704 - DVPTest - DEBUG - process_data: t=24.45, p=23.0, v=-0.101, a=0.0, phase=INFLATING
2026-09-02 11:53:03,705 - DVPTest - DEBUG - 物理分类结果: DEFLATING
2026-09-02 11:53:03,705 - DVPTest - DEBUG - [UI] _on_plot_update 收到 123 个数据点
2026-09-02 11:53:03,707 - DVPTest - INFO - [串口] [压力] 23.0 mmHg
2026-09-02 11:53:03,906 - DVPTest - DEBUG - 读取到 8 字节原始数据
2026-09-02 11:53:03,907 - DVPTest - DEBUG - _process_binary_data 处理 8 字节
2026-09-02 11:53:03,907 - DVPTest - DEBUG - 解析出压力: t=24.651, p=23.0
2026-09-02 11:53:03,907 - DVPTest - DEBUG - 发出 sig_data: t=24.651, p=23.00
2026-09-02 11:53:03,909 - DVPTest - DEBUG - process_data: t=24.65, p=23.0, v=0.097, a=1.0, phase=INFLATING
2026-09-02 11:53:03,909 - DVPTest - DEBUG - 物理分类结果: STABLE
2026-09-02 11:53:03,910 - DVPTest - DEBUG - [UI] _on_plot_update 收到 124 个数据点
2026-09-02 11:53:03,911 - DVPTest - INFO - [串口] [压力] 23.0 mmHg
2026-09-02 11:53:04,101 - DVPTest - DEBUG - 读取到 8 字节原始数据
2026-09-02 11:53:04,101 - DVPTest - DEBUG - _process_binary_data 处理 8 字节
2026-09-02 11:53:04,103 - DVPTest - DEBUG - 解析出压力: t=24.847, p=23.0
2026-09-02 11:53:04,103 - DVPTest - DEBUG - 发出 sig_data: t=24.847, p=23.05
2026-09-02 11:53:04,106 - DVPTest - DEBUG - process_data: t=24.85, p=23.0, v=0.255, a=0.8, phase=INFLATING
2026-09-02 11:53:04,107 - DVPTest - DEBUG - 物理分类结果: INFLATING
2026-09-02 11:53:04,108 - DVPTest - DEBUG - [UI] _on_plot_update 收到 125 个数据点
2026-09-02 11:53:04,111 - DVPTest - INFO - [串口] [压力] 23.0 mmHg
2026-09-02 11:53:04,299 - DVPTest - DEBUG - 读取到 8 字节原始数据
2026-09-02 11:53:04,299 - DVPTest - DEBUG - _process_binary_data 处理 8 字节
2026-09-02 11:53:04,301 - DVPTest - DEBUG - 解析出压力: t=25.045, p=23.0
2026-09-02 11:53:04,301 - DVPTest - DEBUG - 发出 sig_data: t=25.045, p=23.05
2026-09-02 11:53:04,308 - DVPTest - DEBUG - process_data: t=25.05, p=23.0, v=0.000, a=-1.3, phase=INFLATING
2026-09-02 11:53:04,308 - DVPTest - DEBUG - 物理分类结果: STABLE
2026-09-02 11:53:04,309 - DVPTest - DEBUG - [UI] _on_plot_update 收到 126 个数据点
2026-09-02 11:53:04,313 - DVPTest - INFO - [串口] [压力] 23.0 mmHg
2026-09-02 11:53:04,506 - DVPTest - DEBUG - 读取到 8 字节原始数据
2026-09-02 11:53:04,506 - DVPTest - DEBUG - _process_binary_data 处理 8 字节
2026-09-02 11:53:04,507 - DVPTest - DEBUG - 解析出压力: t=25.251, p=23.0
2026-09-02 11:53:04,507 - DVPTest - DEBUG - 发出 sig_data: t=25.251, p=23.02
2026-09-02 11:53:04,512 - DVPTest - DEBUG - process_data: t=25.25, p=23.0, v=-0.146, a=-0.7, phase=INFLATING
2026-09-02 11:53:04,514 - DVPTest - DEBUG - 物理分类结果: DEFLATING
2026-09-02 11:53:04,514 - DVPTest - DEBUG - [UI] _on_plot_update 收到 127 个数据点
2026-09-02 11:53:04,518 - DVPTest - INFO - [串口] [压力] 23.0 mmHg
2026-09-02 11:53:04,700 - DVPTest - DEBUG - 读取到 8 字节原始数据
2026-09-02 11:53:04,702 - DVPTest - DEBUG - _process_binary_data 处理 8 字节
2026-09-02 11:53:04,702 - DVPTest - DEBUG - 解析出压力: t=25.445, p=23.0
2026-09-02 11:53:04,702 - DVPTest - DEBUG - 发出 sig_data: t=25.445, p=23.03
2026-09-02 11:53:04,705 - DVPTest - DEBUG - process_data: t=25.45, p=23.0, v=0.051, a=1.0, phase=INFLATING
2026-09-02 11:53:04,705 - DVPTest - DEBUG - 物理分类结果: STABLE
2026-09-02 11:53:04,705 - DVPTest - DEBUG - [UI] _on_plot_update 收到 128 个数据点
2026-09-02 11:53:04,708 - DVPTest - INFO - [串口] [压力] 23.0 mmHg
2026-09-02 11:53:04,900 - DVPTest - DEBUG - 读取到 8 字节原始数据
2026-09-02 11:53:04,900 - DVPTest - DEBUG - _process_binary_data 处理 8 字节
2026-09-02 11:53:04,903 - DVPTest - DEBUG - 解析出压力: t=25.646, p=23.1
2026-09-02 11:53:04,903 - DVPTest - DEBUG - 发出 sig_data: t=25.646, p=23.08
2026-09-02 11:53:04,908 - DVPTest - DEBUG - process_data: t=25.65, p=23.1, v=0.249, a=1.0, phase=INFLATING
2026-09-02 11:53:04,909 - DVPTest - DEBUG - 物理分类结果: INFLATING
2026-09-02 11:53:04,911 - DVPTest - DEBUG - [UI] _on_plot_update 收到 129 个数据点
2026-09-02 11:53:04,913 - DVPTest - INFO - [串口] [压力] 23.1 mmHg
2026-09-02 11:53:05,106 - DVPTest - DEBUG - 读取到 8 字节原始数据
2026-09-02 11:53:05,106 - DVPTest - DEBUG - _process_binary_data 处理 8 字节
2026-09-02 11:53:05,109 - DVPTest - DEBUG - 解析出压力: t=25.853, p=23.0
2026-09-02 11:53:05,110 - DVPTest - DEBUG - 发出 sig_data: t=25.853, p=23.02
2026-09-02 11:53:05,114 - DVPTest - DEBUG - process_data: t=25.85, p=23.0, v=-0.290, a=-2.6, phase=INFLATING
2026-09-02 11:53:05,114 - DVPTest - DEBUG - 物理分类结果: DEFLATING
2026-09-02 11:53:05,117 - DVPTest - DEBUG - [UI] _on_plot_update 收到 130 个数据点
2026-09-02 11:53:05,118 - DVPTest - INFO - [串口] [压力] 23.0 mmHg
2026-09-02 11:53:05,301 - DVPTest - DEBUG - 读取到 8 字节原始数据
2026-09-02 11:53:05,301 - DVPTest - DEBUG - _process_binary_data 处理 8 字节
2026-09-02 11:53:05,303 - DVPTest - DEBUG - 解析出压力: t=26.046, p=23.0
2026-09-02 11:53:05,303 - DVPTest - DEBUG - 发出 sig_data: t=26.046, p=23.02
2026-09-02 11:53:05,309 - DVPTest - DEBUG - process_data: t=26.05, p=23.0, v=0.000, a=1.5, phase=INFLATING
2026-09-02 11:53:05,309 - DVPTest - DEBUG - 物理分类结果: STABLE
2026-09-02 11:53:05,310 - DVPTest - DEBUG - [UI] _on_plot_update 收到 131 个数据点
2026-09-02 11:53:05,314 - DVPTest - INFO - [串口] [压力] 23.0 mmHg
2026-09-02 11:53:05,499 - DVPTest - DEBUG - 读取到 8 字节原始数据
2026-09-02 11:53:05,499 - DVPTest - DEBUG - _process_binary_data 处理 8 字节
2026-09-02 11:53:05,500 - DVPTest - DEBUG - 解析出压力: t=26.244, p=23.0
2026-09-02 11:53:05,500 - DVPTest - DEBUG - 发出 sig_data: t=26.244, p=23.04
2026-09-02 11:53:05,503 - DVPTest - DEBUG - process_data: t=26.24, p=23.0, v=0.101, a=0.5, phase=INFLATING
2026-09-02 11:53:05,503 - DVPTest - DEBUG - 物理分类结果: INFLATING
2026-09-02 11:53:05,503 - DVPTest - DEBUG - [UI] _on_plot_update 收到 132 个数据点
2026-09-02 11:53:05,505 - DVPTest - INFO - [串口] [压力] 23.0 mmHg
2026-09-02 11:53:05,706 - DVPTest - DEBUG - 读取到 8 字节原始数据
2026-09-02 11:53:05,706 - DVPTest - DEBUG - _process_binary_data 处理 8 字节
2026-09-02 11:53:05,709 - DVPTest - DEBUG - 解析出压力: t=26.452, p=23.1
2026-09-02 11:53:05,709 - DVPTest - DEBUG - 发出 sig_data: t=26.452, p=23.09
2026-09-02 11:53:05,715 - DVPTest - DEBUG - process_data: t=26.45, p=23.1, v=0.240, a=0.7, phase=INFLATING
2026-09-02 11:53:05,715 - DVPTest - DEBUG - 充气峰值更新: 23.1 @ 26.45s
2026-09-02 11:53:05,716 - DVPTest - DEBUG - 物理分类结果: INFLATING
2026-09-02 11:53:05,717 - DVPTest - DEBUG - [UI] _on_plot_update 收到 133 个数据点
2026-09-02 11:53:05,719 - DVPTest - INFO - [串口] [压力] 23.1 mmHg
2026-09-02 11:53:05,901 - DVPTest - DEBUG - 读取到 8 字节原始数据
2026-09-02 11:53:05,901 - DVPTest - DEBUG - _process_binary_data 处理 8 字节
2026-09-02 11:53:05,903 - DVPTest - DEBUG - 解析出压力: t=26.647, p=23.0
2026-09-02 11:53:05,904 - DVPTest - DEBUG - 发出 sig_data: t=26.647, p=23.02
2026-09-02 11:53:05,909 - DVPTest - DEBUG - process_data: t=26.65, p=23.0, v=-0.361, a=-3.1, phase=INFLATING
2026-09-02 11:53:05,910 - DVPTest - DEBUG - 物理分类结果: DEFLATING
2026-09-02 11:53:05,910 - DVPTest - DEBUG - [UI] _on_plot_update 收到 134 个数据点
2026-09-02 11:53:05,913 - DVPTest - INFO - [串口] [压力] 23.0 mmHg
2026-09-02 11:53:06,100 - DVPTest - DEBUG - 读取到 8 字节原始数据
2026-09-02 11:53:06,100 - DVPTest - DEBUG - _process_binary_data 处理 8 字节
2026-09-02 11:53:06,102 - DVPTest - DEBUG - 解析出压力: t=26.845, p=23.0
2026-09-02 11:53:06,102 - DVPTest - DEBUG - 发出 sig_data: t=26.845, p=23.00
2026-09-02 11:53:06,108 - DVPTest - DEBUG - process_data: t=26.85, p=23.0, v=-0.101, a=1.3, phase=INFLATING
2026-09-02 11:53:06,109 - DVPTest - DEBUG - 物理分类结果: DEFLATING
2026-09-02 11:53:06,110 - DVPTest - DEBUG - [UI] _on_plot_update 收到 135 个数据点
2026-09-02 11:53:06,115 - DVPTest - INFO - [串口] [压力] 23.0 mmHg
2026-09-02 11:53:06,306 - DVPTest - DEBUG - 读取到 8 字节原始数据
2026-09-02 11:53:06,306 - DVPTest - DEBUG - _process_binary_data 处理 8 字节
2026-09-02 11:53:06,307 - DVPTest - DEBUG - 解析出压力: t=27.050, p=23.0
2026-09-02 11:53:06,307 - DVPTest - DEBUG - 发出 sig_data: t=27.050, p=22.99
2026-09-02 11:53:06,310 - DVPTest - DEBUG - process_data: t=27.05, p=23.0, v=-0.049, a=0.3, phase=INFLATING
2026-09-02 11:53:06,310 - DVPTest - DEBUG - 物理分类结果: STABLE
2026-09-02 11:53:06,310 - DVPTest - DEBUG - [UI] _on_plot_update 收到 136 个数据点
2026-09-02 11:53:06,312 - DVPTest - INFO - [串口] [压力] 23.0 mmHg
2026-09-02 11:53:06,501 - DVPTest - DEBUG - 读取到 8 字节原始数据
2026-09-02 11:53:06,502 - DVPTest - DEBUG - _process_binary_data 处理 8 字节
2026-09-02 11:53:06,503 - DVPTest - DEBUG - 解析出压力: t=27.247, p=23.1
2026-09-02 11:53:06,503 - DVPTest - DEBUG - 发出 sig_data: t=27.247, p=23.08
2026-09-02 11:53:06,507 - DVPTest - DEBUG - process_data: t=27.25, p=23.1, v=0.459, a=2.6, phase=INFLATING
2026-09-02 11:53:06,507 - DVPTest - DEBUG - 物理分类结果: INFLATING
2026-09-02 11:53:06,509 - DVPTest - DEBUG - [UI] _on_plot_update 收到 137 个数据点
2026-09-02 11:53:06,511 - DVPTest - INFO - [串口] [压力] 23.1 mmHg
2026-09-02 11:53:06,700 - DVPTest - DEBUG - 读取到 8 字节原始数据
2026-09-02 11:53:06,700 - DVPTest - DEBUG - _process_binary_data 处理 8 字节
2026-09-02 11:53:06,701 - DVPTest - DEBUG - 解析出压力: t=27.445, p=23.0
2026-09-02 11:53:06,702 - DVPTest - DEBUG - 发出 sig_data: t=27.445, p=23.03
2026-09-02 11:53:06,705 - DVPTest - DEBUG - process_data: t=27.44, p=23.0, v=-0.252, a=-3.6, phase=INFLATING
2026-09-02 11:53:06,706 - DVPTest - DEBUG - 物理分类结果: DEFLATING
2026-09-02 11:53:06,708 - DVPTest - DEBUG - [UI] _on_plot_update 收到 138 个数据点
2026-09-02 11:53:06,710 - DVPTest - INFO - [串口] [压力] 23.0 mmHg
2026-09-02 11:53:06,906 - DVPTest - DEBUG - 读取到 8 字节原始数据
2026-09-02 11:53:06,906 - DVPTest - DEBUG - _process_binary_data 处理 8 字节
2026-09-02 11:53:06,907 - DVPTest - DEBUG - 解析出压力: t=27.651, p=23.0
2026-09-02 11:53:06,908 - DVPTest - DEBUG - 发出 sig_data: t=27.651, p=23.02
2026-09-02 11:53:06,911 - DVPTest - DEBUG - process_data: t=27.65, p=23.0, v=-0.048, a=1.0, phase=INFLATING
2026-09-02 11:53:06,911 - DVPTest - DEBUG - 物理分类结果: STABLE
2026-09-02 11:53:06,912 - DVPTest - DEBUG - [UI] _on_plot_update 收到 139 个数据点
2026-09-02 11:53:06,915 - DVPTest - INFO - [串口] [压力] 23.0 mmHg
2026-09-02 11:53:07,101 - DVPTest - DEBUG - 读取到 8 字节原始数据
2026-09-02 11:53:07,101 - DVPTest - DEBUG - _process_binary_data 处理 8 字节
2026-09-02 11:53:07,102 - DVPTest - DEBUG - 解析出压力: t=27.845, p=23.1
2026-09-02 11:53:07,102 - DVPTest - DEBUG - 发出 sig_data: t=27.845, p=23.08
2026-09-02 11:53:07,103 - DVPTest - DEBUG - process_data: t=27.85, p=23.1, v=0.309, a=1.8, phase=INFLATING
2026-09-02 11:53:07,104 - DVPTest - DEBUG - 物理分类结果: INFLATING
2026-09-02 11:53:07,105 - DVPTest - DEBUG - [UI] _on_plot_update 收到 140 个数据点
2026-09-02 11:53:07,106 - DVPTest - INFO - [串口] [压力] 23.1 mmHg
2026-09-02 11:53:07,299 - DVPTest - DEBUG - 读取到 8 字节原始数据
2026-09-02 11:53:07,299 - DVPTest - DEBUG - _process_binary_data 处理 8 字节
2026-09-02 11:53:07,301 - DVPTest - DEBUG - 解析出压力: t=28.046, p=27.1
2026-09-02 11:53:07,302 - DVPTest - DEBUG - 发出 sig_data: t=28.046, p=27.07
2026-09-02 11:53:07,309 - DVPTest - DEBUG - process_data: t=28.05, p=27.1, v=19.911, a=97.8, phase=INFLATING
2026-09-02 11:53:07,310 - DVPTest - DEBUG - 充气峰值更新: 27.1 @ 28.05s
2026-09-02 11:53:07,310 - DVPTest - DEBUG - 物理分类结果: INFLATING
2026-09-02 11:53:07,312 - DVPTest - DEBUG - [UI] _on_plot_update 收到 141 个数据点
2026-09-02 11:53:07,315 - DVPTest - INFO - [串口] [压力] 27.1 mmHg
2026-09-02 11:53:07,505 - DVPTest - DEBUG - 读取到 8 字节原始数据
2026-09-02 11:53:07,505 - DVPTest - DEBUG - _process_binary_data 处理 8 字节
2026-09-02 11:53:07,507 - DVPTest - DEBUG - 解析出压力: t=28.251, p=33.0
2026-09-02 11:53:07,507 - DVPTest - DEBUG - 发出 sig_data: t=28.251, p=33.04
2026-09-02 11:53:07,513 - DVPTest - DEBUG - process_data: t=28.25, p=33.0, v=29.044, a=44.4, phase=INFLATING
2026-09-02 11:53:07,515 - DVPTest - DEBUG - 充气峰值更新: 33.0 @ 28.25s
2026-09-02 11:53:07,517 - DVPTest - DEBUG - 物理分类结果: INFLATING
2026-09-02 11:53:07,517 - DVPTest - DEBUG - [UI] _on_plot_update 收到 142 个数据点
2026-09-02 11:53:07,521 - DVPTest - INFO - [串口] [压力] 33.0 mmHg
2026-09-02 11:53:07,701 - DVPTest - DEBUG - 读取到 8 字节原始数据
2026-09-02 11:53:07,701 - DVPTest - DEBUG - _process_binary_data 处理 8 字节
2026-09-02 11:53:07,702 - DVPTest - DEBUG - 解析出压力: t=28.446, p=38.8
2026-09-02 11:53:07,702 - DVPTest - DEBUG - 发出 sig_data: t=28.446, p=38.81
2026-09-02 11:53:07,705 - DVPTest - DEBUG - process_data: t=28.45, p=38.8, v=29.615, a=2.9, phase=INFLATING
2026-09-02 11:53:07,705 - DVPTest - DEBUG - 充气峰值更新: 38.8 @ 28.45s
2026-09-02 11:53:07,706 - DVPTest - DEBUG - 物理分类结果: INFLATING
2026-09-02 11:53:07,707 - DVPTest - DEBUG - [UI] _on_plot_update 收到 143 个数据点
2026-09-02 11:53:07,709 - DVPTest - INFO - [串口] [压力] 38.8 mmHg
2026-09-02 11:53:07,899 - DVPTest - DEBUG - 读取到 8 字节原始数据
2026-09-02 11:53:07,899 - DVPTest - DEBUG - _process_binary_data 处理 8 字节
2026-09-02 11:53:07,899 - DVPTest - DEBUG - 解析出压力: t=28.643, p=44.7
2026-09-02 11:53:07,900 - DVPTest - DEBUG - 发出 sig_data: t=28.643, p=44.71
2026-09-02 11:53:07,902 - DVPTest - DEBUG - process_data: t=28.64, p=44.7, v=29.915, a=1.5, phase=INFLATING
2026-09-02 11:53:07,902 - DVPTest - DEBUG - 充气峰值更新: 44.7 @ 28.64s
2026-09-02 11:53:07,903 - DVPTest - DEBUG - 物理分类结果: INFLATING
2026-09-02 11:53:07,903 - DVPTest - DEBUG - [UI] _on_plot_update 收到 144 个数据点
2026-09-02 11:53:07,904 - DVPTest - INFO - [串口] [压力] 44.7 mmHg
2026-09-02 11:53:08,106 - DVPTest - DEBUG - 读取到 8 字节原始数据
2026-09-02 11:53:08,106 - DVPTest - DEBUG - _process_binary_data 处理 8 字节
2026-09-02 11:53:08,108 - DVPTest - DEBUG - 解析出压力: t=28.852, p=50.3
2026-09-02 11:53:08,108 - DVPTest - DEBUG - 发出 sig_data: t=28.852, p=50.34
2026-09-02 11:53:08,114 - DVPTest - DEBUG - process_data: t=28.85, p=50.3, v=26.957, a=-14.2, phase=INFLATING
2026-09-02 11:53:08,115 - DVPTest - DEBUG - 充气峰值更新: 50.3 @ 28.85s
2026-09-02 11:53:08,115 - DVPTest - DEBUG - 物理分类结果: INFLATING
2026-09-02 11:53:08,117 - DVPTest - DEBUG - [UI] _on_plot_update 收到 145 个数据点
2026-09-02 11:53:08,119 - DVPTest - INFO - [串口] [压力] 50.3 mmHg
2026-09-02 11:53:08,301 - DVPTest - DEBUG - 读取到 8 字节原始数据
2026-09-02 11:53:08,301 - DVPTest - DEBUG - _process_binary_data 处理 8 字节
2026-09-02 11:53:08,303 - DVPTest - DEBUG - 解析出压力: t=29.047, p=50.9
2026-09-02 11:53:08,303 - DVPTest - DEBUG - 发出 sig_data: t=29.047, p=50.85
2026-09-02 11:53:08,309 - DVPTest - DEBUG - process_data: t=29.05, p=50.9, v=2.620, a=-125.0, phase=INFLATING
2026-09-02 11:53:08,309 - DVPTest - DEBUG - 充气峰值更新: 50.9 @ 29.05s
2026-09-02 11:53:08,311 - DVPTest - DEBUG - 物理分类结果: INFLATING
2026-09-02 11:53:08,313 - DVPTest - DEBUG - [UI] _on_plot_update 收到 146 个数据点
2026-09-02 11:53:08,317 - DVPTest - INFO - [串口] [压力] 50.9 mmHg
2026-09-02 11:53:08,499 - DVPTest - DEBUG - 读取到 8 字节原始数据
2026-09-02 11:53:08,499 - DVPTest - DEBUG - _process_binary_data 处理 8 字节
2026-09-02 11:53:08,500 - DVPTest - DEBUG - 解析出压力: t=29.243, p=50.8
2026-09-02 11:53:08,500 - DVPTest - DEBUG - 发出 sig_data: t=29.243, p=50.81
2026-09-02 11:53:08,502 - DVPTest - DEBUG - process_data: t=29.24, p=50.8, v=-0.204, a=-14.4, phase=INFLATING
2026-09-02 11:53:08,502 - DVPTest - DEBUG - 物理分类结果: DEFLATING
2026-09-02 11:53:08,502 - DVPTest - DEBUG - [UI] _on_plot_update 收到 147 个数据点
2026-09-02 11:53:08,503 - DVPTest - INFO - [串口] [压力] 50.8 mmHg
2026-09-02 11:53:08,706 - DVPTest - DEBUG - 读取到 8 字节原始数据
2026-09-02 11:53:08,708 - DVPTest - DEBUG - _process_binary_data 处理 8 字节
2026-09-02 11:53:08,708 - DVPTest - DEBUG - 解析出压力: t=29.452, p=51.0
2026-09-02 11:53:08,709 - DVPTest - DEBUG - 发出 sig_data: t=29.452, p=50.98
2026-09-02 11:53:08,710 - DVPTest - DEBUG - process_data: t=29.45, p=51.0, v=0.814, a=4.9, phase=INFLATING
2026-09-02 11:53:08,711 - DVPTest - DEBUG - 充气峰值更新: 51.0 @ 29.45s
2026-09-02 11:53:08,711 - DVPTest - DEBUG - 物理分类结果: INFLATING
2026-09-02 11:53:08,711 - DVPTest - DEBUG - [UI] _on_plot_update 收到 148 个数据点
2026-09-02 11:53:08,713 - DVPTest - INFO - [串口] [压力] 51.0 mmHg
2026-09-02 11:53:08,900 - DVPTest - DEBUG - 读取到 8 字节原始数据
2026-09-02 11:53:08,901 - DVPTest - DEBUG - _process_binary_data 处理 8 字节
2026-09-02 11:53:08,902 - DVPTest - DEBUG - 解析出压力: t=29.646, p=50.9
2026-09-02 11:53:08,902 - DVPTest - DEBUG - 发出 sig_data: t=29.646, p=50.91
2026-09-02 11:53:08,906 - DVPTest - DEBUG - process_data: t=29.65, p=50.9, v=-0.361, a=-6.1, phase=INFLATING
2026-09-02 11:53:08,907 - DVPTest - DEBUG - 物理分类结果: DEFLATING
2026-09-02 11:53:08,907 - DVPTest - DEBUG - [UI] _on_plot_update 收到 149 个数据点
2026-09-02 11:53:08,911 - DVPTest - INFO - [串口] [压力] 50.9 mmHg
2026-09-02 11:53:09,100 - DVPTest - DEBUG - 读取到 8 字节原始数据
2026-09-02 11:53:09,100 - DVPTest - DEBUG - _process_binary_data 处理 8 字节
2026-09-02 11:53:09,102 - DVPTest - DEBUG - 解析出压力: t=29.845, p=50.9
2026-09-02 11:53:09,103 - DVPTest - DEBUG - 发出 sig_data: t=29.845, p=50.94
2026-09-02 11:53:09,106 - DVPTest - DEBUG - process_data: t=29.85, p=50.9, v=0.150, a=2.6, phase=INFLATING
2026-09-02 11:53:09,106 - DVPTest - DEBUG - 物理分类结果: INFLATING
2026-09-02 11:53:09,107 - DVPTest - DEBUG - [UI] _on_plot_update 收到 150 个数据点
2026-09-02 11:53:09,110 - DVPTest - INFO - [串口] [压力] 50.9 mmHg
2026-09-02 11:53:09,306 - DVPTest - DEBUG - 读取到 8 字节原始数据
2026-09-02 11:53:09,306 - DVPTest - DEBUG - _process_binary_data 处理 8 字节
2026-09-02 11:53:09,308 - DVPTest - DEBUG - 解析出压力: t=30.051, p=51.0
2026-09-02 11:53:09,308 - DVPTest - DEBUG - 发出 sig_data: t=30.051, p=50.98
2026-09-02 11:53:09,314 - DVPTest - DEBUG - process_data: t=30.05, p=51.0, v=0.194, a=0.2, phase=INFLATING
2026-09-02 11:53:09,315 - DVPTest - DEBUG - 物理分类结果: INFLATING
2026-09-02 11:53:09,316 - DVPTest - DEBUG - [UI] _on_plot_update 收到 151 个数据点
2026-09-02 11:53:09,319 - DVPTest - INFO - [串口] [压力] 51.0 mmHg
2026-09-02 11:53:09,501 - DVPTest - DEBUG - 读取到 8 字节原始数据
2026-09-02 11:53:09,501 - DVPTest - DEBUG - _process_binary_data 处理 8 字节
2026-09-02 11:53:09,502 - DVPTest - DEBUG - 解析出压力: t=30.246, p=50.9
2026-09-02 11:53:09,502 - DVPTest - DEBUG - 发出 sig_data: t=30.246, p=50.90
2026-09-02 11:53:09,504 - DVPTest - DEBUG - process_data: t=30.25, p=50.9, v=-0.412, a=-3.1, phase=INFLATING
2026-09-02 11:53:09,504 - DVPTest - DEBUG - 物理分类结果: DEFLATING
2026-09-02 11:53:09,505 - DVPTest - DEBUG - [UI] _on_plot_update 收到 152 个数据点
2026-09-02 11:53:09,507 - DVPTest - INFO - [串口] [压力] 50.9 mmHg
2026-09-02 11:53:09,700 - DVPTest - DEBUG - 读取到 8 字节原始数据
2026-09-02 11:53:09,700 - DVPTest - DEBUG - _process_binary_data 处理 8 字节
2026-09-02 11:53:09,702 - DVPTest - DEBUG - 解析出压力: t=30.446, p=50.9
2026-09-02 11:53:09,703 - DVPTest - DEBUG - 发出 sig_data: t=30.446, p=50.94
2026-09-02 11:53:09,708 - DVPTest - DEBUG - process_data: t=30.45, p=50.9, v=0.200, a=3.1, phase=INFLATING
2026-09-02 11:53:09,708 - DVPTest - DEBUG - 物理分类结果: INFLATING
2026-09-02 11:53:09,709 - DVPTest - DEBUG - [UI] _on_plot_update 收到 153 个数据点
2026-09-02 11:53:09,711 - DVPTest - INFO - [串口] [压力] 50.9 mmHg
2026-09-02 11:53:09,905 - DVPTest - DEBUG - 读取到 8 字节原始数据
2026-09-02 11:53:09,905 - DVPTest - DEBUG - _process_binary_data 处理 8 字节
2026-09-02 11:53:09,907 - DVPTest - DEBUG - 解析出压力: t=30.651, p=51.0
2026-09-02 11:53:09,907 - DVPTest - DEBUG - 发出 sig_data: t=30.651, p=50.95
2026-09-02 11:53:09,911 - DVPTest - DEBUG - process_data: t=30.65, p=51.0, v=0.049, a=-0.7, phase=INFLATING
2026-09-02 11:53:09,913 - DVPTest - DEBUG - 物理分类结果: STABLE
2026-09-02 11:53:09,914 - DVPTest - DEBUG - [UI] _on_plot_update 收到 154 个数据点
2026-09-02 11:53:09,917 - DVPTest - INFO - [串口] [压力] 51.0 mmHg
2026-09-02 11:53:10,102 - DVPTest - DEBUG - 读取到 8 字节原始数据
2026-09-02 11:53:10,102 - DVPTest - DEBUG - _process_binary_data 处理 8 字节
2026-09-02 11:53:10,103 - DVPTest - DEBUG - 解析出压力: t=30.846, p=51.0
2026-09-02 11:53:10,103 - DVPTest - DEBUG - 发出 sig_data: t=30.846, p=50.95
2026-09-02 11:53:10,105 - DVPTest - DEBUG - process_data: t=30.85, p=51.0, v=0.000, a=-0.3, phase=INFLATING
2026-09-02 11:53:10,105 - DVPTest - DEBUG - 物理分类结果: STABLE
2026-09-02 11:53:10,105 - DVPTest - DEBUG - [UI] _on_plot_update 收到 155 个数据点
2026-09-02 11:53:10,107 - DVPTest - INFO - [串口] [压力] 51.0 mmHg
2026-09-02 11:53:10,299 - DVPTest - DEBUG - 读取到 8 字节原始数据
2026-09-02 11:53:10,299 - DVPTest - DEBUG - _process_binary_data 处理 8 字节
2026-09-02 11:53:10,302 - DVPTest - DEBUG - 解析出压力: t=31.046, p=51.0
2026-09-02 11:53:10,302 - DVPTest - DEBUG - 发出 sig_data: t=31.046, p=50.97
2026-09-02 11:53:10,307 - DVPTest - DEBUG - process_data: t=31.05, p=51.0, v=0.100, a=0.5, phase=INFLATING
2026-09-02 11:53:10,307 - DVPTest - DEBUG - 物理分类结果: INFLATING
2026-09-02 11:53:10,308 - DVPTest - DEBUG - [UI] _on_plot_update 收到 156 个数据点
2026-09-02 11:53:10,311 - DVPTest - INFO - [串口] [压力] 51.0 mmHg
2026-09-02 11:53:10,505 - DVPTest - DEBUG - 读取到 8 字节原始数据
2026-09-02 11:53:10,506 - DVPTest - DEBUG - _process_binary_data 处理 8 字节
2026-09-02 11:53:10,507 - DVPTest - DEBUG - 解析出压力: t=31.251, p=50.9
2026-09-02 11:53:10,508 - DVPTest - DEBUG - 发出 sig_data: t=31.251, p=50.89
2026-09-02 11:53:10,513 - DVPTest - DEBUG - process_data: t=31.25, p=50.9, v=-0.389, a=-2.4, phase=INFLATING
2026-09-02 11:53:10,514 - DVPTest - DEBUG - 物理分类结果: DEFLATING
2026-09-02 11:53:10,516 - DVPTest - DEBUG - [UI] _on_plot_update 收到 157 个数据点
2026-09-02 11:53:10,519 - DVPTest - INFO - [串口] [压力] 50.9 mmHg
2026-09-02 11:53:10,701 - DVPTest - DEBUG - 读取到 8 字节原始数据
2026-09-02 11:53:10,701 - DVPTest - DEBUG - _process_binary_data 处理 8 字节
2026-09-02 11:53:10,704 - DVPTest - DEBUG - 解析出压力: t=31.447, p=51.0
2026-09-02 11:53:10,704 - DVPTest - DEBUG - 发出 sig_data: t=31.447, p=50.97
2026-09-02 11:53:10,708 - DVPTest - DEBUG - process_data: t=31.45, p=51.0, v=0.408, a=4.1, phase=INFLATING
2026-09-02 11:53:10,708 - DVPTest - DEBUG - 物理分类结果: INFLATING
2026-09-02 11:53:10,710 - DVPTest - DEBUG - [UI] _on_plot_update 收到 158 个数据点
2026-09-02 11:53:10,712 - DVPTest - INFO - [串口] [压力] 51.0 mmHg
2026-09-02 11:53:10,899 - DVPTest - DEBUG - 读取到 8 字节原始数据
2026-09-02 11:53:10,899 - DVPTest - DEBUG - _process_binary_data 处理 8 字节
2026-09-02 11:53:10,899 - DVPTest - DEBUG - 解析出压力: t=31.643, p=50.9
2026-09-02 11:53:10,899 - DVPTest - DEBUG - 发出 sig_data: t=31.643, p=50.93
2026-09-02 11:53:10,902 - DVPTest - DEBUG - process_data: t=31.64, p=50.9, v=-0.205, a=-3.1, phase=INFLATING
2026-09-02 11:53:10,902 - DVPTest - DEBUG - 物理分类结果: DEFLATING
2026-09-02 11:53:10,902 - DVPTest - DEBUG - [UI] _on_plot_update 收到 159 个数据点
2026-09-02 11:53:10,904 - DVPTest - INFO - [串口] [压力] 50.9 mmHg
2026-09-02 11:53:11,106 - DVPTest - DEBUG - 读取到 8 字节原始数据
2026-09-02 11:53:11,106 - DVPTest - DEBUG - _process_binary_data 处理 8 字节
2026-09-02 11:53:11,108 - DVPTest - DEBUG - 解析出压力: t=31.852, p=51.0
2026-09-02 11:53:11,109 - DVPTest - DEBUG - 发出 sig_data: t=31.852, p=50.99
2026-09-02 11:53:11,111 - DVPTest - DEBUG - process_data: t=31.85, p=51.0, v=0.286, a=2.3, phase=INFLATING
2026-09-02 11:53:11,111 - DVPTest - DEBUG - 充气峰值更新: 51.0 @ 31.85s
2026-09-02 11:53:11,111 - DVPTest - DEBUG - 物理分类结果: INFLATING
2026-09-02 11:53:11,112 - DVPTest - DEBUG - [UI] _on_plot_update 收到 160 个数据点
2026-09-02 11:53:11,113 - DVPTest - INFO - [串口] [压力] 51.0 mmHg
2026-09-02 11:53:11,300 - DVPTest - DEBUG - 读取到 8 字节原始数据
2026-09-02 11:53:11,300 - DVPTest - DEBUG - _process_binary_data 处理 8 字节
2026-09-02 11:53:11,302 - DVPTest - DEBUG - 解析出压力: t=32.046, p=51.0
2026-09-02 11:53:11,303 - DVPTest - DEBUG - 发出 sig_data: t=32.046, p=50.97
2026-09-02 11:53:11,309 - DVPTest - DEBUG - process_data: t=32.05, p=51.0, v=-0.103, a=-2.0, phase=INFLATING
2026-09-02 11:53:11,311 - DVPTest - DEBUG - 物理分类结果: DEFLATING
2026-09-02 11:53:11,312 - DVPTest - DEBUG - [UI] _on_plot_update 收到 161 个数据点
2026-09-02 11:53:11,316 - DVPTest - INFO - [串口] [压力] 51.0 mmHg
2026-09-02 11:53:11,499 - DVPTest - DEBUG - 读取到 8 字节原始数据
2026-09-02 11:53:11,499 - DVPTest - DEBUG - _process_binary_data 处理 8 字节
2026-09-02 11:53:11,502 - DVPTest - DEBUG - 解析出压力: t=32.245, p=51.0
2026-09-02 11:53:11,502 - DVPTest - DEBUG - 发出 sig_data: t=32.245, p=50.99
2026-09-02 11:53:11,506 - DVPTest - DEBUG - process_data: t=32.25, p=51.0, v=0.100, a=1.0, phase=INFLATING
2026-09-02 11:53:11,506 - DVPTest - DEBUG - 物理分类结果: INFLATING
2026-09-02 11:53:11,507 - DVPTest - DEBUG - [UI] _on_plot_update 收到 162 个数据点
2026-09-02 11:53:11,511 - DVPTest - INFO - [串口] [压力] 51.0 mmHg
2026-09-02 11:53:11,705 - DVPTest - DEBUG - 读取到 8 字节原始数据
2026-09-02 11:53:11,706 - DVPTest - DEBUG - _process_binary_data 处理 8 字节
2026-09-02 11:53:11,708 - DVPTest - DEBUG - 解析出压力: t=32.451, p=51.0
2026-09-02 11:53:11,708 - DVPTest - DEBUG - 发出 sig_data: t=32.451, p=50.97
2026-09-02 11:53:11,712 - DVPTest - DEBUG - process_data: t=32.45, p=51.0, v=-0.097, a=-1.0, phase=INFLATING
2026-09-02 11:53:11,713 - DVPTest - DEBUG - 物理分类结果: STABLE
2026-09-02 11:53:11,715 - DVPTest - DEBUG - [UI] _on_plot_update 收到 163 个数据点
2026-09-02 11:53:11,719 - DVPTest - INFO - [串口] [压力] 51.0 mmHg
2026-09-02 11:53:11,900 - DVPTest - DEBUG - 读取到 8 字节原始数据
2026-09-02 11:53:11,900 - DVPTest - DEBUG - _process_binary_data 处理 8 字节
2026-09-02 11:53:11,900 - DVPTest - DEBUG - 解析出压力: t=32.645, p=51.0
2026-09-02 11:53:11,902 - DVPTest - DEBUG - 发出 sig_data: t=32.645, p=50.96
2026-09-02 11:53:11,904 - DVPTest - DEBUG - process_data: t=32.64, p=51.0, v=-0.052, a=0.2, phase=INFLATING
2026-09-02 11:53:11,904 - DVPTest - DEBUG - 物理分类结果: STABLE
2026-09-02 11:53:11,904 - DVPTest - DEBUG - [UI] _on_plot_update 收到 164 个数据点
2026-09-02 11:53:11,907 - DVPTest - INFO - [串口] [压力] 51.0 mmHg
2026-09-02 11:53:12,099 - DVPTest - DEBUG - 读取到 8 字节原始数据
2026-09-02 11:53:12,099 - DVPTest - DEBUG - _process_binary_data 处理 8 字节
2026-09-02 11:53:12,101 - DVPTest - DEBUG - 解析出压力: t=32.844, p=51.0
2026-09-02 11:53:12,102 - DVPTest - DEBUG - 发出 sig_data: t=32.844, p=50.96
2026-09-02 11:53:12,105 - DVPTest - DEBUG - process_data: t=32.84, p=51.0, v=0.000, a=0.3, phase=INFLATING
2026-09-02 11:53:12,105 - DVPTest - DEBUG - 物理分类结果: STABLE
2026-09-02 11:53:12,106 - DVPTest - DEBUG - [UI] _on_plot_update 收到 165 个数据点
2026-09-02 11:53:12,110 - DVPTest - INFO - [串口] [压力] 51.0 mmHg
2026-09-02 11:53:12,305 - DVPTest - DEBUG - 读取到 8 字节原始数据
2026-09-02 11:53:12,307 - DVPTest - DEBUG - _process_binary_data 处理 8 字节
2026-09-02 11:53:12,309 - DVPTest - DEBUG - 解析出压力: t=33.052, p=51.0
2026-09-02 11:53:12,309 - DVPTest - DEBUG - 发出 sig_data: t=33.052, p=51.00
2026-09-02 11:53:12,316 - DVPTest - DEBUG - process_data: t=33.05, p=51.0, v=0.193, a=0.9, phase=INFLATING
2026-09-02 11:53:12,317 - DVPTest - DEBUG - 充气峰值更新: 51.0 @ 33.05s
2026-09-02 11:53:12,318 - DVPTest - DEBUG - 物理分类结果: INFLATING
2026-09-02 11:53:12,319 - DVPTest - DEBUG - [UI] _on_plot_update 收到 166 个数据点
2026-09-02 11:53:12,323 - DVPTest - INFO - [串口] [压力] 51.0 mmHg
2026-09-02 11:53:12,501 - DVPTest - DEBUG - 读取到 8 字节原始数据
2026-09-02 11:53:12,501 - DVPTest - DEBUG - _process_binary_data 处理 8 字节
2026-09-02 11:53:12,502 - DVPTest - DEBUG - 解析出压力: t=33.245, p=51.0
2026-09-02 11:53:12,502 - DVPTest - DEBUG - 发出 sig_data: t=33.245, p=51.00
2026-09-02 11:53:12,504 - DVPTest - DEBUG - process_data: t=33.25, p=51.0, v=0.000, a=-1.0, phase=INFLATING
2026-09-02 11:53:12,505 - DVPTest - DEBUG - 物理分类结果: STABLE
2026-09-02 11:53:12,505 - DVPTest - DEBUG - [UI] _on_plot_update 收到 167 个数据点
2026-09-02 11:53:12,506 - DVPTest - INFO - [串口] [压力] 51.0 mmHg
2026-09-02 11:53:12,699 - DVPTest - DEBUG - 读取到 8 字节原始数据
2026-09-02 11:53:12,699 - DVPTest - DEBUG - _process_binary_data 处理 8 字节
2026-09-02 11:53:12,702 - DVPTest - DEBUG - 解析出压力: t=33.445, p=51.0
2026-09-02 11:53:12,702 - DVPTest - DEBUG - 发出 sig_data: t=33.445, p=50.96
2026-09-02 11:53:12,705 - DVPTest - DEBUG - process_data: t=33.45, p=51.0, v=-0.200, a=-1.0, phase=INFLATING
2026-09-02 11:53:12,706 - DVPTest - DEBUG - 物理分类结果: DEFLATING
2026-09-02 11:53:12,707 - DVPTest - DEBUG - [UI] _on_plot_update 收到 168 个数据点
2026-09-02 11:53:12,709 - DVPTest - INFO - [串口] [压力] 51.0 mmHg
2026-09-02 11:53:12,906 - DVPTest - DEBUG - 读取到 8 字节原始数据
2026-09-02 11:53:12,907 - DVPTest - DEBUG - _process_binary_data 处理 8 字节
2026-09-02 11:53:12,908 - DVPTest - DEBUG - 解析出压力: t=33.652, p=51.0
2026-09-02 11:53:12,909 - DVPTest - DEBUG - 发出 sig_data: t=33.652, p=50.98
2026-09-02 11:53:12,914 - DVPTest - DEBUG - process_data: t=33.65, p=51.0, v=0.097, a=1.4, phase=INFLATING
2026-09-02 11:53:12,915 - DVPTest - DEBUG - 物理分类结果: STABLE
2026-09-02 11:53:12,916 - DVPTest - DEBUG - [UI] _on_plot_update 收到 169 个数据点
2026-09-02 11:53:12,919 - DVPTest - INFO - [串口] [压力] 51.0 mmHg
2026-09-02 11:53:13,100 - DVPTest - DEBUG - 读取到 8 字节原始数据
2026-09-02 11:53:13,100 - DVPTest - DEBUG - _process_binary_data 处理 8 字节
2026-09-02 11:53:13,101 - DVPTest - DEBUG - 解析出压力: t=33.845, p=51.0
2026-09-02 11:53:13,101 - DVPTest - DEBUG - 发出 sig_data: t=33.845, p=51.02
2026-09-02 11:53:13,103 - DVPTest - DEBUG - process_data: t=33.84, p=51.0, v=0.208, a=0.6, phase=INFLATING
2026-09-02 11:53:13,104 - DVPTest - DEBUG - 充气峰值更新: 51.0 @ 33.84s
2026-09-02 11:53:13,104 - DVPTest - DEBUG - 物理分类结果: INFLATING
2026-09-02 11:53:13,104 - DVPTest - DEBUG - [UI] _on_plot_update 收到 170 个数据点
2026-09-02 11:53:13,106 - DVPTest - INFO - [串口] [压力] 51.0 mmHg
2026-09-02 11:53:13,299 - DVPTest - DEBUG - 读取到 8 字节原始数据
2026-09-02 11:53:13,299 - DVPTest - DEBUG - _process_binary_data 处理 8 字节
2026-09-02 11:53:13,299 - DVPTest - DEBUG - 解析出压力: t=34.043, p=51.0
2026-09-02 11:53:13,300 - DVPTest - DEBUG - 发出 sig_data: t=34.043, p=51.02
2026-09-02 11:53:13,302 - DVPTest - DEBUG - process_data: t=34.04, p=51.0, v=0.000, a=-1.0, phase=INFLATING
2026-09-02 11:53:13,302 - DVPTest - DEBUG - 物理分类结果: STABLE
2026-09-02 11:53:13,303 - DVPTest - DEBUG - [UI] _on_plot_update 收到 171 个数据点
2026-09-02 11:53:13,305 - DVPTest - INFO - [串口] [压力] 51.0 mmHg
2026-09-02 11:53:13,505 - DVPTest - DEBUG - 读取到 8 字节原始数据
2026-09-02 11:53:13,507 - DVPTest - DEBUG - _process_binary_data 处理 8 字节
2026-09-02 11:53:13,508 - DVPTest - DEBUG - 解析出压力: t=34.251, p=51.0
2026-09-02 11:53:13,508 - DVPTest - DEBUG - 发出 sig_data: t=34.251, p=50.99
2026-09-02 11:53:13,511 - DVPTest - DEBUG - process_data: t=34.25, p=51.0, v=-0.144, a=-0.7, phase=INFLATING
2026-09-02 11:53:13,511 - DVPTest - DEBUG - 物理分类结果: DEFLATING
2026-09-02 11:53:13,512 - DVPTest - DEBUG - [UI] _on_plot_update 收到 172 个数据点
2026-09-02 11:53:13,515 - DVPTest - INFO - [串口] [压力] 51.0 mmHg
2026-09-02 11:53:13,700 - DVPTest - DEBUG - 读取到 8 字节原始数据
2026-09-02 11:53:13,700 - DVPTest - DEBUG - _process_binary_data 处理 8 字节
2026-09-02 11:53:13,703 - DVPTest - DEBUG - 解析出压力: t=34.446, p=51.0
2026-09-02 11:53:13,703 - DVPTest - DEBUG - 发出 sig_data: t=34.446, p=51.00
2026-09-02 11:53:13,706 - DVPTest - DEBUG - process_data: t=34.45, p=51.0, v=0.051, a=1.0, phase=INFLATING
2026-09-02 11:53:13,706 - DVPTest - DEBUG - 物理分类结果: STABLE
2026-09-02 11:53:13,707 - DVPTest - DEBUG - [UI] _on_plot_update 收到 173 个数据点
2026-09-02 11:53:13,710 - DVPTest - INFO - [串口] [压力] 51.0 mmHg
2026-09-02 11:53:13,899 - DVPTest - DEBUG - 读取到 8 字节原始数据
2026-09-02 11:53:13,899 - DVPTest - DEBUG - _process_binary_data 处理 8 字节
2026-09-02 11:53:13,901 - DVPTest - DEBUG - 解析出压力: t=34.645, p=51.0
2026-09-02 11:53:13,901 - DVPTest - DEBUG - 发出 sig_data: t=34.645, p=51.00
2026-09-02 11:53:13,905 - DVPTest - DEBUG - process_data: t=34.64, p=51.0, v=0.000, a=-0.3, phase=INFLATING
2026-09-02 11:53:13,905 - DVPTest - DEBUG - 物理分类结果: STABLE
2026-09-02 11:53:13,906 - DVPTest - DEBUG - [UI] _on_plot_update 收到 174 个数据点
2026-09-02 11:53:13,909 - DVPTest - INFO - [串口] [压力] 51.0 mmHg
2026-09-02 11:53:14,105 - DVPTest - DEBUG - 读取到 8 字节原始数据
2026-09-02 11:53:14,105 - DVPTest - DEBUG - _process_binary_data 处理 8 字节
2026-09-02 11:53:14,106 - DVPTest - DEBUG - 解析出压力: t=34.849, p=51.0
2026-09-02 11:53:14,106 - DVPTest - DEBUG - 发出 sig_data: t=34.849, p=51.01
2026-09-02 11:53:14,109 - DVPTest - DEBUG - process_data: t=34.85, p=51.0, v=0.049, a=0.2, phase=INFLATING
2026-09-02 11:53:14,109 - DVPTest - DEBUG - 物理分类结果: STABLE
2026-09-02 11:53:14,110 - DVPTest - DEBUG - [UI] _on_plot_update 收到 175 个数据点
2026-09-02 11:53:14,111 - DVPTest - INFO - [串口] [压力] 51.0 mmHg
2026-09-02 11:53:14,301 - DVPTest - DEBUG - 读取到 8 字节原始数据
2026-09-02 11:53:14,302 - DVPTest - DEBUG - _process_binary_data 处理 8 字节
2026-09-02 11:53:14,303 - DVPTest - DEBUG - 解析出压力: t=35.046, p=51.0
2026-09-02 11:53:14,304 - DVPTest - DEBUG - 发出 sig_data: t=35.046, p=51.00
2026-09-02 11:53:14,310 - DVPTest - DEBUG - process_data: t=35.05, p=51.0, v=-0.051, a=-0.5, phase=INFLATING
2026-09-02 11:53:14,311 - DVPTest - DEBUG - 物理分类结果: STABLE
2026-09-02 11:53:14,313 - DVPTest - DEBUG - [UI] _on_plot_update 收到 176 个数据点
2026-09-02 11:53:14,317 - DVPTest - INFO - [串口] [压力] 51.0 mmHg
2026-09-02 11:53:14,499 - DVPTest - DEBUG - 读取到 8 字节原始数据
2026-09-02 11:53:14,499 - DVPTest - DEBUG - _process_binary_data 处理 8 字节
2026-09-02 11:53:14,501 - DVPTest - DEBUG - 解析出压力: t=35.245, p=51.0
2026-09-02 11:53:14,502 - DVPTest - DEBUG - 发出 sig_data: t=35.245, p=50.96
2026-09-02 11:53:14,506 - DVPTest - DEBUG - process_data: t=35.25, p=51.0, v=-0.201, a=-0.8, phase=INFLATING
2026-09-02 11:53:14,507 - DVPTest - DEBUG - 物理分类结果: DEFLATING
2026-09-02 11:53:14,508 - DVPTest - DEBUG - [UI] _on_plot_update 收到 177 个数据点
2026-09-02 11:53:14,512 - DVPTest - INFO - [串口] [压力] 51.0 mmHg
2026-09-02 11:53:14,707 - DVPTest - DEBUG - 读取到 8 字节原始数据
2026-09-02 11:53:14,707 - DVPTest - DEBUG - _process_binary_data 处理 8 字节
2026-09-02 11:53:14,708 - DVPTest - DEBUG - 解析出压力: t=35.452, p=50.9
2026-09-02 11:53:14,709 - DVPTest - DEBUG - 发出 sig_data: t=35.452, p=50.93
2026-09-02 11:53:14,713 - DVPTest - DEBUG - process_data: t=35.45, p=50.9, v=-0.145, a=0.3, phase=INFLATING
2026-09-02 11:53:14,714 - DVPTest - DEBUG - 物理分类结果: DEFLATING
2026-09-02 11:53:14,715 - DVPTest - DEBUG - [UI] _on_plot_update 收到 178 个数据点
2026-09-02 11:53:14,720 - DVPTest - INFO - [串口] [压力] 50.9 mmHg
2026-09-02 11:53:14,901 - DVPTest - DEBUG - 读取到 8 字节原始数据
2026-09-02 11:53:14,901 - DVPTest - DEBUG - _process_binary_data 处理 8 字节
2026-09-02 11:53:14,902 - DVPTest - DEBUG - 解析出压力: t=35.645, p=51.0
2026-09-02 11:53:14,902 - DVPTest - DEBUG - 发出 sig_data: t=35.645, p=50.99
2026-09-02 11:53:14,905 - DVPTest - DEBUG - process_data: t=35.65, p=51.0, v=0.310, a=2.4, phase=INFLATING
2026-09-02 11:53:14,905 - DVPTest - DEBUG - 物理分类结果: INFLATING
2026-09-02 11:53:14,905 - DVPTest - DEBUG - [UI] _on_plot_update 收到 179 个数据点
2026-09-02 11:53:14,907 - DVPTest - INFO - [串口] [压力] 51.0 mmHg
2026-09-02 11:53:15,099 - DVPTest - DEBUG - 读取到 8 字节原始数据
2026-09-02 11:53:15,099 - DVPTest - DEBUG - _process_binary_data 处理 8 字节
2026-09-02 11:53:15,101 - DVPTest - DEBUG - 解析出压力: t=35.845, p=51.0
2026-09-02 11:53:15,101 - DVPTest - DEBUG - 发出 sig_data: t=35.845, p=50.98
2026-09-02 11:53:15,106 - DVPTest - DEBUG - process_data: t=35.84, p=51.0, v=-0.050, a=-1.8, phase=INFLATING
2026-09-02 11:53:15,107 - DVPTest - DEBUG - 物理分类结果: STABLE
2026-09-02 11:53:15,108 - DVPTest - DEBUG - [UI] _on_plot_update 收到 180 个数据点
2026-09-02 11:53:15,111 - DVPTest - INFO - [串口] [压力] 51.0 mmHg
2026-09-02 11:53:15,307 - DVPTest - DEBUG - 读取到 8 字节原始数据
2026-09-02 11:53:15,307 - DVPTest - DEBUG - _process_binary_data 处理 8 字节
2026-09-02 11:53:15,309 - DVPTest - DEBUG - 解析出压力: t=36.054, p=51.0
2026-09-02 11:53:15,311 - DVPTest - DEBUG - 发出 sig_data: t=36.054, p=50.99
2026-09-02 11:53:15,317 - DVPTest - DEBUG - process_data: t=36.05, p=51.0, v=0.048, a=0.5, phase=INFLATING
2026-09-02 11:53:15,318 - DVPTest - DEBUG - 物理分类结果: STABLE
2026-09-02 11:53:15,319 - DVPTest - DEBUG - [UI] _on_plot_update 收到 181 个数据点
2026-09-02 11:53:15,322 - DVPTest - INFO - [串口] [压力] 51.0 mmHg
2026-09-02 11:53:15,500 - DVPTest - DEBUG - 读取到 8 字节原始数据
2026-09-02 11:53:15,500 - DVPTest - DEBUG - _process_binary_data 处理 8 字节
2026-09-02 11:53:15,501 - DVPTest - DEBUG - 解析出压力: t=36.245, p=51.0
2026-09-02 11:53:15,501 - DVPTest - DEBUG - 发出 sig_data: t=36.245, p=51.02
2026-09-02 11:53:15,503 - DVPTest - DEBUG - process_data: t=36.24, p=51.0, v=0.157, a=0.6, phase=INFLATING
2026-09-02 11:53:15,503 - DVPTest - DEBUG - 物理分类结果: INFLATING
2026-09-02 11:53:15,503 - DVPTest - DEBUG - [UI] _on_plot_update 收到 182 个数据点
2026-09-02 11:53:15,505 - DVPTest - INFO - [串口] [压力] 51.0 mmHg
2026-09-02 11:53:15,700 - DVPTest - DEBUG - 读取到 8 字节原始数据
2026-09-02 11:53:15,700 - DVPTest - DEBUG - _process_binary_data 处理 8 字节
2026-09-02 11:53:15,703 - DVPTest - DEBUG - 解析出压力: t=36.446, p=51.0
2026-09-02 11:53:15,704 - DVPTest - DEBUG - 发出 sig_data: t=36.446, p=51.01
2026-09-02 11:53:15,708 - DVPTest - DEBUG - process_data: t=36.45, p=51.0, v=-0.050, a=-1.0, phase=INFLATING
2026-09-02 11:53:15,709 - DVPTest - DEBUG - 物理分类结果: STABLE
2026-09-02 11:53:15,710 - DVPTest - DEBUG - [UI] _on_plot_update 收到 183 个数据点
2026-09-02 11:53:15,714 - DVPTest - INFO - [串口] [压力] 51.0 mmHg
2026-09-02 11:53:15,907 - DVPTest - DEBUG - 读取到 8 字节原始数据
2026-09-02 11:53:15,907 - DVPTest - DEBUG - _process_binary_data 处理 8 字节
2026-09-02 11:53:15,909 - DVPTest - DEBUG - 解析出压力: t=36.652, p=51.0
2026-09-02 11:53:15,909 - DVPTest - DEBUG - 发出 sig_data: t=36.652, p=51.04
2026-09-02 11:53:15,913 - DVPTest - DEBUG - process_data: t=36.65, p=51.0, v=0.145, a=0.9, phase=INFLATING
2026-09-02 11:53:15,914 - DVPTest - DEBUG - 充气峰值更新: 51.0 @ 36.65s
2026-09-02 11:53:15,915 - DVPTest - DEBUG - 物理分类结果: INFLATING
2026-09-02 11:53:15,916 - DVPTest - DEBUG - [UI] _on_plot_update 收到 184 个数据点
2026-09-02 11:53:15,918 - DVPTest - INFO - [串口] [压力] 51.0 mmHg
2026-09-02 11:53:16,102 - DVPTest - DEBUG - 读取到 8 字节原始数据
2026-09-02 11:53:16,102 - DVPTest - DEBUG - _process_binary_data 处理 8 字节
2026-09-02 11:53:16,104 - DVPTest - DEBUG - 解析出压力: t=36.848, p=51.0
2026-09-02 11:53:16,104 - DVPTest - DEBUG - 发出 sig_data: t=36.848, p=51.00
2026-09-02 11:53:16,109 - DVPTest - DEBUG - process_data: t=36.85, p=51.0, v=-0.205, a=-1.8, phase=INFLATING
2026-09-02 11:53:16,110 - DVPTest - DEBUG - 物理分类结果: DEFLATING
2026-09-02 11:53:16,111 - DVPTest - DEBUG - [UI] _on_plot_update 收到 185 个数据点
2026-09-02 11:53:16,115 - DVPTest - INFO - [串口] [压力] 51.0 mmHg
2026-09-02 11:53:16,299 - DVPTest - DEBUG - 读取到 8 字节原始数据
2026-09-02 11:53:16,299 - DVPTest - DEBUG - _process_binary_data 处理 8 字节
2026-09-02 11:53:16,300 - DVPTest - DEBUG - 解析出压力: t=37.044, p=51.0
2026-09-02 11:53:16,300 - DVPTest - DEBUG - 发出 sig_data: t=37.044, p=51.02
2026-09-02 11:53:16,303 - DVPTest - DEBUG - process_data: t=37.04, p=51.0, v=0.102, a=1.6, phase=INFLATING
2026-09-02 11:53:16,303 - DVPTest - DEBUG - 物理分类结果: INFLATING
2026-09-02 11:53:16,304 - DVPTest - DEBUG - [UI] _on_plot_update 收到 186 个数据点
2026-09-02 11:53:16,305 - DVPTest - INFO - [串口] [压力] 51.0 mmHg
2026-09-02 11:53:16,506 - DVPTest - DEBUG - 读取到 8 字节原始数据
2026-09-02 11:53:16,507 - DVPTest - DEBUG - _process_binary_data 处理 8 字节
2026-09-02 11:53:16,509 - DVPTest - DEBUG - 解析出压力: t=37.253, p=51.0
2026-09-02 11:53:16,510 - DVPTest - DEBUG - 发出 sig_data: t=37.253, p=50.97
2026-09-02 11:53:16,515 - DVPTest - DEBUG - process_data: t=37.25, p=51.0, v=-0.239, a=-1.6, phase=INFLATING
2026-09-02 11:53:16,516 - DVPTest - DEBUG - 物理分类结果: DEFLATING
2026-09-02 11:53:16,517 - DVPTest - DEBUG - [UI] _on_plot_update 收到 187 个数据点
2026-09-02 11:53:16,521 - DVPTest - INFO - [串口] [压力] 51.0 mmHg
2026-09-02 11:53:16,702 - DVPTest - DEBUG - 读取到 8 字节原始数据
2026-09-02 11:53:16,702 - DVPTest - DEBUG - _process_binary_data 处理 8 字节
2026-09-02 11:53:16,705 - DVPTest - DEBUG - 解析出压力: t=37.448, p=51.0
2026-09-02 11:53:16,706 - DVPTest - DEBUG - 发出 sig_data: t=37.448, p=51.02
2026-09-02 11:53:16,709 - DVPTest - DEBUG - process_data: t=37.45, p=51.0, v=0.255, a=2.5, phase=INFLATING
2026-09-02 11:53:16,709 - DVPTest - DEBUG - 物理分类结果: INFLATING
2026-09-02 11:53:16,710 - DVPTest - DEBUG - [UI] _on_plot_update 收到 188 个数据点
2026-09-02 11:53:16,713 - DVPTest - INFO - [串口] [压力] 51.0 mmHg
2026-09-02 11:53:16,899 - DVPTest - DEBUG - 读取到 8 字节原始数据
2026-09-02 11:53:16,899 - DVPTest - DEBUG - _process_binary_data 处理 8 字节
2026-09-02 11:53:16,899 - DVPTest - DEBUG - 解析出压力: t=37.643, p=51.0
2026-09-02 11:53:16,900 - DVPTest - DEBUG - 发出 sig_data: t=37.643, p=51.02
2026-09-02 11:53:16,901 - DVPTest - DEBUG - process_data: t=37.64, p=51.0, v=0.000, a=-1.3, phase=INFLATING
2026-09-02 11:53:16,901 - DVPTest - DEBUG - 物理分类结果: STABLE
2026-09-02 11:53:16,901 - DVPTest - DEBUG - [UI] _on_plot_update 收到 189 个数据点
2026-09-02 11:53:16,904 - DVPTest - INFO - [串口] [压力] 51.0 mmHg
2026-09-02 11:53:17,107 - DVPTest - DEBUG - 读取到 8 字节原始数据
2026-09-02 11:53:17,107 - DVPTest - DEBUG - _process_binary_data 处理 8 字节
2026-09-02 11:53:17,109 - DVPTest - DEBUG - 解析出压力: t=37.853, p=51.0
2026-09-02 11:53:17,110 - DVPTest - DEBUG - 发出 sig_data: t=37.853, p=51.00
2026-09-02 11:53:17,112 - DVPTest - DEBUG - process_data: t=37.85, p=51.0, v=-0.095, a=-0.5, phase=INFLATING
2026-09-02 11:53:17,112 - DVPTest - DEBUG - 物理分类结果: STABLE
2026-09-02 11:53:17,113 - DVPTest - DEBUG - [UI] _on_plot_update 收到 190 个数据点
2026-09-02 11:53:17,115 - DVPTest - INFO - [串口] [压力] 51.0 mmHg
2026-09-02 11:53:17,301 - DVPTest - DEBUG - 读取到 8 字节原始数据
2026-09-02 11:53:17,301 - DVPTest - DEBUG - _process_binary_data 处理 8 字节
2026-09-02 11:53:17,303 - DVPTest - DEBUG - 解析出压力: t=38.046, p=51.0
2026-09-02 11:53:17,303 - DVPTest - DEBUG - 发出 sig_data: t=38.046, p=50.97
2026-09-02 11:53:17,309 - DVPTest - DEBUG - process_data: t=38.05, p=51.0, v=-0.155, a=-0.3, phase=INFLATING
2026-09-02 11:53:17,310 - DVPTest - DEBUG - 物理分类结果: DEFLATING
2026-09-02 11:53:17,311 - DVPTest - DEBUG - [UI] _on_plot_update 收到 191 个数据点
2026-09-02 11:53:17,314 - DVPTest - INFO - [串口] [压力] 51.0 mmHg
2026-09-02 11:53:17,499 - DVPTest - DEBUG - 读取到 8 字节原始数据
2026-09-02 11:53:17,499 - DVPTest - DEBUG - _process_binary_data 处理 8 字节
2026-09-02 11:53:17,501 - DVPTest - DEBUG - 解析出压力: t=38.244, p=51.0
2026-09-02 11:53:17,501 - DVPTest - DEBUG - 发出 sig_data: t=38.244, p=50.98
2026-09-02 11:53:17,505 - DVPTest - DEBUG - process_data: t=38.24, p=51.0, v=0.050, a=1.0, phase=INFLATING
2026-09-02 11:53:17,506 - DVPTest - DEBUG - 物理分类结果: STABLE
2026-09-02 11:53:17,507 - DVPTest - DEBUG - [UI] _on_plot_update 收到 192 个数据点
2026-09-02 11:53:17,513 - DVPTest - INFO - [串口] [压力] 51.0 mmHg
2026-09-02 11:53:17,707 - DVPTest - DEBUG - 读取到 8 字节原始数据
2026-09-02 11:53:17,707 - DVPTest - DEBUG - _process_binary_data 处理 8 字节
2026-09-02 11:53:17,709 - DVPTest - DEBUG - 解析出压力: t=38.452, p=51.0
2026-09-02 11:53:17,710 - DVPTest - DEBUG - 发出 sig_data: t=38.452, p=50.98
2026-09-02 11:53:17,714 - DVPTest - DEBUG - process_data: t=38.45, p=51.0, v=0.000, a=-0.2, phase=INFLATING
2026-09-02 11:53:17,715 - DVPTest - DEBUG - 物理分类结果: STABLE
2026-09-02 11:53:17,716 - DVPTest - DEBUG - [UI] _on_plot_update 收到 193 个数据点
2026-09-02 11:53:17,720 - DVPTest - INFO - [串口] [压力] 51.0 mmHg
2026-09-02 11:53:17,901 - DVPTest - DEBUG - 读取到 8 字节原始数据
2026-09-02 11:53:17,901 - DVPTest - DEBUG - _process_binary_data 处理 8 字节
2026-09-02 11:53:17,902 - DVPTest - DEBUG - 解析出压力: t=38.646, p=51.0
2026-09-02 11:53:17,902 - DVPTest - DEBUG - 发出 sig_data: t=38.646, p=51.01
2026-09-02 11:53:17,904 - DVPTest - DEBUG - process_data: t=38.65, p=51.0, v=0.155, a=0.8, phase=INFLATING
2026-09-02 11:53:17,905 - DVPTest - DEBUG - 物理分类结果: INFLATING
2026-09-02 11:53:17,905 - DVPTest - DEBUG - [UI] _on_plot_update 收到 194 个数据点
2026-09-02 11:53:17,907 - DVPTest - INFO - [串口] [压力] 51.0 mmHg
2026-09-02 11:53:18,100 - DVPTest - DEBUG - 读取到 8 字节原始数据
2026-09-02 11:53:18,101 - DVPTest - DEBUG - _process_binary_data 处理 8 字节
2026-09-02 11:53:18,102 - DVPTest - DEBUG - 解析出压力: t=38.845, p=51.0
2026-09-02 11:53:18,103 - DVPTest - DEBUG - 发出 sig_data: t=38.845, p=51.03
2026-09-02 11:53:18,106 - DVPTest - DEBUG - process_data: t=38.85, p=51.0, v=0.100, a=-0.3, phase=INFLATING
2026-09-02 11:53:18,106 - DVPTest - DEBUG - 物理分类结果: INFLATING
2026-09-02 11:53:18,107 - DVPTest - DEBUG - [UI] _on_plot_update 收到 195 个数据点
2026-09-02 11:53:18,110 - DVPTest - INFO - [串口] [压力] 51.0 mmHg
2026-09-02 11:53:18,307 - DVPTest - DEBUG - 读取到 8 字节原始数据
2026-09-02 11:53:18,307 - DVPTest - DEBUG - _process_binary_data 处理 8 字节
2026-09-02 11:53:18,308 - DVPTest - DEBUG - 解析出压力: t=39.051, p=51.0
2026-09-02 11:53:18,308 - DVPTest - DEBUG - 发出 sig_data: t=39.051, p=51.01
2026-09-02 11:53:18,312 - DVPTest - DEBUG - process_data: t=39.05, p=51.0, v=-0.097, a=-1.0, phase=INFLATING
2026-09-02 11:53:18,312 - DVPTest - DEBUG - 物理分类结果: STABLE
2026-09-02 11:53:18,313 - DVPTest - DEBUG - [UI] _on_plot_update 收到 196 个数据点
2026-09-02 11:53:18,314 - DVPTest - INFO - [串口] [压力] 51.0 mmHg
2026-09-02 11:53:18,501 - DVPTest - DEBUG - 读取到 8 字节原始数据
2026-09-02 11:53:18,501 - DVPTest - DEBUG - _process_binary_data 处理 8 字节
2026-09-02 11:53:18,502 - DVPTest - DEBUG - 解析出压力: t=39.245, p=51.0
2026-09-02 11:53:18,502 - DVPTest - DEBUG - 发出 sig_data: t=39.245, p=51.01
2026-09-02 11:53:18,504 - DVPTest - DEBUG - process_data: t=39.25, p=51.0, v=0.000, a=0.5, phase=INFLATING
2026-09-02 11:53:18,504 - DVPTest - DEBUG - 物理分类结果: STABLE
2026-09-02 11:53:18,505 - DVPTest - DEBUG - [UI] _on_plot_update 收到 197 个数据点
2026-09-02 11:53:18,507 - DVPTest - INFO - [串口] [压力] 51.0 mmHg
2026-09-02 11:53:18,699 - DVPTest - DEBUG - 读取到 8 字节原始数据
2026-09-02 11:53:18,699 - DVPTest - DEBUG - _process_binary_data 处理 8 字节
2026-09-02 11:53:18,700 - DVPTest - DEBUG - 解析出压力: t=39.444, p=51.0
2026-09-02 11:53:18,700 - DVPTest - DEBUG - 发出 sig_data: t=39.444, p=50.97
2026-09-02 11:53:18,704 - DVPTest - DEBUG - process_data: t=39.44, p=51.0, v=-0.202, a=-1.0, phase=INFLATING
2026-09-02 11:53:18,705 - DVPTest - DEBUG - 物理分类结果: DEFLATING
2026-09-02 11:53:18,706 - DVPTest - DEBUG - [UI] _on_plot_update 收到 198 个数据点
2026-09-02 11:53:18,709 - DVPTest - INFO - [串口] [压力] 51.0 mmHg
2026-09-02 11:53:18,907 - DVPTest - DEBUG - 读取到 8 字节原始数据
2026-09-02 11:53:18,908 - DVPTest - DEBUG - _process_binary_data 处理 8 字节
2026-09-02 11:53:18,910 - DVPTest - DEBUG - 解析出压力: t=39.653, p=51.0
2026-09-02 11:53:18,911 - DVPTest - DEBUG - 发出 sig_data: t=39.653, p=50.98
2026-09-02 11:53:18,916 - DVPTest - DEBUG - process_data: t=39.65, p=51.0, v=0.048, a=1.2, phase=INFLATING
2026-09-02 11:53:18,917 - DVPTest - DEBUG - 物理分类结果: STABLE
2026-09-02 11:53:18,918 - DVPTest - DEBUG - [UI] _on_plot_update 收到 199 个数据点
2026-09-02 11:53:18,921 - DVPTest - INFO - [串口] [压力] 51.0 mmHg
2026-09-02 11:53:19,100 - DVPTest - DEBUG - 读取到 8 字节原始数据
2026-09-02 11:53:19,100 - DVPTest - DEBUG - _process_binary_data 处理 8 字节
2026-09-02 11:53:19,102 - DVPTest - DEBUG - 解析出压力: t=39.846, p=51.0
2026-09-02 11:53:19,102 - DVPTest - DEBUG - 发出 sig_data: t=39.846, p=50.98
2026-09-02 11:53:19,107 - DVPTest - DEBUG - process_data: t=39.85, p=51.0, v=0.000, a=-0.2, phase=INFLATING
2026-09-02 11:53:19,108 - DVPTest - DEBUG - 物理分类结果: STABLE
2026-09-02 11:53:19,108 - DVPTest - DEBUG - [UI] _on_plot_update 收到 200 个数据点
2026-09-02 11:53:19,112 - DVPTest - INFO - [串口] [压力] 51.0 mmHg
2026-09-02 11:53:19,299 - DVPTest - DEBUG - 读取到 8 字节原始数据
2026-09-02 11:53:19,299 - DVPTest - DEBUG - _process_binary_data 处理 8 字节
2026-09-02 11:53:19,300 - DVPTest - DEBUG - 解析出压力: t=40.044, p=51.0
2026-09-02 11:53:19,300 - DVPTest - DEBUG - 发出 sig_data: t=40.044, p=50.98
2026-09-02 11:53:19,303 - DVPTest - DEBUG - process_data: t=40.04, p=51.0, v=0.000, a=0.0, phase=INFLATING
2026-09-02 11:53:19,303 - DVPTest - DEBUG - 物理分类结果: STABLE
2026-09-02 11:53:19,303 - DVPTest - DEBUG - [UI] _on_plot_update 收到 201 个数据点
2026-09-02 11:53:19,305 - DVPTest - INFO - [串口] [压力] 51.0 mmHg
2026-09-02 11:53:19,507 - DVPTest - DEBUG - 读取到 8 字节原始数据
2026-09-02 11:53:19,509 - DVPTest - DEBUG - _process_binary_data 处理 8 字节
2026-09-02 11:53:19,510 - DVPTest - DEBUG - 解析出压力: t=40.254, p=51.0
2026-09-02 11:53:19,510 - DVPTest - DEBUG - 发出 sig_data: t=40.254, p=50.97
2026-09-02 11:53:19,517 - DVPTest - DEBUG - process_data: t=40.25, p=51.0, v=-0.048, a=-0.2, phase=INFLATING
2026-09-02 11:53:19,518 - DVPTest - DEBUG - 物理分类结果: STABLE
2026-09-02 11:53:19,519 - DVPTest - DEBUG - [UI] _on_plot_update 收到 202 个数据点
2026-09-02 11:53:19,523 - DVPTest - INFO - [串口] [压力] 51.0 mmHg
2026-09-02 11:53:19,708 - DVPTest - DEBUG - 读取到 8 字节原始数据
2026-09-02 11:53:19,708 - DVPTest - DEBUG - _process_binary_data 处理 8 字节
2026-09-02 11:53:19,708 - DVPTest - DEBUG - 解析出压力: t=40.452, p=51.0
2026-09-02 11:53:19,708 - DVPTest - DEBUG - 发出 sig_data: t=40.452, p=50.97
2026-09-02 11:53:19,710 - DVPTest - DEBUG - process_data: t=40.45, p=51.0, v=0.000, a=0.2, phase=INFLATING
2026-09-02 11:53:19,710 - DVPTest - DEBUG - 物理分类结果: STABLE
2026-09-02 11:53:19,711 - DVPTest - DEBUG - [UI] _on_plot_update 收到 203 个数据点
2026-09-02 11:53:19,712 - DVPTest - INFO - [串口] [压力] 51.0 mmHg
2026-09-02 11:53:19,899 - DVPTest - DEBUG - 读取到 8 字节原始数据
2026-09-02 11:53:19,899 - DVPTest - DEBUG - _process_binary_data 处理 8 字节
2026-09-02 11:53:19,900 - DVPTest - DEBUG - 解析出压力: t=40.643, p=51.0
2026-09-02 11:53:19,900 - DVPTest - DEBUG - 发出 sig_data: t=40.643, p=50.95
2026-09-02 11:53:19,901 - DVPTest - DEBUG - process_data: t=40.64, p=51.0, v=-0.105, a=-0.5, phase=INFLATING
2026-09-02 11:53:19,901 - DVPTest - DEBUG - 物理分类结果: DEFLATING
2026-09-02 11:53:19,902 - DVPTest - DEBUG - [UI] _on_plot_update 收到 204 个数据点
2026-09-02 11:53:19,904 - DVPTest - INFO - [串口] [压力] 51.0 mmHg
2026-09-02 11:53:20,107 - DVPTest - DEBUG - 读取到 8 字节原始数据
2026-09-02 11:53:20,107 - DVPTest - DEBUG - _process_binary_data 处理 8 字节
2026-09-02 11:53:20,107 - DVPTest - DEBUG - 解析出压力: t=40.851, p=51.0
2026-09-02 11:53:20,107 - DVPTest - DEBUG - 发出 sig_data: t=40.851, p=51.00
2026-09-02 11:53:20,108 - DVPTest - DEBUG - process_data: t=40.85, p=51.0, v=0.241, a=1.7, phase=INFLATING
2026-09-02 11:53:20,108 - DVPTest - DEBUG - 物理分类结果: INFLATING
2026-09-02 11:53:20,108 - DVPTest - DEBUG - [UI] _on_plot_update 收到 205 个数据点
2026-09-02 11:53:20,109 - DVPTest - INFO - [串口] [压力] 51.0 mmHg
2026-09-02 11:53:20,301 - DVPTest - DEBUG - 读取到 8 字节原始数据
2026-09-02 11:53:20,301 - DVPTest - DEBUG - _process_binary_data 处理 8 字节
2026-09-02 11:53:20,302 - DVPTest - DEBUG - 解析出压力: t=41.045, p=51.0
2026-09-02 11:53:20,302 - DVPTest - DEBUG - 发出 sig_data: t=41.045, p=51.01
2026-09-02 11:53:20,303 - DVPTest - DEBUG - process_data: t=41.04, p=51.0, v=0.051, a=-1.0, phase=INFLATING
2026-09-02 11:53:20,303 - DVPTest - DEBUG - 物理分类结果: STABLE
2026-09-02 11:53:20,303 - DVPTest - DEBUG - [UI] _on_plot_update 收到 206 个数据点
2026-09-02 11:53:20,306 - DVPTest - INFO - [串口] [压力] 51.0 mmHg
2026-09-02 11:53:20,499 - DVPTest - DEBUG - 读取到 8 字节原始数据
2026-09-02 11:53:20,500 - DVPTest - DEBUG - _process_binary_data 处理 8 字节
2026-09-02 11:53:20,500 - DVPTest - DEBUG - 解析出压力: t=41.244, p=51.0
2026-09-02 11:53:20,500 - DVPTest - DEBUG - 发出 sig_data: t=41.244, p=51.00
2026-09-02 11:53:20,501 - DVPTest - DEBUG - process_data: t=41.24, p=51.0, v=-0.050, a=-0.5, phase=INFLATING
2026-09-02 11:53:20,501 - DVPTest - DEBUG - 物理分类结果: STABLE
2026-09-02 11:53:20,502 - DVPTest - DEBUG - [UI] _on_plot_update 收到 207 个数据点
2026-09-02 11:53:20,504 - DVPTest - INFO - [串口] [压力] 51.0 mmHg
2026-09-02 11:53:20,707 - DVPTest - DEBUG - 读取到 8 字节原始数据
2026-09-02 11:53:20,707 - DVPTest - DEBUG - _process_binary_data 处理 8 字节
2026-09-02 11:53:20,707 - DVPTest - DEBUG - 解析出压力: t=41.450, p=51.0
2026-09-02 11:53:20,707 - DVPTest - DEBUG - 发出 sig_data: t=41.450, p=51.04
2026-09-02 11:53:20,708 - DVPTest - DEBUG - process_data: t=41.45, p=51.0, v=0.193, a=1.2, phase=INFLATING
2026-09-02 11:53:20,708 - DVPTest - DEBUG - 物理分类结果: INFLATING
2026-09-02 11:53:20,708 - DVPTest - DEBUG - [UI] _on_plot_update 收到 208 个数据点
2026-09-02 11:53:20,709 - DVPTest - INFO - [串口] [压力] 51.0 mmHg
2026-09-02 11:53:20,901 - DVPTest - DEBUG - 读取到 8 字节原始数据
2026-09-02 11:53:20,901 - DVPTest - DEBUG - _process_binary_data 处理 8 字节
2026-09-02 11:53:20,901 - DVPTest - DEBUG - 解析出压力: t=41.645, p=51.0
2026-09-02 11:53:20,902 - DVPTest - DEBUG - 发出 sig_data: t=41.645, p=50.99
2026-09-02 11:53:20,902 - DVPTest - DEBUG - process_data: t=41.64, p=51.0, v=-0.257, a=-2.3, phase=INFLATING
2026-09-02 11:53:20,902 - DVPTest - DEBUG - 物理分类结果: DEFLATING
2026-09-02 11:53:20,902 - DVPTest - DEBUG - [UI] _on_plot_update 收到 209 个数据点
2026-09-02 11:53:20,904 - DVPTest - INFO - [串口] [压力] 51.0 mmHg
2026-09-02 11:53:21,099 - DVPTest - DEBUG - 读取到 8 字节原始数据
2026-09-02 11:53:21,100 - DVPTest - DEBUG - _process_binary_data 处理 8 字节
2026-09-02 11:53:21,100 - DVPTest - DEBUG - 解析出压力: t=41.844, p=51.0
2026-09-02 11:53:21,101 - DVPTest - DEBUG - 发出 sig_data: t=41.844, p=50.98
2026-09-02 11:53:21,102 - DVPTest - DEBUG - process_data: t=41.84, p=51.0, v=-0.050, a=1.0, phase=INFLATING
2026-09-02 11:53:21,102 - DVPTest - DEBUG - 物理分类结果: STABLE
2026-09-02 11:53:21,103 - DVPTest - DEBUG - [UI] _on_plot_update 收到 210 个数据点
2026-09-02 11:53:21,104 - DVPTest - INFO - [串口] [压力] 51.0 mmHg
2026-09-02 11:53:21,307 - DVPTest - DEBUG - 读取到 8 字节原始数据
2026-09-02 11:53:21,307 - DVPTest - DEBUG - _process_binary_data 处理 8 字节
2026-09-02 11:53:21,308 - DVPTest - DEBUG - 解析出压力: t=42.051, p=51.0
2026-09-02 11:53:21,308 - DVPTest - DEBUG - 发出 sig_data: t=42.051, p=50.99
2026-09-02 11:53:21,309 - DVPTest - DEBUG - process_data: t=42.05, p=51.0, v=0.048, a=0.5, phase=INFLATING
2026-09-02 11:53:21,309 - DVPTest - DEBUG - 物理分类结果: STABLE
2026-09-02 11:53:21,310 - DVPTest - DEBUG - [UI] _on_plot_update 收到 211 个数据点
2026-09-02 11:53:21,314 - DVPTest - INFO - [串口] [压力] 51.0 mmHg
2026-09-02 11:53:21,500 - DVPTest - DEBUG - 读取到 8 字节原始数据
2026-09-02 11:53:21,500 - DVPTest - DEBUG - _process_binary_data 处理 8 字节
2026-09-02 11:53:21,501 - DVPTest - DEBUG - 解析出压力: t=42.244, p=51.0
2026-09-02 11:53:21,501 - DVPTest - DEBUG - 发出 sig_data: t=42.244, p=50.98
2026-09-02 11:53:21,502 - DVPTest - DEBUG - process_data: t=42.24, p=51.0, v=-0.052, a=-0.5, phase=INFLATING
2026-09-02 11:53:21,502 - DVPTest - DEBUG - 物理分类结果: STABLE
2026-09-02 11:53:21,502 - DVPTest - DEBUG - [UI] _on_plot_update 收到 212 个数据点
2026-09-02 11:53:21,503 - DVPTest - INFO - [串口] [压力] 51.0 mmHg
2026-09-02 11:53:21,699 - DVPTest - DEBUG - 读取到 8 字节原始数据
2026-09-02 11:53:21,699 - DVPTest - DEBUG - _process_binary_data 处理 8 字节
2026-09-02 11:53:21,699 - DVPTest - DEBUG - 解析出压力: t=42.443, p=51.0
2026-09-02 11:53:21,700 - DVPTest - DEBUG - 发出 sig_data: t=42.443, p=50.96
2026-09-02 11:53:21,700 - DVPTest - DEBUG - process_data: t=42.44, p=51.0, v=-0.101, a=-0.2, phase=INFLATING
2026-09-02 11:53:21,700 - DVPTest - DEBUG - 物理分类结果: DEFLATING
2026-09-02 11:53:21,700 - DVPTest - DEBUG - [UI] _on_plot_update 收到 213 个数据点
2026-09-02 11:53:21,702 - DVPTest - INFO - [串口] [压力] 51.0 mmHg
2026-09-02 11:53:21,907 - DVPTest - DEBUG - 读取到 8 字节原始数据
2026-09-02 11:53:21,907 - DVPTest - DEBUG - _process_binary_data 处理 8 字节
2026-09-02 11:53:21,907 - DVPTest - DEBUG - 解析出压力: t=42.651, p=51.0
2026-09-02 11:53:21,909 - DVPTest - DEBUG - 发出 sig_data: t=42.651, p=51.00
2026-09-02 11:53:21,909 - DVPTest - DEBUG - process_data: t=42.65, p=51.0, v=0.192, a=1.4, phase=INFLATING
2026-09-02 11:53:21,909 - DVPTest - DEBUG - 物理分类结果: INFLATING
2026-09-02 11:53:21,910 - DVPTest - DEBUG - [UI] _on_plot_update 收到 214 个数据点
2026-09-02 11:53:21,913 - DVPTest - INFO - [串口] [压力] 51.0 mmHg
2026-09-02 11:53:22,100 - DVPTest - DEBUG - 读取到 8 字节原始数据
2026-09-02 11:53:22,100 - DVPTest - DEBUG - _process_binary_data 处理 8 字节
2026-09-02 11:53:22,101 - DVPTest - DEBUG - 解析出压力: t=42.844, p=51.0
2026-09-02 11:53:22,101 - DVPTest - DEBUG - 发出 sig_data: t=42.844, p=51.01
2026-09-02 11:53:22,102 - DVPTest - DEBUG - process_data: t=42.84, p=51.0, v=0.052, a=-0.7, phase=INFLATING
2026-09-02 11:53:22,102 - DVPTest - DEBUG - 物理分类结果: STABLE
2026-09-02 11:53:22,103 - DVPTest - DEBUG - [UI] _on_plot_update 收到 215 个数据点
2026-09-02 11:53:22,106 - DVPTest - INFO - [串口] [压力] 51.0 mmHg
2026-09-02 11:53:22,299 - DVPTest - DEBUG - 读取到 8 字节原始数据
2026-09-02 11:53:22,299 - DVPTest - DEBUG - _process_binary_data 处理 8 字节
2026-09-02 11:53:22,299 - DVPTest - DEBUG - 解析出压力: t=43.042, p=51.0
2026-09-02 11:53:22,299 - DVPTest - DEBUG - 发出 sig_data: t=43.042, p=50.97
2026-09-02 11:53:22,300 - DVPTest - DEBUG - process_data: t=43.04, p=51.0, v=-0.202, a=-1.3, phase=INFLATING
2026-09-02 11:53:22,300 - DVPTest - DEBUG - 物理分类结果: DEFLATING
2026-09-02 11:53:22,300 - DVPTest - DEBUG - [UI] _on_plot_update 收到 216 个数据点
2026-09-02 11:53:22,301 - DVPTest - INFO - [串口] [压力] 51.0 mmHg
2026-09-02 11:53:22,507 - DVPTest - DEBUG - 读取到 8 字节原始数据
2026-09-02 11:53:22,507 - DVPTest - DEBUG - _process_binary_data 处理 8 字节
2026-09-02 11:53:22,508 - DVPTest - DEBUG - 解析出压力: t=43.251, p=51.0
2026-09-02 11:53:22,508 - DVPTest - DEBUG - 发出 sig_data: t=43.251, p=51.00
2026-09-02 11:53:22,508 - DVPTest - DEBUG - process_data: t=43.25, p=51.0, v=0.144, a=1.7, phase=INFLATING
2026-09-02 11:53:22,509 - DVPTest - DEBUG - 物理分类结果: INFLATING
2026-09-02 11:53:22,509 - DVPTest - DEBUG - [UI] _on_plot_update 收到 217 个数据点
2026-09-02 11:53:22,512 - DVPTest - INFO - [串口] [压力] 51.0 mmHg
2026-09-02 11:53:22,701 - DVPTest - DEBUG - 读取到 8 字节原始数据
2026-09-02 11:53:22,701 - DVPTest - DEBUG - _process_binary_data 处理 8 字节
2026-09-02 11:53:22,702 - DVPTest - DEBUG - 解析出压力: t=43.445, p=51.0
2026-09-02 11:53:22,702 - DVPTest - DEBUG - 发出 sig_data: t=43.445, p=51.03
2026-09-02 11:53:22,703 - DVPTest - DEBUG - process_data: t=43.44, p=51.0, v=0.155, a=0.1, phase=INFLATING
2026-09-02 11:53:22,703 - DVPTest - DEBUG - 物理分类结果: INFLATING
2026-09-02 11:53:22,703 - DVPTest - DEBUG - [UI] _on_plot_update 收到 218 个数据点
2026-09-02 11:53:22,705 - DVPTest - INFO - [串口] [压力] 51.0 mmHg
2026-09-02 11:53:22,899 - DVPTest - DEBUG - 读取到 8 字节原始数据
2026-09-02 11:53:22,899 - DVPTest - DEBUG - _process_binary_data 处理 8 字节
2026-09-02 11:53:22,899 - DVPTest - DEBUG - 解析出压力: t=43.643, p=51.0
2026-09-02 11:53:22,900 - DVPTest - DEBUG - 发出 sig_data: t=43.643, p=51.04
2026-09-02 11:53:22,901 - DVPTest - DEBUG - process_data: t=43.64, p=51.0, v=0.051, a=-0.5, phase=INFLATING
2026-09-02 11:53:22,901 - DVPTest - DEBUG - 物理分类结果: STABLE
2026-09-02 11:53:22,901 - DVPTest - DEBUG - [UI] _on_plot_update 收到 219 个数据点
2026-09-02 11:53:22,903 - DVPTest - INFO - [串口] [压力] 51.0 mmHg
2026-09-02 11:53:23,107 - DVPTest - DEBUG - 读取到 8 字节原始数据
2026-09-02 11:53:23,107 - DVPTest - DEBUG - _process_binary_data 处理 8 字节
2026-09-02 11:53:23,107 - DVPTest - DEBUG - 解析出压力: t=43.851, p=51.0
2026-09-02 11:53:23,108 - DVPTest - DEBUG - 发出 sig_data: t=43.851, p=51.01
2026-09-02 11:53:23,108 - DVPTest - DEBUG - process_data: t=43.85, p=51.0, v=-0.144, a=-0.9, phase=INFLATING
2026-09-02 11:53:23,108 - DVPTest - DEBUG - 物理分类结果: DEFLATING
2026-09-02 11:53:23,108 - DVPTest - DEBUG - [UI] _on_plot_update 收到 220 个数据点
2026-09-02 11:53:23,109 - DVPTest - INFO - [串口] [压力] 51.0 mmHg
2026-09-02 11:53:23,300 - DVPTest - DEBUG - 读取到 8 字节原始数据
2026-09-02 11:53:23,300 - DVPTest - DEBUG - _process_binary_data 处理 8 字节
2026-09-02 11:53:23,301 - DVPTest - DEBUG - 解析出压力: t=44.044, p=51.0
2026-09-02 11:53:23,301 - DVPTest - DEBUG - 发出 sig_data: t=44.044, p=51.00
2026-09-02 11:53:23,303 - DVPTest - DEBUG - process_data: t=44.04, p=51.0, v=-0.052, a=0.5, phase=INFLATING
2026-09-02 11:53:23,303 - DVPTest - DEBUG - 物理分类结果: STABLE
2026-09-02 11:53:23,304 - DVPTest - DEBUG - [UI] _on_plot_update 收到 221 个数据点
2026-09-02 11:53:23,306 - DVPTest - INFO - [串口] [压力] 51.0 mmHg
2026-09-02 11:53:23,499 - DVPTest - DEBUG - 读取到 8 字节原始数据
2026-09-02 11:53:23,499 - DVPTest - DEBUG - _process_binary_data 处理 8 字节
2026-09-02 11:53:23,500 - DVPTest - DEBUG - 解析出压力: t=44.243, p=56.7
2026-09-02 11:53:23,500 - DVPTest - DEBUG - 发出 sig_data: t=44.243, p=56.67
2026-09-02 11:53:23,501 - DVPTest - DEBUG - process_data: t=44.24, p=56.7, v=28.553, a=144.0, phase=INFLATING
2026-09-02 11:53:23,501 - DVPTest - DEBUG - 充气峰值更新: 56.7 @ 44.24s
2026-09-02 11:53:23,501 - DVPTest - DEBUG - 物理分类结果: INFLATING
2026-09-02 11:53:23,502 - DVPTest - DEBUG - [UI] _on_plot_update 收到 222 个数据点
2026-09-02 11:53:23,504 - DVPTest - INFO - [串口] [压力] 56.7 mmHg
2026-09-02 11:53:23,706 - DVPTest - DEBUG - 读取到 8 字节原始数据
2026-09-02 11:53:23,706 - DVPTest - DEBUG - _process_binary_data 处理 8 字节
2026-09-02 11:53:23,707 - DVPTest - DEBUG - 解析出压力: t=44.451, p=64.7
2026-09-02 11:53:23,708 - DVPTest - DEBUG - 发出 sig_data: t=44.451, p=64.71
2026-09-02 11:53:23,709 - DVPTest - DEBUG - process_data: t=44.45, p=64.7, v=38.623, a=48.4, phase=INFLATING
2026-09-02 11:53:23,709 - DVPTest - DEBUG - 充气峰值更新: 64.7 @ 44.45s
2026-09-02 11:53:23,709 - DVPTest - DEBUG - 物理分类结果: INFLATING
2026-09-02 11:53:23,710 - DVPTest - DEBUG - [UI] _on_plot_update 收到 223 个数据点
2026-09-02 11:53:23,712 - DVPTest - INFO - [串口] [压力] 64.7 mmHg
2026-09-02 11:53:23,900 - DVPTest - DEBUG - 读取到 8 字节原始数据
2026-09-02 11:53:23,900 - DVPTest - DEBUG - _process_binary_data 处理 8 字节
2026-09-02 11:53:23,900 - DVPTest - DEBUG - 解析出压力: t=44.644, p=72.3
2026-09-02 11:53:23,900 - DVPTest - DEBUG - 发出 sig_data: t=44.644, p=72.33
2026-09-02 11:53:23,902 - DVPTest - DEBUG - process_data: t=44.64, p=72.3, v=39.432, a=4.2, phase=INFLATING
2026-09-02 11:53:23,902 - DVPTest - DEBUG - 充气峰值更新: 72.3 @ 44.64s
2026-09-02 11:53:23,902 - DVPTest - DEBUG - 物理分类结果: INFLATING
2026-09-02 11:53:23,903 - DVPTest - DEBUG - [UI] _on_plot_update 收到 224 个数据点
2026-09-02 11:53:23,904 - DVPTest - INFO - [串口] [压力] 72.3 mmHg
2026-09-02 11:53:24,099 - DVPTest - DEBUG - 读取到 8 字节原始数据
2026-09-02 11:53:24,099 - DVPTest - DEBUG - _process_binary_data 处理 8 字节
2026-09-02 11:53:24,100 - DVPTest - DEBUG - 解析出压力: t=44.843, p=79.6
2026-09-02 11:53:24,101 - DVPTest - DEBUG - 发出 sig_data: t=44.843, p=79.64
2026-09-02 11:53:24,101 - DVPTest - DEBUG - process_data: t=44.84, p=79.6, v=36.796, a=-13.3, phase=INFLATING
2026-09-02 11:53:24,101 - DVPTest - DEBUG - 充气峰值更新: 79.6 @ 44.84s
2026-09-02 11:53:24,101 - DVPTest - DEBUG - 物理分类结果: INFLATING
2026-09-02 11:53:24,102 - DVPTest - DEBUG - [UI] _on_plot_update 收到 225 个数据点
2026-09-02 11:53:24,104 - DVPTest - INFO - [串口] [压力] 79.6 mmHg
2026-09-02 11:53:24,307 - DVPTest - DEBUG - 读取到 8 字节原始数据
2026-09-02 11:53:24,307 - DVPTest - DEBUG - _process_binary_data 处理 8 字节
2026-09-02 11:53:24,308 - DVPTest - DEBUG - 解析出压力: t=45.051, p=87.2
2026-09-02 11:53:24,308 - DVPTest - DEBUG - 发出 sig_data: t=45.051, p=87.23
2026-09-02 11:53:24,309 - DVPTest - DEBUG - process_data: t=45.05, p=87.2, v=36.488, a=-1.5, phase=INFLATING
2026-09-02 11:53:24,309 - DVPTest - DEBUG - 充气峰值更新: 87.2 @ 45.05s
2026-09-02 11:53:24,309 - DVPTest - DEBUG - 物理分类结果: INFLATING
2026-09-02 11:53:24,310 - DVPTest - DEBUG - [UI] _on_plot_update 收到 226 个数据点
2026-09-02 11:53:24,313 - DVPTest - INFO - [串口] [压力] 87.2 mmHg
2026-09-02 11:53:24,501 - DVPTest - DEBUG - 读取到 8 字节原始数据
2026-09-02 11:53:24,501 - DVPTest - DEBUG - _process_binary_data 处理 8 字节
2026-09-02 11:53:24,501 - DVPTest - DEBUG - 解析出压力: t=45.244, p=89.7
2026-09-02 11:53:24,501 - DVPTest - DEBUG - 发出 sig_data: t=45.244, p=89.65
2026-09-02 11:53:24,502 - DVPTest - DEBUG - process_data: t=45.24, p=89.7, v=12.542, a=-124.1, phase=INFLATING
2026-09-02 11:53:24,502 - DVPTest - DEBUG - 充气峰值更新: 89.7 @ 45.24s
2026-09-02 11:53:24,502 - DVPTest - DEBUG - 物理分类结果: INFLATING
2026-09-02 11:53:24,502 - DVPTest - DEBUG - [UI] _on_plot_update 收到 227 个数据点
2026-09-02 11:53:24,503 - DVPTest - INFO - [串口] [压力] 89.7 mmHg
2026-09-02 11:53:24,699 - DVPTest - DEBUG - 读取到 8 字节原始数据
2026-09-02 11:53:24,699 - DVPTest - DEBUG - _process_binary_data 处理 8 字节
2026-09-02 11:53:24,701 - DVPTest - DEBUG - 解析出压力: t=45.444, p=89.8
2026-09-02 11:53:24,702 - DVPTest - DEBUG - 发出 sig_data: t=45.444, p=89.75
2026-09-02 11:53:24,703 - DVPTest - DEBUG - process_data: t=45.44, p=89.8, v=0.501, a=-60.3, phase=INFLATING
2026-09-02 11:53:24,703 - DVPTest - DEBUG - 充气峰值更新: 89.8 @ 45.44s
2026-09-02 11:53:24,703 - DVPTest - DEBUG - 物理分类结果: INFLATING
2026-09-02 11:53:24,704 - DVPTest - DEBUG - [UI] _on_plot_update 收到 228 个数据点
2026-09-02 11:53:24,705 - DVPTest - INFO - [串口] [压力] 89.8 mmHg
2026-09-02 11:53:24,907 - DVPTest - DEBUG - 读取到 8 字节原始数据
2026-09-02 11:53:24,907 - DVPTest - DEBUG - _process_binary_data 处理 8 字节
2026-09-02 11:53:24,909 - DVPTest - DEBUG - 解析出压力: t=45.652, p=89.8
2026-09-02 11:53:24,909 - DVPTest - DEBUG - 发出 sig_data: t=45.652, p=89.82
2026-09-02 11:53:24,910 - DVPTest - DEBUG - process_data: t=45.65, p=89.8, v=0.337, a=-0.8, phase=INFLATING
2026-09-02 11:53:24,910 - DVPTest - DEBUG - 充气峰值更新: 89.8 @ 45.65s
2026-09-02 11:53:24,910 - DVPTest - DEBUG - 物理分类结果: INFLATING
2026-09-02 11:53:24,911 - DVPTest - DEBUG - [UI] _on_plot_update 收到 229 个数据点
2026-09-02 11:53:24,913 - DVPTest - INFO - [串口] [压力] 89.8 mmHg
2026-09-02 11:53:25,100 - DVPTest - DEBUG - 读取到 8 字节原始数据
2026-09-02 11:53:25,100 - DVPTest - DEBUG - _process_binary_data 处理 8 字节
2026-09-02 11:53:25,101 - DVPTest - DEBUG - 解析出压力: t=45.844, p=89.9
2026-09-02 11:53:25,101 - DVPTest - DEBUG - 发出 sig_data: t=45.844, p=89.86
2026-09-02 11:53:25,102 - DVPTest - DEBUG - process_data: t=45.84, p=89.9, v=0.208, a=-0.7, phase=INFLATING
2026-09-02 11:53:25,102 - DVPTest - DEBUG - 充气峰值更新: 89.9 @ 45.84s
2026-09-02 11:53:25,102 - DVPTest - DEBUG - 物理分类结果: INFLATING
2026-09-02 11:53:25,102 - DVPTest - DEBUG - [UI] _on_plot_update 收到 230 个数据点
2026-09-02 11:53:25,105 - DVPTest - INFO - [串口] [压力] 89.9 mmHg
2026-09-02 11:53:25,299 - DVPTest - DEBUG - 读取到 8 字节原始数据
2026-09-02 11:53:25,299 - DVPTest - DEBUG - _process_binary_data 处理 8 字节
2026-09-02 11:53:25,299 - DVPTest - DEBUG - 解析出压力: t=46.042, p=89.9
2026-09-02 11:53:25,299 - DVPTest - DEBUG - 发出 sig_data: t=46.042, p=89.87
2026-09-02 11:53:25,300 - DVPTest - DEBUG - process_data: t=46.04, p=89.9, v=0.051, a=-0.8, phase=INFLATING
2026-09-02 11:53:25,300 - DVPTest - DEBUG - 充气峰值更新: 89.9 @ 46.04s
2026-09-02 11:53:25,300 - DVPTest - DEBUG - 物理分类结果: STABLE
2026-09-02 11:53:25,300 - DVPTest - DEBUG - [UI] _on_plot_update 收到 231 个数据点
2026-09-02 11:53:25,301 - DVPTest - INFO - [串口] [压力] 89.9 mmHg
2026-09-02 11:53:25,507 - DVPTest - DEBUG - 读取到 8 字节原始数据
2026-09-02 11:53:25,508 - DVPTest - DEBUG - _process_binary_data 处理 8 字节
2026-09-02 11:53:25,509 - DVPTest - DEBUG - 解析出压力: t=46.252, p=89.9
2026-09-02 11:53:25,509 - DVPTest - DEBUG - 发出 sig_data: t=46.252, p=89.89
2026-09-02 11:53:25,511 - DVPTest - DEBUG - process_data: t=46.25, p=89.9, v=0.095, a=0.2, phase=INFLATING
2026-09-02 11:53:25,511 - DVPTest - DEBUG - 充气峰值更新: 89.9 @ 46.25s
2026-09-02 11:53:25,511 - DVPTest - DEBUG - 物理分类结果: STABLE
2026-09-02 11:53:25,512 - DVPTest - DEBUG - [UI] _on_plot_update 收到 232 个数据点
2026-09-02 11:53:25,515 - DVPTest - INFO - [串口] [压力] 89.9 mmHg
2026-09-02 11:53:25,701 - DVPTest - DEBUG - 读取到 8 字节原始数据
2026-09-02 11:53:25,701 - DVPTest - DEBUG - _process_binary_data 处理 8 字节
2026-09-02 11:53:25,701 - DVPTest - DEBUG - 解析出压力: t=46.444, p=89.9
2026-09-02 11:53:25,701 - DVPTest - DEBUG - 发出 sig_data: t=46.444, p=89.92
2026-09-02 11:53:25,702 - DVPTest - DEBUG - process_data: t=46.44, p=89.9, v=0.156, a=0.3, phase=INFLATING
2026-09-02 11:53:25,702 - DVPTest - DEBUG - 充气峰值更新: 89.9 @ 46.44s
2026-09-02 11:53:25,702 - DVPTest - DEBUG - 物理分类结果: INFLATING
2026-09-02 11:53:25,702 - DVPTest - DEBUG - [UI] _on_plot_update 收到 233 个数据点
2026-09-02 11:53:25,703 - DVPTest - INFO - [串口] [压力] 89.9 mmHg
2026-09-02 11:53:25,899 - DVPTest - DEBUG - 读取到 8 字节原始数据
2026-09-02 11:53:25,899 - DVPTest - DEBUG - _process_binary_data 处理 8 字节
2026-09-02 11:53:25,900 - DVPTest - DEBUG - 解析出压力: t=46.643, p=89.9
2026-09-02 11:53:25,900 - DVPTest - DEBUG - 发出 sig_data: t=46.643, p=89.87
2026-09-02 11:53:25,901 - DVPTest - DEBUG - process_data: t=46.64, p=89.9, v=-0.251, a=-2.0, phase=INFLATING
2026-09-02 11:53:25,901 - DVPTest - DEBUG - 物理分类结果: DEFLATING
2026-09-02 11:53:25,902 - DVPTest - DEBUG - [UI] _on_plot_update 收到 234 个数据点
2026-09-02 11:53:25,904 - DVPTest - INFO - [串口] [压力] 89.9 mmHg
2026-09-02 11:53:26,107 - DVPTest - DEBUG - 读取到 8 字节原始数据
2026-09-02 11:53:26,107 - DVPTest - DEBUG - _process_binary_data 处理 8 字节
2026-09-02 11:53:26,107 - DVPTest - DEBUG - 解析出压力: t=46.850, p=89.9
2026-09-02 11:53:26,108 - DVPTest - DEBUG - 发出 sig_data: t=46.850, p=89.91
2026-09-02 11:53:26,108 - DVPTest - DEBUG - process_data: t=46.85, p=89.9, v=0.193, a=2.1, phase=INFLATING
2026-09-02 11:53:26,108 - DVPTest - DEBUG - 物理分类结果: INFLATING
2026-09-02 11:53:26,108 - DVPTest - DEBUG - [UI] _on_plot_update 收到 235 个数据点
2026-09-02 11:53:26,109 - DVPTest - INFO - [串口] [压力] 89.9 mmHg
2026-09-02 11:53:26,301 - DVPTest - DEBUG - 读取到 8 字节原始数据
2026-09-02 11:53:26,301 - DVPTest - DEBUG - _process_binary_data 处理 8 字节
2026-09-02 11:53:26,301 - DVPTest - DEBUG - 解析出压力: t=47.044, p=90.0
2026-09-02 11:53:26,301 - DVPTest - DEBUG - 发出 sig_data: t=47.044, p=89.95
2026-09-02 11:53:26,302 - DVPTest - DEBUG - process_data: t=47.04, p=90.0, v=0.206, a=0.1, phase=INFLATING
2026-09-02 11:53:26,302 - DVPTest - DEBUG - 充气峰值更新: 90.0 @ 47.04s
2026-09-02 11:53:26,302 - DVPTest - DEBUG - 物理分类结果: INFLATING
2026-09-02 11:53:26,302 - DVPTest - DEBUG - [UI] _on_plot_update 收到 236 个数据点
2026-09-02 11:53:26,303 - DVPTest - INFO - [串口] [压力] 90.0 mmHg
2026-09-02 11:53:26,499 - DVPTest - DEBUG - 读取到 8 字节原始数据
2026-09-02 11:53:26,499 - DVPTest - DEBUG - _process_binary_data 处理 8 字节
2026-09-02 11:53:26,500 - DVPTest - DEBUG - 解析出压力: t=47.243, p=90.0
2026-09-02 11:53:26,501 - DVPTest - DEBUG - 发出 sig_data: t=47.243, p=89.96
2026-09-02 11:53:26,502 - DVPTest - DEBUG - process_data: t=47.24, p=90.0, v=0.050, a=-0.8, phase=INFLATING
2026-09-02 11:53:26,502 - DVPTest - DEBUG - 充气峰值更新: 90.0 @ 47.24s
2026-09-02 11:53:26,502 - DVPTest - DEBUG - 物理分类结果: STABLE
2026-09-02 11:53:26,503 - DVPTest - DEBUG - [UI] _on_plot_update 收到 237 个数据点
2026-09-02 11:53:26,505 - DVPTest - INFO - [串口] [压力] 90.0 mmHg
2026-09-02 11:53:26,706 - DVPTest - DEBUG - 读取到 8 字节原始数据
2026-09-02 11:53:26,706 - DVPTest - DEBUG - _process_binary_data 处理 8 字节
2026-09-02 11:53:26,706 - DVPTest - DEBUG - 解析出压力: t=47.450, p=89.9
2026-09-02 11:53:26,707 - DVPTest - DEBUG - 发出 sig_data: t=47.450, p=89.92
2026-09-02 11:53:26,708 - DVPTest - DEBUG - process_data: t=47.45, p=89.9, v=-0.193, a=-1.2, phase=INFLATING
2026-09-02 11:53:26,708 - DVPTest - DEBUG - 物理分类结果: DEFLATING
2026-09-02 11:53:26,708 - DVPTest - DEBUG - [UI] _on_plot_update 收到 238 个数据点
2026-09-02 11:53:26,709 - DVPTest - INFO - [串口] [压力] 89.9 mmHg
2026-09-02 11:53:26,900 - DVPTest - DEBUG - 读取到 8 字节原始数据
2026-09-02 11:53:26,900 - DVPTest - DEBUG - _process_binary_data 处理 8 字节
2026-09-02 11:53:26,900 - DVPTest - DEBUG - 解析出压力: t=47.644, p=89.9
2026-09-02 11:53:26,901 - DVPTest - DEBUG - 发出 sig_data: t=47.644, p=89.94
2026-09-02 11:53:26,902 - DVPTest - DEBUG - process_data: t=47.64, p=89.9, v=0.103, a=1.5, phase=INFLATING
2026-09-02 11:53:26,902 - DVPTest - DEBUG - 物理分类结果: INFLATING
2026-09-02 11:53:26,902 - DVPTest - DEBUG - [UI] _on_plot_update 收到 239 个数据点
2026-09-02 11:53:26,904 - DVPTest - INFO - [串口] [压力] 89.9 mmHg
2026-09-02 11:53:27,099 - DVPTest - DEBUG - 读取到 8 字节原始数据
2026-09-02 11:53:27,099 - DVPTest - DEBUG - _process_binary_data 处理 8 字节
2026-09-02 11:53:27,100 - DVPTest - DEBUG - 解析出压力: t=47.843, p=90.0
2026-09-02 11:53:27,100 - DVPTest - DEBUG - 发出 sig_data: t=47.843, p=89.95
2026-09-02 11:53:27,101 - DVPTest - DEBUG - process_data: t=47.84, p=90.0, v=0.050, a=-0.3, phase=INFLATING
2026-09-02 11:53:27,101 - DVPTest - DEBUG - 物理分类结果: STABLE
2026-09-02 11:53:27,102 - DVPTest - DEBUG - [UI] _on_plot_update 收到 240 个数据点
2026-09-02 11:53:27,105 - DVPTest - INFO - [串口] [压力] 90.0 mmHg
2026-09-02 11:53:27,305 - DVPTest - DEBUG - 读取到 8 字节原始数据
2026-09-02 11:53:27,305 - DVPTest - DEBUG - _process_binary_data 处理 8 字节
2026-09-02 11:53:27,306 - DVPTest - DEBUG - 解析出压力: t=48.049, p=90.0
2026-09-02 11:53:27,306 - DVPTest - DEBUG - 发出 sig_data: t=48.049, p=89.95
2026-09-02 11:53:27,307 - DVPTest - DEBUG - process_data: t=48.05, p=90.0, v=0.000, a=-0.2, phase=INFLATING
2026-09-02 11:53:27,307 - DVPTest - DEBUG - 物理分类结果: STABLE
2026-09-02 11:53:27,307 - DVPTest - DEBUG - [UI] _on_plot_update 收到 241 个数据点
2026-09-02 11:53:27,311 - DVPTest - INFO - [串口] [压力] 90.0 mmHg
2026-09-02 11:53:27,501 - DVPTest - DEBUG - 读取到 8 字节原始数据
2026-09-02 11:53:27,501 - DVPTest - DEBUG - _process_binary_data 处理 8 字节
2026-09-02 11:53:27,501 - DVPTest - DEBUG - 解析出压力: t=48.244, p=89.9
2026-09-02 11:53:27,501 - DVPTest - DEBUG - 发出 sig_data: t=48.244, p=89.93
2026-09-02 11:53:27,501 - DVPTest - DEBUG - process_data: t=48.24, p=89.9, v=-0.103, a=-0.5, phase=INFLATING
2026-09-02 11:53:27,501 - DVPTest - DEBUG - 物理分类结果: DEFLATING
2026-09-02 11:53:27,501 - DVPTest - DEBUG - [UI] _on_plot_update 收到 242 个数据点
2026-09-02 11:53:27,503 - DVPTest - INFO - [串口] [压力] 89.9 mmHg
2026-09-02 11:53:27,699 - DVPTest - DEBUG - 读取到 8 字节原始数据
2026-09-02 11:53:27,699 - DVPTest - DEBUG - _process_binary_data 处理 8 字节
2026-09-02 11:53:27,699 - DVPTest - DEBUG - 解析出压力: t=48.442, p=89.9
2026-09-02 11:53:27,700 - DVPTest - DEBUG - 发出 sig_data: t=48.442, p=89.87
2026-09-02 11:53:27,700 - DVPTest - DEBUG - process_data: t=48.44, p=89.9, v=-0.302, a=-1.0, phase=INFLATING
2026-09-02 11:53:27,701 - DVPTest - DEBUG - 物理分类结果: DEFLATING
2026-09-02 11:53:27,701 - DVPTest - DEBUG - [UI] _on_plot_update 收到 243 个数据点
2026-09-02 11:53:27,704 - DVPTest - INFO - [串口] [压力] 89.9 mmHg
2026-09-02 11:53:27,905 - DVPTest - DEBUG - 读取到 8 字节原始数据
2026-09-02 11:53:27,906 - DVPTest - DEBUG - _process_binary_data 处理 8 字节
2026-09-02 11:53:27,907 - DVPTest - DEBUG - 解析出压力: t=48.650, p=90.0
2026-09-02 11:53:27,907 - DVPTest - DEBUG - 发出 sig_data: t=48.650, p=89.96
2026-09-02 11:53:27,909 - DVPTest - DEBUG - process_data: t=48.65, p=90.0, v=0.433, a=3.5, phase=INFLATING
2026-09-02 11:53:27,909 - DVPTest - DEBUG - 物理分类结果: INFLATING
2026-09-02 11:53:27,910 - DVPTest - DEBUG - [UI] _on_plot_update 收到 244 个数据点
2026-09-02 11:53:27,912 - DVPTest - INFO - [串口] [压力] 90.0 mmHg
2026-09-02 11:53:28,100 - DVPTest - DEBUG - 读取到 8 字节原始数据
2026-09-02 11:53:28,100 - DVPTest - DEBUG - _process_binary_data 处理 8 字节
2026-09-02 11:53:28,101 - DVPTest - DEBUG - 解析出压力: t=48.844, p=90.0
2026-09-02 11:53:28,101 - DVPTest - DEBUG - 发出 sig_data: t=48.844, p=89.95
2026-09-02 11:53:28,102 - DVPTest - DEBUG - process_data: t=48.84, p=90.0, v=-0.052, a=-2.5, phase=INFLATING
2026-09-02 11:53:28,102 - DVPTest - DEBUG - 物理分类结果: STABLE
2026-09-02 11:53:28,104 - DVPTest - DEBUG - [UI] _on_plot_update 收到 245 个数据点
2026-09-02 11:53:28,106 - DVPTest - INFO - [串口] [压力] 90.0 mmHg
2026-09-02 11:53:28,299 - DVPTest - DEBUG - 读取到 8 字节原始数据
2026-09-02 11:53:28,299 - DVPTest - DEBUG - _process_binary_data 处理 8 字节
2026-09-02 11:53:28,299 - DVPTest - DEBUG - 解析出压力: t=49.043, p=89.9
2026-09-02 11:53:28,299 - DVPTest - DEBUG - 发出 sig_data: t=49.043, p=89.93
2026-09-02 11:53:28,300 - DVPTest - DEBUG - process_data: t=49.04, p=89.9, v=-0.101, a=-0.2, phase=INFLATING
2026-09-02 11:53:28,300 - DVPTest - DEBUG - 物理分类结果: DEFLATING
2026-09-02 11:53:28,300 - DVPTest - DEBUG - [UI] _on_plot_update 收到 246 个数据点
2026-09-02 11:53:28,301 - DVPTest - INFO - [串口] [压力] 89.9 mmHg
2026-09-02 11:53:28,505 - DVPTest - DEBUG - 读取到 8 字节原始数据
2026-09-02 11:53:28,505 - DVPTest - DEBUG - _process_binary_data 处理 8 字节
2026-09-02 11:53:28,505 - DVPTest - DEBUG - 解析出压力: t=49.248, p=90.0
2026-09-02 11:53:28,505 - DVPTest - DEBUG - 发出 sig_data: t=49.248, p=89.98
2026-09-02 11:53:28,506 - DVPTest - DEBUG - process_data: t=49.25, p=90.0, v=0.243, a=1.7, phase=INFLATING
2026-09-02 11:53:28,506 - DVPTest - DEBUG - 充气峰值更新: 90.0 @ 49.25s
2026-09-02 11:53:28,506 - DVPTest - DEBUG - 物理分类结果: INFLATING
2026-09-02 11:53:28,506 - DVPTest - DEBUG - [UI] _on_plot_update 收到 247 个数据点
2026-09-02 11:53:28,508 - DVPTest - INFO - [串口] [压力] 90.0 mmHg
2026-09-02 11:53:28,700 - DVPTest - DEBUG - 读取到 8 字节原始数据
2026-09-02 11:53:28,701 - DVPTest - DEBUG - _process_binary_data 处理 8 字节
2026-09-02 11:53:28,703 - DVPTest - DEBUG - 解析出压力: t=49.446, p=89.9
2026-09-02 11:53:28,703 - DVPTest - DEBUG - 发出 sig_data: t=49.446, p=89.93
2026-09-02 11:53:28,704 - DVPTest - DEBUG - process_data: t=49.45, p=89.9, v=-0.253, a=-2.5, phase=INFLATING
2026-09-02 11:53:28,704 - DVPTest - DEBUG - 物理分类结果: DEFLATING
2026-09-02 11:53:28,705 - DVPTest - DEBUG - [UI] _on_plot_update 收到 248 个数据点
2026-09-02 11:53:28,708 - DVPTest - INFO - [串口] [压力] 89.9 mmHg
2026-09-02 11:53:28,899 - DVPTest - DEBUG - 读取到 8 字节原始数据
2026-09-02 11:53:28,899 - DVPTest - DEBUG - _process_binary_data 处理 8 字节
2026-09-02 11:53:28,899 - DVPTest - DEBUG - 解析出压力: t=49.643, p=90.0
2026-09-02 11:53:28,900 - DVPTest - DEBUG - 发出 sig_data: t=49.643, p=89.97
2026-09-02 11:53:28,901 - DVPTest - DEBUG - process_data: t=49.64, p=90.0, v=0.203, a=2.3, phase=INFLATING
2026-09-02 11:53:28,901 - DVPTest - DEBUG - 物理分类结果: INFLATING
2026-09-02 11:53:28,902 - DVPTest - DEBUG - [UI] _on_plot_update 收到 249 个数据点
2026-09-02 11:53:28,904 - DVPTest - INFO - [串口] [压力] 90.0 mmHg
2026-09-02 11:53:29,105 - DVPTest - DEBUG - 读取到 8 字节原始数据
2026-09-02 11:53:29,105 - DVPTest - DEBUG - _process_binary_data 处理 8 字节
2026-09-02 11:53:29,105 - DVPTest - DEBUG - 解析出压力: t=49.849, p=90.0
2026-09-02 11:53:29,106 - DVPTest - DEBUG - 发出 sig_data: t=49.849, p=89.95
2026-09-02 11:53:29,106 - DVPTest - DEBUG - process_data: t=49.85, p=90.0, v=-0.097, a=-1.5, phase=INFLATING
2026-09-02 11:53:29,107 - DVPTest - DEBUG - 物理分类结果: STABLE
2026-09-02 11:53:29,107 - DVPTest - DEBUG - [UI] _on_plot_update 收到 250 个数据点
2026-09-02 11:53:29,110 - DVPTest - INFO - [串口] [压力] 90.0 mmHg
2026-09-02 11:53:29,300 - DVPTest - DEBUG - 读取到 8 字节原始数据
2026-09-02 11:53:29,302 - DVPTest - DEBUG - _process_binary_data 处理 8 字节
2026-09-02 11:53:29,302 - DVPTest - DEBUG - 解析出压力: t=50.045, p=89.9
2026-09-02 11:53:29,302 - DVPTest - DEBUG - 发出 sig_data: t=50.045, p=89.92
2026-09-02 11:53:29,303 - DVPTest - DEBUG - process_data: t=50.05, p=89.9, v=-0.153, a=-0.3, phase=INFLATING
2026-09-02 11:53:29,303 - DVPTest - DEBUG - 物理分类结果: DEFLATING
2026-09-02 11:53:29,303 - DVPTest - DEBUG - [UI] _on_plot_update 收到 251 个数据点
2026-09-02 11:53:29,306 - DVPTest - INFO - [串口] [压力] 89.9 mmHg
2026-09-02 11:53:29,499 - DVPTest - DEBUG - 读取到 8 字节原始数据
2026-09-02 11:53:29,499 - DVPTest - DEBUG - _process_binary_data 处理 8 字节
2026-09-02 11:53:29,500 - DVPTest - DEBUG - 解析出压力: t=50.244, p=89.9
2026-09-02 11:53:29,501 - DVPTest - DEBUG - 发出 sig_data: t=50.244, p=89.90
2026-09-02 11:53:29,503 - DVPTest - DEBUG - process_data: t=50.24, p=89.9, v=-0.101, a=0.3, phase=INFLATING
2026-09-02 11:53:29,503 - DVPTest - DEBUG - 物理分类结果: DEFLATING
2026-09-02 11:53:29,503 - DVPTest - DEBUG - [UI] _on_plot_update 收到 252 个数据点
2026-09-02 11:53:29,504 - DVPTest - INFO - [串口] [压力] 89.9 mmHg
2026-09-02 11:53:29,706 - DVPTest - DEBUG - 读取到 8 字节原始数据
2026-09-02 11:53:29,706 - DVPTest - DEBUG - _process_binary_data 处理 8 字节
2026-09-02 11:53:29,706 - DVPTest - DEBUG - 解析出压力: t=50.449, p=90.0
2026-09-02 11:53:29,707 - DVPTest - DEBUG - 发出 sig_data: t=50.449, p=89.97
2026-09-02 11:53:29,707 - DVPTest - DEBUG - process_data: t=50.45, p=90.0, v=0.340, a=2.1, phase=INFLATING
2026-09-02 11:53:29,707 - DVPTest - DEBUG - 物理分类结果: INFLATING
2026-09-02 11:53:29,707 - DVPTest - DEBUG - [UI] _on_plot_update 收到 253 个数据点
2026-09-02 11:53:29,709 - DVPTest - INFO - [串口] [压力] 90.0 mmHg
2026-09-02 11:53:29,900 - DVPTest - DEBUG - 读取到 8 字节原始数据
2026-09-02 11:53:29,900 - DVPTest - DEBUG - _process_binary_data 处理 8 字节
2026-09-02 11:53:29,901 - DVPTest - DEBUG - 解析出压力: t=50.644, p=90.0
2026-09-02 11:53:29,901 - DVPTest - DEBUG - 发出 sig_data: t=50.644, p=89.97
2026-09-02 11:53:29,902 - DVPTest - DEBUG - process_data: t=50.64, p=90.0, v=0.000, a=-1.7, phase=INFLATING
2026-09-02 11:53:29,902 - DVPTest - DEBUG - 物理分类结果: STABLE
2026-09-02 11:53:29,902 - DVPTest - DEBUG - [UI] _on_plot_update 收到 254 个数据点
2026-09-02 11:53:29,906 - DVPTest - INFO - [串口] [压力] 90.0 mmHg
2026-09-02 11:53:30,099 - DVPTest - DEBUG - 读取到 8 字节原始数据
2026-09-02 11:53:30,099 - DVPTest - DEBUG - _process_binary_data 处理 8 字节
2026-09-02 11:53:30,100 - DVPTest - DEBUG - 解析出压力: t=50.843, p=90.0
2026-09-02 11:53:30,101 - DVPTest - DEBUG - 发出 sig_data: t=50.843, p=89.98
2026-09-02 11:53:30,101 - DVPTest - DEBUG - process_data: t=50.84, p=90.0, v=0.050, a=0.3, phase=INFLATING
2026-09-02 11:53:30,101 - DVPTest - DEBUG - 物理分类结果: STABLE
2026-09-02 11:53:30,102 - DVPTest - DEBUG - [UI] _on_plot_update 收到 255 个数据点
2026-09-02 11:53:30,105 - DVPTest - INFO - [串口] [压力] 90.0 mmHg
2026-09-02 11:53:30,306 - DVPTest - DEBUG - 读取到 8 字节原始数据
2026-09-02 11:53:30,306 - DVPTest - DEBUG - _process_binary_data 处理 8 字节
2026-09-02 11:53:30,307 - DVPTest - DEBUG - 解析出压力: t=51.050, p=89.9
2026-09-02 11:53:30,307 - DVPTest - DEBUG - 发出 sig_data: t=51.050, p=89.94
2026-09-02 11:53:30,308 - DVPTest - DEBUG - process_data: t=51.05, p=89.9, v=-0.193, a=-1.2, phase=INFLATING
2026-09-02 11:53:30,308 - DVPTest - DEBUG - 物理分类结果: DEFLATING
2026-09-02 11:53:30,309 - DVPTest - DEBUG - [UI] _on_plot_update 收到 256 个数据点
2026-09-02 11:53:30,312 - DVPTest - INFO - [串口] [压力] 89.9 mmHg
2026-09-02 11:53:30,500 - DVPTest - DEBUG - 读取到 8 字节原始数据
2026-09-02 11:53:30,500 - DVPTest - DEBUG - _process_binary_data 处理 8 字节
2026-09-02 11:53:30,500 - DVPTest - DEBUG - 解析出压力: t=51.244, p=90.0
2026-09-02 11:53:30,500 - DVPTest - DEBUG - 发出 sig_data: t=51.244, p=89.97
2026-09-02 11:53:30,501 - DVPTest - DEBUG - process_data: t=51.24, p=90.0, v=0.155, a=1.8, phase=INFLATING
2026-09-02 11:53:30,501 - DVPTest - DEBUG - 物理分类结果: INFLATING
2026-09-02 11:53:30,501 - DVPTest - DEBUG - [UI] _on_plot_update 收到 257 个数据点
2026-09-02 11:53:30,503 - DVPTest - INFO - [串口] [压力] 90.0 mmHg
2026-09-02 11:53:30,699 - DVPTest - DEBUG - 读取到 8 字节原始数据
2026-09-02 11:53:30,700 - DVPTest - DEBUG - _process_binary_data 处理 8 字节
2026-09-02 11:53:30,700 - DVPTest - DEBUG - 解析出压力: t=51.444, p=90.0
2026-09-02 11:53:30,702 - DVPTest - DEBUG - 发出 sig_data: t=51.444, p=89.98
2026-09-02 11:53:30,702 - DVPTest - DEBUG - process_data: t=51.44, p=90.0, v=0.050, a=-0.5, phase=INFLATING
2026-09-02 11:53:30,702 - DVPTest - DEBUG - 物理分类结果: STABLE
2026-09-02 11:53:30,702 - DVPTest - DEBUG - [UI] _on_plot_update 收到 258 个数据点
2026-09-02 11:53:30,704 - DVPTest - INFO - [串口] [压力] 90.0 mmHg
2026-09-02 11:53:30,905 - DVPTest - DEBUG - 读取到 8 字节原始数据
2026-09-02 11:53:30,905 - DVPTest - DEBUG - _process_binary_data 处理 8 字节
2026-09-02 11:53:30,907 - DVPTest - DEBUG - 解析出压力: t=51.650, p=90.0
2026-09-02 11:53:30,907 - DVPTest - DEBUG - 发出 sig_data: t=51.650, p=90.00
2026-09-02 11:53:30,908 - DVPTest - DEBUG - process_data: t=51.65, p=90.0, v=0.097, a=0.2, phase=INFLATING
2026-09-02 11:53:30,908 - DVPTest - DEBUG - 充气峰值更新: 90.0 @ 51.65s
2026-09-02 11:53:30,908 - DVPTest - DEBUG - 物理分类结果: STABLE
2026-09-02 11:53:30,909 - DVPTest - DEBUG - [UI] _on_plot_update 收到 259 个数据点
2026-09-02 11:53:30,912 - DVPTest - INFO - [串口] [压力] 90.0 mmHg
2026-09-02 11:53:31,100 - DVPTest - DEBUG - 读取到 8 字节原始数据
2026-09-02 11:53:31,100 - DVPTest - DEBUG - _process_binary_data 处理 8 字节
2026-09-02 11:53:31,101 - DVPTest - DEBUG - 解析出压力: t=51.844, p=90.0
2026-09-02 11:53:31,101 - DVPTest - DEBUG - 发出 sig_data: t=51.844, p=89.98
2026-09-02 11:53:31,102 - DVPTest - DEBUG - process_data: t=51.84, p=90.0, v=-0.103, a=-1.0, phase=INFLATING
2026-09-02 11:53:31,102 - DVPTest - DEBUG - 物理分类结果: DEFLATING
2026-09-02 11:53:31,102 - DVPTest - DEBUG - [UI] _on_plot_update 收到 260 个数据点
2026-09-02 11:53:31,103 - DVPTest - INFO - [串口] [压力] 90.0 mmHg
2026-09-02 11:53:31,299 - DVPTest - DEBUG - 读取到 8 字节原始数据
2026-09-02 11:53:31,299 - DVPTest - DEBUG - _process_binary_data 处理 8 字节
2026-09-02 11:53:31,299 - DVPTest - DEBUG - 解析出压力: t=52.042, p=90.0
2026-09-02 11:53:31,299 - DVPTest - DEBUG - 发出 sig_data: t=52.042, p=89.96
2026-09-02 11:53:31,300 - DVPTest - DEBUG - process_data: t=52.04, p=90.0, v=-0.101, a=0.0, phase=INFLATING
2026-09-02 11:53:31,300 - DVPTest - DEBUG - 物理分类结果: DEFLATING
2026-09-02 11:53:31,300 - DVPTest - DEBUG - [UI] _on_plot_update 收到 261 个数据点
2026-09-02 11:53:31,301 - DVPTest - INFO - [串口] [压力] 90.0 mmHg
2026-09-02 11:53:31,505 - DVPTest - DEBUG - 读取到 8 字节原始数据
2026-09-02 11:53:31,505 - DVPTest - DEBUG - _process_binary_data 处理 8 字节
2026-09-02 11:53:31,506 - DVPTest - DEBUG - 解析出压力: t=52.249, p=90.0
2026-09-02 11:53:31,506 - DVPTest - DEBUG - 发出 sig_data: t=52.249, p=89.98
2026-09-02 11:53:31,507 - DVPTest - DEBUG - process_data: t=52.25, p=90.0, v=0.097, a=1.0, phase=INFLATING
2026-09-02 11:53:31,507 - DVPTest - DEBUG - 物理分类结果: STABLE
2026-09-02 11:53:31,507 - DVPTest - DEBUG - [UI] _on_plot_update 收到 262 个数据点
2026-09-02 11:53:31,509 - DVPTest - INFO - [串口] [压力] 90.0 mmHg
2026-09-02 11:53:31,700 - DVPTest - DEBUG - 读取到 8 字节原始数据
2026-09-02 11:53:31,700 - DVPTest - DEBUG - _process_binary_data 处理 8 字节
2026-09-02 11:53:31,701 - DVPTest - DEBUG - 解析出压力: t=52.444, p=90.0
2026-09-02 11:53:31,701 - DVPTest - DEBUG - 发出 sig_data: t=52.444, p=90.04
2026-09-02 11:53:31,702 - DVPTest - DEBUG - process_data: t=52.44, p=90.0, v=0.307, a=1.1, phase=INFLATING
2026-09-02 11:53:31,703 - DVPTest - DEBUG - 充气峰值更新: 90.0 @ 52.44s
2026-09-02 11:53:31,703 - DVPTest - DEBUG - 物理分类结果: INFLATING
2026-09-02 11:53:31,704 - DVPTest - DEBUG - [UI] _on_plot_update 收到 263 个数据点
2026-09-02 11:53:31,706 - DVPTest - INFO - [串口] [压力] 90.0 mmHg
2026-09-02 11:53:31,899 - DVPTest - DEBUG - 读取到 8 字节原始数据
2026-09-02 11:53:31,899 - DVPTest - DEBUG - _process_binary_data 处理 8 字节
2026-09-02 11:53:31,899 - DVPTest - DEBUG - 解析出压力: t=52.642, p=90.0
2026-09-02 11:53:31,899 - DVPTest - DEBUG - 发出 sig_data: t=52.642, p=90.00
2026-09-02 11:53:31,900 - DVPTest - DEBUG - process_data: t=52.64, p=90.0, v=-0.202, a=-2.6, phase=INFLATING
2026-09-02 11:53:31,900 - DVPTest - DEBUG - 物理分类结果: DEFLATING
2026-09-02 11:53:31,900 - DVPTest - DEBUG - [UI] _on_plot_update 收到 264 个数据点
2026-09-02 11:53:31,902 - DVPTest - INFO - [串口] [压力] 90.0 mmHg
2026-09-02 11:53:32,106 - DVPTest - DEBUG - 读取到 8 字节原始数据
2026-09-02 11:53:32,106 - DVPTest - DEBUG - _process_binary_data 处理 8 字节
2026-09-02 11:53:32,106 - DVPTest - DEBUG - 解析出压力: t=52.849, p=90.0
2026-09-02 11:53:32,106 - DVPTest - DEBUG - 发出 sig_data: t=52.849, p=89.96
2026-09-02 11:53:32,107 - DVPTest - DEBUG - process_data: t=52.85, p=90.0, v=-0.194, a=0.0, phase=INFLATING
2026-09-02 11:53:32,107 - DVPTest - DEBUG - 物理分类结果: DEFLATING
2026-09-02 11:53:32,107 - DVPTest - DEBUG - [UI] _on_plot_update 收到 265 个数据点
2026-09-02 11:53:32,108 - DVPTest - INFO - [串口] [压力] 90.0 mmHg
2026-09-02 11:53:32,300 - DVPTest - DEBUG - 读取到 8 字节原始数据
2026-09-02 11:53:32,301 - DVPTest - DEBUG - _process_binary_data 处理 8 字节
2026-09-02 11:53:32,301 - DVPTest - DEBUG - 解析出压力: t=53.044, p=89.9
2026-09-02 11:53:32,302 - DVPTest - DEBUG - 发出 sig_data: t=53.044, p=89.94
2026-09-02 11:53:32,302 - DVPTest - DEBUG - process_data: t=53.04, p=89.9, v=-0.102, a=0.5, phase=INFLATING
2026-09-02 11:53:32,302 - DVPTest - DEBUG - 物理分类结果: DEFLATING
2026-09-02 11:53:32,304 - DVPTest - DEBUG - [UI] _on_plot_update 收到 266 个数据点
2026-09-02 11:53:32,306 - DVPTest - INFO - [串口] [压力] 89.9 mmHg
2026-09-02 11:53:32,499 - DVPTest - DEBUG - 读取到 8 字节原始数据
2026-09-02 11:53:32,499 - DVPTest - DEBUG - _process_binary_data 处理 8 字节
2026-09-02 11:53:32,499 - DVPTest - DEBUG - 解析出压力: t=53.243, p=89.9
2026-09-02 11:53:32,499 - DVPTest - DEBUG - 发出 sig_data: t=53.243, p=89.94
2026-09-02 11:53:32,501 - DVPTest - DEBUG - process_data: t=53.24, p=89.9, v=0.000, a=0.5, phase=INFLATING
2026-09-02 11:53:32,501 - DVPTest - DEBUG - 物理分类结果: STABLE
2026-09-02 11:53:32,501 - DVPTest - DEBUG - [UI] _on_plot_update 收到 267 个数据点
2026-09-02 11:53:32,502 - DVPTest - INFO - [串口] [压力] 89.9 mmHg
2026-09-02 11:53:32,706 - DVPTest - DEBUG - 读取到 8 字节原始数据
2026-09-02 11:53:32,706 - DVPTest - DEBUG - _process_binary_data 处理 8 字节
2026-09-02 11:53:32,706 - DVPTest - DEBUG - 解析出压力: t=53.449, p=90.0
2026-09-02 11:53:32,707 - DVPTest - DEBUG - 发出 sig_data: t=53.449, p=89.97
2026-09-02 11:53:32,707 - DVPTest - DEBUG - process_data: t=53.45, p=90.0, v=0.145, a=0.7, phase=INFLATING
2026-09-02 11:53:32,707 - DVPTest - DEBUG - 物理分类结果: INFLATING
2026-09-02 11:53:32,707 - DVPTest - DEBUG - [UI] _on_plot_update 收到 268 个数据点
2026-09-02 11:53:32,710 - DVPTest - INFO - [串口] [压力] 90.0 mmHg
2026-09-02 11:53:32,901 - DVPTest - DEBUG - 读取到 8 字节原始数据
2026-09-02 11:53:32,901 - DVPTest - DEBUG - _process_binary_data 处理 8 字节
2026-09-02 11:53:32,901 - DVPTest - DEBUG - 解析出压力: t=53.644, p=90.0
2026-09-02 11:53:32,901 - DVPTest - DEBUG - 发出 sig_data: t=53.644, p=89.98
2026-09-02 11:53:32,902 - DVPTest - DEBUG - process_data: t=53.64, p=90.0, v=0.051, a=-0.5, phase=INFLATING
2026-09-02 11:53:32,902 - DVPTest - DEBUG - 物理分类结果: STABLE
2026-09-02 11:53:32,902 - DVPTest - DEBUG - [UI] _on_plot_update 收到 269 个数据点
2026-09-02 11:53:32,903 - DVPTest - INFO - [串口] [压力] 90.0 mmHg
2026-09-02 11:53:33,099 - DVPTest - DEBUG - 读取到 8 字节原始数据
2026-09-02 11:53:33,099 - DVPTest - DEBUG - _process_binary_data 处理 8 字节
2026-09-02 11:53:33,099 - DVPTest - DEBUG - 解析出压力: t=53.842, p=90.0
2026-09-02 11:53:33,099 - DVPTest - DEBUG - 发出 sig_data: t=53.842, p=90.01
2026-09-02 11:53:33,100 - DVPTest - DEBUG - process_data: t=53.84, p=90.0, v=0.152, a=0.5, phase=INFLATING
2026-09-02 11:53:33,100 - DVPTest - DEBUG - 物理分类结果: INFLATING
2026-09-02 11:53:33,100 - DVPTest - DEBUG - [UI] _on_plot_update 收到 270 个数据点
2026-09-02 11:53:33,101 - DVPTest - INFO - [串口] [压力] 90.0 mmHg
2026-09-02 11:53:33,306 - DVPTest - DEBUG - 读取到 8 字节原始数据
2026-09-02 11:53:33,306 - DVPTest - DEBUG - _process_binary_data 处理 8 字节
2026-09-02 11:53:33,307 - DVPTest - DEBUG - 解析出压力: t=54.050, p=90.0
2026-09-02 11:53:33,307 - DVPTest - DEBUG - 发出 sig_data: t=54.050, p=89.96
2026-09-02 11:53:33,308 - DVPTest - DEBUG - process_data: t=54.05, p=90.0, v=-0.241, a=-1.9, phase=INFLATING
2026-09-02 11:53:33,308 - DVPTest - DEBUG - 物理分类结果: DEFLATING
2026-09-02 11:53:33,309 - DVPTest - DEBUG - [UI] _on_plot_update 收到 271 个数据点
2026-09-02 11:53:33,312 - DVPTest - INFO - [串口] [压力] 90.0 mmHg
2026-09-02 11:53:33,500 - DVPTest - DEBUG - 读取到 8 字节原始数据
2026-09-02 11:53:33,500 - DVPTest - DEBUG - _process_binary_data 处理 8 字节
2026-09-02 11:53:33,500 - DVPTest - DEBUG - 解析出压力: t=54.243, p=90.0
2026-09-02 11:53:33,500 - DVPTest - DEBUG - 发出 sig_data: t=54.243, p=89.97
2026-09-02 11:53:33,502 - DVPTest - DEBUG - process_data: t=54.24, p=90.0, v=0.052, a=1.5, phase=INFLATING
2026-09-02 11:53:33,502 - DVPTest - DEBUG - 物理分类结果: STABLE
2026-09-02 11:53:33,502 - DVPTest - DEBUG - [UI] _on_plot_update 收到 272 个数据点
2026-09-02 11:53:33,503 - DVPTest - INFO - [串口] [压力] 90.0 mmHg
2026-09-02 11:53:33,699 - DVPTest - DEBUG - 读取到 8 字节原始数据
2026-09-02 11:53:33,700 - DVPTest - DEBUG - _process_binary_data 处理 8 字节
2026-09-02 11:53:33,700 - DVPTest - DEBUG - 解析出压力: t=54.444, p=90.0
2026-09-02 11:53:33,701 - DVPTest - DEBUG - 发出 sig_data: t=54.444, p=89.96
2026-09-02 11:53:33,703 - DVPTest - DEBUG - process_data: t=54.44, p=90.0, v=-0.050, a=-0.5, phase=INFLATING
2026-09-02 11:53:33,703 - DVPTest - DEBUG - 物理分类结果: STABLE
2026-09-02 11:53:33,704 - DVPTest - DEBUG - [UI] _on_plot_update 收到 273 个数据点
2026-09-02 11:53:33,707 - DVPTest - INFO - [串口] [压力] 90.0 mmHg
2026-09-02 11:53:33,905 - DVPTest - DEBUG - 读取到 8 字节原始数据
2026-09-02 11:53:33,905 - DVPTest - DEBUG - _process_binary_data 处理 8 字节
2026-09-02 11:53:33,906 - DVPTest - DEBUG - 解析出压力: t=54.649, p=90.0
2026-09-02 11:53:33,906 - DVPTest - DEBUG - 发出 sig_data: t=54.649, p=89.97
2026-09-02 11:53:33,907 - DVPTest - DEBUG - process_data: t=54.65, p=90.0, v=0.049, a=0.5, phase=INFLATING
2026-09-02 11:53:33,907 - DVPTest - DEBUG - 物理分类结果: STABLE
2026-09-02 11:53:33,907 - DVPTest - DEBUG - [UI] _on_plot_update 收到 274 个数据点
2026-09-02 11:53:33,910 - DVPTest - INFO - [串口] [压力] 90.0 mmHg
2026-09-02 11:53:34,100 - DVPTest - DEBUG - 读取到 8 字节原始数据
2026-09-02 11:53:34,100 - DVPTest - DEBUG - _process_binary_data 处理 8 字节
2026-09-02 11:53:34,101 - DVPTest - DEBUG - 解析出压力: t=54.844, p=89.9
2026-09-02 11:53:34,101 - DVPTest - DEBUG - 发出 sig_data: t=54.844, p=89.92
2026-09-02 11:53:34,103 - DVPTest - DEBUG - process_data: t=54.84, p=89.9, v=-0.255, a=-1.6, phase=INFLATING
2026-09-02 11:53:34,103 - DVPTest - DEBUG - 物理分类结果: DEFLATING
2026-09-02 11:53:34,104 - DVPTest - DEBUG - [UI] _on_plot_update 收到 275 个数据点
2026-09-02 11:53:34,106 - DVPTest - INFO - [串口] [压力] 89.9 mmHg
2026-09-02 11:53:34,299 - DVPTest - DEBUG - 读取到 8 字节原始数据
2026-09-02 11:53:34,299 - DVPTest - DEBUG - _process_binary_data 处理 8 字节
2026-09-02 11:53:34,299 - DVPTest - DEBUG - 解析出压力: t=55.043, p=89.9
2026-09-02 11:53:34,300 - DVPTest - DEBUG - 发出 sig_data: t=55.043, p=89.94
2026-09-02 11:53:34,301 - DVPTest - DEBUG - process_data: t=55.04, p=89.9, v=0.101, a=1.8, phase=INFLATING
2026-09-02 11:53:34,301 - DVPTest - DEBUG - 物理分类结果: INFLATING
2026-09-02 11:53:34,302 - DVPTest - DEBUG - [UI] _on_plot_update 收到 276 个数据点
2026-09-02 11:53:34,303 - DVPTest - INFO - [串口] [压力] 89.9 mmHg
2026-09-02 11:53:34,505 - DVPTest - DEBUG - 读取到 8 字节原始数据
2026-09-02 11:53:34,506 - DVPTest - DEBUG - _process_binary_data 处理 8 字节
2026-09-02 11:53:34,506 - DVPTest - DEBUG - 解析出压力: t=55.250, p=89.9
2026-09-02 11:53:34,507 - DVPTest - DEBUG - 发出 sig_data: t=55.250, p=89.91
2026-09-02 11:53:34,508 - DVPTest - DEBUG - process_data: t=55.25, p=89.9, v=-0.145, a=-1.2, phase=INFLATING
2026-09-02 11:53:34,508 - DVPTest - DEBUG - 物理分类结果: DEFLATING
2026-09-02 11:53:34,509 - DVPTest - DEBUG - [UI] _on_plot_update 收到 277 个数据点
2026-09-02 11:53:34,513 - DVPTest - INFO - [串口] [压力] 89.9 mmHg
2026-09-02 11:53:34,700 - DVPTest - DEBUG - 读取到 8 字节原始数据
2026-09-02 11:53:34,700 - DVPTest - DEBUG - _process_binary_data 处理 8 字节
2026-09-02 11:53:34,701 - DVPTest - DEBUG - 解析出压力: t=55.444, p=90.0
2026-09-02 11:53:34,701 - DVPTest - DEBUG - 发出 sig_data: t=55.444, p=90.02
2026-09-02 11:53:34,703 - DVPTest - DEBUG - process_data: t=55.44, p=90.0, v=0.566, a=3.7, phase=INFLATING
2026-09-02 11:53:34,703 - DVPTest - DEBUG - 物理分类结果: INFLATING
2026-09-02 11:53:34,705 - DVPTest - DEBUG - [UI] _on_plot_update 收到 278 个数据点
2026-09-02 11:53:34,707 - DVPTest - INFO - [串口] [压力] 90.0 mmHg
2026-09-02 11:53:34,899 - DVPTest - DEBUG - 读取到 8 字节原始数据
2026-09-02 11:53:34,900 - DVPTest - DEBUG - _process_binary_data 处理 8 字节
2026-09-02 11:53:34,900 - DVPTest - DEBUG - 解析出压力: t=55.644, p=89.9
2026-09-02 11:53:34,900 - DVPTest - DEBUG - 发出 sig_data: t=55.644, p=89.94
2026-09-02 11:53:34,902 - DVPTest - DEBUG - process_data: t=55.64, p=89.9, v=-0.401, a=-4.8, phase=INFLATING
2026-09-02 11:53:34,902 - DVPTest - DEBUG - 物理分类结果: DEFLATING
2026-09-02 11:53:34,903 - DVPTest - DEBUG - [UI] _on_plot_update 收到 279 个数据点
2026-09-02 11:53:34,906 - DVPTest - INFO - [串口] [压力] 89.9 mmHg
2026-09-02 11:53:35,105 - DVPTest - DEBUG - 读取到 8 字节原始数据
2026-09-02 11:53:35,105 - DVPTest - DEBUG - _process_binary_data 处理 8 字节
2026-09-02 11:53:35,105 - DVPTest - DEBUG - 解析出压力: t=55.849, p=89.9
2026-09-02 11:53:35,105 - DVPTest - DEBUG - 发出 sig_data: t=55.849, p=89.92
2026-09-02 11:53:35,106 - DVPTest - DEBUG - process_data: t=55.85, p=89.9, v=-0.097, a=1.5, phase=INFLATING
2026-09-02 11:53:35,106 - DVPTest - DEBUG - 物理分类结果: STABLE
2026-09-02 11:53:35,106 - DVPTest - DEBUG - [UI] _on_plot_update 收到 280 个数据点
2026-09-02 11:53:35,108 - DVPTest - INFO - [串口] [压力] 89.9 mmHg
2026-09-02 11:53:35,300 - DVPTest - DEBUG - 读取到 8 字节原始数据
2026-09-02 11:53:35,300 - DVPTest - DEBUG - _process_binary_data 处理 8 字节
2026-09-02 11:53:35,300 - DVPTest - DEBUG - 解析出压力: t=56.043, p=90.0
2026-09-02 11:53:35,300 - DVPTest - DEBUG - 发出 sig_data: t=56.043, p=89.96
2026-09-02 11:53:35,301 - DVPTest - DEBUG - process_data: t=56.04, p=90.0, v=0.205, a=1.6, phase=INFLATING
2026-09-02 11:53:35,301 - DVPTest - DEBUG - 物理分类结果: INFLATING
2026-09-02 11:53:35,301 - DVPTest - DEBUG - [UI] _on_plot_update 收到 281 个数据点
2026-09-02 11:53:35,302 - DVPTest - INFO - [串口] [压力] 90.0 mmHg
2026-09-02 11:53:35,499 - DVPTest - DEBUG - 读取到 8 字节原始数据
2026-09-02 11:53:35,499 - DVPTest - DEBUG - _process_binary_data 处理 8 字节
2026-09-02 11:53:35,500 - DVPTest - DEBUG - 解析出压力: t=56.243, p=89.9
2026-09-02 11:53:35,500 - DVPTest - DEBUG - 发出 sig_data: t=56.243, p=89.93
2026-09-02 11:53:35,501 - DVPTest - DEBUG - process_data: t=56.24, p=89.9, v=-0.151, a=-1.8, phase=INFLATING
2026-09-02 11:53:35,501 - DVPTest - DEBUG - 物理分类结果: DEFLATING
2026-09-02 11:53:35,501 - DVPTest - DEBUG - [UI] _on_plot_update 收到 282 个数据点
2026-09-02 11:53:35,504 - DVPTest - INFO - [串口] [压力] 89.9 mmHg
2026-09-02 11:53:35,705 - DVPTest - DEBUG - 读取到 8 字节原始数据
2026-09-02 11:53:35,705 - DVPTest - DEBUG - _process_binary_data 处理 8 字节
2026-09-02 11:53:35,706 - DVPTest - DEBUG - 解析出压力: t=56.449, p=90.0
2026-09-02 11:53:35,706 - DVPTest - DEBUG - 发出 sig_data: t=56.449, p=89.95
2026-09-02 11:53:35,707 - DVPTest - DEBUG - process_data: t=56.45, p=90.0, v=0.097, a=1.2, phase=INFLATING
2026-09-02 11:53:35,707 - DVPTest - DEBUG - 物理分类结果: STABLE
2026-09-02 11:53:35,707 - DVPTest - DEBUG - [UI] _on_plot_update 收到 283 个数据点
2026-09-02 11:53:35,710 - DVPTest - INFO - [串口] [压力] 90.0 mmHg
2026-09-02 11:53:35,900 - DVPTest - DEBUG - 读取到 8 字节原始数据
2026-09-02 11:53:35,900 - DVPTest - DEBUG - _process_binary_data 处理 8 字节
2026-09-02 11:53:35,900 - DVPTest - DEBUG - 解析出压力: t=56.644, p=90.0
2026-09-02 11:53:35,900 - DVPTest - DEBUG - 发出 sig_data: t=56.644, p=89.98
2026-09-02 11:53:35,901 - DVPTest - DEBUG - process_data: t=56.64, p=90.0, v=0.154, a=0.3, phase=INFLATING
2026-09-02 11:53:35,901 - DVPTest - DEBUG - 物理分类结果: INFLATING
2026-09-02 11:53:35,901 - DVPTest - DEBUG - [UI] _on_plot_update 收到 284 个数据点
2026-09-02 11:53:35,903 - DVPTest - INFO - [串口] [压力] 90.0 mmHg
2026-09-02 11:53:36,099 - DVPTest - DEBUG - 读取到 8 字节原始数据
2026-09-02 11:53:36,099 - DVPTest - DEBUG - _process_binary_data 处理 8 字节
2026-09-02 11:53:36,099 - DVPTest - DEBUG - 解析出压力: t=56.842, p=90.0
2026-09-02 11:53:36,100 - DVPTest - DEBUG - 发出 sig_data: t=56.842, p=89.96
2026-09-02 11:53:36,100 - DVPTest - DEBUG - process_data: t=56.84, p=90.0, v=-0.101, a=-1.3, phase=INFLATING
2026-09-02 11:53:36,100 - DVPTest - DEBUG - 物理分类结果: DEFLATING
2026-09-02 11:53:36,101 - DVPTest - DEBUG - [UI] _on_plot_update 收到 285 个数据点
2026-09-02 11:53:36,103 - DVPTest - INFO - [串口] [压力] 90.0 mmHg
2026-09-02 11:53:36,305 - DVPTest - DEBUG - 读取到 8 字节原始数据
2026-09-02 11:53:36,305 - DVPTest - DEBUG - _process_binary_data 处理 8 字节
2026-09-02 11:53:36,306 - DVPTest - DEBUG - 解析出压力: t=57.049, p=90.0
2026-09-02 11:53:36,306 - DVPTest - DEBUG - 发出 sig_data: t=57.049, p=89.98
2026-09-02 11:53:36,307 - DVPTest - DEBUG - process_data: t=57.05, p=90.0, v=0.097, a=1.0, phase=INFLATING
2026-09-02 11:53:36,307 - DVPTest - DEBUG - 物理分类结果: STABLE
2026-09-02 11:53:36,308 - DVPTest - DEBUG - [UI] _on_plot_update 收到 286 个数据点
2026-09-02 11:53:36,310 - DVPTest - INFO - [串口] [压力] 90.0 mmHg
2026-09-02 11:53:36,500 - DVPTest - DEBUG - 读取到 8 字节原始数据
2026-09-02 11:53:36,500 - DVPTest - DEBUG - _process_binary_data 处理 8 字节
2026-09-02 11:53:36,500 - DVPTest - DEBUG - 解析出压力: t=57.243, p=90.0
2026-09-02 11:53:36,501 - DVPTest - DEBUG - 发出 sig_data: t=57.243, p=89.98
2026-09-02 11:53:36,501 - DVPTest - DEBUG - process_data: t=57.24, p=90.0, v=0.000, a=-0.5, phase=INFLATING
2026-09-02 11:53:36,501 - DVPTest - DEBUG - 物理分类结果: STABLE
2026-09-02 11:53:36,501 - DVPTest - DEBUG - [UI] _on_plot_update 收到 287 个数据点
2026-09-02 11:53:36,503 - DVPTest - INFO - [串口] [压力] 90.0 mmHg
2026-09-02 11:53:36,699 - DVPTest - DEBUG - 读取到 8 字节原始数据
2026-09-02 11:53:36,699 - DVPTest - DEBUG - _process_binary_data 处理 8 字节
2026-09-02 11:53:36,700 - DVPTest - DEBUG - 解析出压力: t=57.443, p=89.9
2026-09-02 11:53:36,700 - DVPTest - DEBUG - 发出 sig_data: t=57.443, p=89.92
2026-09-02 11:53:36,703 - DVPTest - DEBUG - process_data: t=57.44, p=89.9, v=-0.300, a=-1.5, phase=INFLATING
2026-09-02 11:53:36,703 - DVPTest - DEBUG - 物理分类结果: DEFLATING
2026-09-02 11:53:36,704 - DVPTest - DEBUG - [UI] _on_plot_update 收到 288 个数据点
2026-09-02 11:53:36,707 - DVPTest - INFO - [串口] [压力] 89.9 mmHg
2026-09-02 11:53:36,906 - DVPTest - DEBUG - 读取到 8 字节原始数据
2026-09-02 11:53:36,906 - DVPTest - DEBUG - _process_binary_data 处理 8 字节
2026-09-02 11:53:36,907 - DVPTest - DEBUG - 解析出压力: t=57.650, p=89.9
2026-09-02 11:53:36,907 - DVPTest - DEBUG - 发出 sig_data: t=57.650, p=89.94
2026-09-02 11:53:36,908 - DVPTest - DEBUG - process_data: t=57.65, p=89.9, v=0.097, a=1.9, phase=INFLATING
2026-09-02 11:53:36,908 - DVPTest - DEBUG - 物理分类结果: STABLE
2026-09-02 11:53:36,909 - DVPTest - DEBUG - [UI] _on_plot_update 收到 289 个数据点
2026-09-02 11:53:36,911 - DVPTest - INFO - [串口] [压力] 89.9 mmHg
2026-09-02 11:53:37,100 - DVPTest - DEBUG - 读取到 8 字节原始数据
2026-09-02 11:53:37,100 - DVPTest - DEBUG - _process_binary_data 处理 8 字节
2026-09-02 11:53:37,101 - DVPTest - DEBUG - 解析出压力: t=57.844, p=89.9
2026-09-02 11:53:37,101 - DVPTest - DEBUG - 发出 sig_data: t=57.844, p=89.92
2026-09-02 11:53:37,102 - DVPTest - DEBUG - process_data: t=57.84, p=89.9, v=-0.103, a=-1.0, phase=INFLATING
2026-09-02 11:53:37,102 - DVPTest - DEBUG - 物理分类结果: DEFLATING
2026-09-02 11:53:37,102 - DVPTest - DEBUG - [UI] _on_plot_update 收到 290 个数据点
2026-09-02 11:53:37,104 - DVPTest - INFO - [串口] [压力] 89.9 mmHg
2026-09-02 11:53:37,299 - DVPTest - DEBUG - 读取到 8 字节原始数据
2026-09-02 11:53:37,299 - DVPTest - DEBUG - _process_binary_data 处理 8 字节
2026-09-02 11:53:37,299 - DVPTest - DEBUG - 解析出压力: t=58.043, p=89.9
2026-09-02 11:53:37,299 - DVPTest - DEBUG - 发出 sig_data: t=58.043, p=89.90
2026-09-02 11:53:37,301 - DVPTest - DEBUG - process_data: t=58.04, p=89.9, v=-0.101, a=0.0, phase=INFLATING
2026-09-02 11:53:37,301 - DVPTest - DEBUG - 物理分类结果: DEFLATING
2026-09-02 11:53:37,301 - DVPTest - DEBUG - [UI] _on_plot_update 收到 291 个数据点
2026-09-02 11:53:37,302 - DVPTest - INFO - [串口] [压力] 89.9 mmHg
2026-09-02 11:53:37,505 - DVPTest - DEBUG - 读取到 8 字节原始数据
2026-09-02 11:53:37,506 - DVPTest - DEBUG - _process_binary_data 处理 8 字节
2026-09-02 11:53:37,507 - DVPTest - DEBUG - 解析出压力: t=58.250, p=90.0
2026-09-02 11:53:37,508 - DVPTest - DEBUG - 发出 sig_data: t=58.250, p=89.95
2026-09-02 11:53:37,509 - DVPTest - DEBUG - process_data: t=58.25, p=90.0, v=0.241, a=1.6, phase=INFLATING
2026-09-02 11:53:37,509 - DVPTest - DEBUG - 物理分类结果: INFLATING
2026-09-02 11:53:37,510 - DVPTest - DEBUG - [UI] _on_plot_update 收到 292 个数据点
2026-09-02 11:53:37,514 - DVPTest - INFO - [串口] [压力] 90.0 mmHg
2026-09-02 11:53:37,700 - DVPTest - DEBUG - 读取到 8 字节原始数据
2026-09-02 11:53:37,700 - DVPTest - DEBUG - _process_binary_data 处理 8 字节
2026-09-02 11:53:37,701 - DVPTest - DEBUG - 解析出压力: t=58.444, p=90.0
2026-09-02 11:53:37,701 - DVPTest - DEBUG - 发出 sig_data: t=58.444, p=89.96
2026-09-02 11:53:37,703 - DVPTest - DEBUG - process_data: t=58.44, p=90.0, v=0.052, a=-1.0, phase=INFLATING
2026-09-02 11:53:37,703 - DVPTest - DEBUG - 物理分类结果: STABLE
2026-09-02 11:53:37,704 - DVPTest - DEBUG - [UI] _on_plot_update 收到 293 个数据点
2026-09-02 11:53:37,706 - DVPTest - INFO - [串口] [压力] 90.0 mmHg
2026-09-02 11:53:37,899 - DVPTest - DEBUG - 读取到 8 字节原始数据
2026-09-02 11:53:37,899 - DVPTest - DEBUG - _process_binary_data 处理 8 字节
2026-09-02 11:53:37,899 - DVPTest - DEBUG - 解析出压力: t=58.642, p=90.0
2026-09-02 11:53:37,899 - DVPTest - DEBUG - 发出 sig_data: t=58.642, p=89.99
2026-09-02 11:53:37,900 - DVPTest - DEBUG - process_data: t=58.64, p=90.0, v=0.151, a=0.5, phase=INFLATING
2026-09-02 11:53:37,900 - DVPTest - DEBUG - 物理分类结果: INFLATING
2026-09-02 11:53:37,900 - DVPTest - DEBUG - [UI] _on_plot_update 收到 294 个数据点
2026-09-02 11:53:37,901 - DVPTest - INFO - [串口] [压力] 90.0 mmHg
2026-09-02 11:53:38,105 - DVPTest - DEBUG - 读取到 8 字节原始数据
2026-09-02 11:53:38,105 - DVPTest - DEBUG - _process_binary_data 处理 8 字节
2026-09-02 11:53:38,105 - DVPTest - DEBUG - 解析出压力: t=58.848, p=90.0
2026-09-02 11:53:38,105 - DVPTest - DEBUG - 发出 sig_data: t=58.848, p=89.99
2026-09-02 11:53:38,106 - DVPTest - DEBUG - process_data: t=58.85, p=90.0, v=0.000, a=-0.7, phase=INFLATING
2026-09-02 11:53:38,106 - DVPTest - DEBUG - 物理分类结果: STABLE
2026-09-02 11:53:38,106 - DVPTest - DEBUG - [UI] _on_plot_update 收到 295 个数据点
2026-09-02 11:53:38,107 - DVPTest - INFO - [串口] [压力] 90.0 mmHg
2026-09-02 11:53:38,300 - DVPTest - DEBUG - 读取到 8 字节原始数据
2026-09-02 11:53:38,300 - DVPTest - DEBUG - _process_binary_data 处理 8 字节
2026-09-02 11:53:38,301 - DVPTest - DEBUG - 解析出压力: t=59.044, p=89.9
2026-09-02 11:53:38,302 - DVPTest - DEBUG - 发出 sig_data: t=59.044, p=89.94
2026-09-02 11:53:38,302 - DVPTest - DEBUG - process_data: t=59.04, p=89.9, v=-0.255, a=-1.3, phase=INFLATING
2026-09-02 11:53:38,302 - DVPTest - DEBUG - 物理分类结果: DEFLATING
2026-09-02 11:53:38,303 - DVPTest - DEBUG - [UI] _on_plot_update 收到 296 个数据点
2026-09-02 11:53:38,306 - DVPTest - INFO - [串口] [压力] 89.9 mmHg
2026-09-02 11:53:38,498 - DVPTest - DEBUG - 读取到 8 字节原始数据
2026-09-02 11:53:38,498 - DVPTest - DEBUG - _process_binary_data 处理 8 字节
2026-09-02 11:53:38,498 - DVPTest - DEBUG - 解析出压力: t=59.242, p=90.0
2026-09-02 11:53:38,500 - DVPTest - DEBUG - 发出 sig_data: t=59.242, p=89.95
2026-09-02 11:53:38,501 - DVPTest - DEBUG - process_data: t=59.24, p=90.0, v=0.051, a=1.5, phase=INFLATING
2026-09-02 11:53:38,501 - DVPTest - DEBUG - 物理分类结果: STABLE
2026-09-02 11:53:38,502 - DVPTest - DEBUG - [UI] _on_plot_update 收到 297 个数据点
2026-09-02 11:53:38,504 - DVPTest - INFO - [串口] [压力] 90.0 mmHg
2026-09-02 11:53:38,705 - DVPTest - DEBUG - 读取到 8 字节原始数据
2026-09-02 11:53:38,705 - DVPTest - DEBUG - _process_binary_data 处理 8 字节
2026-09-02 11:53:38,705 - DVPTest - DEBUG - 解析出压力: t=59.448, p=90.0
2026-09-02 11:53:38,706 - DVPTest - DEBUG - 发出 sig_data: t=59.448, p=89.98
2026-09-02 11:53:38,706 - DVPTest - DEBUG - process_data: t=59.45, p=90.0, v=0.146, a=0.5, phase=INFLATING
2026-09-02 11:53:38,706 - DVPTest - DEBUG - 物理分类结果: INFLATING
2026-09-02 11:53:38,706 - DVPTest - DEBUG - [UI] _on_plot_update 收到 298 个数据点
2026-09-02 11:53:38,707 - DVPTest - INFO - [串口] [压力] 90.0 mmHg
2026-09-02 11:53:38,901 - DVPTest - DEBUG - 读取到 8 字节原始数据
2026-09-02 11:53:38,901 - DVPTest - DEBUG - _process_binary_data 处理 8 字节
2026-09-02 11:53:38,901 - DVPTest - DEBUG - 解析出压力: t=59.644, p=90.0
2026-09-02 11:53:38,902 - DVPTest - DEBUG - 发出 sig_data: t=59.644, p=89.95
2026-09-02 11:53:38,902 - DVPTest - DEBUG - process_data: t=59.64, p=90.0, v=-0.153, a=-1.5, phase=INFLATING
2026-09-02 11:53:38,902 - DVPTest - DEBUG - 物理分类结果: DEFLATING
2026-09-02 11:53:38,902 - DVPTest - DEBUG - [UI] _on_plot_update 收到 299 个数据点
2026-09-02 11:53:38,905 - DVPTest - INFO - [串口] [压力] 90.0 mmHg
2026-09-02 11:53:39,098 - DVPTest - DEBUG - 读取到 8 字节原始数据
2026-09-02 11:53:39,099 - DVPTest - DEBUG - _process_binary_data 处理 8 字节
2026-09-02 11:53:39,099 - DVPTest - DEBUG - 解析出压力: t=59.842, p=90.0
2026-09-02 11:53:39,099 - DVPTest - DEBUG - 发出 sig_data: t=59.842, p=89.95
2026-09-02 11:53:39,100 - DVPTest - DEBUG - process_data: t=59.84, p=90.0, v=0.000, a=0.8, phase=INFLATING
2026-09-02 11:53:39,100 - DVPTest - DEBUG - 物理分类结果: STABLE
2026-09-02 11:53:39,101 - DVPTest - DEBUG - [UI] _on_plot_update 收到 300 个数据点
2026-09-02 11:53:39,104 - DVPTest - INFO - [串口] [压力] 90.0 mmHg
2026-09-02 11:53:39,305 - DVPTest - DEBUG - 读取到 8 字节原始数据
2026-09-02 11:53:39,306 - DVPTest - DEBUG - _process_binary_data 处理 8 字节
2026-09-02 11:53:39,306 - DVPTest - DEBUG - 解析出压力: t=60.050, p=90.0
2026-09-02 11:53:39,307 - DVPTest - DEBUG - 发出 sig_data: t=60.050, p=89.97
2026-09-02 11:53:39,308 - DVPTest - DEBUG - process_data: t=60.05, p=90.0, v=0.096, a=0.5, phase=INFLATING
2026-09-02 11:53:39,308 - DVPTest - DEBUG - 物理分类结果: STABLE
2026-09-02 11:53:39,309 - DVPTest - DEBUG - [UI] _on_plot_update 收到 301 个数据点
2026-09-02 11:53:39,312 - DVPTest - INFO - [串口] [压力] 90.0 mmHg
2026-09-02 11:53:39,500 - DVPTest - DEBUG - 读取到 8 字节原始数据
2026-09-02 11:53:39,500 - DVPTest - DEBUG - _process_binary_data 处理 8 字节
2026-09-02 11:53:39,500 - DVPTest - DEBUG - 解析出压力: t=60.243, p=90.0
2026-09-02 11:53:39,500 - DVPTest - DEBUG - 发出 sig_data: t=60.243, p=89.95
2026-09-02 11:53:39,501 - DVPTest - DEBUG - process_data: t=60.24, p=90.0, v=-0.103, a=-1.0, phase=INFLATING
2026-09-02 11:53:39,501 - DVPTest - DEBUG - 物理分类结果: DEFLATING
2026-09-02 11:53:39,501 - DVPTest - DEBUG - [UI] _on_plot_update 收到 302 个数据点
2026-09-02 11:53:39,502 - DVPTest - INFO - [串口] [压力] 90.0 mmHg
2026-09-02 11:53:39,699 - DVPTest - DEBUG - 读取到 8 字节原始数据
2026-09-02 11:53:39,699 - DVPTest - DEBUG - _process_binary_data 处理 8 字节
2026-09-02 11:53:39,699 - DVPTest - DEBUG - 解析出压力: t=60.442, p=92.6
2026-09-02 11:53:39,700 - DVPTest - DEBUG - 发出 sig_data: t=60.442, p=92.59
2026-09-02 11:53:39,701 - DVPTest - DEBUG - process_data: t=60.44, p=92.6, v=13.265, a=67.2, phase=INFLATING
2026-09-02 11:53:39,701 - DVPTest - DEBUG - 充气峰值更新: 92.6 @ 60.44s
2026-09-02 11:53:39,701 - DVPTest - DEBUG - 物理分类结果: INFLATING
2026-09-02 11:53:39,702 - DVPTest - DEBUG - [UI] _on_plot_update 收到 303 个数据点
2026-09-02 11:53:39,704 - DVPTest - INFO - [串口] [压力] 92.6 mmHg
2026-09-02 11:53:39,905 - DVPTest - DEBUG - 读取到 8 字节原始数据
2026-09-02 11:53:39,905 - DVPTest - DEBUG - _process_binary_data 处理 8 字节
2026-09-02 11:53:39,906 - DVPTest - DEBUG - 解析出压力: t=60.649, p=100.7
2026-09-02 11:53:39,906 - DVPTest - DEBUG - 发出 sig_data: t=60.649, p=100.66
2026-09-02 11:53:39,907 - DVPTest - DEBUG - process_data: t=60.65, p=100.7, v=39.007, a=124.4, phase=INFLATING
2026-09-02 11:53:39,908 - DVPTest - DEBUG - 充气峰值更新: 100.7 @ 60.65s
2026-09-02 11:53:39,908 - DVPTest - DEBUG - 物理分类结果: INFLATING
2026-09-02 11:53:39,909 - DVPTest - DEBUG - [UI] _on_plot_update 收到 304 个数据点
2026-09-02 11:53:39,911 - DVPTest - INFO - [串口] [压力] 100.7 mmHg
2026-09-02 11:53:40,145 - DVPTest - DEBUG - 读取到 8 字节原始数据
2026-09-02 11:53:40,145 - DVPTest - DEBUG - _process_binary_data 处理 8 字节
2026-09-02 11:53:40,145 - DVPTest - DEBUG - 解析出压力: t=60.889, p=110.1
2026-09-02 11:53:40,146 - DVPTest - DEBUG - 发出 sig_data: t=60.889, p=110.14
2026-09-02 11:53:40,147 - DVPTest - DEBUG - process_data: t=60.89, p=110.1, v=39.567, a=2.3, phase=INFLATING
2026-09-02 11:53:40,147 - DVPTest - DEBUG - 充气峰值更新: 110.1 @ 60.89s
2026-09-02 11:53:40,147 - DVPTest - DEBUG - 物理分类结果: INFLATING
2026-09-02 11:53:40,147 - DVPTest - DEBUG - [UI] _on_plot_update 收到 305 个数据点
2026-09-02 11:53:40,148 - DVPTest - INFO - [串口] [压力] 110.1 mmHg
2026-09-02 11:53:40,340 - DVPTest - DEBUG - 读取到 8 字节原始数据
2026-09-02 11:53:40,340 - DVPTest - DEBUG - _process_binary_data 处理 8 字节
2026-09-02 11:53:40,340 - DVPTest - DEBUG - 解析出压力: t=61.083, p=117.4
2026-09-02 11:53:40,340 - DVPTest - DEBUG - 发出 sig_data: t=61.083, p=117.43
2026-09-02 11:53:40,341 - DVPTest - DEBUG - process_data: t=61.08, p=117.4, v=37.516, a=-10.6, phase=INFLATING
2026-09-02 11:53:40,341 - DVPTest - DEBUG - 充气峰值更新: 117.4 @ 61.08s
2026-09-02 11:53:40,341 - DVPTest - DEBUG - 物理分类结果: INFLATING
2026-09-02 11:53:40,342 - DVPTest - DEBUG - [UI] _on_plot_update 收到 306 个数据点
2026-09-02 11:53:40,343 - DVPTest - INFO - [串口] [压力] 117.4 mmHg
2026-09-02 11:53:40,503 - DVPTest - CMD - 发送压力表测试命令
2026-09-02 11:53:40,503 - DVPTest - DEBUG - [TestManager] reset 完成
2026-09-02 11:53:40,504 - DVPTest - INFO - 数据已重置，绘图恢复
2026-09-02 11:53:40,505 - DVPTest - INFO - 数据已清空，波形已清屏（时间轴已归零）
2026-09-02 11:53:40,539 - DVPTest - DEBUG - 读取到 8 字节原始数据
2026-09-02 11:53:40,539 - DVPTest - DEBUG - _process_binary_data 处理 8 字节
2026-09-02 11:53:40,539 - DVPTest - DEBUG - 解析出压力: t=0.036, p=119.6
2026-09-02 11:53:40,540 - DVPTest - DEBUG - 发出 sig_data: t=0.036, p=119.64
2026-09-02 11:53:40,540 - DVPTest - DEBUG - process_data: t=0.04, p=119.6, v=0.000, a=0.0, phase=IDLE
2026-09-02 11:53:40,540 - DVPTest - DEBUG - 充气峰值更新: 119.6 @ 0.04s
2026-09-02 11:53:40,540 - DVPTest - DEBUG - 充气起始值 5.0 mmHg 到达 @ 0.04s
2026-09-02 11:53:40,540 - DVPTest - DEBUG - 物理分类结果: STABLE
2026-09-02 11:53:40,540 - DVPTest - DEBUG - [UI] _on_plot_update 收到 1 个数据点
2026-09-02 11:53:40,543 - DVPTest - DEBUG - 读取到 1 字节原始数据
2026-09-02 11:53:40,543 - DVPTest - INFO - [串口] [压力] 119.6 mmHg
2026-09-02 11:53:40,543 - DVPTest - DEBUG - _process_binary_data 处理 1 字节
2026-09-02 11:53:40,544 - DVPTest - WARNING - 未知字节 0x03，跳过
2026-09-02 11:53:40,745 - DVPTest - DEBUG - 读取到 8 字节原始数据
2026-09-02 11:53:40,745 - DVPTest - DEBUG - _process_binary_data 处理 8 字节
2026-09-02 11:53:40,746 - DVPTest - DEBUG - 解析出压力: t=0.242, p=119.8
2026-09-02 11:53:40,746 - DVPTest - DEBUG - 发出 sig_data: t=0.242, p=119.79
2026-09-02 11:53:40,746 - DVPTest - DEBUG - process_data: t=0.24, p=119.8, v=0.728, a=3.5, phase=IDLE
2026-09-02 11:53:40,746 - DVPTest - DEBUG - 充气峰值更新: 119.8 @ 0.24s
2026-09-02 11:53:40,746 - DVPTest - DEBUG - 物理分类结果: INFLATING
2026-09-02 11:53:40,747 - DVPTest - INFO - IDLE → INFLATING @ 0.24s, p=119.8
2026-09-02 11:53:40,748 - DVPTest - DEBUG - [UI] _on_plot_update 收到 2 个数据点
2026-09-02 11:53:40,750 - DVPTest - INFO - [串口] [压力] 119.8 mmHg
2026-09-02 11:53:40,941 - DVPTest - DEBUG - 读取到 8 字节原始数据
2026-09-02 11:53:40,941 - DVPTest - DEBUG - _process_binary_data 处理 8 字节
2026-09-02 11:53:40,941 - DVPTest - DEBUG - 解析出压力: t=0.438, p=119.8
2026-09-02 11:53:40,941 - DVPTest - DEBUG - 发出 sig_data: t=0.438, p=119.80
2026-09-02 11:53:40,942 - DVPTest - DEBUG - process_data: t=0.44, p=119.8, v=0.051, a=-3.5, phase=INFLATING
2026-09-02 11:53:40,942 - DVPTest - DEBUG - 充气峰值更新: 119.8 @ 0.44s
2026-09-02 11:53:40,942 - DVPTest - DEBUG - 物理分类结果: STABLE
2026-09-02 11:53:40,942 - DVPTest - DEBUG - [UI] _on_plot_update 收到 3 个数据点
2026-09-02 11:53:40,943 - DVPTest - INFO - [串口] [压力] 119.8 mmHg
2026-09-02 11:53:41,139 - DVPTest - DEBUG - 读取到 8 字节原始数据
2026-09-02 11:53:41,139 - DVPTest - DEBUG - _process_binary_data 处理 8 字节
2026-09-02 11:53:41,139 - DVPTest - DEBUG - 解析出压力: t=0.636, p=119.8
2026-09-02 11:53:41,139 - DVPTest - DEBUG - 发出 sig_data: t=0.636, p=119.81
2026-09-02 11:53:41,141 - DVPTest - DEBUG - process_data: t=0.64, p=119.8, v=0.050, a=-0.0, phase=INFLATING
2026-09-02 11:53:41,141 - DVPTest - DEBUG - 充气峰值更新: 119.8 @ 0.64s
2026-09-02 11:53:41,141 - DVPTest - DEBUG - 物理分类结果: STABLE
2026-09-02 11:53:41,141 - DVPTest - DEBUG - [UI] _on_plot_update 收到 4 个数据点
2026-09-02 11:53:41,142 - DVPTest - INFO - [串口] [压力] 119.8 mmHg
2026-09-02 11:53:41,345 - DVPTest - DEBUG - 读取到 8 字节原始数据
2026-09-02 11:53:41,345 - DVPTest - DEBUG - _process_binary_data 处理 8 字节
2026-09-02 11:53:41,345 - DVPTest - DEBUG - 解析出压力: t=0.842, p=119.8
2026-09-02 11:53:41,346 - DVPTest - DEBUG - 发出 sig_data: t=0.842, p=119.84
2026-09-02 11:53:41,346 - DVPTest - DEBUG - process_data: t=0.84, p=119.8, v=0.146, a=0.5, phase=INFLATING
2026-09-02 11:53:41,346 - DVPTest - DEBUG - 充气峰值更新: 119.8 @ 0.84s
2026-09-02 11:53:41,346 - DVPTest - DEBUG - 物理分类结果: INFLATING
2026-09-02 11:53:41,346 - DVPTest - DEBUG - [UI] _on_plot_update 收到 5 个数据点
2026-09-02 11:53:41,348 - DVPTest - INFO - [串口] [压力] 119.8 mmHg
2026-09-02 11:53:41,540 - DVPTest - DEBUG - 读取到 8 字节原始数据
2026-09-02 11:53:41,540 - DVPTest - DEBUG - _process_binary_data 处理 8 字节
2026-09-02 11:53:41,540 - DVPTest - DEBUG - 解析出压力: t=1.038, p=119.8
2026-09-02 11:53:41,540 - DVPTest - DEBUG - 发出 sig_data: t=1.038, p=119.84
2026-09-02 11:53:41,542 - DVPTest - DEBUG - process_data: t=1.04, p=119.8, v=0.000, a=-0.7, phase=INFLATING
2026-09-02 11:53:41,542 - DVPTest - DEBUG - 物理分类结果: STABLE
2026-09-02 11:53:41,542 - DVPTest - DEBUG - [UI] _on_plot_update 收到 6 个数据点
2026-09-02 11:53:41,543 - DVPTest - INFO - [串口] [压力] 119.8 mmHg
2026-09-02 11:53:41,738 - DVPTest - DEBUG - 读取到 8 字节原始数据
2026-09-02 11:53:41,738 - DVPTest - DEBUG - _process_binary_data 处理 8 字节
2026-09-02 11:53:41,739 - DVPTest - DEBUG - 解析出压力: t=1.236, p=119.8
2026-09-02 11:53:41,739 - DVPTest - DEBUG - 发出 sig_data: t=1.236, p=119.81
2026-09-02 11:53:41,741 - DVPTest - DEBUG - process_data: t=1.24, p=119.8, v=-0.151, a=-0.8, phase=INFLATING
2026-09-02 11:53:41,741 - DVPTest - DEBUG - [漏气] 检测到缓慢漏气 @ 1.24s, rate=-0.15
2026-09-02 11:53:41,741 - DVPTest - DEBUG - 物理分类结果: DEFLATING
2026-09-02 11:53:41,742 - DVPTest - DEBUG - [UI] _on_plot_update 收到 7 个数据点
2026-09-02 11:53:41,744 - DVPTest - INFO - [串口] [压力] 119.8 mmHg
2026-09-02 11:53:41,945 - DVPTest - DEBUG - 读取到 8 字节原始数据
2026-09-02 11:53:41,945 - DVPTest - DEBUG - _process_binary_data 处理 8 字节
2026-09-02 11:53:41,945 - DVPTest - DEBUG - 解析出压力: t=1.442, p=119.8
2026-09-02 11:53:41,945 - DVPTest - DEBUG - 发出 sig_data: t=1.442, p=119.83
2026-09-02 11:53:41,946 - DVPTest - DEBUG - process_data: t=1.44, p=119.8, v=0.097, a=1.2, phase=INFLATING
2026-09-02 11:53:41,946 - DVPTest - DEBUG - 物理分类结果: STABLE
2026-09-02 11:53:41,946 - DVPTest - DEBUG - [UI] _on_plot_update 收到 8 个数据点
2026-09-02 11:53:41,947 - DVPTest - INFO - [串口] [压力] 119.8 mmHg
2026-09-02 11:53:42,140 - DVPTest - DEBUG - 读取到 8 字节原始数据
2026-09-02 11:53:42,140 - DVPTest - DEBUG - _process_binary_data 处理 8 字节
2026-09-02 11:53:42,141 - DVPTest - DEBUG - 解析出压力: t=1.637, p=119.9
2026-09-02 11:53:42,141 - DVPTest - DEBUG - 发出 sig_data: t=1.637, p=119.90
2026-09-02 11:53:42,142 - DVPTest - DEBUG - process_data: t=1.64, p=119.9, v=0.358, a=1.3, phase=INFLATING
2026-09-02 11:53:42,142 - DVPTest - DEBUG - 充气峰值更新: 119.9 @ 1.64s
2026-09-02 11:53:42,142 - DVPTest - DEBUG - 物理分类结果: INFLATING
2026-09-02 11:53:42,143 - DVPTest - DEBUG - [UI] _on_plot_update 收到 9 个数据点
2026-09-02 11:53:42,146 - DVPTest - INFO - [串口] [压力] 119.9 mmHg
2026-09-02 11:53:42,339 - DVPTest - DEBUG - 读取到 8 字节原始数据
2026-09-02 11:53:42,339 - DVPTest - DEBUG - _process_binary_data 处理 8 字节
2026-09-02 11:53:42,340 - DVPTest - DEBUG - 解析出压力: t=1.836, p=119.8
2026-09-02 11:53:42,340 - DVPTest - DEBUG - 发出 sig_data: t=1.836, p=119.80
2026-09-02 11:53:42,438 - DVPTest - DEBUG - process_data: t=1.84, p=119.8, v=-0.502, a=-4.3, phase=INFLATING
2026-09-02 11:53:42,438 - DVPTest - DEBUG - [漏气] 检测到缓慢漏气 @ 1.84s, rate=-0.50
2026-09-02 11:53:42,438 - DVPTest - DEBUG - 物理分类结果: DEFLATING
2026-09-02 11:53:42,439 - DVPTest - DEBUG - [UI] _on_plot_update 收到 10 个数据点
2026-09-02 11:53:42,440 - DVPTest - INFO - [串口] [压力] 119.8 mmHg
2026-09-02 11:53:42,440 - DVPTest - INFO - 退出程序：退出PC界面...
2026-09-02 11:53:42,442 - DVPTest - INFO - 已退出PC界面
2026-09-02 11:53:42,454 - DVPTest - DEBUG - 读取到 1 字节原始数据
2026-09-02 11:53:42,454 - DVPTest - DEBUG - _process_binary_data 处理 1 字节
2026-09-02 11:53:42,455 - DVPTest - WARNING - 未知字节 0x00，跳过
2026-09-02 11:53:42,644 - DVPTest - INFO - run() 结束
2026-09-02 11:53:42,647 - DVPTest - DEBUG - [TestManager] reset 完成
2026-09-02 11:53:42,647 - DVPTest - INFO - 数据已重置，绘图恢复
2026-09-02 11:53:42,648 - DVPTest - SUCCESS - 已断开串口
